weight	weight_residue	ell_1	a_ell_1	ell_2	a_ell_2	orbit	place	e	f	kind	weight_file
12	12	3	252	5	222	1	1	1	1	rational	weight_12.json
16	16	3	236	5	398	1	1	1	1	rational	weight_16.json
18	18	3	324	5	198	1	1	1	1	rational	weight_18.json
20	20	3	476	5	318	1	1	1	1	rational	weight_20.json
22	22	3	180	5	246	1	1	1	1	rational	weight_22.json
24	24	3	76	5	494	1	1	1	1	rational	weight_24.json
24	24	3	460	5	494	1	2	1	1	rational	weight_24.json
26	26	3	292	5	38	1	1	1	1	rational	weight_26.json
28	28	3	188	5	414	1	1	1	1	rational	weight_28.json
28	28	3	188	5	414	1	2	1	1	rational	weight_28.json
30	30	3	148	5	86	1	1	1	2	rational	weight_30.json
32	32	3	172	5	78	1	1	1	1	rational	weight_32.json
32	32	3	44	5	78	1	2	1	1	rational	weight_32.json
34	34	3	260	5	390	1	1	1	1	rational	weight_34.json
34	34	3	388	5	390	1	2	1	1	rational	weight_34.json
36	36	3	412	5	510	1	1	1	1	rational	weight_36.json
36	36	3	156	5	510	1	2	1	2	rational	weight_36.json
38	38	3	116	5	438	1	1	1	1	rational	weight_38.json
38	38	3	372	5	438	1	2	1	1	rational	weight_38.json
40	40	3	396	5	174	1	1	1	1	rational	weight_40.json
40	40	3	396	5	174	1	2	1	1	rational	weight_40.json
40	40	3	12	5	174	1	3	1	1	rational	weight_40.json
42	42	3	228	5	230	1	1	1	1	rational	weight_42.json
42	42	3	100	5	230	1	2	1	1	rational	weight_42.json
42	42	3	228	5	230	1	3	1	1	rational	weight_42.json
44	44	3	124	5	94	1	1	1	1	rational	weight_44.json
44	44	3	124	5	94	1	2	1	1	rational	weight_44.json
44	44	3	380	5	94	1	3	1	1	rational	weight_44.json
46	46	3	84	5	278	1	1	2	1	rational	weight_46.json
46	46	3	340	5	278	1	2	1	1	rational	weight_46.json
48	48	3	492	5	270	1	1	1	1	rational	weight_48.json
48	48	3	492	5	270	1	2	1	1	rational	weight_48.json
48	48	3	108	5	270	1	3	1	1	rational	weight_48.json
48	48	3	108	5	270	1	4	1	1	rational	weight_48.json
50	50	3	196	5	70	1	1	1	1	rational	weight_50.json
50	50	3	324	5	70	1	2	1	1	rational	weight_50.json
50	50	3	196	5	70	1	3	1	1	rational	weight_50.json
52	52	3	348	5	190	1	1	1	1	rational	weight_52.json
52	52	3	92	5	190	1	2	2	1	rational	weight_52.json
52	52	3	348	5	190	1	3	1	1	rational	weight_52.json
54	54	3	308	5	118	1	1	1	1	rational	weight_54.json
54	54	3	52	5	118	1	2	1	1	rational	weight_54.json
54	54	3	52	5	118	1	3	1	1	rational	weight_54.json
54	54	3	308	5	118	1	4	1	1	rational	weight_54.json
56	56	3	460	5	366	1	1	1	1	rational	weight_56.json
56	56	3	460	5	366	1	2	1	1	rational	weight_56.json
56	56	3	332	5	366	1	3	1	1	rational	weight_56.json
56	56	3	332	5	366	1	4	1	1	rational	weight_56.json
58	58	3	164	5	422	1	1	1	1	rational	weight_58.json
58	58	3	36	5	422	1	2	1	1	rational	weight_58.json
58	58	3	164	5	422	1	3	1	1	rational	weight_58.json
58	58	3	36	5	422	1	4	1	1	rational	weight_58.json
60	60	3	60	5	286	1	1	1	1	rational	weight_60.json
60	60	3	60	5	286	1	2	1	1	rational	weight_60.json
60	60	3	316	5	286	1	3	1	1	rational	weight_60.json
60	60	3	60	5	286	1	4	1	1	rational	weight_60.json
60	60	3	316	5	286	1	5	1	1	rational	weight_60.json
62	62	3	20	5	470	1	1	1	2	rational	weight_62.json
62	62	3	276	5	470	1	2	1	2	rational	weight_62.json
64	64	3	44	5	462	1	1	1	1	rational	weight_64.json
64	64	3	428	5	462	1	2	1	1	rational	weight_64.json
64	64	3	44	5	462	1	3	1	1	rational	weight_64.json
64	64	3	428	5	462	1	4	1	1	rational	weight_64.json
64	64	3	44	5	462	1	5	1	1	rational	weight_64.json
66	66	3	260	5	262	1	1	1	1	rational	weight_66.json
66	66	3	260	5	262	1	2	1	1	rational	weight_66.json
66	66	3	132	5	262	1	3	1	1	rational	weight_66.json
66	66	3	132	5	262	1	4	1	1	rational	weight_66.json
66	66	3	132	5	262	1	5	1	1	rational	weight_66.json
68	68	3	284	5	382	1	1	1	1	rational	weight_68.json
68	68	3	28	5	382	1	2	1	2	rational	weight_68.json
68	68	3	284	5	382	1	3	1	2	rational	weight_68.json
70	70	3	244	5	310	1	1	1	1	rational	weight_70.json
70	70	3	500	5	310	1	2	1	1	rational	weight_70.json
70	70	3	500	5	310	1	3	1	1	rational	weight_70.json
70	70	3	500	5	310	1	4	1	1	rational	weight_70.json
70	70	3	244	5	310	1	5	1	1	rational	weight_70.json
72	72	3	268	5	46	1	1	1	1	rational	weight_72.json
72	72	3	396	5	46	1	2	1	1	rational	weight_72.json
72	72	3	396	5	46	1	3	1	1	rational	weight_72.json
72	72	3	268	5	46	1	4	1	1	rational	weight_72.json
72	72	3	396	5	46	1	5	1	1	rational	weight_72.json
72	72	3	268	5	46	1	6	1	1	rational	weight_72.json
74	74	3	484	5	102	1	1	1	1	rational	weight_74.json
74	74	3	100	5	102	1	2	1	1	rational	weight_74.json
74	74	3	100	5	102	1	3	1	1	rational	weight_74.json
74	74	3	100	5	102	1	4	1	1	rational	weight_74.json
74	74	3	484	5	102	1	5	1	1	rational	weight_74.json
76	76	3	252	5	478	1	1	1	1	rational	weight_76.json
76	76	3	252	5	478	1	2	1	1	rational	weight_76.json
76	76	3	508	5	478	1	3	1	1	rational	weight_76.json
76	76	3	508	5	478	1	4	1	1	rational	weight_76.json
76	76	3	508	5	478	1	5	1	1	rational	weight_76.json
76	76	3	508	5	478	1	6	1	1	rational	weight_76.json
78	78	3	468	5	150	1	1	2	1	rational	weight_78.json
78	78	3	212	5	150	1	2	1	1	rational	weight_78.json
78	78	3	212	5	150	1	3	1	1	rational	weight_78.json
78	78	3	468	5	150	1	4	1	2	rational	weight_78.json
80	80	3	364	5	142	1	1	1	1	rational	weight_80.json
80	80	3	492	5	142	1	2	1	1	rational	weight_80.json
80	80	3	492	5	142	1	3	1	1	rational	weight_80.json
80	80	3	364	5	142	1	4	1	1	rational	weight_80.json
80	80	3	364	5	142	1	5	1	1	rational	weight_80.json
80	80	3	492	5	142	1	6	1	1	rational	weight_80.json
82	82	3	68	5	454	1	1	1	1	rational	weight_82.json
82	82	3	196	5	454	1	2	1	1	rational	weight_82.json
82	82	3	68	5	454	1	3	1	1	rational	weight_82.json
82	82	3	196	5	454	1	4	1	1	rational	weight_82.json
82	82	3	68	5	454	1	5	1	1	rational	weight_82.json
82	82	3	196	5	454	1	6	1	1	rational	weight_82.json
84	84	3	220	5	62	1	1	1	1	rational	weight_84.json
84	84	3	476	5	62	1	2	2	1	rational	weight_84.json
84	84	3	220	5	62	1	3	1	1	rational	weight_84.json
84	84	3	220	5	62	1	4	1	1	rational	weight_84.json
84	84	3	476	5	62	1	5	1	2	rational	weight_84.json
86	86	3	180	5	502	1	1	1	1	rational	weight_86.json
86	86	3	436	5	502	1	2	1	1	rational	weight_86.json
86	86	3	436	5	502	1	3	1	1	rational	weight_86.json
86	86	3	436	5	502	1	4	1	1	rational	weight_86.json
86	86	3	180	5	502	1	5	1	2	rational	weight_86.json
88	88	3	332	5	238	1	1	1	1	rational	weight_88.json
88	88	3	204	5	238	1	2	1	1	rational	weight_88.json
88	88	3	204	5	238	1	3	1	1	rational	weight_88.json
88	88	3	332	5	238	1	4	1	1	rational	weight_88.json
88	88	3	204	5	238	1	5	1	1	rational	weight_88.json
88	88	3	204	5	238	1	6	1	1	rational	weight_88.json
88	88	3	332	5	238	1	7	1	1	rational	weight_88.json
90	90	3	36	5	294	1	1	1	1	rational	weight_90.json
90	90	3	36	5	294	1	2	1	1	rational	weight_90.json
90	90	3	36	5	294	1	3	1	1	rational	weight_90.json
90	90	3	36	5	294	1	4	1	1	rational	weight_90.json
90	90	3	420	5	294	1	5	1	1	rational	weight_90.json
90	90	3	420	5	294	1	6	1	1	rational	weight_90.json
90	90	3	420	5	294	1	7	1	1	rational	weight_90.json
92	92	3	444	5	158	1	1	1	1	rational	weight_92.json
92	92	3	444	5	158	1	2	1	1	rational	weight_92.json
92	92	3	444	5	158	1	3	1	1	rational	weight_92.json
92	92	3	188	5	158	1	4	1	1	rational	weight_92.json
92	92	3	444	5	158	1	5	1	1	rational	weight_92.json
92	92	3	188	5	158	1	6	1	2	rational	weight_92.json
94	94	3	148	5	342	1	1	2	1	rational	weight_94.json
94	94	3	148	5	342	1	2	1	1	rational	weight_94.json
94	94	3	404	5	342	1	3	1	2	rational	weight_94.json
94	94	3	404	5	342	1	4	1	2	rational	weight_94.json
96	96	3	428	5	334	1	1	1	1	rational	weight_96.json
96	96	3	300	5	334	1	2	1	1	rational	weight_96.json
96	96	3	300	5	334	1	3	1	1	rational	weight_96.json
96	96	3	428	5	334	1	4	1	1	rational	weight_96.json
96	96	3	428	5	334	1	5	1	1	rational	weight_96.json
96	96	3	300	5	334	1	6	1	1	rational	weight_96.json
96	96	3	300	5	334	1	7	1	1	rational	weight_96.json
96	96	3	428	5	334	1	8	1	1	rational	weight_96.json
98	98	3	4	5	134	1	1	1	1	rational	weight_98.json
98	98	3	4	5	134	1	2	1	1	rational	weight_98.json
98	98	3	132	5	134	1	3	1	1	rational	weight_98.json
98	98	3	132	5	134	1	4	1	1	rational	weight_98.json
98	98	3	132	5	134	1	5	1	1	rational	weight_98.json
98	98	3	4	5	134	1	6	1	1	rational	weight_98.json
98	98	3	4	5	134	1	7	1	1	rational	weight_98.json
100	100	3	156	5	254	1	1	2	1	rational	weight_100.json
100	100	3	156	5	254	1	2	1	1	rational	weight_100.json
100	100	3	156	5	254	1	3	1	1	rational	weight_100.json
100	100	3	412	5	254	1	4	1	2	rational	weight_100.json
100	100	3	412	5	254	1	5	1	2	rational	weight_100.json
102	102	3	372	5	182	1	1	1	1	rational	weight_102.json
102	102	3	116	5	182	1	2	1	1	rational	weight_102.json
102	102	3	116	5	182	1	3	1	1	rational	weight_102.json
102	102	3	116	5	182	1	4	1	1	rational	weight_102.json
102	102	3	116	5	182	1	5	1	1	rational	weight_102.json
102	102	3	372	5	182	1	6	1	1	rational	weight_102.json
102	102	3	372	5	182	1	7	1	2	rational	weight_102.json
104	104	3	140	5	430	1	1	1	1	rational	weight_104.json
104	104	3	268	5	430	1	2	1	1	rational	weight_104.json
104	104	3	268	5	430	1	3	1	1	rational	weight_104.json
104	104	3	268	5	430	1	4	1	1	rational	weight_104.json
104	104	3	140	5	430	1	5	1	1	rational	weight_104.json
104	104	3	140	5	430	1	6	1	1	rational	weight_104.json
104	104	3	140	5	430	1	7	1	1	rational	weight_104.json
104	104	3	268	5	430	1	8	1	1	rational	weight_104.json
106	106	3	356	5	486	1	1	1	1	rational	weight_106.json
106	106	3	356	5	486	1	2	1	1	rational	weight_106.json
106	106	3	484	5	486	1	3	1	1	rational	weight_106.json
106	106	3	356	5	486	1	4	1	1	rational	weight_106.json
106	106	3	484	5	486	1	5	1	1	rational	weight_106.json
106	106	3	484	5	486	1	6	1	1	rational	weight_106.json
106	106	3	356	5	486	1	7	1	1	rational	weight_106.json
106	106	3	484	5	486	1	8	1	1	rational	weight_106.json
108	108	3	124	5	350	1	1	1	1	rational	weight_108.json
108	108	3	380	5	350	1	2	1	1	rational	weight_108.json
108	108	3	124	5	350	1	3	1	1	rational	weight_108.json
108	108	3	124	5	350	1	4	1	1	rational	weight_108.json
108	108	3	380	5	350	1	5	1	1	rational	weight_108.json
108	108	3	380	5	350	1	6	1	1	rational	weight_108.json
108	108	3	124	5	350	1	7	1	1	rational	weight_108.json
108	108	3	380	5	350	1	8	1	2	rational	weight_108.json
110	110	3	84	5	22	1	1	1	1	rational	weight_110.json
110	110	3	84	5	22	1	2	1	1	rational	weight_110.json
110	110	3	84	5	22	1	3	1	1	rational	weight_110.json
110	110	3	340	5	22	1	4	2	1	rational	weight_110.json
110	110	3	84	5	22	1	5	1	1	rational	weight_110.json
110	110	3	340	5	22	1	6	1	2	rational	weight_110.json
112	112	3	364	5	14	1	1	1	1	rational	weight_112.json
112	112	3	364	5	14	1	2	1	1	rational	weight_112.json
112	112	3	364	5	14	1	3	1	1	rational	weight_112.json
112	112	3	236	5	14	1	4	1	1	rational	weight_112.json
112	112	3	236	5	14	1	5	1	1	rational	weight_112.json
112	112	3	364	5	14	1	6	1	1	rational	weight_112.json
112	112	3	364	5	14	1	7	1	1	rational	weight_112.json
112	112	3	236	5	14	1	8	1	1	rational	weight_112.json
112	112	3	236	5	14	1	9	1	1	rational	weight_112.json
114	114	3	452	5	326	1	1	1	1	rational	weight_114.json
114	114	3	68	5	326	1	2	1	1	rational	weight_114.json
114	114	3	452	5	326	1	3	1	1	rational	weight_114.json
114	114	3	452	5	326	1	4	1	1	rational	weight_114.json
114	114	3	452	5	326	1	5	1	1	rational	weight_114.json
114	114	3	452	5	326	1	6	1	1	rational	weight_114.json
114	114	3	68	5	326	1	7	1	1	rational	weight_114.json
114	114	3	68	5	326	1	8	1	1	rational	weight_114.json
114	114	3	68	5	326	1	9	1	1	rational	weight_114.json
116	116	3	92	5	446	1	1	1	1	rational	weight_116.json
116	116	3	92	5	446	1	2	1	1	rational	weight_116.json
116	116	3	92	5	446	1	3	1	1	rational	weight_116.json
116	116	3	348	5	446	1	4	2	1	rational	weight_116.json
116	116	3	92	5	446	1	5	1	1	rational	weight_116.json
116	116	3	92	5	446	1	6	1	1	rational	weight_116.json
116	116	3	348	5	446	1	7	1	2	rational	weight_116.json
118	118	3	308	5	374	1	1	1	1	rational	weight_118.json
118	118	3	52	5	374	1	2	1	1	rational	weight_118.json
118	118	3	52	5	374	1	3	1	1	rational	weight_118.json
118	118	3	52	5	374	1	4	1	1	rational	weight_118.json
118	118	3	52	5	374	1	5	1	1	rational	weight_118.json
118	118	3	308	5	374	1	6	1	1	rational	weight_118.json
118	118	3	308	5	374	1	7	1	1	rational	weight_118.json
118	118	3	308	5	374	1	8	1	1	rational	weight_118.json
118	118	3	308	5	374	1	9	1	1	rational	weight_118.json
120	120	3	76	5	110	1	1	1	1	rational	weight_120.json
120	120	3	204	5	110	1	2	1	1	rational	weight_120.json
120	120	3	76	5	110	1	3	1	1	rational	weight_120.json
120	120	3	204	5	110	1	4	1	1	rational	weight_120.json
120	120	3	204	5	110	1	5	1	1	rational	weight_120.json
120	120	3	76	5	110	1	6	1	1	rational	weight_120.json
120	120	3	204	5	110	1	7	1	1	rational	weight_120.json
120	120	3	76	5	110	1	8	1	1	rational	weight_120.json
120	120	3	204	5	110	1	9	1	1	rational	weight_120.json
120	120	3	76	5	110	1	10	1	1	rational	weight_120.json
122	122	3	420	5	166	1	1	1	1	rational	weight_122.json
122	122	3	292	5	166	1	2	1	1	rational	weight_122.json
122	122	3	420	5	166	1	3	1	1	rational	weight_122.json
122	122	3	292	5	166	1	4	1	1	rational	weight_122.json
122	122	3	420	5	166	1	5	1	1	rational	weight_122.json
122	122	3	292	5	166	1	6	1	1	rational	weight_122.json
122	122	3	420	5	166	1	7	1	1	rational	weight_122.json
122	122	3	420	5	166	1	8	1	1	rational	weight_122.json
122	122	3	292	5	166	1	9	1	1	rational	weight_122.json
124	124	3	316	5	30	1	1	1	1	rational	weight_124.json
124	124	3	316	5	30	1	2	1	1	rational	weight_124.json
124	124	3	316	5	30	1	3	1	1	rational	weight_124.json
124	124	3	60	5	30	1	4	1	1	rational	weight_124.json
124	124	3	316	5	30	1	5	1	1	rational	weight_124.json
124	124	3	316	5	30	1	6	1	1	rational	weight_124.json
124	124	3	60	5	30	1	7	1	1	rational	weight_124.json
124	124	3	316	5	30	1	8	1	1	rational	weight_124.json
124	124	3	60	5	30	1	9	1	1	rational	weight_124.json
124	124	3	60	5	30	1	10	1	1	rational	weight_124.json
126	126	3	20	5	214	1	1	1	2	rational	weight_126.json
126	126	3	276	5	214	1	2	1	2	rational	weight_126.json
126	126	3	20	5	214	1	3	1	2	rational	weight_126.json
126	126	3	276	5	214	1	4	1	2	rational	weight_126.json
126	126	3	276	5	214	1	5	1	2	rational	weight_126.json
128	128	3	300	5	206	1	1	1	1	rational	weight_128.json
128	128	3	172	5	206	1	2	1	1	rational	weight_128.json
128	128	3	300	5	206	1	3	1	1	rational	weight_128.json
128	128	3	172	5	206	1	4	1	1	rational	weight_128.json
128	128	3	300	5	206	1	5	1	1	rational	weight_128.json
128	128	3	172	5	206	1	6	1	1	rational	weight_128.json
128	128	3	300	5	206	1	7	1	1	rational	weight_128.json
128	128	3	300	5	206	1	8	1	1	rational	weight_128.json
128	128	3	172	5	206	1	9	1	1	rational	weight_128.json
128	128	3	172	5	206	1	10	1	1	rational	weight_128.json
130	130	3	388	5	6	1	1	1	1	rational	weight_130.json
130	130	3	388	5	6	1	2	1	1	rational	weight_130.json
130	130	3	388	5	6	1	3	1	1	rational	weight_130.json
130	130	3	4	5	6	1	4	1	1	rational	weight_130.json
130	130	3	388	5	6	1	5	1	1	rational	weight_130.json
130	130	3	4	5	6	1	6	1	1	rational	weight_130.json
130	130	3	4	5	6	1	7	1	1	rational	weight_130.json
130	130	3	4	5	6	1	8	1	1	rational	weight_130.json
130	130	3	4	5	6	1	9	1	1	rational	weight_130.json
130	130	3	388	5	6	1	10	1	1	rational	weight_130.json
132	132	3	28	5	126	1	1	1	1	rational	weight_132.json
132	132	3	284	5	126	1	2	1	2	rational	weight_132.json
132	132	3	284	5	126	1	3	1	2	rational	weight_132.json
132	132	3	28	5	126	1	4	1	2	rational	weight_132.json
132	132	3	28	5	126	1	5	1	2	rational	weight_132.json
132	132	3	284	5	126	1	6	1	2	rational	weight_132.json
134	134	3	244	5	54	1	1	1	1	rational	weight_134.json
134	134	3	244	5	54	1	2	1	1	rational	weight_134.json
134	134	3	244	5	54	1	3	1	1	rational	weight_134.json
134	134	3	500	5	54	1	4	1	1	rational	weight_134.json
134	134	3	500	5	54	1	5	1	1	rational	weight_134.json
134	134	3	500	5	54	1	6	1	1	rational	weight_134.json
134	134	3	500	5	54	1	7	1	1	rational	weight_134.json
134	134	3	244	5	54	1	8	1	1	rational	weight_134.json
134	134	3	244	5	54	1	9	1	1	rational	weight_134.json
134	134	3	500	5	54	1	10	1	1	rational	weight_134.json
136	136	3	140	5	302	1	1	1	1	rational	weight_136.json
136	136	3	12	5	302	1	2	1	1	rational	weight_136.json
136	136	3	12	5	302	1	3	1	1	rational	weight_136.json
136	136	3	12	5	302	1	4	1	1	rational	weight_136.json
136	136	3	12	5	302	1	5	1	1	rational	weight_136.json
136	136	3	140	5	302	1	6	1	1	rational	weight_136.json
136	136	3	140	5	302	1	7	1	1	rational	weight_136.json
136	136	3	140	5	302	1	8	1	1	rational	weight_136.json
136	136	3	12	5	302	1	9	1	1	rational	weight_136.json
136	136	3	140	5	302	1	10	1	1	rational	weight_136.json
136	136	3	12	5	302	1	11	1	1	rational	weight_136.json
138	138	3	356	5	358	1	1	1	1	rational	weight_138.json
138	138	3	356	5	358	1	2	1	1	rational	weight_138.json
138	138	3	228	5	358	1	3	1	1	rational	weight_138.json
138	138	3	356	5	358	1	4	1	1	rational	weight_138.json
138	138	3	356	5	358	1	5	1	1	rational	weight_138.json
138	138	3	228	5	358	1	6	1	1	rational	weight_138.json
138	138	3	228	5	358	1	7	1	1	rational	weight_138.json
138	138	3	356	5	358	1	8	1	1	rational	weight_138.json
138	138	3	356	5	358	1	9	1	1	rational	weight_138.json
138	138	3	228	5	358	1	10	1	1	rational	weight_138.json
138	138	3	228	5	358	1	11	1	1	rational	weight_138.json
140	140	3	252	5	222	1	1	1	1	rational	weight_140.json
140	140	3	252	5	222	1	2	1	1	rational	weight_140.json
140	140	3	252	5	222	1	3	1	1	rational	weight_140.json
140	140	3	508	5	222	1	4	1	1	rational	weight_140.json
140	140	3	252	5	222	1	5	1	1	rational	weight_140.json
140	140	3	508	5	222	1	6	1	1	rational	weight_140.json
140	140	3	508	5	222	1	7	1	1	rational	weight_140.json
140	140	3	508	5	222	1	8	1	1	rational	weight_140.json
140	140	3	508	5	222	1	9	1	1	rational	weight_140.json
140	140	3	252	5	222	1	10	1	1	rational	weight_140.json
140	140	3	252	5	222	1	11	1	1	rational	weight_140.json
142	142	3	212	5	406	1	1	1	1	rational	weight_142.json
142	142	3	468	5	406	1	2	1	1	rational	weight_142.json
142	142	3	468	5	406	1	3	1	1	rational	weight_142.json
142	142	3	468	5	406	1	4	1	1	rational	weight_142.json
142	142	3	212	5	406	1	5	2	1	rational	weight_142.json
142	142	3	468	5	406	1	6	1	1	rational	weight_142.json
142	142	3	212	5	406	1	7	1	1	rational	weight_142.json
142	142	3	468	5	406	1	8	1	1	rational	weight_142.json
142	142	3	212	5	406	1	9	1	2	rational	weight_142.json
144	144	3	236	5	398	1	1	1	1	rational	weight_144.json
144	144	3	108	5	398	1	2	1	1	rational	weight_144.json
144	144	3	108	5	398	1	3	1	1	rational	weight_144.json
144	144	3	108	5	398	1	4	1	1	rational	weight_144.json
144	144	3	108	5	398	1	5	1	1	rational	weight_144.json
144	144	3	236	5	398	1	6	1	1	rational	weight_144.json
144	144	3	236	5	398	1	7	1	1	rational	weight_144.json
144	144	3	236	5	398	1	8	1	1	rational	weight_144.json
144	144	3	236	5	398	1	9	1	1	rational	weight_144.json
144	144	3	236	5	398	1	10	1	1	rational	weight_144.json
144	144	3	108	5	398	1	11	1	1	rational	weight_144.json
144	144	3	108	5	398	1	12	1	1	rational	weight_144.json
146	146	3	452	5	198	1	1	1	1	rational	weight_146.json
146	146	3	324	5	198	1	2	1	1	rational	weight_146.json
146	146	3	452	5	198	1	3	1	1	rational	weight_146.json
146	146	3	452	5	198	1	4	1	1	rational	weight_146.json
146	146	3	452	5	198	1	5	1	1	rational	weight_146.json
146	146	3	452	5	198	1	6	1	1	rational	weight_146.json
146	146	3	324	5	198	1	7	1	1	rational	weight_146.json
146	146	3	324	5	198	1	8	1	1	rational	weight_146.json
146	146	3	324	5	198	1	9	1	1	rational	weight_146.json
146	146	3	324	5	198	1	10	1	1	rational	weight_146.json
146	146	3	324	5	198	1	11	1	1	rational	weight_146.json
148	148	3	220	5	318	1	1	2	1	rational	weight_148.json
148	148	3	220	5	318	1	2	1	1	rational	weight_148.json
148	148	3	476	5	318	1	3	1	1	rational	weight_148.json
148	148	3	476	5	318	1	4	1	1	rational	weight_148.json
148	148	3	220	5	318	1	5	1	1	rational	weight_148.json
148	148	3	476	5	318	1	6	1	1	rational	weight_148.json
148	148	3	476	5	318	1	7	1	1	rational	weight_148.json
148	148	3	476	5	318	1	8	1	1	rational	weight_148.json
148	148	3	476	5	318	1	9	1	1	rational	weight_148.json
148	148	3	220	5	318	1	10	1	2	rational	weight_148.json
150	150	3	180	5	246	1	1	1	1	rational	weight_150.json
150	150	3	436	5	246	1	2	1	1	rational	weight_150.json
150	150	3	180	5	246	1	3	1	1	rational	weight_150.json
150	150	3	436	5	246	1	4	2	1	rational	weight_150.json
150	150	3	180	5	246	1	5	1	1	rational	weight_150.json
150	150	3	180	5	246	1	6	1	1	rational	weight_150.json
150	150	3	180	5	246	1	7	1	1	rational	weight_150.json
150	150	3	436	5	246	1	8	1	1	rational	weight_150.json
150	150	3	180	5	246	1	9	1	1	rational	weight_150.json
150	150	3	436	5	246	1	10	1	2	rational	weight_150.json
152	152	3	76	5	494	1	1	1	1	rational	weight_152.json
152	152	3	76	5	494	1	2	1	1	rational	weight_152.json
152	152	3	460	5	494	1	3	1	1	rational	weight_152.json
152	152	3	460	5	494	1	4	1	1	rational	weight_152.json
152	152	3	460	5	494	1	5	1	1	rational	weight_152.json
152	152	3	76	5	494	1	6	1	1	rational	weight_152.json
152	152	3	460	5	494	1	7	1	1	rational	weight_152.json
152	152	3	460	5	494	1	8	1	1	rational	weight_152.json
152	152	3	460	5	494	1	9	1	1	rational	weight_152.json
152	152	3	76	5	494	1	10	1	1	rational	weight_152.json
152	152	3	76	5	494	1	11	1	1	rational	weight_152.json
152	152	3	76	5	494	1	12	1	1	rational	weight_152.json
154	154	3	164	5	38	1	1	1	1	rational	weight_154.json
154	154	3	292	5	38	1	2	1	1	rational	weight_154.json
154	154	3	164	5	38	1	3	1	1	rational	weight_154.json
154	154	3	292	5	38	1	4	1	1	rational	weight_154.json
154	154	3	164	5	38	1	5	1	1	rational	weight_154.json
154	154	3	292	5	38	1	6	1	1	rational	weight_154.json
154	154	3	292	5	38	1	7	1	1	rational	weight_154.json
154	154	3	292	5	38	1	8	1	1	rational	weight_154.json
154	154	3	292	5	38	1	9	1	1	rational	weight_154.json
154	154	3	164	5	38	1	10	1	1	rational	weight_154.json
154	154	3	164	5	38	1	11	1	2	rational	weight_154.json
156	156	3	188	5	414	1	1	1	1	rational	weight_156.json
156	156	3	188	5	414	1	2	1	1	rational	weight_156.json
156	156	3	188	5	414	1	3	1	1	rational	weight_156.json
156	156	3	188	5	414	1	4	1	1	rational	weight_156.json
156	156	3	444	5	414	1	5	1	1	rational	weight_156.json
156	156	3	444	5	414	1	6	2	1	rational	weight_156.json
156	156	3	188	5	414	1	7	1	1	rational	weight_156.json
156	156	3	188	5	414	1	8	1	1	rational	weight_156.json
156	156	3	444	5	414	1	9	1	1	rational	weight_156.json
156	156	3	188	5	414	1	10	1	1	rational	weight_156.json
156	156	3	444	5	414	1	11	1	2	rational	weight_156.json
158	158	3	404	5	86	1	1	2	1	rational	weight_158.json
158	158	3	404	5	86	1	2	1	1	rational	weight_158.json
158	158	3	404	5	86	1	3	1	1	rational	weight_158.json
158	158	3	148	5	86	1	4	1	2	rational	weight_158.json
158	158	3	148	5	86	1	5	1	2	rational	weight_158.json
158	158	3	148	5	86	1	6	1	2	rational	weight_158.json
158	158	3	404	5	86	1	7	1	2	rational	weight_158.json
160	160	3	172	5	78	1	1	1	1	rational	weight_160.json
160	160	3	44	5	78	1	2	1	1	rational	weight_160.json
160	160	3	44	5	78	1	3	1	1	rational	weight_160.json
160	160	3	44	5	78	1	4	1	1	rational	weight_160.json
160	160	3	44	5	78	1	5	1	1	rational	weight_160.json
160	160	3	172	5	78	1	6	1	1	rational	weight_160.json
160	160	3	172	5	78	1	7	1	1	rational	weight_160.json
160	160	3	172	5	78	1	8	1	1	rational	weight_160.json
160	160	3	44	5	78	1	9	1	1	rational	weight_160.json
160	160	3	44	5	78	1	10	1	1	rational	weight_160.json
160	160	3	172	5	78	1	11	1	1	rational	weight_160.json
160	160	3	172	5	78	1	12	1	2	rational	weight_160.json
162	162	3	388	5	390	1	1	1	1	rational	weight_162.json
162	162	3	260	5	390	1	2	1	1	rational	weight_162.json
162	162	3	388	5	390	1	3	1	1	rational	weight_162.json
162	162	3	388	5	390	1	4	1	1	rational	weight_162.json
162	162	3	388	5	390	1	5	1	1	rational	weight_162.json
162	162	3	260	5	390	1	6	1	1	rational	weight_162.json
162	162	3	260	5	390	1	7	1	1	rational	weight_162.json
162	162	3	388	5	390	1	8	1	1	rational	weight_162.json
162	162	3	260	5	390	1	9	1	1	rational	weight_162.json
162	162	3	260	5	390	1	10	1	1	rational	weight_162.json
162	162	3	388	5	390	1	11	1	1	rational	weight_162.json
162	162	3	260	5	390	1	12	1	2	rational	weight_162.json
164	164	3	412	5	510	1	1	1	1	rational	weight_164.json
164	164	3	412	5	510	1	2	2	1	rational	weight_164.json
164	164	3	412	5	510	1	3	1	1	rational	weight_164.json
164	164	3	412	5	510	1	4	1	1	rational	weight_164.json
164	164	3	156	5	510	1	5	1	2	rational	weight_164.json
164	164	3	412	5	510	1	6	1	2	rational	weight_164.json
164	164	3	156	5	510	1	7	1	2	rational	weight_164.json
164	164	3	156	5	510	1	8	1	2	rational	weight_164.json
166	166	3	372	5	438	1	1	1	1	rational	weight_166.json
166	166	3	372	5	438	1	2	1	1	rational	weight_166.json
166	166	3	372	5	438	1	3	1	1	rational	weight_166.json
166	166	3	372	5	438	1	4	1	1	rational	weight_166.json
166	166	3	372	5	438	1	5	1	1	rational	weight_166.json
166	166	3	116	5	438	1	6	1	1	rational	weight_166.json
166	166	3	116	5	438	1	7	1	1	rational	weight_166.json
166	166	3	116	5	438	1	8	2	1	rational	weight_166.json
166	166	3	116	5	438	1	9	1	1	rational	weight_166.json
166	166	3	372	5	438	1	10	1	1	rational	weight_166.json
166	166	3	116	5	438	1	11	1	2	rational	weight_166.json
168	168	3	396	5	174	1	1	1	1	rational	weight_168.json
168	168	3	12	5	174	1	2	1	1	rational	weight_168.json
168	168	3	396	5	174	1	3	1	1	rational	weight_168.json
168	168	3	396	5	174	1	4	1	1	rational	weight_168.json
168	168	3	12	5	174	1	5	1	1	rational	weight_168.json
168	168	3	12	5	174	1	6	1	1	rational	weight_168.json
168	168	3	12	5	174	1	7	1	1	rational	weight_168.json
168	168	3	396	5	174	1	8	1	1	rational	weight_168.json
168	168	3	396	5	174	1	9	1	1	rational	weight_168.json
168	168	3	12	5	174	1	10	1	1	rational	weight_168.json
168	168	3	396	5	174	1	11	1	1	rational	weight_168.json
168	168	3	396	5	174	1	12	1	1	rational	weight_168.json
168	168	3	12	5	174	1	13	1	2	rational	weight_168.json
170	170	3	100	5	230	1	1	1	1	rational	weight_170.json
170	170	3	228	5	230	1	2	1	1	rational	weight_170.json
170	170	3	100	5	230	1	3	1	1	rational	weight_170.json
170	170	3	228	5	230	1	4	1	1	rational	weight_170.json
170	170	3	100	5	230	1	5	1	1	rational	weight_170.json
170	170	3	100	5	230	1	6	1	1	rational	weight_170.json
170	170	3	100	5	230	1	7	1	1	rational	weight_170.json
170	170	3	228	5	230	1	8	1	1	rational	weight_170.json
170	170	3	228	5	230	1	9	1	1	rational	weight_170.json
170	170	3	228	5	230	1	10	1	1	rational	weight_170.json
170	170	3	100	5	230	1	11	1	1	rational	weight_170.json
170	170	3	228	5	230	1	12	1	1	rational	weight_170.json
170	170	3	228	5	230	1	13	1	1	rational	weight_170.json
172	172	3	124	5	94	1	1	1	1	rational	weight_172.json
172	172	3	380	5	94	1	2	1	1	rational	weight_172.json
172	172	3	380	5	94	1	3	1	1	rational	weight_172.json
172	172	3	380	5	94	1	4	1	1	rational	weight_172.json
172	172	3	380	5	94	1	5	1	1	rational	weight_172.json
172	172	3	124	5	94	1	6	2	1	rational	weight_172.json
172	172	3	380	5	94	1	7	1	1	rational	weight_172.json
172	172	3	124	5	94	1	8	1	1	rational	weight_172.json
172	172	3	380	5	94	1	9	1	1	rational	weight_172.json
172	172	3	124	5	94	1	10	1	1	rational	weight_172.json
172	172	3	124	5	94	1	11	1	1	rational	weight_172.json
172	172	3	124	5	94	1	12	1	2	rational	weight_172.json
174	174	3	84	5	278	1	1	2	1	rational	weight_174.json
174	174	3	84	5	278	1	2	2	1	rational	weight_174.json
174	174	3	340	5	278	1	3	1	1	rational	weight_174.json
174	174	3	84	5	278	1	4	1	1	rational	weight_174.json
174	174	3	340	5	278	1	5	1	1	rational	weight_174.json
174	174	3	84	5	278	1	6	1	1	rational	weight_174.json
174	174	3	340	5	278	1	7	1	1	rational	weight_174.json
174	174	3	340	5	278	1	8	1	1	rational	weight_174.json
174	174	3	340	5	278	1	9	1	1	rational	weight_174.json
174	174	3	340	5	278	1	10	1	1	rational	weight_174.json
174	174	3	84	5	278	1	11	1	2	rational	weight_174.json
176	176	3	492	5	270	1	1	1	1	rational	weight_176.json
176	176	3	108	5	270	1	2	1	1	rational	weight_176.json
176	176	3	492	5	270	1	3	1	1	rational	weight_176.json
176	176	3	108	5	270	1	4	1	1	rational	weight_176.json
176	176	3	492	5	270	1	5	1	1	rational	weight_176.json
176	176	3	108	5	270	1	6	1	1	rational	weight_176.json
176	176	3	108	5	270	1	7	1	1	rational	weight_176.json
176	176	3	492	5	270	1	8	1	1	rational	weight_176.json
176	176	3	108	5	270	1	9	1	1	rational	weight_176.json
176	176	3	492	5	270	1	10	1	1	rational	weight_176.json
176	176	3	108	5	270	1	11	1	1	rational	weight_176.json
176	176	3	492	5	270	1	12	1	1	rational	weight_176.json
176	176	3	492	5	270	1	13	1	1	rational	weight_176.json
176	176	3	108	5	270	1	14	1	1	rational	weight_176.json
178	178	3	196	5	70	1	1	1	1	rational	weight_178.json
178	178	3	324	5	70	1	2	1	1	rational	weight_178.json
178	178	3	196	5	70	1	3	1	1	rational	weight_178.json
178	178	3	196	5	70	1	4	1	1	rational	weight_178.json
178	178	3	324	5	70	1	5	1	1	rational	weight_178.json
178	178	3	196	5	70	1	6	1	1	rational	weight_178.json
178	178	3	324	5	70	1	7	1	1	rational	weight_178.json
178	178	3	324	5	70	1	8	1	1	rational	weight_178.json
178	178	3	324	5	70	1	9	1	1	rational	weight_178.json
178	178	3	196	5	70	1	10	1	1	rational	weight_178.json
178	178	3	196	5	70	1	11	1	1	rational	weight_178.json
178	178	3	324	5	70	1	12	1	1	rational	weight_178.json
178	178	3	324	5	70	1	13	1	1	rational	weight_178.json
178	178	3	196	5	70	1	14	1	1	rational	weight_178.json
180	180	3	348	5	190	1	1	1	1	rational	weight_180.json
180	180	3	348	5	190	1	2	1	1	rational	weight_180.json
180	180	3	348	5	190	1	3	1	1	rational	weight_180.json
180	180	3	92	5	190	1	4	2	1	rational	weight_180.json
180	180	3	92	5	190	1	5	1	1	rational	weight_180.json
180	180	3	348	5	190	1	6	1	1	rational	weight_180.json
180	180	3	348	5	190	1	7	1	1	rational	weight_180.json
180	180	3	92	5	190	1	8	2	1	rational	weight_180.json
180	180	3	92	5	190	1	9	1	1	rational	weight_180.json
180	180	3	348	5	190	1	10	1	1	rational	weight_180.json
180	180	3	348	5	190	1	11	1	1	rational	weight_180.json
180	180	3	92	5	190	1	12	1	2	rational	weight_180.json
182	182	3	308	5	118	1	1	1	1	rational	weight_182.json
182	182	3	52	5	118	1	2	1	1	rational	weight_182.json
182	182	3	52	5	118	1	3	1	1	rational	weight_182.json
182	182	3	308	5	118	1	4	1	1	rational	weight_182.json
182	182	3	308	5	118	1	5	1	1	rational	weight_182.json
182	182	3	308	5	118	1	6	1	1	rational	weight_182.json
182	182	3	52	5	118	1	7	1	1	rational	weight_182.json
182	182	3	52	5	118	1	8	1	1	rational	weight_182.json
182	182	3	52	5	118	1	9	1	1	rational	weight_182.json
182	182	3	308	5	118	1	10	1	1	rational	weight_182.json
182	182	3	52	5	118	1	11	1	1	rational	weight_182.json
182	182	3	52	5	118	1	12	1	1	rational	weight_182.json
182	182	3	308	5	118	1	13	1	2	rational	weight_182.json
184	184	3	332	5	366	1	1	1	1	rational	weight_184.json
184	184	3	460	5	366	1	2	1	1	rational	weight_184.json
184	184	3	332	5	366	1	3	1	1	rational	weight_184.json
184	184	3	460	5	366	1	4	1	1	rational	weight_184.json
184	184	3	332	5	366	1	5	1	1	rational	weight_184.json
184	184	3	332	5	366	1	6	1	1	rational	weight_184.json
184	184	3	460	5	366	1	7	1	1	rational	weight_184.json
184	184	3	332	5	366	1	8	1	1	rational	weight_184.json
184	184	3	332	5	366	1	9	1	1	rational	weight_184.json
184	184	3	460	5	366	1	10	1	1	rational	weight_184.json
184	184	3	332	5	366	1	11	1	1	rational	weight_184.json
184	184	3	460	5	366	1	12	1	1	rational	weight_184.json
184	184	3	332	5	366	1	13	1	1	rational	weight_184.json
184	184	3	460	5	366	1	14	1	1	rational	weight_184.json
184	184	3	460	5	366	1	15	1	1	rational	weight_184.json
186	186	3	36	5	422	1	1	1	1	rational	weight_186.json
186	186	3	36	5	422	1	2	1	1	rational	weight_186.json
186	186	3	36	5	422	1	3	1	1	rational	weight_186.json
186	186	3	36	5	422	1	4	1	1	rational	weight_186.json
186	186	3	164	5	422	1	5	1	1	rational	weight_186.json
186	186	3	164	5	422	1	6	1	1	rational	weight_186.json
186	186	3	164	5	422	1	7	1	1	rational	weight_186.json
186	186	3	164	5	422	1	8	1	1	rational	weight_186.json
186	186	3	164	5	422	1	9	1	1	rational	weight_186.json
186	186	3	36	5	422	1	10	1	1	rational	weight_186.json
186	186	3	164	5	422	1	11	1	1	rational	weight_186.json
186	186	3	36	5	422	1	12	1	1	rational	weight_186.json
186	186	3	36	5	422	1	13	1	1	rational	weight_186.json
186	186	3	164	5	422	1	14	1	1	rational	weight_186.json
186	186	3	164	5	422	1	15	1	1	rational	weight_186.json
188	188	3	316	5	286	1	1	1	1	rational	weight_188.json
188	188	3	60	5	286	1	2	1	1	rational	weight_188.json
188	188	3	60	5	286	1	3	1	1	rational	weight_188.json
188	188	3	60	5	286	1	4	1	1	rational	weight_188.json
188	188	3	60	5	286	1	5	1	1	rational	weight_188.json
188	188	3	60	5	286	1	6	1	1	rational	weight_188.json
188	188	3	316	5	286	1	7	1	1	rational	weight_188.json
188	188	3	60	5	286	1	8	1	1	rational	weight_188.json
188	188	3	60	5	286	1	9	1	1	rational	weight_188.json
188	188	3	316	5	286	1	10	1	1	rational	weight_188.json
188	188	3	316	5	286	1	11	1	1	rational	weight_188.json
188	188	3	60	5	286	1	12	1	1	rational	weight_188.json
188	188	3	316	5	286	1	13	1	1	rational	weight_188.json
188	188	3	316	5	286	1	14	1	2	rational	weight_188.json
190	190	3	276	5	470	1	1	2	1	rational	weight_190.json
190	190	3	276	5	470	1	2	1	1	rational	weight_190.json
190	190	3	276	5	470	1	3	1	2	rational	weight_190.json
190	190	3	20	5	470	1	4	1	2	rational	weight_190.json
190	190	3	20	5	470	1	5	1	2	rational	weight_190.json
190	190	3	276	5	470	1	6	1	2	rational	weight_190.json
190	190	3	20	5	470	1	7	1	2	rational	weight_190.json
190	190	3	20	5	470	1	8	1	2	rational	weight_190.json
192	192	3	44	5	462	1	1	1	1	rational	weight_192.json
192	192	3	44	5	462	1	2	1	1	rational	weight_192.json
192	192	3	428	5	462	1	3	1	1	rational	weight_192.json
192	192	3	428	5	462	1	4	1	1	rational	weight_192.json
192	192	3	44	5	462	1	5	1	1	rational	weight_192.json
192	192	3	428	5	462	1	6	1	1	rational	weight_192.json
192	192	3	428	5	462	1	7	1	1	rational	weight_192.json
192	192	3	44	5	462	1	8	1	1	rational	weight_192.json
192	192	3	44	5	462	1	9	1	1	rational	weight_192.json
192	192	3	44	5	462	1	10	1	1	rational	weight_192.json
192	192	3	44	5	462	1	11	1	1	rational	weight_192.json
192	192	3	428	5	462	1	12	1	1	rational	weight_192.json
192	192	3	428	5	462	1	13	1	1	rational	weight_192.json
192	192	3	44	5	462	1	14	1	1	rational	weight_192.json
192	192	3	428	5	462	1	15	1	1	rational	weight_192.json
192	192	3	428	5	462	1	16	1	1	rational	weight_192.json
194	194	3	132	5	262	1	1	1	1	rational	weight_194.json
194	194	3	260	5	262	1	2	1	1	rational	weight_194.json
194	194	3	260	5	262	1	3	1	1	rational	weight_194.json
194	194	3	132	5	262	1	4	1	1	rational	weight_194.json
194	194	3	132	5	262	1	5	1	1	rational	weight_194.json
194	194	3	132	5	262	1	6	1	1	rational	weight_194.json
194	194	3	260	5	262	1	7	1	1	rational	weight_194.json
194	194	3	132	5	262	1	8	1	1	rational	weight_194.json
194	194	3	132	5	262	1	9	1	1	rational	weight_194.json
194	194	3	260	5	262	1	10	1	1	rational	weight_194.json
194	194	3	260	5	262	1	11	1	1	rational	weight_194.json
194	194	3	260	5	262	1	12	1	1	rational	weight_194.json
194	194	3	132	5	262	1	13	1	1	rational	weight_194.json
194	194	3	260	5	262	1	14	1	1	rational	weight_194.json
194	194	3	132	5	262	1	15	1	1	rational	weight_194.json
196	196	3	284	5	382	1	1	2	1	rational	weight_196.json
196	196	3	284	5	382	1	2	1	1	rational	weight_196.json
196	196	3	284	5	382	1	3	1	1	rational	weight_196.json
196	196	3	284	5	382	1	4	1	2	rational	weight_196.json
196	196	3	28	5	382	1	5	1	2	rational	weight_196.json
196	196	3	284	5	382	1	6	1	2	rational	weight_196.json
196	196	3	28	5	382	1	7	1	2	rational	weight_196.json
196	196	3	28	5	382	1	8	1	2	rational	weight_196.json
196	196	3	28	5	382	1	9	1	2	rational	weight_196.json
198	198	3	244	5	310	1	1	1	1	rational	weight_198.json
198	198	3	244	5	310	1	2	1	1	rational	weight_198.json
198	198	3	500	5	310	1	3	1	1	rational	weight_198.json
198	198	3	244	5	310	1	4	1	1	rational	weight_198.json
198	198	3	244	5	310	1	5	1	1	rational	weight_198.json
198	198	3	500	5	310	1	6	1	1	rational	weight_198.json
198	198	3	500	5	310	1	7	1	1	rational	weight_198.json
198	198	3	500	5	310	1	8	1	1	rational	weight_198.json
198	198	3	244	5	310	1	9	1	1	rational	weight_198.json
198	198	3	500	5	310	1	10	1	1	rational	weight_198.json
198	198	3	244	5	310	1	11	1	1	rational	weight_198.json
198	198	3	244	5	310	1	12	1	1	rational	weight_198.json
198	198	3	244	5	310	1	13	1	1	rational	weight_198.json
198	198	3	500	5	310	1	14	1	1	rational	weight_198.json
198	198	3	500	5	310	1	15	1	2	rational	weight_198.json
200	200	3	396	5	46	1	1	1	1	rational	weight_200.json
200	200	3	396	5	46	1	2	1	1	rational	weight_200.json
200	200	3	268	5	46	1	3	1	1	rational	weight_200.json
200	200	3	396	5	46	1	4	1	1	rational	weight_200.json
200	200	3	268	5	46	1	5	1	1	rational	weight_200.json
200	200	3	396	5	46	1	6	1	1	rational	weight_200.json
200	200	3	396	5	46	1	7	1	1	rational	weight_200.json
200	200	3	268	5	46	1	8	1	1	rational	weight_200.json
200	200	3	268	5	46	1	9	1	1	rational	weight_200.json
200	200	3	268	5	46	1	10	1	1	rational	weight_200.json
200	200	3	396	5	46	1	11	1	1	rational	weight_200.json
200	200	3	268	5	46	1	12	1	1	rational	weight_200.json
200	200	3	268	5	46	1	13	1	1	rational	weight_200.json
200	200	3	396	5	46	1	14	1	1	rational	weight_200.json
200	200	3	268	5	46	1	15	1	1	rational	weight_200.json
200	200	3	396	5	46	1	16	1	1	rational	weight_200.json
202	202	3	484	5	102	1	1	1	1	rational	weight_202.json
202	202	3	484	5	102	1	2	1	1	rational	weight_202.json
202	202	3	484	5	102	1	3	1	1	rational	weight_202.json
202	202	3	484	5	102	1	4	1	1	rational	weight_202.json
202	202	3	484	5	102	1	5	1	1	rational	weight_202.json
202	202	3	100	5	102	1	6	1	1	rational	weight_202.json
202	202	3	100	5	102	1	7	1	1	rational	weight_202.json
202	202	3	100	5	102	1	8	1	1	rational	weight_202.json
202	202	3	484	5	102	1	9	1	1	rational	weight_202.json
202	202	3	100	5	102	1	10	1	1	rational	weight_202.json
202	202	3	100	5	102	1	11	1	1	rational	weight_202.json
202	202	3	100	5	102	1	12	1	1	rational	weight_202.json
202	202	3	484	5	102	1	13	1	1	rational	weight_202.json
202	202	3	100	5	102	1	14	1	1	rational	weight_202.json
202	202	3	100	5	102	1	15	1	1	rational	weight_202.json
202	202	3	484	5	102	1	16	1	1	rational	weight_202.json
204	204	3	508	5	478	1	1	1	1	rational	weight_204.json
204	204	3	252	5	478	1	2	1	1	rational	weight_204.json
204	204	3	508	5	478	1	3	1	1	rational	weight_204.json
204	204	3	508	5	478	1	4	1	1	rational	weight_204.json
204	204	3	252	5	478	1	5	1	1	rational	weight_204.json
204	204	3	252	5	478	1	6	1	1	rational	weight_204.json
204	204	3	252	5	478	1	7	1	1	rational	weight_204.json
204	204	3	508	5	478	1	8	1	1	rational	weight_204.json
204	204	3	252	5	478	1	9	1	1	rational	weight_204.json
204	204	3	252	5	478	1	10	1	1	rational	weight_204.json
204	204	3	508	5	478	1	11	1	1	rational	weight_204.json
204	204	3	508	5	478	1	12	1	1	rational	weight_204.json
204	204	3	508	5	478	1	13	1	1	rational	weight_204.json
204	204	3	252	5	478	1	14	1	1	rational	weight_204.json
204	204	3	252	5	478	1	15	1	1	rational	weight_204.json
204	204	3	508	5	478	1	16	1	2	rational	weight_204.json
206	206	3	468	5	150	1	1	2	1	rational	weight_206.json
206	206	3	468	5	150	1	2	2	1	rational	weight_206.json
206	206	3	212	5	150	1	3	1	1	rational	weight_206.json
206	206	3	212	5	150	1	4	1	1	rational	weight_206.json
206	206	3	212	5	150	1	5	1	1	rational	weight_206.json
206	206	3	212	5	150	1	6	1	1	rational	weight_206.json
206	206	3	468	5	150	1	7	1	1	rational	weight_206.json
206	206	3	212	5	150	1	8	1	1	rational	weight_206.json
206	206	3	212	5	150	1	9	1	1	rational	weight_206.json
206	206	3	468	5	150	1	10	1	1	rational	weight_206.json
206	206	3	212	5	150	1	11	1	1	rational	weight_206.json
206	206	3	212	5	150	1	12	1	1	rational	weight_206.json
206	206	3	468	5	150	1	13	1	2	rational	weight_206.json
208	208	3	492	5	142	1	1	1	1	rational	weight_208.json
208	208	3	492	5	142	1	2	1	1	rational	weight_208.json
208	208	3	364	5	142	1	3	1	1	rational	weight_208.json
208	208	3	492	5	142	1	4	1	1	rational	weight_208.json
208	208	3	492	5	142	1	5	1	1	rational	weight_208.json
208	208	3	492	5	142	1	6	1	1	rational	weight_208.json
208	208	3	364	5	142	1	7	1	1	rational	weight_208.json
208	208	3	364	5	142	1	8	1	1	rational	weight_208.json
208	208	3	364	5	142	1	9	1	1	rational	weight_208.json
208	208	3	492	5	142	1	10	1	1	rational	weight_208.json
208	208	3	364	5	142	1	11	1	1	rational	weight_208.json
208	208	3	492	5	142	1	12	1	1	rational	weight_208.json
208	208	3	364	5	142	1	13	1	1	rational	weight_208.json
208	208	3	492	5	142	1	14	1	1	rational	weight_208.json
208	208	3	364	5	142	1	15	1	1	rational	weight_208.json
208	208	3	364	5	142	1	16	1	1	rational	weight_208.json
208	208	3	492	5	142	1	17	1	1	rational	weight_208.json
210	210	3	196	5	454	1	1	1	1	rational	weight_210.json
210	210	3	68	5	454	1	2	1	1	rational	weight_210.json
210	210	3	196	5	454	1	3	1	1	rational	weight_210.json
210	210	3	68	5	454	1	4	1	1	rational	weight_210.json
210	210	3	68	5	454	1	5	1	1	rational	weight_210.json
210	210	3	68	5	454	1	6	1	1	rational	weight_210.json
210	210	3	196	5	454	1	7	1	1	rational	weight_210.json
210	210	3	196	5	454	1	8	1	1	rational	weight_210.json
210	210	3	196	5	454	1	9	1	1	rational	weight_210.json
210	210	3	68	5	454	1	10	1	1	rational	weight_210.json
210	210	3	196	5	454	1	11	1	1	rational	weight_210.json
210	210	3	196	5	454	1	12	1	1	rational	weight_210.json
210	210	3	68	5	454	1	13	1	1	rational	weight_210.json
210	210	3	68	5	454	1	14	1	1	rational	weight_210.json
210	210	3	68	5	454	1	15	1	1	rational	weight_210.json
210	210	3	196	5	454	1	16	1	1	rational	weight_210.json
210	210	3	68	5	454	1	17	1	1	rational	weight_210.json
212	212	3	220	5	62	1	1	1	1	rational	weight_212.json
212	212	3	476	5	62	1	2	1	1	rational	weight_212.json
212	212	3	220	5	62	1	3	1	1	rational	weight_212.json
212	212	3	220	5	62	1	4	1	1	rational	weight_212.json
212	212	3	476	5	62	1	5	1	1	rational	weight_212.json
212	212	3	220	5	62	1	6	1	1	rational	weight_212.json
212	212	3	476	5	62	1	7	2	1	rational	weight_212.json
212	212	3	476	5	62	1	8	2	1	rational	weight_212.json
212	212	3	220	5	62	1	9	1	1	rational	weight_212.json
212	212	3	220	5	62	1	10	1	1	rational	weight_212.json
212	212	3	220	5	62	1	11	1	1	rational	weight_212.json
212	212	3	220	5	62	1	12	1	1	rational	weight_212.json
212	212	3	220	5	62	1	13	1	1	rational	weight_212.json
212	212	3	476	5	62	1	14	1	2	rational	weight_212.json
214	214	3	436	5	502	1	1	1	1	rational	weight_214.json
214	214	3	180	5	502	1	2	1	1	rational	weight_214.json
214	214	3	436	5	502	1	3	1	1	rational	weight_214.json
214	214	3	436	5	502	1	4	1	1	rational	weight_214.json
214	214	3	436	5	502	1	5	1	1	rational	weight_214.json
214	214	3	436	5	502	1	6	1	1	rational	weight_214.json
214	214	3	436	5	502	1	7	1	1	rational	weight_214.json
214	214	3	180	5	502	1	8	2	1	rational	weight_214.json
214	214	3	180	5	502	1	9	1	1	rational	weight_214.json
214	214	3	180	5	502	1	10	1	1	rational	weight_214.json
214	214	3	436	5	502	1	11	1	1	rational	weight_214.json
214	214	3	180	5	502	1	12	1	1	rational	weight_214.json
214	214	3	436	5	502	1	13	1	1	rational	weight_214.json
214	214	3	436	5	502	1	14	1	1	rational	weight_214.json
214	214	3	180	5	502	1	15	1	2	rational	weight_214.json
216	216	3	332	5	238	1	1	1	1	rational	weight_216.json
216	216	3	332	5	238	1	2	1	1	rational	weight_216.json
216	216	3	332	5	238	1	3	1	1	rational	weight_216.json
216	216	3	332	5	238	1	4	1	1	rational	weight_216.json
216	216	3	204	5	238	1	5	1	1	rational	weight_216.json
216	216	3	332	5	238	1	6	1	1	rational	weight_216.json
216	216	3	332	5	238	1	7	1	1	rational	weight_216.json
216	216	3	204	5	238	1	8	1	1	rational	weight_216.json
216	216	3	332	5	238	1	9	1	1	rational	weight_216.json
216	216	3	204	5	238	1	10	1	1	rational	weight_216.json
216	216	3	204	5	238	1	11	1	1	rational	weight_216.json
216	216	3	204	5	238	1	12	1	1	rational	weight_216.json
216	216	3	204	5	238	1	13	1	1	rational	weight_216.json
216	216	3	204	5	238	1	14	1	1	rational	weight_216.json
216	216	3	332	5	238	1	15	1	1	rational	weight_216.json
216	216	3	204	5	238	1	16	1	1	rational	weight_216.json
216	216	3	204	5	238	1	17	1	1	rational	weight_216.json
216	216	3	332	5	238	1	18	1	1	rational	weight_216.json
218	218	3	36	5	294	1	1	1	1	rational	weight_218.json
218	218	3	36	5	294	1	2	1	1	rational	weight_218.json
218	218	3	420	5	294	1	3	1	1	rational	weight_218.json
218	218	3	420	5	294	1	4	1	1	rational	weight_218.json
218	218	3	36	5	294	1	5	1	1	rational	weight_218.json
218	218	3	36	5	294	1	6	1	1	rational	weight_218.json
218	218	3	36	5	294	1	7	1	1	rational	weight_218.json
218	218	3	420	5	294	1	8	1	1	rational	weight_218.json
218	218	3	420	5	294	1	9	1	1	rational	weight_218.json
218	218	3	36	5	294	1	10	1	1	rational	weight_218.json
218	218	3	36	5	294	1	11	1	1	rational	weight_218.json
218	218	3	420	5	294	1	12	1	1	rational	weight_218.json
218	218	3	420	5	294	1	13	1	1	rational	weight_218.json
218	218	3	36	5	294	1	14	1	1	rational	weight_218.json
218	218	3	36	5	294	1	15	1	1	rational	weight_218.json
218	218	3	420	5	294	1	16	1	2	rational	weight_218.json
220	220	3	444	5	158	1	1	1	1	rational	weight_220.json
220	220	3	188	5	158	1	2	2	1	rational	weight_220.json
220	220	3	188	5	158	1	3	1	1	rational	weight_220.json
220	220	3	444	5	158	1	4	1	1	rational	weight_220.json
220	220	3	188	5	158	1	5	1	1	rational	weight_220.json
220	220	3	444	5	158	1	6	1	1	rational	weight_220.json
220	220	3	444	5	158	1	7	1	1	rational	weight_220.json
220	220	3	444	5	158	1	8	1	1	rational	weight_220.json
220	220	3	444	5	158	1	9	1	1	rational	weight_220.json
220	220	3	444	5	158	1	10	1	1	rational	weight_220.json
220	220	3	444	5	158	1	11	1	1	rational	weight_220.json
220	220	3	444	5	158	1	12	1	1	rational	weight_220.json
220	220	3	188	5	158	1	13	1	1	rational	weight_220.json
220	220	3	444	5	158	1	14	1	1	rational	weight_220.json
220	220	3	188	5	158	1	15	1	1	rational	weight_220.json
220	220	3	188	5	158	1	16	1	2	rational	weight_220.json
222	222	3	148	5	342	1	1	2	1	rational	weight_222.json
222	222	3	148	5	342	1	2	1	1	rational	weight_222.json
222	222	3	148	5	342	1	3	1	1	rational	weight_222.json
222	222	3	148	5	342	1	4	1	1	rational	weight_222.json
222	222	3	148	5	342	1	5	1	1	rational	weight_222.json
222	222	3	404	5	342	1	6	1	2	rational	weight_222.json
222	222	3	148	5	342	1	7	1	2	rational	weight_222.json
222	222	3	404	5	342	1	8	1	2	rational	weight_222.json
222	222	3	404	5	342	1	9	1	2	rational	weight_222.json
222	222	3	404	5	342	1	10	1	2	rational	weight_222.json
222	222	3	404	5	342	1	11	1	2	rational	weight_222.json
224	224	3	428	5	334	1	1	1	1	rational	weight_224.json
224	224	3	300	5	334	1	2	1	1	rational	weight_224.json
224	224	3	428	5	334	1	3	1	1	rational	weight_224.json
224	224	3	428	5	334	1	4	1	1	rational	weight_224.json
224	224	3	300	5	334	1	5	1	1	rational	weight_224.json
224	224	3	300	5	334	1	6	1	1	rational	weight_224.json
224	224	3	300	5	334	1	7	1	1	rational	weight_224.json
224	224	3	300	5	334	1	8	1	1	rational	weight_224.json
224	224	3	300	5	334	1	9	1	1	rational	weight_224.json
224	224	3	428	5	334	1	10	1	1	rational	weight_224.json
224	224	3	428	5	334	1	11	1	1	rational	weight_224.json
224	224	3	300	5	334	1	12	1	1	rational	weight_224.json
224	224	3	428	5	334	1	13	1	1	rational	weight_224.json
224	224	3	300	5	334	1	14	1	1	rational	weight_224.json
224	224	3	300	5	334	1	15	1	1	rational	weight_224.json
224	224	3	428	5	334	1	16	1	1	rational	weight_224.json
224	224	3	428	5	334	1	17	1	2	rational	weight_224.json
226	226	3	132	5	134	1	1	1	1	rational	weight_226.json
226	226	3	132	5	134	1	2	1	1	rational	weight_226.json
226	226	3	4	5	134	1	3	1	1	rational	weight_226.json
226	226	3	4	5	134	1	4	1	1	rational	weight_226.json
226	226	3	4	5	134	1	5	1	1	rational	weight_226.json
226	226	3	132	5	134	1	6	1	1	rational	weight_226.json
226	226	3	4	5	134	1	7	1	1	rational	weight_226.json
226	226	3	132	5	134	1	8	1	1	rational	weight_226.json
226	226	3	132	5	134	1	9	1	1	rational	weight_226.json
226	226	3	4	5	134	1	10	1	1	rational	weight_226.json
226	226	3	132	5	134	1	11	1	1	rational	weight_226.json
226	226	3	4	5	134	1	12	1	1	rational	weight_226.json
226	226	3	132	5	134	1	13	1	1	rational	weight_226.json
226	226	3	4	5	134	1	14	1	1	rational	weight_226.json
226	226	3	132	5	134	1	15	1	1	rational	weight_226.json
226	226	3	132	5	134	1	16	1	1	rational	weight_226.json
226	226	3	4	5	134	1	17	1	2	rational	weight_226.json
228	228	3	156	5	254	1	1	1	1	rational	weight_228.json
228	228	3	156	5	254	1	2	1	1	rational	weight_228.json
228	228	3	156	5	254	1	3	1	1	rational	weight_228.json
228	228	3	156	5	254	1	4	2	1	rational	weight_228.json
228	228	3	156	5	254	1	5	1	1	rational	weight_228.json
228	228	3	156	5	254	1	6	1	1	rational	weight_228.json
228	228	3	156	5	254	1	7	1	2	rational	weight_228.json
228	228	3	412	5	254	1	8	1	2	rational	weight_228.json
228	228	3	412	5	254	1	9	1	2	rational	weight_228.json
228	228	3	412	5	254	1	10	1	2	rational	weight_228.json
228	228	3	412	5	254	1	11	1	2	rational	weight_228.json
228	228	3	412	5	254	1	12	1	2	rational	weight_228.json
230	230	3	116	5	182	1	1	1	1	rational	weight_230.json
230	230	3	116	5	182	1	2	1	1	rational	weight_230.json
230	230	3	372	5	182	1	3	1	1	rational	weight_230.json
230	230	3	116	5	182	1	4	1	1	rational	weight_230.json
230	230	3	116	5	182	1	5	1	1	rational	weight_230.json
230	230	3	372	5	182	1	6	2	1	rational	weight_230.json
230	230	3	372	5	182	1	7	1	1	rational	weight_230.json
230	230	3	116	5	182	1	8	1	1	rational	weight_230.json
230	230	3	372	5	182	1	9	1	1	rational	weight_230.json
230	230	3	116	5	182	1	10	1	1	rational	weight_230.json
230	230	3	116	5	182	1	11	1	1	rational	weight_230.json
230	230	3	372	5	182	1	12	1	1	rational	weight_230.json
230	230	3	116	5	182	1	13	1	1	rational	weight_230.json
230	230	3	372	5	182	1	14	1	1	rational	weight_230.json
230	230	3	116	5	182	1	15	1	1	rational	weight_230.json
230	230	3	372	5	182	1	16	1	2	rational	weight_230.json
232	232	3	140	5	430	1	1	1	1	rational	weight_232.json
232	232	3	140	5	430	1	2	1	1	rational	weight_232.json
232	232	3	140	5	430	1	3	1	1	rational	weight_232.json
232	232	3	140	5	430	1	4	1	1	rational	weight_232.json
232	232	3	140	5	430	1	5	1	1	rational	weight_232.json
232	232	3	268	5	430	1	6	1	1	rational	weight_232.json
232	232	3	268	5	430	1	7	1	1	rational	weight_232.json
232	232	3	268	5	430	1	8	1	1	rational	weight_232.json
232	232	3	268	5	430	1	9	1	1	rational	weight_232.json
232	232	3	140	5	430	1	10	1	1	rational	weight_232.json
232	232	3	140	5	430	1	11	1	1	rational	weight_232.json
232	232	3	268	5	430	1	12	1	1	rational	weight_232.json
232	232	3	140	5	430	1	13	1	1	rational	weight_232.json
232	232	3	268	5	430	1	14	1	1	rational	weight_232.json
232	232	3	140	5	430	1	15	1	1	rational	weight_232.json
232	232	3	140	5	430	1	16	1	1	rational	weight_232.json
232	232	3	268	5	430	1	17	1	1	rational	weight_232.json
232	232	3	268	5	430	1	18	1	2	rational	weight_232.json
234	234	3	484	5	486	1	1	1	1	rational	weight_234.json
234	234	3	484	5	486	1	2	1	1	rational	weight_234.json
234	234	3	484	5	486	1	3	1	1	rational	weight_234.json
234	234	3	484	5	486	1	4	1	1	rational	weight_234.json
234	234	3	484	5	486	1	5	1	1	rational	weight_234.json
234	234	3	356	5	486	1	6	1	1	rational	weight_234.json
234	234	3	356	5	486	1	7	1	1	rational	weight_234.json
234	234	3	356	5	486	1	8	1	1	rational	weight_234.json
234	234	3	356	5	486	1	9	1	1	rational	weight_234.json
234	234	3	484	5	486	1	10	1	1	rational	weight_234.json
234	234	3	356	5	486	1	11	1	1	rational	weight_234.json
234	234	3	484	5	486	1	12	1	1	rational	weight_234.json
234	234	3	356	5	486	1	13	1	1	rational	weight_234.json
234	234	3	484	5	486	1	14	1	1	rational	weight_234.json
234	234	3	356	5	486	1	15	1	1	rational	weight_234.json
234	234	3	356	5	486	1	16	1	1	rational	weight_234.json
234	234	3	484	5	486	1	17	1	1	rational	weight_234.json
234	234	3	356	5	486	1	18	1	1	rational	weight_234.json
234	234	3	484	5	486	1	19	1	1	rational	weight_234.json
236	236	3	380	5	350	1	1	2	1	rational	weight_236.json
236	236	3	380	5	350	1	2	1	1	rational	weight_236.json
236	236	3	124	5	350	1	3	1	1	rational	weight_236.json
236	236	3	124	5	350	1	4	1	1	rational	weight_236.json
236	236	3	124	5	350	1	5	1	1	rational	weight_236.json
236	236	3	380	5	350	1	6	1	1	rational	weight_236.json
236	236	3	124	5	350	1	7	1	1	rational	weight_236.json
236	236	3	380	5	350	1	8	1	1	rational	weight_236.json
236	236	3	124	5	350	1	9	1	1	rational	weight_236.json
236	236	3	380	5	350	1	10	1	1	rational	weight_236.json
236	236	3	124	5	350	1	11	1	1	rational	weight_236.json
236	236	3	124	5	350	1	12	1	1	rational	weight_236.json
236	236	3	124	5	350	1	13	1	1	rational	weight_236.json
236	236	3	380	5	350	1	14	1	1	rational	weight_236.json
236	236	3	124	5	350	1	15	1	1	rational	weight_236.json
236	236	3	380	5	350	1	16	1	1	rational	weight_236.json
236	236	3	380	5	350	1	17	1	2	rational	weight_236.json
238	238	3	84	5	22	1	1	1	1	rational	weight_238.json
238	238	3	340	5	22	1	2	2	1	rational	weight_238.json
238	238	3	84	5	22	1	3	1	1	rational	weight_238.json
238	238	3	340	5	22	1	4	2	1	rational	weight_238.json
238	238	3	84	5	22	1	5	1	1	rational	weight_238.json
238	238	3	340	5	22	1	6	1	1	rational	weight_238.json
238	238	3	340	5	22	1	7	2	1	rational	weight_238.json
238	238	3	84	5	22	1	8	1	1	rational	weight_238.json
238	238	3	84	5	22	1	9	1	1	rational	weight_238.json
238	238	3	84	5	22	1	10	1	1	rational	weight_238.json
238	238	3	84	5	22	1	11	1	1	rational	weight_238.json
238	238	3	84	5	22	1	12	1	1	rational	weight_238.json
238	238	3	84	5	22	1	13	1	1	rational	weight_238.json
238	238	3	340	5	22	1	14	1	1	rational	weight_238.json
238	238	3	340	5	22	1	15	1	2	rational	weight_238.json
240	240	3	236	5	14	1	1	1	1	rational	weight_240.json
240	240	3	236	5	14	1	2	1	1	rational	weight_240.json
240	240	3	236	5	14	1	3	1	1	rational	weight_240.json
240	240	3	364	5	14	1	4	1	1	rational	weight_240.json
240	240	3	236	5	14	1	5	1	1	rational	weight_240.json
240	240	3	236	5	14	1	6	1	1	rational	weight_240.json
240	240	3	236	5	14	1	7	1	1	rational	weight_240.json
240	240	3	364	5	14	1	8	1	1	rational	weight_240.json
240	240	3	364	5	14	1	9	1	1	rational	weight_240.json
240	240	3	364	5	14	1	10	1	1	rational	weight_240.json
240	240	3	236	5	14	1	11	1	1	rational	weight_240.json
240	240	3	364	5	14	1	12	1	1	rational	weight_240.json
240	240	3	364	5	14	1	13	1	1	rational	weight_240.json
240	240	3	236	5	14	1	14	1	1	rational	weight_240.json
240	240	3	236	5	14	1	15	1	1	rational	weight_240.json
240	240	3	364	5	14	1	16	1	1	rational	weight_240.json
240	240	3	236	5	14	1	17	1	1	rational	weight_240.json
240	240	3	364	5	14	1	18	1	1	rational	weight_240.json
240	240	3	364	5	14	1	19	1	1	rational	weight_240.json
240	240	3	364	5	14	1	20	1	1	rational	weight_240.json
242	242	3	68	5	326	1	1	1	1	rational	weight_242.json
242	242	3	452	5	326	1	2	1	1	rational	weight_242.json
242	242	3	68	5	326	1	3	1	1	rational	weight_242.json
242	242	3	68	5	326	1	4	1	1	rational	weight_242.json
242	242	3	68	5	326	1	5	1	1	rational	weight_242.json
242	242	3	68	5	326	1	6	1	1	rational	weight_242.json
242	242	3	68	5	326	1	7	1	1	rational	weight_242.json
242	242	3	68	5	326	1	8	1	1	rational	weight_242.json
242	242	3	452	5	326	1	9	1	1	rational	weight_242.json
242	242	3	452	5	326	1	10	1	1	rational	weight_242.json
242	242	3	68	5	326	1	11	1	1	rational	weight_242.json
242	242	3	452	5	326	1	12	1	1	rational	weight_242.json
242	242	3	452	5	326	1	13	1	1	rational	weight_242.json
242	242	3	68	5	326	1	14	1	1	rational	weight_242.json
242	242	3	452	5	326	1	15	1	1	rational	weight_242.json
242	242	3	452	5	326	1	16	1	1	rational	weight_242.json
242	242	3	452	5	326	1	17	1	1	rational	weight_242.json
242	242	3	452	5	326	1	18	1	1	rational	weight_242.json
242	242	3	452	5	326	1	19	1	1	rational	weight_242.json
244	244	3	92	5	446	1	1	1	1	rational	weight_244.json
244	244	3	348	5	446	1	2	2	1	rational	weight_244.json
244	244	3	348	5	446	1	3	1	1	rational	weight_244.json
244	244	3	92	5	446	1	4	1	1	rational	weight_244.json
244	244	3	348	5	446	1	5	2	1	rational	weight_244.json
244	244	3	348	5	446	1	6	1	1	rational	weight_244.json
244	244	3	92	5	446	1	7	1	1	rational	weight_244.json
244	244	3	92	5	446	1	8	1	1	rational	weight_244.json
244	244	3	92	5	446	1	9	1	1	rational	weight_244.json
244	244	3	92	5	446	1	10	1	1	rational	weight_244.json
244	244	3	348	5	446	1	11	2	1	rational	weight_244.json
244	244	3	92	5	446	1	12	1	1	rational	weight_244.json
244	244	3	92	5	446	1	13	1	1	rational	weight_244.json
244	244	3	92	5	446	1	14	1	1	rational	weight_244.json
244	244	3	92	5	446	1	15	1	1	rational	weight_244.json
244	244	3	348	5	446	1	16	1	2	rational	weight_244.json
246	246	3	52	5	374	1	1	1	1	rational	weight_246.json
246	246	3	308	5	374	1	2	1	1	rational	weight_246.json
246	246	3	308	5	374	1	3	1	1	rational	weight_246.json
246	246	3	308	5	374	1	4	1	1	rational	weight_246.json
246	246	3	52	5	374	1	5	1	1	rational	weight_246.json
246	246	3	52	5	374	1	6	1	1	rational	weight_246.json
246	246	3	308	5	374	1	7	1	1	rational	weight_246.json
246	246	3	52	5	374	1	8	1	1	rational	weight_246.json
246	246	3	52	5	374	1	9	1	1	rational	weight_246.json
246	246	3	52	5	374	1	10	1	1	rational	weight_246.json
246	246	3	308	5	374	1	11	1	1	rational	weight_246.json
246	246	3	308	5	374	1	12	1	1	rational	weight_246.json
246	246	3	52	5	374	1	13	1	1	rational	weight_246.json
246	246	3	308	5	374	1	14	1	1	rational	weight_246.json
246	246	3	52	5	374	1	15	1	1	rational	weight_246.json
246	246	3	52	5	374	1	16	1	1	rational	weight_246.json
246	246	3	308	5	374	1	17	1	1	rational	weight_246.json
246	246	3	52	5	374	1	18	1	1	rational	weight_246.json
246	246	3	308	5	374	1	19	1	1	rational	weight_246.json
246	246	3	308	5	374	1	20	1	1	rational	weight_246.json
248	248	3	76	5	110	1	1	1	1	rational	weight_248.json
248	248	3	204	5	110	1	2	1	1	rational	weight_248.json
248	248	3	204	5	110	1	3	1	1	rational	weight_248.json
248	248	3	76	5	110	1	4	1	1	rational	weight_248.json
248	248	3	76	5	110	1	5	1	1	rational	weight_248.json
248	248	3	76	5	110	1	6	1	1	rational	weight_248.json
248	248	3	76	5	110	1	7	1	1	rational	weight_248.json
248	248	3	204	5	110	1	8	1	1	rational	weight_248.json
248	248	3	76	5	110	1	9	1	1	rational	weight_248.json
248	248	3	76	5	110	1	10	1	1	rational	weight_248.json
248	248	3	76	5	110	1	11	1	1	rational	weight_248.json
248	248	3	76	5	110	1	12	1	1	rational	weight_248.json
248	248	3	204	5	110	1	13	1	1	rational	weight_248.json
248	248	3	204	5	110	1	14	1	1	rational	weight_248.json
248	248	3	204	5	110	1	15	1	1	rational	weight_248.json
248	248	3	204	5	110	1	16	1	1	rational	weight_248.json
248	248	3	204	5	110	1	17	1	1	rational	weight_248.json
248	248	3	76	5	110	1	18	1	1	rational	weight_248.json
248	248	3	204	5	110	1	19	1	1	rational	weight_248.json
248	248	3	204	5	110	1	20	1	1	rational	weight_248.json
250	250	3	292	5	166	1	1	1	1	rational	weight_250.json
250	250	3	292	5	166	1	2	1	1	rational	weight_250.json
250	250	3	420	5	166	1	3	1	1	rational	weight_250.json
250	250	3	292	5	166	1	4	1	1	rational	weight_250.json
250	250	3	420	5	166	1	5	1	1	rational	weight_250.json
250	250	3	420	5	166	1	6	1	1	rational	weight_250.json
250	250	3	420	5	166	1	7	1	1	rational	weight_250.json
250	250	3	420	5	166	1	8	1	1	rational	weight_250.json
250	250	3	292	5	166	1	9	1	1	rational	weight_250.json
250	250	3	292	5	166	1	10	1	1	rational	weight_250.json
250	250	3	292	5	166	1	11	1	1	rational	weight_250.json
250	250	3	292	5	166	1	12	1	1	rational	weight_250.json
250	250	3	292	5	166	1	13	1	1	rational	weight_250.json
250	250	3	420	5	166	1	14	1	1	rational	weight_250.json
250	250	3	420	5	166	1	15	1	1	rational	weight_250.json
250	250	3	292	5	166	1	16	1	1	rational	weight_250.json
250	250	3	420	5	166	1	17	1	1	rational	weight_250.json
250	250	3	420	5	166	1	18	1	1	rational	weight_250.json
250	250	3	420	5	166	1	19	1	1	rational	weight_250.json
250	250	3	292	5	166	1	20	1	1	rational	weight_250.json
252	252	3	60	5	30	1	1	1	1	rational	weight_252.json
252	252	3	60	5	30	1	2	1	1	rational	weight_252.json
252	252	3	316	5	30	1	3	1	1	rational	weight_252.json
252	252	3	316	5	30	1	4	1	1	rational	weight_252.json
252	252	3	60	5	30	1	5	1	1	rational	weight_252.json
252	252	3	60	5	30	1	6	1	1	rational	weight_252.json
252	252	3	316	5	30	1	7	1	1	rational	weight_252.json
252	252	3	60	5	30	1	8	1	1	rational	weight_252.json
252	252	3	60	5	30	1	9	1	1	rational	weight_252.json
252	252	3	316	5	30	1	10	1	1	rational	weight_252.json
252	252	3	316	5	30	1	11	1	1	rational	weight_252.json
252	252	3	316	5	30	1	12	1	1	rational	weight_252.json
252	252	3	316	5	30	1	13	1	1	rational	weight_252.json
252	252	3	60	5	30	1	14	1	1	rational	weight_252.json
252	252	3	60	5	30	1	15	1	1	rational	weight_252.json
252	252	3	316	5	30	1	16	1	1	rational	weight_252.json
252	252	3	60	5	30	1	17	1	1	rational	weight_252.json
252	252	3	316	5	30	1	18	1	1	rational	weight_252.json
252	252	3	316	5	30	1	19	1	1	rational	weight_252.json
252	252	3	316	5	30	1	20	1	1	rational	weight_252.json
252	252	3	60	5	30	1	21	1	1	rational	weight_252.json
254	254	3	20	5	214	1	1	1	2	rational	weight_254.json
254	254	3	276	5	214	1	2	1	2	rational	weight_254.json
254	254	3	20	5	214	1	3	1	2	rational	weight_254.json
254	254	3	276	5	214	1	4	1	2	rational	weight_254.json
254	254	3	20	5	214	1	5	1	2	rational	weight_254.json
254	254	3	276	5	214	1	6	1	2	rational	weight_254.json
254	254	3	276	5	214	1	7	1	2	rational	weight_254.json
254	254	3	20	5	214	1	8	1	2	rational	weight_254.json
254	254	3	20	5	214	1	9	1	2	rational	weight_254.json
254	254	3	276	5	214	1	10	1	2	rational	weight_254.json
256	0	3	172	5	206	1	1	1	1	rational	weight_256.json
256	0	3	172	5	206	1	2	1	1	rational	weight_256.json
256	0	3	172	5	206	1	3	1	1	rational	weight_256.json
256	0	3	172	5	206	1	4	1	1	rational	weight_256.json
256	0	3	172	5	206	1	5	1	1	rational	weight_256.json
256	0	3	300	5	206	1	6	1	1	rational	weight_256.json
256	0	3	300	5	206	1	7	1	1	rational	weight_256.json
256	0	3	300	5	206	1	8	1	1	rational	weight_256.json
256	0	3	172	5	206	1	9	1	1	rational	weight_256.json
256	0	3	300	5	206	1	10	1	1	rational	weight_256.json
256	0	3	300	5	206	1	11	1	1	rational	weight_256.json
256	0	3	300	5	206	1	12	1	1	rational	weight_256.json
256	0	3	172	5	206	1	13	1	1	rational	weight_256.json
256	0	3	172	5	206	1	14	1	1	rational	weight_256.json
256	0	3	300	5	206	1	15	1	1	rational	weight_256.json
256	0	3	300	5	206	1	16	1	1	rational	weight_256.json
256	0	3	300	5	206	1	17	1	1	rational	weight_256.json
256	0	3	172	5	206	1	18	1	1	rational	weight_256.json
256	0	3	172	5	206	1	19	1	1	rational	weight_256.json
256	0	3	300	5	206	1	20	1	1	rational	weight_256.json
256	0	3	300	5	206	1	21	1	1	rational	weight_256.json
258	2	3	4	5	6	1	1	1	1	rational	weight_258.json
258	2	3	4	5	6	1	2	1	1	rational	weight_258.json
258	2	3	388	5	6	1	3	1	1	rational	weight_258.json
258	2	3	4	5	6	1	4	1	1	rational	weight_258.json
258	2	3	388	5	6	1	5	1	1	rational	weight_258.json
258	2	3	388	5	6	1	6	1	1	rational	weight_258.json
258	2	3	388	5	6	1	7	1	1	rational	weight_258.json
258	2	3	4	5	6	1	8	1	1	rational	weight_258.json
258	2	3	4	5	6	1	9	1	1	rational	weight_258.json
258	2	3	388	5	6	1	10	1	1	rational	weight_258.json
258	2	3	4	5	6	1	11	1	1	rational	weight_258.json
258	2	3	4	5	6	1	12	1	1	rational	weight_258.json
258	2	3	4	5	6	1	13	1	1	rational	weight_258.json
258	2	3	388	5	6	1	14	1	1	rational	weight_258.json
258	2	3	388	5	6	1	15	1	1	rational	weight_258.json
258	2	3	388	5	6	1	16	1	1	rational	weight_258.json
258	2	3	388	5	6	1	17	1	1	rational	weight_258.json
258	2	3	4	5	6	1	18	1	1	rational	weight_258.json
258	2	3	388	5	6	1	19	1	1	rational	weight_258.json
258	2	3	388	5	6	1	20	1	1	rational	weight_258.json
258	2	3	4	5	6	1	21	1	1	rational	weight_258.json
260	4	3	28	5	126	1	1	1	1	rational	weight_260.json
260	4	3	284	5	126	1	2	1	2	rational	weight_260.json
260	4	3	28	5	126	1	3	1	2	rational	weight_260.json
260	4	3	284	5	126	1	4	1	2	rational	weight_260.json
260	4	3	28	5	126	1	5	1	2	rational	weight_260.json
260	4	3	284	5	126	1	6	1	2	rational	weight_260.json
260	4	3	284	5	126	1	7	1	2	rational	weight_260.json
260	4	3	28	5	126	1	8	1	2	rational	weight_260.json
260	4	3	284	5	126	1	9	1	2	rational	weight_260.json
260	4	3	28	5	126	1	10	1	2	rational	weight_260.json
260	4	3	28	5	126	1	11	1	2	rational	weight_260.json
262	6	3	500	5	54	1	1	1	1	rational	weight_262.json
262	6	3	500	5	54	1	2	1	1	rational	weight_262.json
262	6	3	500	5	54	1	3	1	1	rational	weight_262.json
262	6	3	244	5	54	1	4	1	1	rational	weight_262.json
262	6	3	244	5	54	1	5	1	1	rational	weight_262.json
262	6	3	500	5	54	1	6	1	1	rational	weight_262.json
262	6	3	244	5	54	1	7	1	1	rational	weight_262.json
262	6	3	500	5	54	1	8	1	1	rational	weight_262.json
262	6	3	244	5	54	1	9	1	1	rational	weight_262.json
262	6	3	500	5	54	1	10	1	1	rational	weight_262.json
262	6	3	244	5	54	1	11	1	1	rational	weight_262.json
262	6	3	500	5	54	1	12	1	1	rational	weight_262.json
262	6	3	500	5	54	1	13	1	1	rational	weight_262.json
262	6	3	244	5	54	1	14	1	1	rational	weight_262.json
262	6	3	500	5	54	1	15	1	1	rational	weight_262.json
262	6	3	244	5	54	1	16	1	1	rational	weight_262.json
262	6	3	244	5	54	1	17	1	1	rational	weight_262.json
262	6	3	500	5	54	1	18	1	1	rational	weight_262.json
262	6	3	244	5	54	1	19	1	1	rational	weight_262.json
262	6	3	244	5	54	1	20	1	1	rational	weight_262.json
262	6	3	244	5	54	1	21	1	1	rational	weight_262.json
264	8	3	140	5	302	1	1	1	1	rational	weight_264.json
264	8	3	140	5	302	1	2	1	1	rational	weight_264.json
264	8	3	12	5	302	1	3	1	1	rational	weight_264.json
264	8	3	140	5	302	1	4	1	1	rational	weight_264.json
264	8	3	12	5	302	1	5	1	1	rational	weight_264.json
264	8	3	12	5	302	1	6	1	1	rational	weight_264.json
264	8	3	12	5	302	1	7	1	1	rational	weight_264.json
264	8	3	140	5	302	1	8	1	1	rational	weight_264.json
264	8	3	12	5	302	1	9	1	1	rational	weight_264.json
264	8	3	140	5	302	1	10	1	1	rational	weight_264.json
264	8	3	140	5	302	1	11	1	1	rational	weight_264.json
264	8	3	140	5	302	1	12	1	1	rational	weight_264.json
264	8	3	140	5	302	1	13	1	1	rational	weight_264.json
264	8	3	12	5	302	1	14	1	1	rational	weight_264.json
264	8	3	140	5	302	1	15	1	1	rational	weight_264.json
264	8	3	12	5	302	1	16	1	1	rational	weight_264.json
264	8	3	12	5	302	1	17	1	1	rational	weight_264.json
264	8	3	12	5	302	1	18	1	1	rational	weight_264.json
264	8	3	140	5	302	1	19	1	1	rational	weight_264.json
264	8	3	12	5	302	1	20	1	1	rational	weight_264.json
264	8	3	12	5	302	1	21	1	1	rational	weight_264.json
264	8	3	140	5	302	1	22	1	1	rational	weight_264.json
266	10	3	228	5	358	1	1	1	1	rational	weight_266.json
266	10	3	356	5	358	1	2	1	1	rational	weight_266.json
266	10	3	228	5	358	1	3	1	1	rational	weight_266.json
266	10	3	356	5	358	1	4	1	1	rational	weight_266.json
266	10	3	228	5	358	1	5	1	1	rational	weight_266.json
266	10	3	228	5	358	1	6	1	1	rational	weight_266.json
266	10	3	228	5	358	1	7	1	1	rational	weight_266.json
266	10	3	228	5	358	1	8	1	1	rational	weight_266.json
266	10	3	356	5	358	1	9	1	1	rational	weight_266.json
266	10	3	356	5	358	1	10	1	1	rational	weight_266.json
266	10	3	356	5	358	1	11	1	1	rational	weight_266.json
266	10	3	356	5	358	1	12	1	1	rational	weight_266.json
266	10	3	228	5	358	1	13	1	1	rational	weight_266.json
266	10	3	356	5	358	1	14	1	1	rational	weight_266.json
266	10	3	228	5	358	1	15	1	1	rational	weight_266.json
266	10	3	228	5	358	1	16	1	1	rational	weight_266.json
266	10	3	356	5	358	1	17	1	1	rational	weight_266.json
266	10	3	356	5	358	1	18	1	1	rational	weight_266.json
266	10	3	356	5	358	1	19	1	1	rational	weight_266.json
266	10	3	356	5	358	1	20	1	1	rational	weight_266.json
266	10	3	228	5	358	1	21	1	1	rational	weight_266.json
268	12	3	252	5	222	1	1	1	1	rational	weight_268.json
268	12	3	252	5	222	1	2	1	1	rational	weight_268.json
268	12	3	252	5	222	1	3	1	1	rational	weight_268.json
268	12	3	508	5	222	1	4	1	1	rational	weight_268.json
268	12	3	252	5	222	1	5	1	1	rational	weight_268.json
268	12	3	252	5	222	1	6	1	1	rational	weight_268.json
268	12	3	252	5	222	1	7	1	1	rational	weight_268.json
268	12	3	252	5	222	1	8	1	1	rational	weight_268.json
268	12	3	252	5	222	1	9	1	1	rational	weight_268.json
268	12	3	508	5	222	1	10	1	1	rational	weight_268.json
268	12	3	508	5	222	1	11	1	1	rational	weight_268.json
268	12	3	508	5	222	1	12	1	1	rational	weight_268.json
268	12	3	252	5	222	1	13	1	1	rational	weight_268.json
268	12	3	252	5	222	1	14	1	1	rational	weight_268.json
268	12	3	252	5	222	1	15	1	1	rational	weight_268.json
268	12	3	508	5	222	1	16	1	1	rational	weight_268.json
268	12	3	508	5	222	1	17	1	1	rational	weight_268.json
268	12	3	508	5	222	1	18	1	1	rational	weight_268.json
268	12	3	508	5	222	1	19	1	1	rational	weight_268.json
268	12	3	508	5	222	1	20	1	1	rational	weight_268.json
268	12	3	252	5	222	1	21	1	1	rational	weight_268.json
268	12	3	508	5	222	1	22	1	1	rational	weight_268.json
270	14	3	212	5	406	1	1	2	1	rational	weight_270.json
270	14	3	468	5	406	1	2	1	1	rational	weight_270.json
270	14	3	468	5	406	1	3	1	1	rational	weight_270.json
270	14	3	212	5	406	1	4	1	1	rational	weight_270.json
270	14	3	212	5	406	1	5	1	1	rational	weight_270.json
270	14	3	468	5	406	1	6	1	1	rational	weight_270.json
270	14	3	468	5	406	1	7	1	1	rational	weight_270.json
270	14	3	212	5	406	1	8	2	1	rational	weight_270.json
270	14	3	212	5	406	1	9	2	1	rational	weight_270.json
270	14	3	468	5	406	1	10	1	1	rational	weight_270.json
270	14	3	468	5	406	1	11	1	1	rational	weight_270.json
270	14	3	468	5	406	1	12	1	1	rational	weight_270.json
270	14	3	468	5	406	1	13	1	1	rational	weight_270.json
270	14	3	468	5	406	1	14	1	1	rational	weight_270.json
270	14	3	212	5	406	1	15	1	1	rational	weight_270.json
270	14	3	212	5	406	1	16	1	1	rational	weight_270.json
270	14	3	468	5	406	1	17	1	1	rational	weight_270.json
270	14	3	212	5	406	1	18	1	2	rational	weight_270.json
272	16	3	108	5	398	1	1	1	1	rational	weight_272.json
272	16	3	108	5	398	1	2	1	1	rational	weight_272.json
272	16	3	108	5	398	1	3	1	1	rational	weight_272.json
272	16	3	236	5	398	1	4	1	1	rational	weight_272.json
272	16	3	236	5	398	1	5	1	1	rational	weight_272.json
272	16	3	108	5	398	1	6	1	1	rational	weight_272.json
272	16	3	108	5	398	1	7	1	1	rational	weight_272.json
272	16	3	236	5	398	1	8	1	1	rational	weight_272.json
272	16	3	236	5	398	1	9	1	1	rational	weight_272.json
272	16	3	236	5	398	1	10	1	1	rational	weight_272.json
272	16	3	108	5	398	1	11	1	1	rational	weight_272.json
272	16	3	236	5	398	1	12	1	1	rational	weight_272.json
272	16	3	108	5	398	1	13	1	1	rational	weight_272.json
272	16	3	108	5	398	1	14	1	1	rational	weight_272.json
272	16	3	108	5	398	1	15	1	1	rational	weight_272.json
272	16	3	236	5	398	1	16	1	1	rational	weight_272.json
272	16	3	236	5	398	1	17	1	1	rational	weight_272.json
272	16	3	236	5	398	1	18	1	1	rational	weight_272.json
272	16	3	236	5	398	1	19	1	1	rational	weight_272.json
272	16	3	236	5	398	1	20	1	1	rational	weight_272.json
272	16	3	108	5	398	1	21	1	1	rational	weight_272.json
272	16	3	108	5	398	1	22	1	1	rational	weight_272.json
274	18	3	324	5	198	1	1	1	1	rational	weight_274.json
274	18	3	452	5	198	1	2	1	1	rational	weight_274.json
274	18	3	324	5	198	1	3	1	1	rational	weight_274.json
274	18	3	452	5	198	1	4	1	1	rational	weight_274.json
274	18	3	324	5	198	1	5	1	1	rational	weight_274.json
274	18	3	324	5	198	1	6	1	1	rational	weight_274.json
274	18	3	452	5	198	1	7	1	1	rational	weight_274.json
274	18	3	452	5	198	1	8	1	1	rational	weight_274.json
274	18	3	324	5	198	1	9	1	1	rational	weight_274.json
274	18	3	452	5	198	1	10	1	1	rational	weight_274.json
274	18	3	324	5	198	1	11	1	1	rational	weight_274.json
274	18	3	324	5	198	1	12	1	1	rational	weight_274.json
274	18	3	324	5	198	1	13	1	1	rational	weight_274.json
274	18	3	452	5	198	1	14	1	1	rational	weight_274.json
274	18	3	324	5	198	1	15	1	1	rational	weight_274.json
274	18	3	324	5	198	1	16	1	1	rational	weight_274.json
274	18	3	452	5	198	1	17	1	1	rational	weight_274.json
274	18	3	324	5	198	1	18	1	1	rational	weight_274.json
274	18	3	452	5	198	1	19	1	1	rational	weight_274.json
274	18	3	452	5	198	1	20	1	1	rational	weight_274.json
274	18	3	452	5	198	1	21	1	1	rational	weight_274.json
274	18	3	452	5	198	1	22	1	1	rational	weight_274.json
276	20	3	220	5	318	1	1	2	1	rational	weight_276.json
276	20	3	476	5	318	1	2	1	1	rational	weight_276.json
276	20	3	476	5	318	1	3	1	1	rational	weight_276.json
276	20	3	476	5	318	1	4	1	1	rational	weight_276.json
276	20	3	476	5	318	1	5	1	1	rational	weight_276.json
276	20	3	476	5	318	1	6	1	1	rational	weight_276.json
276	20	3	220	5	318	1	7	2	1	rational	weight_276.json
276	20	3	220	5	318	1	8	2	1	rational	weight_276.json
276	20	3	220	5	318	1	9	1	1	rational	weight_276.json
276	20	3	476	5	318	1	10	1	1	rational	weight_276.json
276	20	3	476	5	318	1	11	1	1	rational	weight_276.json
276	20	3	476	5	318	1	12	1	1	rational	weight_276.json
276	20	3	220	5	318	1	13	1	1	rational	weight_276.json
276	20	3	476	5	318	1	14	1	1	rational	weight_276.json
276	20	3	220	5	318	1	15	1	1	rational	weight_276.json
276	20	3	220	5	318	1	16	1	1	rational	weight_276.json
276	20	3	476	5	318	1	17	1	1	rational	weight_276.json
276	20	3	476	5	318	1	18	1	1	rational	weight_276.json
276	20	3	220	5	318	1	19	1	2	rational	weight_276.json
278	22	3	180	5	246	1	1	1	1	rational	weight_278.json
278	22	3	436	5	246	1	2	1	1	rational	weight_278.json
278	22	3	180	5	246	1	3	1	1	rational	weight_278.json
278	22	3	180	5	246	1	4	1	1	rational	weight_278.json
278	22	3	180	5	246	1	5	1	1	rational	weight_278.json
278	22	3	180	5	246	1	6	1	1	rational	weight_278.json
278	22	3	180	5	246	1	7	1	1	rational	weight_278.json
278	22	3	180	5	246	1	8	1	1	rational	weight_278.json
278	22	3	436	5	246	1	9	2	1	rational	weight_278.json
278	22	3	180	5	246	1	10	1	1	rational	weight_278.json
278	22	3	180	5	246	1	11	1	1	rational	weight_278.json
278	22	3	436	5	246	1	12	1	1	rational	weight_278.json
278	22	3	180	5	246	1	13	1	1	rational	weight_278.json
278	22	3	436	5	246	1	14	1	1	rational	weight_278.json
278	22	3	436	5	246	1	15	1	1	rational	weight_278.json
278	22	3	180	5	246	1	16	1	1	rational	weight_278.json
278	22	3	436	5	246	1	17	1	1	rational	weight_278.json
278	22	3	436	5	246	1	18	1	2	rational	weight_278.json
278	22	3	436	5	246	1	19	1	2	rational	weight_278.json
280	24	3	76	5	494	1	1	1	1	rational	weight_280.json
280	24	3	460	5	494	1	2	1	1	rational	weight_280.json
280	24	3	76	5	494	1	3	1	1	rational	weight_280.json
280	24	3	76	5	494	1	4	1	1	rational	weight_280.json
280	24	3	460	5	494	1	5	1	1	rational	weight_280.json
280	24	3	460	5	494	1	6	1	1	rational	weight_280.json
280	24	3	460	5	494	1	7	1	1	rational	weight_280.json
280	24	3	76	5	494	1	8	1	1	rational	weight_280.json
280	24	3	460	5	494	1	9	1	1	rational	weight_280.json
280	24	3	76	5	494	1	10	1	1	rational	weight_280.json
280	24	3	460	5	494	1	11	1	1	rational	weight_280.json
280	24	3	460	5	494	1	12	1	1	rational	weight_280.json
280	24	3	76	5	494	1	13	1	1	rational	weight_280.json
280	24	3	460	5	494	1	14	1	1	rational	weight_280.json
280	24	3	76	5	494	1	15	1	1	rational	weight_280.json
280	24	3	460	5	494	1	16	1	1	rational	weight_280.json
280	24	3	460	5	494	1	17	1	1	rational	weight_280.json
280	24	3	76	5	494	1	18	1	1	rational	weight_280.json
280	24	3	76	5	494	1	19	1	1	rational	weight_280.json
280	24	3	76	5	494	1	20	1	1	rational	weight_280.json
280	24	3	460	5	494	1	21	1	1	rational	weight_280.json
280	24	3	76	5	494	1	22	1	1	rational	weight_280.json
280	24	3	460	5	494	1	23	1	1	rational	weight_280.json
282	26	3	292	5	38	1	1	1	1	rational	weight_282.json
282	26	3	292	5	38	1	2	1	1	rational	weight_282.json
282	26	3	292	5	38	1	3	1	1	rational	weight_282.json
282	26	3	164	5	38	1	4	1	1	rational	weight_282.json
282	26	3	292	5	38	1	5	1	1	rational	weight_282.json
282	26	3	292	5	38	1	6	1	1	rational	weight_282.json
282	26	3	164	5	38	1	7	2	1	rational	weight_282.json
282	26	3	164	5	38	1	8	1	1	rational	weight_282.json
282	26	3	292	5	38	1	9	1	1	rational	weight_282.json
282	26	3	164	5	38	1	10	1	1	rational	weight_282.json
282	26	3	292	5	38	1	11	1	1	rational	weight_282.json
282	26	3	292	5	38	1	12	1	1	rational	weight_282.json
282	26	3	164	5	38	1	13	1	1	rational	weight_282.json
282	26	3	164	5	38	1	14	1	1	rational	weight_282.json
282	26	3	164	5	38	1	15	1	1	rational	weight_282.json
282	26	3	292	5	38	1	16	1	1	rational	weight_282.json
282	26	3	292	5	38	1	17	1	1	rational	weight_282.json
282	26	3	292	5	38	1	18	1	1	rational	weight_282.json
282	26	3	164	5	38	1	19	1	1	rational	weight_282.json
282	26	3	292	5	38	1	20	1	1	rational	weight_282.json
282	26	3	164	5	38	1	21	1	2	rational	weight_282.json
284	28	3	444	5	414	1	1	2	1	rational	weight_284.json
284	28	3	188	5	414	1	2	1	1	rational	weight_284.json
284	28	3	188	5	414	1	3	1	1	rational	weight_284.json
284	28	3	188	5	414	1	4	1	1	rational	weight_284.json
284	28	3	444	5	414	1	5	1	1	rational	weight_284.json
284	28	3	188	5	414	1	6	1	1	rational	weight_284.json
284	28	3	188	5	414	1	7	1	1	rational	weight_284.json
284	28	3	188	5	414	1	8	1	1	rational	weight_284.json
284	28	3	188	5	414	1	9	1	1	rational	weight_284.json
284	28	3	444	5	414	1	10	1	1	rational	weight_284.json
284	28	3	188	5	414	1	11	1	1	rational	weight_284.json
284	28	3	188	5	414	1	12	1	1	rational	weight_284.json
284	28	3	444	5	414	1	13	1	1	rational	weight_284.json
284	28	3	188	5	414	1	14	1	1	rational	weight_284.json
284	28	3	188	5	414	1	15	1	1	rational	weight_284.json
284	28	3	444	5	414	1	16	1	1	rational	weight_284.json
284	28	3	444	5	414	1	17	1	1	rational	weight_284.json
284	28	3	188	5	414	1	18	1	1	rational	weight_284.json
284	28	3	444	5	414	1	19	1	2	rational	weight_284.json
284	28	3	444	5	414	1	20	1	2	rational	weight_284.json
286	30	3	404	5	86	1	1	1	1	rational	weight_286.json
286	30	3	404	5	86	1	2	1	1	rational	weight_286.json
286	30	3	404	5	86	1	3	2	1	rational	weight_286.json
286	30	3	404	5	86	1	4	1	1	rational	weight_286.json
286	30	3	404	5	86	1	5	1	1	rational	weight_286.json
286	30	3	404	5	86	1	6	1	1	rational	weight_286.json
286	30	3	404	5	86	1	7	1	1	rational	weight_286.json
286	30	3	404	5	86	1	8	1	1	rational	weight_286.json
286	30	3	148	5	86	1	9	1	2	rational	weight_286.json
286	30	3	404	5	86	1	10	1	2	rational	weight_286.json
286	30	3	148	5	86	1	11	1	2	rational	weight_286.json
286	30	3	148	5	86	1	12	1	2	rational	weight_286.json
286	30	3	148	5	86	1	13	1	2	rational	weight_286.json
286	30	3	148	5	86	1	14	1	2	rational	weight_286.json
286	30	3	148	5	86	1	15	1	2	rational	weight_286.json
288	32	3	44	5	78	1	1	1	1	rational	weight_288.json
288	32	3	172	5	78	1	2	2	1	rational	weight_288.json
288	32	3	44	5	78	1	3	1	1	rational	weight_288.json
288	32	3	44	5	78	1	4	1	1	rational	weight_288.json
288	32	3	172	5	78	1	5	1	1	rational	weight_288.json
288	32	3	172	5	78	1	6	1	1	rational	weight_288.json
288	32	3	44	5	78	1	7	1	1	rational	weight_288.json
288	32	3	44	5	78	1	8	1	1	rational	weight_288.json
288	32	3	44	5	78	1	9	1	1	rational	weight_288.json
288	32	3	44	5	78	1	10	1	1	rational	weight_288.json
288	32	3	172	5	78	1	11	1	1	rational	weight_288.json
288	32	3	44	5	78	1	12	1	1	rational	weight_288.json
288	32	3	172	5	78	1	13	1	1	rational	weight_288.json
288	32	3	172	5	78	1	14	1	1	rational	weight_288.json
288	32	3	44	5	78	1	15	1	1	rational	weight_288.json
288	32	3	172	5	78	1	16	1	1	rational	weight_288.json
288	32	3	44	5	78	1	17	1	1	rational	weight_288.json
288	32	3	44	5	78	1	18	1	1	rational	weight_288.json
288	32	3	44	5	78	1	19	1	1	rational	weight_288.json
288	32	3	172	5	78	1	20	1	1	rational	weight_288.json
288	32	3	172	5	78	1	21	1	1	rational	weight_288.json
288	32	3	172	5	78	1	22	1	2	rational	weight_288.json
290	34	3	388	5	390	1	1	1	1	rational	weight_290.json
290	34	3	260	5	390	1	2	1	1	rational	weight_290.json
290	34	3	260	5	390	1	3	1	1	rational	weight_290.json
290	34	3	388	5	390	1	4	1	1	rational	weight_290.json
290	34	3	388	5	390	1	5	1	1	rational	weight_290.json
290	34	3	260	5	390	1	6	1	1	rational	weight_290.json
290	34	3	388	5	390	1	7	1	1	rational	weight_290.json
290	34	3	260	5	390	1	8	1	1	rational	weight_290.json
290	34	3	388	5	390	1	9	1	1	rational	weight_290.json
290	34	3	388	5	390	1	10	1	1	rational	weight_290.json
290	34	3	260	5	390	1	11	1	1	rational	weight_290.json
290	34	3	260	5	390	1	12	2	1	rational	weight_290.json
290	34	3	388	5	390	1	13	1	1	rational	weight_290.json
290	34	3	260	5	390	1	14	1	1	rational	weight_290.json
290	34	3	388	5	390	1	15	1	1	rational	weight_290.json
290	34	3	260	5	390	1	16	1	1	rational	weight_290.json
290	34	3	388	5	390	1	17	1	1	rational	weight_290.json
290	34	3	388	5	390	1	18	1	1	rational	weight_290.json
290	34	3	260	5	390	1	19	1	1	rational	weight_290.json
290	34	3	388	5	390	1	20	1	1	rational	weight_290.json
290	34	3	260	5	390	1	21	1	2	rational	weight_290.json
292	36	3	412	5	510	1	1	1	1	rational	weight_292.json
292	36	3	412	5	510	1	2	1	1	rational	weight_292.json
292	36	3	412	5	510	1	3	1	1	rational	weight_292.json
292	36	3	412	5	510	1	4	1	1	rational	weight_292.json
292	36	3	412	5	510	1	5	1	1	rational	weight_292.json
292	36	3	412	5	510	1	6	1	1	rational	weight_292.json
292	36	3	412	5	510	1	7	2	1	rational	weight_292.json
292	36	3	412	5	510	1	8	1	1	rational	weight_292.json
292	36	3	412	5	510	1	9	1	1	rational	weight_292.json
292	36	3	412	5	510	1	10	1	2	rational	weight_292.json
292	36	3	156	5	510	1	11	1	2	rational	weight_292.json
292	36	3	156	5	510	1	12	1	2	rational	weight_292.json
292	36	3	156	5	510	1	13	1	2	rational	weight_292.json
292	36	3	156	5	510	1	14	1	2	rational	weight_292.json
292	36	3	156	5	510	1	15	1	2	rational	weight_292.json
292	36	3	156	5	510	1	16	1	2	rational	weight_292.json
294	38	3	372	5	438	1	1	1	1	rational	weight_294.json
294	38	3	372	5	438	1	2	1	1	rational	weight_294.json
294	38	3	372	5	438	1	3	1	1	rational	weight_294.json
294	38	3	372	5	438	1	4	1	1	rational	weight_294.json
294	38	3	116	5	438	1	5	1	1	rational	weight_294.json
294	38	3	116	5	438	1	6	2	1	rational	weight_294.json
294	38	3	372	5	438	1	7	1	1	rational	weight_294.json
294	38	3	116	5	438	1	8	1	1	rational	weight_294.json
294	38	3	116	5	438	1	9	1	1	rational	weight_294.json
294	38	3	372	5	438	1	10	1	1	rational	weight_294.json
294	38	3	372	5	438	1	11	1	1	rational	weight_294.json
294	38	3	372	5	438	1	12	1	1	rational	weight_294.json
294	38	3	116	5	438	1	13	1	1	rational	weight_294.json
294	38	3	372	5	438	1	14	1	1	rational	weight_294.json
294	38	3	372	5	438	1	15	1	1	rational	weight_294.json
294	38	3	116	5	438	1	16	1	1	rational	weight_294.json
294	38	3	372	5	438	1	17	1	1	rational	weight_294.json
294	38	3	372	5	438	1	18	1	1	rational	weight_294.json
294	38	3	116	5	438	1	19	1	1	rational	weight_294.json
294	38	3	116	5	438	1	20	1	2	rational	weight_294.json
294	38	3	116	5	438	1	21	1	2	rational	weight_294.json
296	40	3	396	5	174	1	1	1	1	rational	weight_296.json
296	40	3	396	5	174	1	2	1	1	rational	weight_296.json
296	40	3	12	5	174	1	3	2	1	rational	weight_296.json
296	40	3	12	5	174	1	4	1	1	rational	weight_296.json
296	40	3	12	5	174	1	5	1	1	rational	weight_296.json
296	40	3	396	5	174	1	6	1	1	rational	weight_296.json
296	40	3	396	5	174	1	7	1	1	rational	weight_296.json
296	40	3	396	5	174	1	8	1	1	rational	weight_296.json
296	40	3	396	5	174	1	9	1	1	rational	weight_296.json
296	40	3	396	5	174	1	10	1	1	rational	weight_296.json
296	40	3	12	5	174	1	11	1	1	rational	weight_296.json
296	40	3	12	5	174	1	12	1	1	rational	weight_296.json
296	40	3	396	5	174	1	13	1	1	rational	weight_296.json
296	40	3	396	5	174	1	14	1	1	rational	weight_296.json
296	40	3	12	5	174	1	15	1	1	rational	weight_296.json
296	40	3	12	5	174	1	16	1	1	rational	weight_296.json
296	40	3	396	5	174	1	17	1	1	rational	weight_296.json
296	40	3	12	5	174	1	18	1	1	rational	weight_296.json
296	40	3	396	5	174	1	19	1	1	rational	weight_296.json
296	40	3	396	5	174	1	20	1	1	rational	weight_296.json
296	40	3	12	5	174	1	21	1	1	rational	weight_296.json
296	40	3	12	5	174	1	22	1	2	rational	weight_296.json
298	42	3	228	5	230	1	1	1	1	rational	weight_298.json
298	42	3	228	5	230	1	2	1	1	rational	weight_298.json
298	42	3	100	5	230	1	3	1	1	rational	weight_298.json
298	42	3	228	5	230	1	4	1	1	rational	weight_298.json
298	42	3	228	5	230	1	5	1	1	rational	weight_298.json
298	42	3	100	5	230	1	6	1	1	rational	weight_298.json
298	42	3	100	5	230	1	7	1	1	rational	weight_298.json
298	42	3	228	5	230	1	8	1	1	rational	weight_298.json
298	42	3	100	5	230	1	9	1	1	rational	weight_298.json
298	42	3	100	5	230	1	10	1	1	rational	weight_298.json
298	42	3	228	5	230	1	11	1	1	rational	weight_298.json
298	42	3	100	5	230	1	12	1	1	rational	weight_298.json
298	42	3	100	5	230	1	13	1	1	rational	weight_298.json
298	42	3	228	5	230	1	14	1	1	rational	weight_298.json
298	42	3	100	5	230	1	15	1	1	rational	weight_298.json
298	42	3	100	5	230	1	16	1	1	rational	weight_298.json
298	42	3	100	5	230	1	17	1	1	rational	weight_298.json
298	42	3	228	5	230	1	18	1	1	rational	weight_298.json
298	42	3	100	5	230	1	19	1	1	rational	weight_298.json
298	42	3	228	5	230	1	20	1	1	rational	weight_298.json
298	42	3	228	5	230	1	21	1	1	rational	weight_298.json
298	42	3	228	5	230	1	22	1	1	rational	weight_298.json
298	42	3	228	5	230	1	23	1	1	rational	weight_298.json
298	42	3	100	5	230	1	24	1	1	rational	weight_298.json
300	44	3	124	5	94	1	1	2	1	rational	weight_300.json
300	44	3	380	5	94	1	2	1	1	rational	weight_300.json
300	44	3	380	5	94	1	3	1	1	rational	weight_300.json
300	44	3	124	5	94	1	4	1	1	rational	weight_300.json
300	44	3	380	5	94	1	5	1	1	rational	weight_300.json
300	44	3	380	5	94	1	6	1	1	rational	weight_300.json
300	44	3	124	5	94	1	7	1	1	rational	weight_300.json
300	44	3	124	5	94	1	8	1	1	rational	weight_300.json
300	44	3	380	5	94	1	9	1	1	rational	weight_300.json
300	44	3	380	5	94	1	10	1	1	rational	weight_300.json
300	44	3	380	5	94	1	11	1	1	rational	weight_300.json
300	44	3	124	5	94	1	12	1	1	rational	weight_300.json
300	44	3	124	5	94	1	13	1	1	rational	weight_300.json
300	44	3	124	5	94	1	14	1	1	rational	weight_300.json
300	44	3	380	5	94	1	15	1	1	rational	weight_300.json
300	44	3	380	5	94	1	16	1	1	rational	weight_300.json
300	44	3	380	5	94	1	17	1	1	rational	weight_300.json
300	44	3	380	5	94	1	18	1	1	rational	weight_300.json
300	44	3	380	5	94	1	19	1	1	rational	weight_300.json
300	44	3	124	5	94	1	20	1	1	rational	weight_300.json
300	44	3	124	5	94	1	21	1	2	rational	weight_300.json
300	44	3	124	5	94	1	22	1	2	rational	weight_300.json
302	46	3	84	5	278	1	1	2	1	rational	weight_302.json
302	46	3	84	5	278	1	2	1	1	rational	weight_302.json
302	46	3	340	5	278	1	3	1	1	rational	weight_302.json
302	46	3	340	5	278	1	4	1	1	rational	weight_302.json
302	46	3	84	5	278	1	5	1	1	rational	weight_302.json
302	46	3	340	5	278	1	6	1	1	rational	weight_302.json
302	46	3	84	5	278	1	7	2	1	rational	weight_302.json
302	46	3	340	5	278	1	8	1	1	rational	weight_302.json
302	46	3	84	5	278	1	9	1	1	rational	weight_302.json
302	46	3	340	5	278	1	10	1	1	rational	weight_302.json
302	46	3	340	5	278	1	11	1	1	rational	weight_302.json
302	46	3	84	5	278	1	12	1	1	rational	weight_302.json
302	46	3	84	5	278	1	13	2	1	rational	weight_302.json
302	46	3	340	5	278	1	14	1	1	rational	weight_302.json
302	46	3	340	5	278	1	15	1	1	rational	weight_302.json
302	46	3	340	5	278	1	16	1	1	rational	weight_302.json
302	46	3	340	5	278	1	17	1	1	rational	weight_302.json
302	46	3	340	5	278	1	18	1	1	rational	weight_302.json
302	46	3	340	5	278	1	19	1	1	rational	weight_302.json
302	46	3	84	5	278	1	20	1	2	rational	weight_302.json
304	48	3	108	5	270	1	1	1	1	rational	weight_304.json
304	48	3	108	5	270	1	2	1	1	rational	weight_304.json
304	48	3	108	5	270	1	3	1	1	rational	weight_304.json
304	48	3	492	5	270	1	4	1	1	rational	weight_304.json
304	48	3	108	5	270	1	5	1	1	rational	weight_304.json
304	48	3	492	5	270	1	6	1	1	rational	weight_304.json
304	48	3	492	5	270	1	7	1	1	rational	weight_304.json
304	48	3	492	5	270	1	8	1	1	rational	weight_304.json
304	48	3	108	5	270	1	9	1	1	rational	weight_304.json
304	48	3	108	5	270	1	10	1	1	rational	weight_304.json
304	48	3	492	5	270	1	11	1	1	rational	weight_304.json
304	48	3	492	5	270	1	12	1	1	rational	weight_304.json
304	48	3	492	5	270	1	13	1	1	rational	weight_304.json
304	48	3	108	5	270	1	14	1	1	rational	weight_304.json
304	48	3	492	5	270	1	15	1	1	rational	weight_304.json
304	48	3	108	5	270	1	16	1	1	rational	weight_304.json
304	48	3	108	5	270	1	17	1	1	rational	weight_304.json
304	48	3	492	5	270	1	18	1	1	rational	weight_304.json
304	48	3	492	5	270	1	19	1	1	rational	weight_304.json
304	48	3	108	5	270	1	20	1	1	rational	weight_304.json
304	48	3	108	5	270	1	21	1	1	rational	weight_304.json
304	48	3	492	5	270	1	22	1	1	rational	weight_304.json
304	48	3	492	5	270	1	23	1	1	rational	weight_304.json
304	48	3	108	5	270	1	24	1	1	rational	weight_304.json
304	48	3	108	5	270	1	25	1	1	rational	weight_304.json
306	50	3	324	5	70	1	1	1	1	rational	weight_306.json
306	50	3	324	5	70	1	2	1	1	rational	weight_306.json
306	50	3	324	5	70	1	3	1	1	rational	weight_306.json
306	50	3	324	5	70	1	4	1	1	rational	weight_306.json
306	50	3	196	5	70	1	5	1	1	rational	weight_306.json
306	50	3	196	5	70	1	6	1	1	rational	weight_306.json
306	50	3	196	5	70	1	7	1	1	rational	weight_306.json
306	50	3	196	5	70	1	8	1	1	rational	weight_306.json
306	50	3	196	5	70	1	9	1	1	rational	weight_306.json
306	50	3	196	5	70	1	10	1	1	rational	weight_306.json
306	50	3	324	5	70	1	11	1	1	rational	weight_306.json
306	50	3	196	5	70	1	12	1	1	rational	weight_306.json
306	50	3	324	5	70	1	13	1	1	rational	weight_306.json
306	50	3	324	5	70	1	14	1	1	rational	weight_306.json
306	50	3	196	5	70	1	15	1	1	rational	weight_306.json
306	50	3	196	5	70	1	16	1	1	rational	weight_306.json
306	50	3	324	5	70	1	17	1	1	rational	weight_306.json
306	50	3	196	5	70	1	18	1	1	rational	weight_306.json
306	50	3	324	5	70	1	19	1	1	rational	weight_306.json
306	50	3	196	5	70	1	20	1	1	rational	weight_306.json
306	50	3	324	5	70	1	21	1	1	rational	weight_306.json
306	50	3	324	5	70	1	22	1	1	rational	weight_306.json
306	50	3	196	5	70	1	23	1	1	rational	weight_306.json
306	50	3	324	5	70	1	24	1	1	rational	weight_306.json
306	50	3	196	5	70	1	25	1	1	rational	weight_306.json
308	52	3	348	5	190	1	1	1	1	rational	weight_308.json
308	52	3	92	5	190	1	2	2	1	rational	weight_308.json
308	52	3	348	5	190	1	3	1	1	rational	weight_308.json
308	52	3	348	5	190	1	4	1	1	rational	weight_308.json
308	52	3	92	5	190	1	5	1	1	rational	weight_308.json
308	52	3	348	5	190	1	6	1	1	rational	weight_308.json
308	52	3	92	5	190	1	7	1	1	rational	weight_308.json
308	52	3	348	5	190	1	8	1	1	rational	weight_308.json
308	52	3	348	5	190	1	9	1	1	rational	weight_308.json
308	52	3	92	5	190	1	10	2	1	rational	weight_308.json
308	52	3	348	5	190	1	11	1	1	rational	weight_308.json
308	52	3	348	5	190	1	12	1	1	rational	weight_308.json
308	52	3	92	5	190	1	13	2	1	rational	weight_308.json
308	52	3	348	5	190	1	14	1	1	rational	weight_308.json
308	52	3	348	5	190	1	15	1	1	rational	weight_308.json
308	52	3	348	5	190	1	16	1	1	rational	weight_308.json
308	52	3	348	5	190	1	17	1	1	rational	weight_308.json
308	52	3	92	5	190	1	18	1	1	rational	weight_308.json
308	52	3	92	5	190	1	19	1	1	rational	weight_308.json
308	52	3	348	5	190	1	20	1	1	rational	weight_308.json
308	52	3	92	5	190	1	21	1	2	rational	weight_308.json
310	54	3	308	5	118	1	1	1	1	rational	weight_310.json
310	54	3	52	5	118	1	2	1	1	rational	weight_310.json
310	54	3	52	5	118	1	3	1	1	rational	weight_310.json
310	54	3	52	5	118	1	4	1	1	rational	weight_310.json
310	54	3	52	5	118	1	5	1	1	rational	weight_310.json
310	54	3	308	5	118	1	6	1	1	rational	weight_310.json
310	54	3	52	5	118	1	7	1	1	rational	weight_310.json
310	54	3	308	5	118	1	8	2	1	rational	weight_310.json
310	54	3	308	5	118	1	9	1	1	rational	weight_310.json
310	54	3	52	5	118	1	10	1	1	rational	weight_310.json
310	54	3	52	5	118	1	11	1	1	rational	weight_310.json
310	54	3	52	5	118	1	12	1	1	rational	weight_310.json
310	54	3	52	5	118	1	13	1	1	rational	weight_310.json
310	54	3	308	5	118	1	14	1	1	rational	weight_310.json
310	54	3	308	5	118	1	15	1	1	rational	weight_310.json
310	54	3	52	5	118	1	16	1	1	rational	weight_310.json
310	54	3	308	5	118	1	17	1	1	rational	weight_310.json
310	54	3	52	5	118	1	18	1	1	rational	weight_310.json
310	54	3	52	5	118	1	19	1	1	rational	weight_310.json
310	54	3	52	5	118	1	20	1	1	rational	weight_310.json
310	54	3	308	5	118	1	21	1	1	rational	weight_310.json
310	54	3	308	5	118	1	22	1	1	rational	weight_310.json
310	54	3	308	5	118	1	23	1	2	rational	weight_310.json
312	56	3	460	5	366	1	1	1	1	rational	weight_312.json
312	56	3	332	5	366	1	2	1	1	rational	weight_312.json
312	56	3	460	5	366	1	3	1	1	rational	weight_312.json
312	56	3	460	5	366	1	4	1	1	rational	weight_312.json
312	56	3	460	5	366	1	5	1	1	rational	weight_312.json
312	56	3	332	5	366	1	6	1	1	rational	weight_312.json
312	56	3	332	5	366	1	7	1	1	rational	weight_312.json
312	56	3	332	5	366	1	8	1	1	rational	weight_312.json
312	56	3	332	5	366	1	9	1	1	rational	weight_312.json
312	56	3	332	5	366	1	10	1	1	rational	weight_312.json
312	56	3	332	5	366	1	11	1	1	rational	weight_312.json
312	56	3	460	5	366	1	12	1	1	rational	weight_312.json
312	56	3	460	5	366	1	13	1	1	rational	weight_312.json
312	56	3	460	5	366	1	14	1	1	rational	weight_312.json
312	56	3	332	5	366	1	15	1	1	rational	weight_312.json
312	56	3	460	5	366	1	16	1	1	rational	weight_312.json
312	56	3	332	5	366	1	17	1	1	rational	weight_312.json
312	56	3	460	5	366	1	18	1	1	rational	weight_312.json
312	56	3	332	5	366	1	19	1	1	rational	weight_312.json
312	56	3	460	5	366	1	20	1	1	rational	weight_312.json
312	56	3	332	5	366	1	21	1	1	rational	weight_312.json
312	56	3	332	5	366	1	22	1	1	rational	weight_312.json
312	56	3	460	5	366	1	23	1	1	rational	weight_312.json
312	56	3	460	5	366	1	24	1	1	rational	weight_312.json
312	56	3	332	5	366	1	25	1	1	rational	weight_312.json
312	56	3	460	5	366	1	26	1	1	rational	weight_312.json
314	58	3	36	5	422	1	1	1	1	rational	weight_314.json
314	58	3	164	5	422	1	2	1	1	rational	weight_314.json
314	58	3	164	5	422	1	3	1	1	rational	weight_314.json
314	58	3	164	5	422	1	4	1	1	rational	weight_314.json
314	58	3	164	5	422	1	5	1	1	rational	weight_314.json
314	58	3	36	5	422	1	6	1	1	rational	weight_314.json
314	58	3	36	5	422	1	7	1	1	rational	weight_314.json
314	58	3	164	5	422	1	8	1	1	rational	weight_314.json
314	58	3	36	5	422	1	9	1	1	rational	weight_314.json
314	58	3	36	5	422	1	10	1	1	rational	weight_314.json
314	58	3	164	5	422	1	11	1	1	rational	weight_314.json
314	58	3	36	5	422	1	12	1	1	rational	weight_314.json
314	58	3	36	5	422	1	13	1	1	rational	weight_314.json
314	58	3	164	5	422	1	14	1	1	rational	weight_314.json
314	58	3	164	5	422	1	15	1	1	rational	weight_314.json
314	58	3	164	5	422	1	16	1	1	rational	weight_314.json
314	58	3	164	5	422	1	17	1	1	rational	weight_314.json
314	58	3	36	5	422	1	18	1	1	rational	weight_314.json
314	58	3	164	5	422	1	19	1	1	rational	weight_314.json
314	58	3	36	5	422	1	20	1	1	rational	weight_314.json
314	58	3	164	5	422	1	21	1	1	rational	weight_314.json
314	58	3	36	5	422	1	22	1	1	rational	weight_314.json
314	58	3	164	5	422	1	23	1	1	rational	weight_314.json
314	58	3	36	5	422	1	24	1	2	rational	weight_314.json
316	60	3	60	5	286	1	1	1	1	rational	weight_316.json
316	60	3	316	5	286	1	2	1	1	rational	weight_316.json
316	60	3	60	5	286	1	3	1	1	rational	weight_316.json
316	60	3	316	5	286	1	4	1	1	rational	weight_316.json
316	60	3	60	5	286	1	5	1	1	rational	weight_316.json
316	60	3	60	5	286	1	6	1	1	rational	weight_316.json
316	60	3	316	5	286	1	7	1	1	rational	weight_316.json
316	60	3	60	5	286	1	8	1	1	rational	weight_316.json
316	60	3	60	5	286	1	9	1	1	rational	weight_316.json
316	60	3	60	5	286	1	10	1	1	rational	weight_316.json
316	60	3	60	5	286	1	11	1	1	rational	weight_316.json
316	60	3	316	5	286	1	12	1	1	rational	weight_316.json
316	60	3	316	5	286	1	13	1	1	rational	weight_316.json
316	60	3	316	5	286	1	14	2	1	rational	weight_316.json
316	60	3	60	5	286	1	15	1	1	rational	weight_316.json
316	60	3	316	5	286	1	16	1	1	rational	weight_316.json
316	60	3	60	5	286	1	17	1	1	rational	weight_316.json
316	60	3	316	5	286	1	18	1	1	rational	weight_316.json
316	60	3	60	5	286	1	19	1	1	rational	weight_316.json
316	60	3	60	5	286	1	20	1	1	rational	weight_316.json
316	60	3	60	5	286	1	21	1	1	rational	weight_316.json
316	60	3	316	5	286	1	22	1	1	rational	weight_316.json
316	60	3	60	5	286	1	23	1	1	rational	weight_316.json
316	60	3	316	5	286	1	24	1	2	rational	weight_316.json
318	62	3	276	5	470	1	1	2	1	rational	weight_318.json
318	62	3	276	5	470	1	2	1	1	rational	weight_318.json
318	62	3	276	5	470	1	3	1	1	rational	weight_318.json
318	62	3	20	5	470	1	4	1	2	rational	weight_318.json
318	62	3	20	5	470	1	5	1	2	rational	weight_318.json
318	62	3	20	5	470	1	6	1	2	rational	weight_318.json
318	62	3	276	5	470	1	7	1	2	rational	weight_318.json
318	62	3	20	5	470	1	8	1	2	rational	weight_318.json
318	62	3	20	5	470	1	9	1	2	rational	weight_318.json
318	62	3	20	5	470	1	10	1	2	rational	weight_318.json
318	62	3	276	5	470	1	11	1	2	rational	weight_318.json
318	62	3	20	5	470	1	12	1	2	rational	weight_318.json
318	62	3	276	5	470	1	13	1	2	rational	weight_318.json
318	62	3	276	5	470	1	14	1	2	rational	weight_318.json
320	64	3	428	5	462	1	1	1	1	rational	weight_320.json
320	64	3	44	5	462	1	2	1	1	rational	weight_320.json
320	64	3	428	5	462	1	3	1	1	rational	weight_320.json
320	64	3	44	5	462	1	4	1	1	rational	weight_320.json
320	64	3	44	5	462	1	5	1	1	rational	weight_320.json
320	64	3	44	5	462	1	6	1	1	rational	weight_320.json
320	64	3	428	5	462	1	7	1	1	rational	weight_320.json
320	64	3	428	5	462	1	8	1	1	rational	weight_320.json
320	64	3	44	5	462	1	9	1	1	rational	weight_320.json
320	64	3	44	5	462	1	10	1	1	rational	weight_320.json
320	64	3	428	5	462	1	11	1	1	rational	weight_320.json
320	64	3	428	5	462	1	12	1	1	rational	weight_320.json
320	64	3	428	5	462	1	13	1	1	rational	weight_320.json
320	64	3	44	5	462	1	14	1	1	rational	weight_320.json
320	64	3	428	5	462	1	15	1	1	rational	weight_320.json
320	64	3	44	5	462	1	16	1	1	rational	weight_320.json
320	64	3	44	5	462	1	17	1	1	rational	weight_320.json
320	64	3	428	5	462	1	18	1	1	rational	weight_320.json
320	64	3	428	5	462	1	19	1	1	rational	weight_320.json
320	64	3	428	5	462	1	20	1	1	rational	weight_320.json
320	64	3	44	5	462	1	21	1	1	rational	weight_320.json
320	64	3	44	5	462	1	22	1	1	rational	weight_320.json
320	64	3	428	5	462	1	23	1	1	rational	weight_320.json
320	64	3	428	5	462	1	24	1	1	rational	weight_320.json
320	64	3	44	5	462	1	25	1	2	rational	weight_320.json
322	66	3	260	5	262	1	1	1	1	rational	weight_322.json
322	66	3	132	5	262	1	2	1	1	rational	weight_322.json
322	66	3	132	5	262	1	3	1	1	rational	weight_322.json
322	66	3	132	5	262	1	4	1	1	rational	weight_322.json
322	66	3	132	5	262	1	5	1	1	rational	weight_322.json
322	66	3	132	5	262	1	6	1	1	rational	weight_322.json
322	66	3	260	5	262	1	7	1	1	rational	weight_322.json
322	66	3	260	5	262	1	8	1	1	rational	weight_322.json
322	66	3	260	5	262	1	9	1	1	rational	weight_322.json
322	66	3	132	5	262	1	10	1	1	rational	weight_322.json
322	66	3	260	5	262	1	11	1	1	rational	weight_322.json
322	66	3	260	5	262	1	12	1	1	rational	weight_322.json
322	66	3	132	5	262	1	13	1	1	rational	weight_322.json
322	66	3	260	5	262	1	14	1	1	rational	weight_322.json
322	66	3	260	5	262	1	15	1	1	rational	weight_322.json
322	66	3	132	5	262	1	16	1	1	rational	weight_322.json
322	66	3	132	5	262	1	17	1	1	rational	weight_322.json
322	66	3	132	5	262	1	18	1	1	rational	weight_322.json
322	66	3	260	5	262	1	19	1	1	rational	weight_322.json
322	66	3	260	5	262	1	20	1	1	rational	weight_322.json
322	66	3	132	5	262	1	21	1	1	rational	weight_322.json
322	66	3	260	5	262	1	22	1	1	rational	weight_322.json
322	66	3	260	5	262	1	23	1	1	rational	weight_322.json
322	66	3	260	5	262	1	24	1	1	rational	weight_322.json
322	66	3	132	5	262	1	25	1	2	rational	weight_322.json
324	68	3	284	5	382	1	1	1	1	rational	weight_324.json
324	68	3	284	5	382	1	2	1	1	rational	weight_324.json
324	68	3	284	5	382	1	3	2	1	rational	weight_324.json
324	68	3	284	5	382	1	4	1	1	rational	weight_324.json
324	68	3	28	5	382	1	5	1	2	rational	weight_324.json
324	68	3	284	5	382	1	6	1	2	rational	weight_324.json
324	68	3	284	5	382	1	7	1	2	rational	weight_324.json
324	68	3	28	5	382	1	8	1	2	rational	weight_324.json
324	68	3	28	5	382	1	9	1	2	rational	weight_324.json
324	68	3	28	5	382	1	10	1	2	rational	weight_324.json
324	68	3	28	5	382	1	11	1	2	rational	weight_324.json
324	68	3	284	5	382	1	12	1	2	rational	weight_324.json
324	68	3	284	5	382	1	13	1	2	rational	weight_324.json
324	68	3	28	5	382	1	14	1	2	rational	weight_324.json
324	68	3	28	5	382	1	15	1	2	rational	weight_324.json
326	70	3	500	5	310	1	1	2	1	rational	weight_326.json
326	70	3	244	5	310	1	2	1	1	rational	weight_326.json
326	70	3	500	5	310	1	3	1	1	rational	weight_326.json
326	70	3	500	5	310	1	4	1	1	rational	weight_326.json
326	70	3	244	5	310	1	5	1	1	rational	weight_326.json
326	70	3	244	5	310	1	6	1	1	rational	weight_326.json
326	70	3	244	5	310	1	7	1	1	rational	weight_326.json
326	70	3	244	5	310	1	8	1	1	rational	weight_326.json
326	70	3	244	5	310	1	9	1	1	rational	weight_326.json
326	70	3	244	5	310	1	10	1	1	rational	weight_326.json
326	70	3	244	5	310	1	11	1	1	rational	weight_326.json
326	70	3	500	5	310	1	12	1	1	rational	weight_326.json
326	70	3	500	5	310	1	13	1	1	rational	weight_326.json
326	70	3	500	5	310	1	14	1	1	rational	weight_326.json
326	70	3	500	5	310	1	15	1	1	rational	weight_326.json
326	70	3	244	5	310	1	16	1	1	rational	weight_326.json
326	70	3	500	5	310	1	17	1	1	rational	weight_326.json
326	70	3	244	5	310	1	18	1	1	rational	weight_326.json
326	70	3	244	5	310	1	19	1	1	rational	weight_326.json
326	70	3	244	5	310	1	20	1	1	rational	weight_326.json
326	70	3	500	5	310	1	21	1	1	rational	weight_326.json
326	70	3	500	5	310	1	22	1	1	rational	weight_326.json
326	70	3	244	5	310	1	23	1	1	rational	weight_326.json
326	70	3	500	5	310	1	24	1	2	rational	weight_326.json
328	72	3	268	5	46	1	1	1	1	rational	weight_328.json
328	72	3	268	5	46	1	2	1	1	rational	weight_328.json
328	72	3	396	5	46	1	3	1	1	rational	weight_328.json
328	72	3	268	5	46	1	4	1	1	rational	weight_328.json
328	72	3	268	5	46	1	5	1	1	rational	weight_328.json
328	72	3	268	5	46	1	6	1	1	rational	weight_328.json
328	72	3	396	5	46	1	7	1	1	rational	weight_328.json
328	72	3	396	5	46	1	8	1	1	rational	weight_328.json
328	72	3	268	5	46	1	9	1	1	rational	weight_328.json
328	72	3	396	5	46	1	10	1	1	rational	weight_328.json
328	72	3	396	5	46	1	11	1	1	rational	weight_328.json
328	72	3	268	5	46	1	12	1	1	rational	weight_328.json
328	72	3	268	5	46	1	13	1	1	rational	weight_328.json
328	72	3	268	5	46	1	14	1	1	rational	weight_328.json
328	72	3	396	5	46	1	15	1	1	rational	weight_328.json
328	72	3	268	5	46	1	16	1	1	rational	weight_328.json
328	72	3	268	5	46	1	17	1	1	rational	weight_328.json
328	72	3	396	5	46	1	18	1	1	rational	weight_328.json
328	72	3	268	5	46	1	19	1	1	rational	weight_328.json
328	72	3	268	5	46	1	20	1	1	rational	weight_328.json
328	72	3	396	5	46	1	21	1	1	rational	weight_328.json
328	72	3	396	5	46	1	22	1	1	rational	weight_328.json
328	72	3	396	5	46	1	23	1	1	rational	weight_328.json
328	72	3	396	5	46	1	24	1	1	rational	weight_328.json
328	72	3	268	5	46	1	25	1	1	rational	weight_328.json
328	72	3	396	5	46	1	26	1	2	rational	weight_328.json
330	74	3	100	5	102	1	1	1	1	rational	weight_330.json
330	74	3	100	5	102	1	2	1	1	rational	weight_330.json
330	74	3	484	5	102	1	3	1	1	rational	weight_330.json
330	74	3	100	5	102	1	4	1	1	rational	weight_330.json
330	74	3	484	5	102	1	5	1	1	rational	weight_330.json
330	74	3	484	5	102	1	6	1	1	rational	weight_330.json
330	74	3	100	5	102	1	7	1	1	rational	weight_330.json
330	74	3	484	5	102	1	8	1	1	rational	weight_330.json
330	74	3	484	5	102	1	9	1	1	rational	weight_330.json
330	74	3	100	5	102	1	10	1	1	rational	weight_330.json
330	74	3	100	5	102	1	11	1	1	rational	weight_330.json
330	74	3	100	5	102	1	12	1	1	rational	weight_330.json
330	74	3	100	5	102	1	13	1	1	rational	weight_330.json
330	74	3	100	5	102	1	14	1	1	rational	weight_330.json
330	74	3	100	5	102	1	15	1	1	rational	weight_330.json
330	74	3	100	5	102	1	16	1	1	rational	weight_330.json
330	74	3	484	5	102	1	17	1	1	rational	weight_330.json
330	74	3	484	5	102	1	18	1	1	rational	weight_330.json
330	74	3	484	5	102	1	19	1	1	rational	weight_330.json
330	74	3	484	5	102	1	20	1	1	rational	weight_330.json
330	74	3	484	5	102	1	21	1	1	rational	weight_330.json
330	74	3	484	5	102	1	22	1	1	rational	weight_330.json
330	74	3	484	5	102	1	23	1	1	rational	weight_330.json
330	74	3	100	5	102	1	24	1	1	rational	weight_330.json
330	74	3	100	5	102	1	25	1	1	rational	weight_330.json
330	74	3	484	5	102	1	26	1	1	rational	weight_330.json
330	74	3	100	5	102	1	27	1	1	rational	weight_330.json
332	76	3	508	5	478	1	1	1	1	rational	weight_332.json
332	76	3	252	5	478	1	2	1	1	rational	weight_332.json
332	76	3	508	5	478	1	3	2	1	rational	weight_332.json
332	76	3	252	5	478	1	4	1	1	rational	weight_332.json
332	76	3	508	5	478	1	5	1	1	rational	weight_332.json
332	76	3	508	5	478	1	6	1	1	rational	weight_332.json
332	76	3	252	5	478	1	7	1	1	rational	weight_332.json
332	76	3	508	5	478	1	8	1	1	rational	weight_332.json
332	76	3	508	5	478	1	9	1	1	rational	weight_332.json
332	76	3	252	5	478	1	10	1	1	rational	weight_332.json
332	76	3	252	5	478	1	11	1	1	rational	weight_332.json
332	76	3	508	5	478	1	12	1	1	rational	weight_332.json
332	76	3	508	5	478	1	13	1	1	rational	weight_332.json
332	76	3	508	5	478	1	14	1	1	rational	weight_332.json
332	76	3	252	5	478	1	15	1	1	rational	weight_332.json
332	76	3	252	5	478	1	16	1	1	rational	weight_332.json
332	76	3	252	5	478	1	17	1	1	rational	weight_332.json
332	76	3	252	5	478	1	18	1	1	rational	weight_332.json
332	76	3	252	5	478	1	19	1	1	rational	weight_332.json
332	76	3	252	5	478	1	20	1	1	rational	weight_332.json
332	76	3	252	5	478	1	21	1	1	rational	weight_332.json
332	76	3	508	5	478	1	22	1	1	rational	weight_332.json
332	76	3	252	5	478	1	23	1	1	rational	weight_332.json
332	76	3	508	5	478	1	24	1	1	rational	weight_332.json
332	76	3	508	5	478	1	25	1	2	rational	weight_332.json
334	78	3	212	5	150	1	1	1	1	rational	weight_334.json
334	78	3	212	5	150	1	2	1	1	rational	weight_334.json
334	78	3	212	5	150	1	3	1	1	rational	weight_334.json
334	78	3	212	5	150	1	4	1	1	rational	weight_334.json
334	78	3	212	5	150	1	5	1	1	rational	weight_334.json
334	78	3	468	5	150	1	6	1	1	rational	weight_334.json
334	78	3	468	5	150	1	7	2	1	rational	weight_334.json
334	78	3	212	5	150	1	8	1	1	rational	weight_334.json
334	78	3	468	5	150	1	9	2	1	rational	weight_334.json
334	78	3	212	5	150	1	10	1	1	rational	weight_334.json
334	78	3	212	5	150	1	11	1	1	rational	weight_334.json
334	78	3	468	5	150	1	12	2	1	rational	weight_334.json
334	78	3	468	5	150	1	13	1	1	rational	weight_334.json
334	78	3	212	5	150	1	14	1	1	rational	weight_334.json
334	78	3	212	5	150	1	15	1	1	rational	weight_334.json
334	78	3	212	5	150	1	16	1	1	rational	weight_334.json
334	78	3	212	5	150	1	17	1	1	rational	weight_334.json
334	78	3	468	5	150	1	18	1	1	rational	weight_334.json
334	78	3	468	5	150	1	19	1	1	rational	weight_334.json
334	78	3	212	5	150	1	20	1	1	rational	weight_334.json
334	78	3	468	5	150	1	21	1	2	rational	weight_334.json
334	78	3	468	5	150	1	22	1	2	rational	weight_334.json
336	80	3	492	5	142	1	1	1	1	rational	weight_336.json
336	80	3	364	5	142	1	2	1	1	rational	weight_336.json
336	80	3	492	5	142	1	3	1	1	rational	weight_336.json
336	80	3	364	5	142	1	4	1	1	rational	weight_336.json
336	80	3	364	5	142	1	5	1	1	rational	weight_336.json
336	80	3	364	5	142	1	6	1	1	rational	weight_336.json
336	80	3	492	5	142	1	7	1	1	rational	weight_336.json
336	80	3	492	5	142	1	8	1	1	rational	weight_336.json
336	80	3	364	5	142	1	9	1	1	rational	weight_336.json
336	80	3	492	5	142	1	10	1	1	rational	weight_336.json
336	80	3	492	5	142	1	11	1	1	rational	weight_336.json
336	80	3	492	5	142	1	12	1	1	rational	weight_336.json
336	80	3	364	5	142	1	13	1	1	rational	weight_336.json
336	80	3	492	5	142	1	14	1	1	rational	weight_336.json
336	80	3	492	5	142	1	15	1	1	rational	weight_336.json
336	80	3	492	5	142	1	16	1	1	rational	weight_336.json
336	80	3	492	5	142	1	17	1	1	rational	weight_336.json
336	80	3	364	5	142	1	18	1	1	rational	weight_336.json
336	80	3	364	5	142	1	19	1	1	rational	weight_336.json
336	80	3	492	5	142	1	20	1	1	rational	weight_336.json
336	80	3	364	5	142	1	21	1	1	rational	weight_336.json
336	80	3	364	5	142	1	22	1	1	rational	weight_336.json
336	80	3	492	5	142	1	23	1	1	rational	weight_336.json
336	80	3	492	5	142	1	24	1	1	rational	weight_336.json
336	80	3	364	5	142	1	25	1	1	rational	weight_336.json
336	80	3	364	5	142	1	26	1	1	rational	weight_336.json
336	80	3	364	5	142	1	27	1	1	rational	weight_336.json
336	80	3	364	5	142	1	28	1	1	rational	weight_336.json
338	82	3	196	5	454	1	1	1	1	rational	weight_338.json
338	82	3	196	5	454	1	2	1	1	rational	weight_338.json
338	82	3	196	5	454	1	3	1	1	rational	weight_338.json
338	82	3	68	5	454	1	4	1	1	rational	weight_338.json
338	82	3	196	5	454	1	5	1	1	rational	weight_338.json
338	82	3	68	5	454	1	6	1	1	rational	weight_338.json
338	82	3	196	5	454	1	7	1	1	rational	weight_338.json
338	82	3	68	5	454	1	8	1	1	rational	weight_338.json
338	82	3	196	5	454	1	9	1	1	rational	weight_338.json
338	82	3	196	5	454	1	10	1	1	rational	weight_338.json
338	82	3	68	5	454	1	11	1	1	rational	weight_338.json
338	82	3	68	5	454	1	12	1	1	rational	weight_338.json
338	82	3	68	5	454	1	13	1	1	rational	weight_338.json
338	82	3	68	5	454	1	14	1	1	rational	weight_338.json
338	82	3	196	5	454	1	15	1	1	rational	weight_338.json
338	82	3	68	5	454	1	16	1	1	rational	weight_338.json
338	82	3	196	5	454	1	17	1	1	rational	weight_338.json
338	82	3	196	5	454	1	18	1	1	rational	weight_338.json
338	82	3	68	5	454	1	19	1	1	rational	weight_338.json
338	82	3	196	5	454	1	20	1	1	rational	weight_338.json
338	82	3	68	5	454	1	21	1	1	rational	weight_338.json
338	82	3	68	5	454	1	22	1	1	rational	weight_338.json
338	82	3	68	5	454	1	23	1	1	rational	weight_338.json
338	82	3	68	5	454	1	24	1	1	rational	weight_338.json
338	82	3	196	5	454	1	25	1	1	rational	weight_338.json
338	82	3	68	5	454	1	26	1	1	rational	weight_338.json
338	82	3	196	5	454	1	27	1	1	rational	weight_338.json
340	84	3	220	5	62	1	1	1	1	rational	weight_340.json
340	84	3	220	5	62	1	2	1	1	rational	weight_340.json
340	84	3	220	5	62	1	3	1	1	rational	weight_340.json
340	84	3	220	5	62	1	4	1	1	rational	weight_340.json
340	84	3	220	5	62	1	5	1	1	rational	weight_340.json
340	84	3	476	5	62	1	6	1	1	rational	weight_340.json
340	84	3	220	5	62	1	7	1	1	rational	weight_340.json
340	84	3	220	5	62	1	8	1	1	rational	weight_340.json
340	84	3	476	5	62	1	9	2	1	rational	weight_340.json
340	84	3	476	5	62	1	10	1	1	rational	weight_340.json
340	84	3	476	5	62	1	11	1	1	rational	weight_340.json
340	84	3	220	5	62	1	12	1	1	rational	weight_340.json
340	84	3	476	5	62	1	13	1	1	rational	weight_340.json
340	84	3	476	5	62	1	14	2	1	rational	weight_340.json
340	84	3	220	5	62	1	15	1	1	rational	weight_340.json
340	84	3	220	5	62	1	16	1	1	rational	weight_340.json
340	84	3	476	5	62	1	17	2	1	rational	weight_340.json
340	84	3	220	5	62	1	18	1	1	rational	weight_340.json
340	84	3	220	5	62	1	19	1	1	rational	weight_340.json
340	84	3	220	5	62	1	20	1	1	rational	weight_340.json
340	84	3	220	5	62	1	21	1	1	rational	weight_340.json
340	84	3	476	5	62	1	22	1	2	rational	weight_340.json
340	84	3	476	5	62	1	23	1	2	rational	weight_340.json
342	86	3	180	5	502	1	1	2	1	rational	weight_342.json
342	86	3	436	5	502	1	2	1	1	rational	weight_342.json
342	86	3	436	5	502	1	3	1	1	rational	weight_342.json
342	86	3	180	5	502	1	4	1	1	rational	weight_342.json
342	86	3	436	5	502	1	5	1	1	rational	weight_342.json
342	86	3	436	5	502	1	6	1	1	rational	weight_342.json
342	86	3	180	5	502	1	7	1	1	rational	weight_342.json
342	86	3	180	5	502	1	8	1	1	rational	weight_342.json
342	86	3	180	5	502	1	9	1	1	rational	weight_342.json
342	86	3	436	5	502	1	10	1	1	rational	weight_342.json
342	86	3	436	5	502	1	11	1	1	rational	weight_342.json
342	86	3	436	5	502	1	12	1	1	rational	weight_342.json
342	86	3	436	5	502	1	13	1	1	rational	weight_342.json
342	86	3	436	5	502	1	14	1	1	rational	weight_342.json
342	86	3	436	5	502	1	15	1	1	rational	weight_342.json
342	86	3	436	5	502	1	16	1	1	rational	weight_342.json
342	86	3	180	5	502	1	17	1	1	rational	weight_342.json
342	86	3	436	5	502	1	18	1	1	rational	weight_342.json
342	86	3	180	5	502	1	19	1	1	rational	weight_342.json
342	86	3	436	5	502	1	20	1	1	rational	weight_342.json
342	86	3	436	5	502	1	21	1	1	rational	weight_342.json
342	86	3	180	5	502	1	22	1	2	rational	weight_342.json
342	86	3	180	5	502	1	23	1	2	rational	weight_342.json
342	86	3	180	5	502	1	24	1	2	rational	weight_342.json
344	88	3	204	5	238	1	1	1	1	rational	weight_344.json
344	88	3	332	5	238	1	2	1	1	rational	weight_344.json
344	88	3	332	5	238	1	3	1	1	rational	weight_344.json
344	88	3	332	5	238	1	4	1	1	rational	weight_344.json
344	88	3	204	5	238	1	5	1	1	rational	weight_344.json
344	88	3	204	5	238	1	6	1	1	rational	weight_344.json
344	88	3	204	5	238	1	7	1	1	rational	weight_344.json
344	88	3	332	5	238	1	8	1	1	rational	weight_344.json
344	88	3	204	5	238	1	9	1	1	rational	weight_344.json
344	88	3	332	5	238	1	10	1	1	rational	weight_344.json
344	88	3	332	5	238	1	11	1	1	rational	weight_344.json
344	88	3	204	5	238	1	12	1	1	rational	weight_344.json
344	88	3	332	5	238	1	13	1	1	rational	weight_344.json
344	88	3	204	5	238	1	14	1	1	rational	weight_344.json
344	88	3	332	5	238	1	15	1	1	rational	weight_344.json
344	88	3	332	5	238	1	16	1	1	rational	weight_344.json
344	88	3	204	5	238	1	17	1	1	rational	weight_344.json
344	88	3	204	5	238	1	18	1	1	rational	weight_344.json
344	88	3	332	5	238	1	19	1	1	rational	weight_344.json
344	88	3	204	5	238	1	20	1	1	rational	weight_344.json
344	88	3	204	5	238	1	21	1	1	rational	weight_344.json
344	88	3	204	5	238	1	22	1	1	rational	weight_344.json
344	88	3	332	5	238	1	23	1	1	rational	weight_344.json
344	88	3	332	5	238	1	24	1	1	rational	weight_344.json
344	88	3	332	5	238	1	25	1	1	rational	weight_344.json
344	88	3	332	5	238	1	26	1	1	rational	weight_344.json
344	88	3	204	5	238	1	27	1	1	rational	weight_344.json
344	88	3	204	5	238	1	28	1	1	rational	weight_344.json
346	90	3	36	5	294	1	1	1	1	rational	weight_346.json
346	90	3	36	5	294	1	2	1	1	rational	weight_346.json
346	90	3	420	5	294	1	3	1	1	rational	weight_346.json
346	90	3	36	5	294	1	4	1	1	rational	weight_346.json
346	90	3	420	5	294	1	5	2	1	rational	weight_346.json
346	90	3	36	5	294	1	6	1	1	rational	weight_346.json
346	90	3	420	5	294	1	7	1	1	rational	weight_346.json
346	90	3	36	5	294	1	8	1	1	rational	weight_346.json
346	90	3	36	5	294	1	9	1	1	rational	weight_346.json
346	90	3	36	5	294	1	10	1	1	rational	weight_346.json
346	90	3	420	5	294	1	11	1	1	rational	weight_346.json
346	90	3	36	5	294	1	12	1	1	rational	weight_346.json
346	90	3	36	5	294	1	13	1	1	rational	weight_346.json
346	90	3	420	5	294	1	14	1	1	rational	weight_346.json
346	90	3	36	5	294	1	15	1	1	rational	weight_346.json
346	90	3	420	5	294	1	16	1	1	rational	weight_346.json
346	90	3	36	5	294	1	17	1	1	rational	weight_346.json
346	90	3	420	5	294	1	18	1	1	rational	weight_346.json
346	90	3	36	5	294	1	19	1	1	rational	weight_346.json
346	90	3	36	5	294	1	20	1	1	rational	weight_346.json
346	90	3	36	5	294	1	21	1	1	rational	weight_346.json
346	90	3	420	5	294	1	22	1	1	rational	weight_346.json
346	90	3	420	5	294	1	23	1	1	rational	weight_346.json
346	90	3	420	5	294	1	24	1	1	rational	weight_346.json
346	90	3	420	5	294	1	25	1	1	rational	weight_346.json
346	90	3	420	5	294	1	26	1	2	rational	weight_346.json
348	92	3	188	5	158	1	1	1	1	rational	weight_348.json
348	92	3	444	5	158	1	2	1	1	rational	weight_348.json
348	92	3	444	5	158	1	3	1	1	rational	weight_348.json
348	92	3	188	5	158	1	4	2	1	rational	weight_348.json
348	92	3	444	5	158	1	5	1	1	rational	weight_348.json
348	92	3	444	5	158	1	6	1	1	rational	weight_348.json
348	92	3	444	5	158	1	7	1	1	rational	weight_348.json
348	92	3	444	5	158	1	8	1	1	rational	weight_348.json
348	92	3	188	5	158	1	9	1	1	rational	weight_348.json
348	92	3	444	5	158	1	10	1	1	rational	weight_348.json
348	92	3	188	5	158	1	11	1	1	rational	weight_348.json
348	92	3	444	5	158	1	12	1	1	rational	weight_348.json
348	92	3	188	5	158	1	13	1	1	rational	weight_348.json
348	92	3	444	5	158	1	14	1	1	rational	weight_348.json
348	92	3	444	5	158	1	15	1	1	rational	weight_348.json
348	92	3	444	5	158	1	16	1	1	rational	weight_348.json
348	92	3	188	5	158	1	17	1	1	rational	weight_348.json
348	92	3	444	5	158	1	18	1	1	rational	weight_348.json
348	92	3	188	5	158	1	19	1	1	rational	weight_348.json
348	92	3	444	5	158	1	20	1	1	rational	weight_348.json
348	92	3	444	5	158	1	21	1	1	rational	weight_348.json
348	92	3	444	5	158	1	22	1	1	rational	weight_348.json
348	92	3	188	5	158	1	23	1	2	rational	weight_348.json
348	92	3	188	5	158	1	24	1	2	rational	weight_348.json
348	92	3	188	5	158	1	25	1	2	rational	weight_348.json
350	94	3	148	5	342	1	1	1	1	rational	weight_350.json
350	94	3	148	5	342	1	2	1	1	rational	weight_350.json
350	94	3	148	5	342	1	3	1	1	rational	weight_350.json
350	94	3	148	5	342	1	4	2	1	rational	weight_350.json
350	94	3	148	5	342	1	5	2	1	rational	weight_350.json
350	94	3	148	5	342	1	6	1	1	rational	weight_350.json
350	94	3	148	5	342	1	7	1	1	rational	weight_350.json
350	94	3	148	5	342	1	8	1	1	rational	weight_350.json
350	94	3	148	5	342	1	9	1	1	rational	weight_350.json
350	94	3	148	5	342	1	10	1	1	rational	weight_350.json
350	94	3	404	5	342	1	11	1	2	rational	weight_350.json
350	94	3	148	5	342	1	12	1	2	rational	weight_350.json
350	94	3	404	5	342	1	13	1	2	rational	weight_350.json
350	94	3	404	5	342	1	14	1	2	rational	weight_350.json
350	94	3	404	5	342	1	15	1	2	rational	weight_350.json
350	94	3	404	5	342	1	16	1	2	rational	weight_350.json
350	94	3	404	5	342	1	17	1	2	rational	weight_350.json
350	94	3	404	5	342	1	18	1	2	rational	weight_350.json
352	96	3	300	5	334	1	1	1	1	rational	weight_352.json
352	96	3	300	5	334	1	2	1	1	rational	weight_352.json
352	96	3	428	5	334	1	3	1	1	rational	weight_352.json
352	96	3	428	5	334	1	4	1	1	rational	weight_352.json
352	96	3	300	5	334	1	5	1	1	rational	weight_352.json
352	96	3	428	5	334	1	6	1	1	rational	weight_352.json
352	96	3	428	5	334	1	7	2	1	rational	weight_352.json
352	96	3	300	5	334	1	8	1	1	rational	weight_352.json
352	96	3	428	5	334	1	9	1	1	rational	weight_352.json
352	96	3	300	5	334	1	10	1	1	rational	weight_352.json
352	96	3	428	5	334	1	11	1	1	rational	weight_352.json
352	96	3	300	5	334	1	12	1	1	rational	weight_352.json
352	96	3	428	5	334	1	13	1	1	rational	weight_352.json
352	96	3	300	5	334	1	14	1	1	rational	weight_352.json
352	96	3	300	5	334	1	15	1	1	rational	weight_352.json
352	96	3	300	5	334	1	16	1	1	rational	weight_352.json
352	96	3	428	5	334	1	17	1	1	rational	weight_352.json
352	96	3	428	5	334	1	18	1	1	rational	weight_352.json
352	96	3	428	5	334	1	19	1	1	rational	weight_352.json
352	96	3	300	5	334	1	20	1	1	rational	weight_352.json
352	96	3	300	5	334	1	21	1	1	rational	weight_352.json
352	96	3	428	5	334	1	22	1	1	rational	weight_352.json
352	96	3	428	5	334	1	23	1	1	rational	weight_352.json
352	96	3	300	5	334	1	24	1	1	rational	weight_352.json
352	96	3	300	5	334	1	25	1	1	rational	weight_352.json
352	96	3	300	5	334	1	26	1	1	rational	weight_352.json
352	96	3	428	5	334	1	27	1	2	rational	weight_352.json
354	98	3	4	5	134	1	1	1	1	rational	weight_354.json
354	98	3	132	5	134	1	2	1	1	rational	weight_354.json
354	98	3	132	5	134	1	3	1	1	rational	weight_354.json
354	98	3	4	5	134	1	4	1	1	rational	weight_354.json
354	98	3	132	5	134	1	5	1	1	rational	weight_354.json
354	98	3	132	5	134	1	6	1	1	rational	weight_354.json
354	98	3	4	5	134	1	7	1	1	rational	weight_354.json
354	98	3	132	5	134	1	8	1	1	rational	weight_354.json
354	98	3	132	5	134	1	9	1	1	rational	weight_354.json
354	98	3	132	5	134	1	10	1	1	rational	weight_354.json
354	98	3	4	5	134	1	11	1	1	rational	weight_354.json
354	98	3	132	5	134	1	12	1	1	rational	weight_354.json
354	98	3	4	5	134	1	13	2	1	rational	weight_354.json
354	98	3	132	5	134	1	14	1	1	rational	weight_354.json
354	98	3	4	5	134	1	15	1	1	rational	weight_354.json
354	98	3	132	5	134	1	16	1	1	rational	weight_354.json
354	98	3	4	5	134	1	17	1	1	rational	weight_354.json
354	98	3	4	5	134	1	18	1	1	rational	weight_354.json
354	98	3	132	5	134	1	19	1	1	rational	weight_354.json
354	98	3	4	5	134	1	20	1	1	rational	weight_354.json
354	98	3	4	5	134	1	21	1	1	rational	weight_354.json
354	98	3	4	5	134	1	22	1	1	rational	weight_354.json
354	98	3	132	5	134	1	23	1	1	rational	weight_354.json
354	98	3	132	5	134	1	24	1	1	rational	weight_354.json
354	98	3	4	5	134	1	25	1	1	rational	weight_354.json
354	98	3	132	5	134	1	26	1	1	rational	weight_354.json
354	98	3	4	5	134	1	27	1	2	rational	weight_354.json
356	100	3	156	5	254	1	1	1	1	rational	weight_356.json
356	100	3	156	5	254	1	2	2	1	rational	weight_356.json
356	100	3	156	5	254	1	3	1	1	rational	weight_356.json
356	100	3	156	5	254	1	4	1	1	rational	weight_356.json
356	100	3	156	5	254	1	5	1	1	rational	weight_356.json
356	100	3	156	5	254	1	6	1	1	rational	weight_356.json
356	100	3	156	5	254	1	7	1	1	rational	weight_356.json
356	100	3	156	5	254	1	8	2	1	rational	weight_356.json
356	100	3	156	5	254	1	9	1	1	rational	weight_356.json
356	100	3	156	5	254	1	10	1	1	rational	weight_356.json
356	100	3	156	5	254	1	11	1	1	rational	weight_356.json
356	100	3	412	5	254	1	12	1	2	rational	weight_356.json
356	100	3	412	5	254	1	13	1	2	rational	weight_356.json
356	100	3	412	5	254	1	14	1	2	rational	weight_356.json
356	100	3	412	5	254	1	15	1	2	rational	weight_356.json
356	100	3	412	5	254	1	16	1	2	rational	weight_356.json
356	100	3	412	5	254	1	17	1	2	rational	weight_356.json
356	100	3	412	5	254	1	18	1	2	rational	weight_356.json
356	100	3	156	5	254	1	19	1	2	rational	weight_356.json
358	102	3	116	5	182	1	1	1	1	rational	weight_358.json
358	102	3	116	5	182	1	2	1	1	rational	weight_358.json
358	102	3	372	5	182	1	3	1	1	rational	weight_358.json
358	102	3	372	5	182	1	4	2	1	rational	weight_358.json
358	102	3	116	5	182	1	5	1	1	rational	weight_358.json
358	102	3	116	5	182	1	6	1	1	rational	weight_358.json
358	102	3	372	5	182	1	7	1	1	rational	weight_358.json
358	102	3	116	5	182	1	8	1	1	rational	weight_358.json
358	102	3	372	5	182	1	9	1	1	rational	weight_358.json
358	102	3	116	5	182	1	10	1	1	rational	weight_358.json
358	102	3	116	5	182	1	11	1	1	rational	weight_358.json
358	102	3	372	5	182	1	12	1	1	rational	weight_358.json
358	102	3	116	5	182	1	13	1	1	rational	weight_358.json
358	102	3	116	5	182	1	14	1	1	rational	weight_358.json
358	102	3	116	5	182	1	15	1	1	rational	weight_358.json
358	102	3	372	5	182	1	16	1	1	rational	weight_358.json
358	102	3	116	5	182	1	17	1	1	rational	weight_358.json
358	102	3	116	5	182	1	18	1	1	rational	weight_358.json
358	102	3	372	5	182	1	19	1	1	rational	weight_358.json
358	102	3	372	5	182	1	20	1	1	rational	weight_358.json
358	102	3	116	5	182	1	21	1	1	rational	weight_358.json
358	102	3	116	5	182	1	22	1	1	rational	weight_358.json
358	102	3	372	5	182	1	23	1	2	rational	weight_358.json
358	102	3	372	5	182	1	24	1	2	rational	weight_358.json
358	102	3	372	5	182	1	25	1	2	rational	weight_358.json
360	104	3	268	5	430	1	1	1	1	rational	weight_360.json
360	104	3	140	5	430	1	2	1	1	rational	weight_360.json
360	104	3	268	5	430	1	3	1	1	rational	weight_360.json
360	104	3	140	5	430	1	4	1	1	rational	weight_360.json
360	104	3	268	5	430	1	5	1	1	rational	weight_360.json
360	104	3	268	5	430	1	6	1	1	rational	weight_360.json
360	104	3	140	5	430	1	7	1	1	rational	weight_360.json
360	104	3	140	5	430	1	8	1	1	rational	weight_360.json
360	104	3	140	5	430	1	9	1	1	rational	weight_360.json
360	104	3	140	5	430	1	10	1	1	rational	weight_360.json
360	104	3	140	5	430	1	11	1	1	rational	weight_360.json
360	104	3	268	5	430	1	12	1	1	rational	weight_360.json
360	104	3	268	5	430	1	13	1	1	rational	weight_360.json
360	104	3	140	5	430	1	14	1	1	rational	weight_360.json
360	104	3	268	5	430	1	15	2	1	rational	weight_360.json
360	104	3	140	5	430	1	16	1	1	rational	weight_360.json
360	104	3	268	5	430	1	17	1	1	rational	weight_360.json
360	104	3	140	5	430	1	18	1	1	rational	weight_360.json
360	104	3	140	5	430	1	19	1	1	rational	weight_360.json
360	104	3	140	5	430	1	20	1	1	rational	weight_360.json
360	104	3	140	5	430	1	21	1	1	rational	weight_360.json
360	104	3	268	5	430	1	22	1	1	rational	weight_360.json
360	104	3	268	5	430	1	23	1	1	rational	weight_360.json
360	104	3	268	5	430	1	24	1	1	rational	weight_360.json
360	104	3	140	5	430	1	25	1	1	rational	weight_360.json
360	104	3	140	5	430	1	26	1	1	rational	weight_360.json
360	104	3	268	5	430	1	27	1	1	rational	weight_360.json
360	104	3	268	5	430	1	28	1	2	rational	weight_360.json
362	106	3	484	5	486	1	1	1	1	rational	weight_362.json
362	106	3	356	5	486	1	2	1	1	rational	weight_362.json
362	106	3	356	5	486	1	3	1	1	rational	weight_362.json
362	106	3	484	5	486	1	4	1	1	rational	weight_362.json
362	106	3	484	5	486	1	5	1	1	rational	weight_362.json
362	106	3	484	5	486	1	6	1	1	rational	weight_362.json
362	106	3	356	5	486	1	7	1	1	rational	weight_362.json
362	106	3	484	5	486	1	8	1	1	rational	weight_362.json
362	106	3	356	5	486	1	9	1	1	rational	weight_362.json
362	106	3	356	5	486	1	10	1	1	rational	weight_362.json
362	106	3	484	5	486	1	11	1	1	rational	weight_362.json
362	106	3	484	5	486	1	12	1	1	rational	weight_362.json
362	106	3	356	5	486	1	13	1	1	rational	weight_362.json
362	106	3	484	5	486	1	14	1	1	rational	weight_362.json
362	106	3	356	5	486	1	15	1	1	rational	weight_362.json
362	106	3	356	5	486	1	16	1	1	rational	weight_362.json
362	106	3	356	5	486	1	17	1	1	rational	weight_362.json
362	106	3	484	5	486	1	18	1	1	rational	weight_362.json
362	106	3	484	5	486	1	19	1	1	rational	weight_362.json
362	106	3	484	5	486	1	20	1	1	rational	weight_362.json
362	106	3	356	5	486	1	21	1	1	rational	weight_362.json
362	106	3	484	5	486	1	22	1	1	rational	weight_362.json
362	106	3	356	5	486	1	23	1	1	rational	weight_362.json
362	106	3	484	5	486	1	24	1	1	rational	weight_362.json
362	106	3	356	5	486	1	25	1	1	rational	weight_362.json
362	106	3	484	5	486	1	26	1	1	rational	weight_362.json
362	106	3	484	5	486	1	27	1	1	rational	weight_362.json
362	106	3	356	5	486	1	28	1	1	rational	weight_362.json
362	106	3	356	5	486	1	29	1	1	rational	weight_362.json
364	108	3	124	5	350	1	1	1	1	rational	weight_364.json
364	108	3	124	5	350	1	2	1	1	rational	weight_364.json
364	108	3	380	5	350	1	3	1	1	rational	weight_364.json
364	108	3	380	5	350	1	4	2	1	rational	weight_364.json
364	108	3	380	5	350	1	5	1	1	rational	weight_364.json
364	108	3	124	5	350	1	6	1	1	rational	weight_364.json
364	108	3	124	5	350	1	7	1	1	rational	weight_364.json
364	108	3	124	5	350	1	8	1	1	rational	weight_364.json
364	108	3	124	5	350	1	9	1	1	rational	weight_364.json
364	108	3	124	5	350	1	10	1	1	rational	weight_364.json
364	108	3	380	5	350	1	11	1	1	rational	weight_364.json
364	108	3	124	5	350	1	12	1	1	rational	weight_364.json
364	108	3	380	5	350	1	13	1	1	rational	weight_364.json
364	108	3	124	5	350	1	14	1	1	rational	weight_364.json
364	108	3	380	5	350	1	15	1	1	rational	weight_364.json
364	108	3	124	5	350	1	16	1	1	rational	weight_364.json
364	108	3	380	5	350	1	17	1	1	rational	weight_364.json
364	108	3	124	5	350	1	18	1	1	rational	weight_364.json
364	108	3	124	5	350	1	19	1	1	rational	weight_364.json
364	108	3	124	5	350	1	20	1	1	rational	weight_364.json
364	108	3	124	5	350	1	21	1	1	rational	weight_364.json
364	108	3	380	5	350	1	22	1	1	rational	weight_364.json
364	108	3	380	5	350	1	23	1	1	rational	weight_364.json
364	108	3	380	5	350	1	24	1	2	rational	weight_364.json
364	108	3	380	5	350	1	25	1	2	rational	weight_364.json
364	108	3	380	5	350	1	26	1	2	rational	weight_364.json
366	110	3	340	5	22	1	1	2	1	rational	weight_366.json
366	110	3	84	5	22	1	2	1	1	rational	weight_366.json
366	110	3	84	5	22	1	3	1	1	rational	weight_366.json
366	110	3	84	5	22	1	4	1	1	rational	weight_366.json
366	110	3	84	5	22	1	5	1	1	rational	weight_366.json
366	110	3	340	5	22	1	6	1	1	rational	weight_366.json
366	110	3	340	5	22	1	7	1	1	rational	weight_366.json
366	110	3	340	5	22	1	8	1	1	rational	weight_366.json
366	110	3	84	5	22	1	9	1	1	rational	weight_366.json
366	110	3	340	5	22	1	10	2	1	rational	weight_366.json
366	110	3	340	5	22	1	11	1	1	rational	weight_366.json
366	110	3	84	5	22	1	12	1	1	rational	weight_366.json
366	110	3	340	5	22	1	13	2	1	rational	weight_366.json
366	110	3	84	5	22	1	14	1	1	rational	weight_366.json
366	110	3	340	5	22	1	15	2	1	rational	weight_366.json
366	110	3	84	5	22	1	16	1	1	rational	weight_366.json
366	110	3	84	5	22	1	17	1	1	rational	weight_366.json
366	110	3	84	5	22	1	18	1	1	rational	weight_366.json
366	110	3	84	5	22	1	19	1	1	rational	weight_366.json
366	110	3	84	5	22	1	20	1	1	rational	weight_366.json
366	110	3	84	5	22	1	21	1	1	rational	weight_366.json
366	110	3	84	5	22	1	22	1	1	rational	weight_366.json
366	110	3	340	5	22	1	23	1	2	rational	weight_366.json
366	110	3	340	5	22	1	24	1	2	rational	weight_366.json
368	112	3	364	5	14	1	1	1	1	rational	weight_368.json
368	112	3	236	5	14	1	2	1	1	rational	weight_368.json
368	112	3	236	5	14	1	3	1	1	rational	weight_368.json
368	112	3	236	5	14	1	4	1	1	rational	weight_368.json
368	112	3	364	5	14	1	5	1	1	rational	weight_368.json
368	112	3	236	5	14	1	6	1	1	rational	weight_368.json
368	112	3	236	5	14	1	7	1	1	rational	weight_368.json
368	112	3	236	5	14	1	8	1	1	rational	weight_368.json
368	112	3	364	5	14	1	9	1	1	rational	weight_368.json
368	112	3	364	5	14	1	10	1	1	rational	weight_368.json
368	112	3	364	5	14	1	11	1	1	rational	weight_368.json
368	112	3	236	5	14	1	12	1	1	rational	weight_368.json
368	112	3	236	5	14	1	13	1	1	rational	weight_368.json
368	112	3	236	5	14	1	14	1	1	rational	weight_368.json
368	112	3	236	5	14	1	15	1	1	rational	weight_368.json
368	112	3	364	5	14	1	16	1	1	rational	weight_368.json
368	112	3	236	5	14	1	17	1	1	rational	weight_368.json
368	112	3	236	5	14	1	18	1	1	rational	weight_368.json
368	112	3	364	5	14	1	19	1	1	rational	weight_368.json
368	112	3	364	5	14	1	20	1	1	rational	weight_368.json
368	112	3	364	5	14	1	21	1	1	rational	weight_368.json
368	112	3	236	5	14	1	22	1	1	rational	weight_368.json
368	112	3	364	5	14	1	23	1	1	rational	weight_368.json
368	112	3	236	5	14	1	24	1	1	rational	weight_368.json
368	112	3	236	5	14	1	25	1	1	rational	weight_368.json
368	112	3	364	5	14	1	26	1	1	rational	weight_368.json
368	112	3	364	5	14	1	27	1	1	rational	weight_368.json
368	112	3	364	5	14	1	28	1	1	rational	weight_368.json
368	112	3	364	5	14	1	29	1	1	rational	weight_368.json
368	112	3	364	5	14	1	30	1	1	rational	weight_368.json
370	114	3	68	5	326	1	1	1	1	rational	weight_370.json
370	114	3	68	5	326	1	2	1	1	rational	weight_370.json
370	114	3	68	5	326	1	3	1	1	rational	weight_370.json
370	114	3	452	5	326	1	4	1	1	rational	weight_370.json
370	114	3	68	5	326	1	5	1	1	rational	weight_370.json
370	114	3	452	5	326	1	6	1	1	rational	weight_370.json
370	114	3	452	5	326	1	7	1	1	rational	weight_370.json
370	114	3	68	5	326	1	8	1	1	rational	weight_370.json
370	114	3	68	5	326	1	9	1	1	rational	weight_370.json
370	114	3	452	5	326	1	10	1	1	rational	weight_370.json
370	114	3	452	5	326	1	11	1	1	rational	weight_370.json
370	114	3	68	5	326	1	12	1	1	rational	weight_370.json
370	114	3	452	5	326	1	13	1	1	rational	weight_370.json
370	114	3	452	5	326	1	14	1	1	rational	weight_370.json
370	114	3	68	5	326	1	15	1	1	rational	weight_370.json
370	114	3	68	5	326	1	16	1	1	rational	weight_370.json
370	114	3	452	5	326	1	17	1	1	rational	weight_370.json
370	114	3	452	5	326	1	18	1	1	rational	weight_370.json
370	114	3	452	5	326	1	19	1	1	rational	weight_370.json
370	114	3	452	5	326	1	20	1	1	rational	weight_370.json
370	114	3	452	5	326	1	21	1	1	rational	weight_370.json
370	114	3	68	5	326	1	22	1	1	rational	weight_370.json
370	114	3	452	5	326	1	23	1	1	rational	weight_370.json
370	114	3	68	5	326	1	24	1	1	rational	weight_370.json
370	114	3	68	5	326	1	25	1	1	rational	weight_370.json
370	114	3	68	5	326	1	26	1	1	rational	weight_370.json
370	114	3	68	5	326	1	27	1	1	rational	weight_370.json
370	114	3	68	5	326	1	28	1	1	rational	weight_370.json
370	114	3	452	5	326	1	29	1	1	rational	weight_370.json
370	114	3	452	5	326	1	30	1	1	rational	weight_370.json
372	116	3	92	5	446	1	1	1	1	rational	weight_372.json
372	116	3	92	5	446	1	2	1	1	rational	weight_372.json
372	116	3	92	5	446	1	3	1	1	rational	weight_372.json
372	116	3	348	5	446	1	4	1	1	rational	weight_372.json
372	116	3	348	5	446	1	5	2	1	rational	weight_372.json
372	116	3	92	5	446	1	6	1	1	rational	weight_372.json
372	116	3	92	5	446	1	7	1	1	rational	weight_372.json
372	116	3	92	5	446	1	8	1	1	rational	weight_372.json
372	116	3	348	5	446	1	9	2	1	rational	weight_372.json
372	116	3	348	5	446	1	10	2	1	rational	weight_372.json
372	116	3	92	5	446	1	11	1	1	rational	weight_372.json
372	116	3	348	5	446	1	12	1	1	rational	weight_372.json
372	116	3	92	5	446	1	13	1	1	rational	weight_372.json
372	116	3	92	5	446	1	14	1	1	rational	weight_372.json
372	116	3	348	5	446	1	15	2	1	rational	weight_372.json
372	116	3	92	5	446	1	16	1	1	rational	weight_372.json
372	116	3	92	5	446	1	17	1	1	rational	weight_372.json
372	116	3	348	5	446	1	18	1	1	rational	weight_372.json
372	116	3	92	5	446	1	19	1	1	rational	weight_372.json
372	116	3	92	5	446	1	20	1	1	rational	weight_372.json
372	116	3	348	5	446	1	21	1	1	rational	weight_372.json
372	116	3	92	5	446	1	22	1	1	rational	weight_372.json
372	116	3	92	5	446	1	23	1	1	rational	weight_372.json
372	116	3	348	5	446	1	24	1	2	rational	weight_372.json
372	116	3	348	5	446	1	25	1	2	rational	weight_372.json
374	118	3	308	5	374	1	1	1	1	rational	weight_374.json
374	118	3	308	5	374	1	2	1	1	rational	weight_374.json
374	118	3	52	5	374	1	3	1	1	rational	weight_374.json
374	118	3	52	5	374	1	4	1	1	rational	weight_374.json
374	118	3	308	5	374	1	5	1	1	rational	weight_374.json
374	118	3	308	5	374	1	6	1	1	rational	weight_374.json
374	118	3	52	5	374	1	7	1	1	rational	weight_374.json
374	118	3	52	5	374	1	8	1	1	rational	weight_374.json
374	118	3	308	5	374	1	9	1	1	rational	weight_374.json
374	118	3	308	5	374	1	10	1	1	rational	weight_374.json
374	118	3	308	5	374	1	11	1	1	rational	weight_374.json
374	118	3	52	5	374	1	12	1	1	rational	weight_374.json
374	118	3	52	5	374	1	13	1	1	rational	weight_374.json
374	118	3	52	5	374	1	14	1	1	rational	weight_374.json
374	118	3	308	5	374	1	15	1	1	rational	weight_374.json
374	118	3	308	5	374	1	16	1	1	rational	weight_374.json
374	118	3	52	5	374	1	17	1	1	rational	weight_374.json
374	118	3	308	5	374	1	18	1	1	rational	weight_374.json
374	118	3	308	5	374	1	19	1	1	rational	weight_374.json
374	118	3	308	5	374	1	20	1	1	rational	weight_374.json
374	118	3	52	5	374	1	21	1	1	rational	weight_374.json
374	118	3	308	5	374	1	22	1	1	rational	weight_374.json
374	118	3	308	5	374	1	23	1	1	rational	weight_374.json
374	118	3	52	5	374	1	24	1	1	rational	weight_374.json
374	118	3	52	5	374	1	25	1	1	rational	weight_374.json
374	118	3	308	5	374	1	26	1	1	rational	weight_374.json
374	118	3	52	5	374	1	27	1	1	rational	weight_374.json
374	118	3	52	5	374	1	28	1	1	rational	weight_374.json
374	118	3	52	5	374	1	29	1	2	rational	weight_374.json
376	120	3	204	5	110	1	1	1	1	rational	weight_376.json
376	120	3	76	5	110	1	2	1	1	rational	weight_376.json
376	120	3	76	5	110	1	3	1	1	rational	weight_376.json
376	120	3	76	5	110	1	4	1	1	rational	weight_376.json
376	120	3	204	5	110	1	5	1	1	rational	weight_376.json
376	120	3	204	5	110	1	6	1	1	rational	weight_376.json
376	120	3	76	5	110	1	7	1	1	rational	weight_376.json
376	120	3	204	5	110	1	8	1	1	rational	weight_376.json
376	120	3	204	5	110	1	9	1	1	rational	weight_376.json
376	120	3	204	5	110	1	10	1	1	rational	weight_376.json
376	120	3	204	5	110	1	11	1	1	rational	weight_376.json
376	120	3	76	5	110	1	12	1	1	rational	weight_376.json
376	120	3	76	5	110	1	13	1	1	rational	weight_376.json
376	120	3	204	5	110	1	14	1	1	rational	weight_376.json
376	120	3	76	5	110	1	15	1	1	rational	weight_376.json
376	120	3	204	5	110	1	16	1	1	rational	weight_376.json
376	120	3	76	5	110	1	17	1	1	rational	weight_376.json
376	120	3	204	5	110	1	18	1	1	rational	weight_376.json
376	120	3	76	5	110	1	19	1	1	rational	weight_376.json
376	120	3	76	5	110	1	20	1	1	rational	weight_376.json
376	120	3	76	5	110	1	21	1	1	rational	weight_376.json
376	120	3	204	5	110	1	22	1	1	rational	weight_376.json
376	120	3	204	5	110	1	23	1	1	rational	weight_376.json
376	120	3	76	5	110	1	24	1	1	rational	weight_376.json
376	120	3	76	5	110	1	25	1	1	rational	weight_376.json
376	120	3	204	5	110	1	26	1	1	rational	weight_376.json
376	120	3	76	5	110	1	27	1	1	rational	weight_376.json
376	120	3	76	5	110	1	28	1	1	rational	weight_376.json
376	120	3	204	5	110	1	29	1	1	rational	weight_376.json
376	120	3	204	5	110	1	30	1	1	rational	weight_376.json
376	120	3	76	5	110	1	31	1	1	rational	weight_376.json
378	122	3	420	5	166	1	1	1	1	rational	weight_378.json
378	122	3	420	5	166	1	2	1	1	rational	weight_378.json
378	122	3	420	5	166	1	3	1	1	rational	weight_378.json
378	122	3	292	5	166	1	4	1	1	rational	weight_378.json
378	122	3	420	5	166	1	5	1	1	rational	weight_378.json
378	122	3	420	5	166	1	6	1	1	rational	weight_378.json
378	122	3	292	5	166	1	7	1	1	rational	weight_378.json
378	122	3	292	5	166	1	8	1	1	rational	weight_378.json
378	122	3	420	5	166	1	9	1	1	rational	weight_378.json
378	122	3	292	5	166	1	10	1	1	rational	weight_378.json
378	122	3	292	5	166	1	11	1	1	rational	weight_378.json
378	122	3	420	5	166	1	12	1	1	rational	weight_378.json
378	122	3	292	5	166	1	13	1	1	rational	weight_378.json
378	122	3	420	5	166	1	14	1	1	rational	weight_378.json
378	122	3	292	5	166	1	15	1	1	rational	weight_378.json
378	122	3	420	5	166	1	16	1	1	rational	weight_378.json
378	122	3	292	5	166	1	17	1	1	rational	weight_378.json
378	122	3	292	5	166	1	18	1	1	rational	weight_378.json
378	122	3	420	5	166	1	19	1	1	rational	weight_378.json
378	122	3	420	5	166	1	20	1	1	rational	weight_378.json
378	122	3	420	5	166	1	21	1	1	rational	weight_378.json
378	122	3	420	5	166	1	22	1	1	rational	weight_378.json
378	122	3	292	5	166	1	23	1	1	rational	weight_378.json
378	122	3	292	5	166	1	24	1	1	rational	weight_378.json
378	122	3	420	5	166	1	25	1	1	rational	weight_378.json
378	122	3	420	5	166	1	26	1	1	rational	weight_378.json
378	122	3	292	5	166	1	27	1	1	rational	weight_378.json
378	122	3	292	5	166	1	28	1	1	rational	weight_378.json
378	122	3	420	5	166	1	29	1	1	rational	weight_378.json
378	122	3	292	5	166	1	30	1	1	rational	weight_378.json
378	122	3	292	5	166	1	31	1	1	rational	weight_378.json
380	124	3	60	5	30	1	1	1	1	rational	weight_380.json
380	124	3	316	5	30	1	2	1	1	rational	weight_380.json
380	124	3	316	5	30	1	3	1	1	rational	weight_380.json
380	124	3	316	5	30	1	4	1	1	rational	weight_380.json
380	124	3	60	5	30	1	5	1	1	rational	weight_380.json
380	124	3	316	5	30	1	6	1	1	rational	weight_380.json
380	124	3	316	5	30	1	7	1	1	rational	weight_380.json
380	124	3	60	5	30	1	8	1	1	rational	weight_380.json
380	124	3	316	5	30	1	9	1	1	rational	weight_380.json
380	124	3	60	5	30	1	10	1	1	rational	weight_380.json
380	124	3	60	5	30	1	11	1	1	rational	weight_380.json
380	124	3	316	5	30	1	12	1	1	rational	weight_380.json
380	124	3	60	5	30	1	13	1	1	rational	weight_380.json
380	124	3	316	5	30	1	14	1	1	rational	weight_380.json
380	124	3	316	5	30	1	15	1	1	rational	weight_380.json
380	124	3	60	5	30	1	16	1	1	rational	weight_380.json
380	124	3	60	5	30	1	17	1	1	rational	weight_380.json
380	124	3	60	5	30	1	18	1	1	rational	weight_380.json
380	124	3	60	5	30	1	19	1	1	rational	weight_380.json
380	124	3	60	5	30	1	20	1	1	rational	weight_380.json
380	124	3	316	5	30	1	21	1	1	rational	weight_380.json
380	124	3	60	5	30	1	22	1	1	rational	weight_380.json
380	124	3	316	5	30	1	23	1	1	rational	weight_380.json
380	124	3	316	5	30	1	24	1	1	rational	weight_380.json
380	124	3	316	5	30	1	25	1	1	rational	weight_380.json
380	124	3	60	5	30	1	26	1	1	rational	weight_380.json
380	124	3	316	5	30	1	27	1	1	rational	weight_380.json
380	124	3	316	5	30	1	28	1	1	rational	weight_380.json
380	124	3	316	5	30	1	29	1	1	rational	weight_380.json
380	124	3	60	5	30	1	30	1	2	rational	weight_380.json
382	126	3	20	5	214	1	1	2	1	rational	weight_382.json
382	126	3	20	5	214	1	2	1	1	rational	weight_382.json
382	126	3	20	5	214	1	3	1	2	rational	weight_382.json
382	126	3	276	5	214	1	4	1	2	rational	weight_382.json
382	126	3	276	5	214	1	5	1	2	rational	weight_382.json
382	126	3	20	5	214	1	6	1	2	rational	weight_382.json
382	126	3	20	5	214	1	7	1	2	rational	weight_382.json
382	126	3	276	5	214	1	8	1	2	rational	weight_382.json
382	126	3	276	5	214	1	9	1	2	rational	weight_382.json
382	126	3	20	5	214	1	10	1	2	rational	weight_382.json
382	126	3	276	5	214	1	11	1	2	rational	weight_382.json
382	126	3	276	5	214	1	12	1	2	rational	weight_382.json
382	126	3	20	5	214	1	13	1	2	rational	weight_382.json
382	126	3	276	5	214	1	14	1	2	rational	weight_382.json
382	126	3	20	5	214	1	15	1	2	rational	weight_382.json
382	126	3	276	5	214	1	16	1	2	rational	weight_382.json
384	128	3	300	5	206	1	1	1	1	rational	weight_384.json
384	128	3	300	5	206	1	2	1	1	rational	weight_384.json
384	128	3	300	5	206	1	3	1	1	rational	weight_384.json
384	128	3	300	5	206	1	4	1	1	rational	weight_384.json
384	128	3	300	5	206	1	5	1	1	rational	weight_384.json
384	128	3	300	5	206	1	6	1	1	rational	weight_384.json
384	128	3	172	5	206	1	7	1	1	rational	weight_384.json
384	128	3	172	5	206	1	8	1	1	rational	weight_384.json
384	128	3	172	5	206	1	9	1	1	rational	weight_384.json
384	128	3	300	5	206	1	10	1	1	rational	weight_384.json
384	128	3	172	5	206	1	11	1	1	rational	weight_384.json
384	128	3	300	5	206	1	12	1	1	rational	weight_384.json
384	128	3	172	5	206	1	13	1	1	rational	weight_384.json
384	128	3	300	5	206	1	14	1	1	rational	weight_384.json
384	128	3	172	5	206	1	15	1	1	rational	weight_384.json
384	128	3	172	5	206	1	16	1	1	rational	weight_384.json
384	128	3	172	5	206	1	17	1	1	rational	weight_384.json
384	128	3	172	5	206	1	18	1	1	rational	weight_384.json
384	128	3	300	5	206	1	19	1	1	rational	weight_384.json
384	128	3	172	5	206	1	20	1	1	rational	weight_384.json
384	128	3	300	5	206	1	21	1	1	rational	weight_384.json
384	128	3	172	5	206	1	22	1	1	rational	weight_384.json
384	128	3	300	5	206	1	23	1	1	rational	weight_384.json
384	128	3	300	5	206	1	24	1	1	rational	weight_384.json
384	128	3	300	5	206	1	25	1	1	rational	weight_384.json
384	128	3	300	5	206	1	26	1	1	rational	weight_384.json
384	128	3	172	5	206	1	27	1	1	rational	weight_384.json
384	128	3	172	5	206	1	28	1	1	rational	weight_384.json
384	128	3	172	5	206	1	29	1	1	rational	weight_384.json
384	128	3	172	5	206	1	30	1	1	rational	weight_384.json
384	128	3	300	5	206	1	31	1	1	rational	weight_384.json
384	128	3	172	5	206	1	32	1	1	rational	weight_384.json
386	130	3	4	5	6	1	1	1	1	rational	weight_386.json
386	130	3	4	5	6	1	2	1	1	rational	weight_386.json
386	130	3	4	5	6	1	3	1	1	rational	weight_386.json
386	130	3	388	5	6	1	4	1	1	rational	weight_386.json
386	130	3	388	5	6	1	5	1	1	rational	weight_386.json
386	130	3	388	5	6	1	6	1	1	rational	weight_386.json
386	130	3	388	5	6	1	7	1	1	rational	weight_386.json
386	130	3	4	5	6	1	8	1	1	rational	weight_386.json
386	130	3	4	5	6	1	9	1	1	rational	weight_386.json
386	130	3	388	5	6	1	10	1	1	rational	weight_386.json
386	130	3	388	5	6	1	11	1	1	rational	weight_386.json
386	130	3	4	5	6	1	12	1	1	rational	weight_386.json
386	130	3	388	5	6	1	13	1	1	rational	weight_386.json
386	130	3	4	5	6	1	14	1	1	rational	weight_386.json
386	130	3	4	5	6	1	15	1	1	rational	weight_386.json
386	130	3	388	5	6	1	16	1	1	rational	weight_386.json
386	130	3	4	5	6	1	17	1	1	rational	weight_386.json
386	130	3	4	5	6	1	18	1	1	rational	weight_386.json
386	130	3	388	5	6	1	19	1	1	rational	weight_386.json
386	130	3	388	5	6	1	20	1	1	rational	weight_386.json
386	130	3	4	5	6	1	21	1	1	rational	weight_386.json
386	130	3	388	5	6	1	22	1	1	rational	weight_386.json
386	130	3	4	5	6	1	23	1	1	rational	weight_386.json
386	130	3	388	5	6	1	24	1	1	rational	weight_386.json
386	130	3	388	5	6	1	25	1	1	rational	weight_386.json
386	130	3	388	5	6	1	26	1	1	rational	weight_386.json
386	130	3	4	5	6	1	27	1	1	rational	weight_386.json
386	130	3	388	5	6	1	28	1	1	rational	weight_386.json
386	130	3	4	5	6	1	29	1	1	rational	weight_386.json
386	130	3	388	5	6	1	30	1	1	rational	weight_386.json
386	130	3	4	5	6	1	31	1	1	rational	weight_386.json
388	132	3	28	5	126	1	1	1	1	rational	weight_388.json
388	132	3	28	5	126	1	2	1	1	rational	weight_388.json
388	132	3	28	5	126	1	3	2	1	rational	weight_388.json
388	132	3	284	5	126	1	4	1	2	rational	weight_388.json
388	132	3	28	5	126	1	5	1	2	rational	weight_388.json
388	132	3	284	5	126	1	6	1	2	rational	weight_388.json
388	132	3	284	5	126	1	7	1	2	rational	weight_388.json
388	132	3	284	5	126	1	8	1	2	rational	weight_388.json
388	132	3	284	5	126	1	9	1	2	rational	weight_388.json
388	132	3	28	5	126	1	10	1	2	rational	weight_388.json
388	132	3	284	5	126	1	11	1	2	rational	weight_388.json
388	132	3	284	5	126	1	12	1	2	rational	weight_388.json
388	132	3	28	5	126	1	13	1	2	rational	weight_388.json
388	132	3	28	5	126	1	14	1	2	rational	weight_388.json
388	132	3	28	5	126	1	15	1	2	rational	weight_388.json
388	132	3	284	5	126	1	16	1	2	rational	weight_388.json
388	132	3	28	5	126	1	17	1	2	rational	weight_388.json
390	134	3	244	5	54	1	1	1	1	rational	weight_390.json
390	134	3	500	5	54	1	2	1	1	rational	weight_390.json
390	134	3	500	5	54	1	3	1	1	rational	weight_390.json
390	134	3	244	5	54	1	4	1	1	rational	weight_390.json
390	134	3	500	5	54	1	5	1	1	rational	weight_390.json
390	134	3	244	5	54	1	6	1	1	rational	weight_390.json
390	134	3	500	5	54	1	7	1	1	rational	weight_390.json
390	134	3	244	5	54	1	8	1	1	rational	weight_390.json
390	134	3	244	5	54	1	9	1	1	rational	weight_390.json
390	134	3	244	5	54	1	10	1	1	rational	weight_390.json
390	134	3	500	5	54	1	11	1	1	rational	weight_390.json
390	134	3	244	5	54	1	12	1	1	rational	weight_390.json
390	134	3	244	5	54	1	13	1	1	rational	weight_390.json
390	134	3	500	5	54	1	14	1	1	rational	weight_390.json
390	134	3	244	5	54	1	15	1	1	rational	weight_390.json
390	134	3	244	5	54	1	16	1	1	rational	weight_390.json
390	134	3	500	5	54	1	17	1	1	rational	weight_390.json
390	134	3	244	5	54	1	18	1	1	rational	weight_390.json
390	134	3	500	5	54	1	19	1	1	rational	weight_390.json
390	134	3	500	5	54	1	20	1	1	rational	weight_390.json
390	134	3	244	5	54	1	21	1	1	rational	weight_390.json
390	134	3	244	5	54	1	22	1	1	rational	weight_390.json
390	134	3	500	5	54	1	23	1	1	rational	weight_390.json
390	134	3	500	5	54	1	24	1	1	rational	weight_390.json
390	134	3	500	5	54	1	25	1	1	rational	weight_390.json
390	134	3	244	5	54	1	26	1	1	rational	weight_390.json
390	134	3	500	5	54	1	27	1	1	rational	weight_390.json
390	134	3	500	5	54	1	28	1	1	rational	weight_390.json
390	134	3	500	5	54	1	29	1	1	rational	weight_390.json
390	134	3	500	5	54	1	30	1	1	rational	weight_390.json
390	134	3	244	5	54	1	31	1	2	rational	weight_390.json
392	136	3	12	5	302	1	1	1	1	rational	weight_392.json
392	136	3	140	5	302	1	2	1	1	rational	weight_392.json
392	136	3	12	5	302	1	3	1	1	rational	weight_392.json
392	136	3	140	5	302	1	4	1	1	rational	weight_392.json
392	136	3	12	5	302	1	5	1	1	rational	weight_392.json
392	136	3	12	5	302	1	6	1	1	rational	weight_392.json
392	136	3	12	5	302	1	7	1	1	rational	weight_392.json
392	136	3	140	5	302	1	8	1	1	rational	weight_392.json
392	136	3	12	5	302	1	9	1	1	rational	weight_392.json
392	136	3	140	5	302	1	10	1	1	rational	weight_392.json
392	136	3	140	5	302	1	11	1	1	rational	weight_392.json
392	136	3	140	5	302	1	12	1	1	rational	weight_392.json
392	136	3	12	5	302	1	13	1	1	rational	weight_392.json
392	136	3	140	5	302	1	14	1	1	rational	weight_392.json
392	136	3	140	5	302	1	15	1	1	rational	weight_392.json
392	136	3	140	5	302	1	16	1	1	rational	weight_392.json
392	136	3	140	5	302	1	17	1	1	rational	weight_392.json
392	136	3	12	5	302	1	18	1	1	rational	weight_392.json
392	136	3	12	5	302	1	19	1	1	rational	weight_392.json
392	136	3	140	5	302	1	20	1	1	rational	weight_392.json
392	136	3	12	5	302	1	21	1	1	rational	weight_392.json
392	136	3	12	5	302	1	22	1	1	rational	weight_392.json
392	136	3	12	5	302	1	23	1	1	rational	weight_392.json
392	136	3	12	5	302	1	24	1	1	rational	weight_392.json
392	136	3	12	5	302	1	25	1	1	rational	weight_392.json
392	136	3	140	5	302	1	26	1	1	rational	weight_392.json
392	136	3	140	5	302	1	27	1	1	rational	weight_392.json
392	136	3	140	5	302	1	28	1	1	rational	weight_392.json
392	136	3	12	5	302	1	29	1	1	rational	weight_392.json
392	136	3	140	5	302	1	30	1	1	rational	weight_392.json
392	136	3	12	5	302	1	31	1	1	rational	weight_392.json
392	136	3	140	5	302	1	32	1	1	rational	weight_392.json
394	138	3	356	5	358	1	1	1	1	rational	weight_394.json
394	138	3	228	5	358	1	2	1	1	rational	weight_394.json
394	138	3	228	5	358	1	3	1	1	rational	weight_394.json
394	138	3	228	5	358	1	4	1	1	rational	weight_394.json
394	138	3	228	5	358	1	5	1	1	rational	weight_394.json
394	138	3	228	5	358	1	6	1	1	rational	weight_394.json
394	138	3	228	5	358	1	7	1	1	rational	weight_394.json
394	138	3	356	5	358	1	8	1	1	rational	weight_394.json
394	138	3	228	5	358	1	9	1	1	rational	weight_394.json
394	138	3	228	5	358	1	10	1	1	rational	weight_394.json
394	138	3	228	5	358	1	11	1	1	rational	weight_394.json
394	138	3	228	5	358	1	12	1	1	rational	weight_394.json
394	138	3	356	5	358	1	13	1	1	rational	weight_394.json
394	138	3	356	5	358	1	14	1	1	rational	weight_394.json
394	138	3	356	5	358	1	15	1	1	rational	weight_394.json
394	138	3	356	5	358	1	16	1	1	rational	weight_394.json
394	138	3	228	5	358	1	17	1	1	rational	weight_394.json
394	138	3	356	5	358	1	18	1	1	rational	weight_394.json
394	138	3	356	5	358	1	19	1	1	rational	weight_394.json
394	138	3	228	5	358	1	20	1	1	rational	weight_394.json
394	138	3	356	5	358	1	21	1	1	rational	weight_394.json
394	138	3	356	5	358	1	22	1	1	rational	weight_394.json
394	138	3	356	5	358	1	23	1	1	rational	weight_394.json
394	138	3	356	5	358	1	24	1	1	rational	weight_394.json
394	138	3	228	5	358	1	25	1	1	rational	weight_394.json
394	138	3	228	5	358	1	26	1	1	rational	weight_394.json
394	138	3	228	5	358	1	27	1	1	rational	weight_394.json
394	138	3	356	5	358	1	28	1	1	rational	weight_394.json
394	138	3	356	5	358	1	29	1	1	rational	weight_394.json
394	138	3	356	5	358	1	30	1	1	rational	weight_394.json
394	138	3	356	5	358	1	31	1	1	rational	weight_394.json
394	138	3	228	5	358	1	32	1	1	rational	weight_394.json
396	140	3	508	5	222	1	1	1	1	rational	weight_396.json
396	140	3	252	5	222	1	2	1	1	rational	weight_396.json
396	140	3	252	5	222	1	3	1	1	rational	weight_396.json
396	140	3	508	5	222	1	4	1	1	rational	weight_396.json
396	140	3	508	5	222	1	5	1	1	rational	weight_396.json
396	140	3	252	5	222	1	6	1	1	rational	weight_396.json
396	140	3	508	5	222	1	7	1	1	rational	weight_396.json
396	140	3	508	5	222	1	8	1	1	rational	weight_396.json
396	140	3	252	5	222	1	9	1	1	rational	weight_396.json
396	140	3	252	5	222	1	10	1	1	rational	weight_396.json
396	140	3	252	5	222	1	11	1	1	rational	weight_396.json
396	140	3	252	5	222	1	12	1	1	rational	weight_396.json
396	140	3	252	5	222	1	13	1	1	rational	weight_396.json
396	140	3	508	5	222	1	14	1	1	rational	weight_396.json
396	140	3	508	5	222	1	15	1	1	rational	weight_396.json
396	140	3	508	5	222	1	16	1	1	rational	weight_396.json
396	140	3	252	5	222	1	17	1	1	rational	weight_396.json
396	140	3	252	5	222	1	18	1	1	rational	weight_396.json
396	140	3	508	5	222	1	19	1	1	rational	weight_396.json
396	140	3	508	5	222	1	20	1	1	rational	weight_396.json
396	140	3	252	5	222	1	21	1	1	rational	weight_396.json
396	140	3	252	5	222	1	22	1	1	rational	weight_396.json
396	140	3	508	5	222	1	23	1	1	rational	weight_396.json
396	140	3	508	5	222	1	24	1	1	rational	weight_396.json
396	140	3	508	5	222	1	25	1	1	rational	weight_396.json
396	140	3	508	5	222	1	26	1	1	rational	weight_396.json
396	140	3	508	5	222	1	27	1	1	rational	weight_396.json
396	140	3	508	5	222	1	28	1	1	rational	weight_396.json
396	140	3	252	5	222	1	29	1	1	rational	weight_396.json
396	140	3	252	5	222	1	30	1	1	rational	weight_396.json
396	140	3	252	5	222	1	31	1	1	rational	weight_396.json
396	140	3	252	5	222	1	32	1	2	rational	weight_396.json
398	142	3	468	5	406	1	1	1	1	rational	weight_398.json
398	142	3	468	5	406	1	2	1	1	rational	weight_398.json
398	142	3	468	5	406	1	3	1	1	rational	weight_398.json
398	142	3	468	5	406	1	4	1	1	rational	weight_398.json
398	142	3	468	5	406	1	5	1	1	rational	weight_398.json
398	142	3	468	5	406	1	6	1	1	rational	weight_398.json
398	142	3	468	5	406	1	7	1	1	rational	weight_398.json
398	142	3	468	5	406	1	8	1	1	rational	weight_398.json
398	142	3	212	5	406	1	9	1	1	rational	weight_398.json
398	142	3	212	5	406	1	10	1	1	rational	weight_398.json
398	142	3	468	5	406	1	11	1	1	rational	weight_398.json
398	142	3	468	5	406	1	12	1	1	rational	weight_398.json
398	142	3	468	5	406	1	13	1	1	rational	weight_398.json
398	142	3	468	5	406	1	14	1	1	rational	weight_398.json
398	142	3	468	5	406	1	15	1	1	rational	weight_398.json
398	142	3	468	5	406	1	16	1	1	rational	weight_398.json
398	142	3	468	5	406	1	17	1	1	rational	weight_398.json
398	142	3	468	5	406	1	18	1	1	rational	weight_398.json
398	142	3	212	5	406	1	19	1	1	rational	weight_398.json
398	142	3	212	5	406	1	20	1	1	rational	weight_398.json
398	142	3	212	5	406	1	21	2	1	rational	weight_398.json
398	142	3	212	5	406	1	22	1	2	rational	weight_398.json
398	142	3	212	5	406	1	23	2	1	rational	weight_398.json
398	142	3	212	5	406	1	24	2	1	rational	weight_398.json
398	142	3	212	5	406	1	25	1	2	rational	weight_398.json
398	142	3	212	5	406	1	26	2	1	rational	weight_398.json
400	144	3	236	5	398	1	1	1	1	rational	weight_400.json
400	144	3	108	5	398	1	2	1	1	rational	weight_400.json
400	144	3	236	5	398	1	3	1	1	rational	weight_400.json
400	144	3	108	5	398	1	4	1	1	rational	weight_400.json
400	144	3	236	5	398	1	5	1	1	rational	weight_400.json
400	144	3	108	5	398	1	6	1	1	rational	weight_400.json
400	144	3	236	5	398	1	7	1	1	rational	weight_400.json
400	144	3	108	5	398	1	8	1	1	rational	weight_400.json
400	144	3	236	5	398	1	9	1	1	rational	weight_400.json
400	144	3	108	5	398	1	10	1	1	rational	weight_400.json
400	144	3	236	5	398	1	11	1	1	rational	weight_400.json
400	144	3	108	5	398	1	12	1	1	rational	weight_400.json
400	144	3	236	5	398	1	13	1	1	rational	weight_400.json
400	144	3	108	5	398	1	14	1	1	rational	weight_400.json
400	144	3	236	5	398	1	15	1	1	rational	weight_400.json
400	144	3	108	5	398	1	16	1	1	rational	weight_400.json
400	144	3	236	5	398	1	17	1	1	rational	weight_400.json
400	144	3	108	5	398	1	18	1	1	rational	weight_400.json
400	144	3	236	5	398	1	19	1	1	rational	weight_400.json
400	144	3	108	5	398	1	20	1	1	rational	weight_400.json
400	144	3	236	5	398	1	21	1	1	rational	weight_400.json
400	144	3	108	5	398	1	22	1	1	rational	weight_400.json
400	144	3	236	5	398	1	23	1	1	rational	weight_400.json
400	144	3	108	5	398	1	24	1	1	rational	weight_400.json
400	144	3	236	5	398	1	25	1	1	rational	weight_400.json
400	144	3	108	5	398	1	26	1	1	rational	weight_400.json
400	144	3	236	5	398	1	27	1	1	rational	weight_400.json
400	144	3	108	5	398	1	28	1	1	rational	weight_400.json
400	144	3	236	5	398	1	29	1	1	rational	weight_400.json
400	144	3	108	5	398	1	30	1	1	rational	weight_400.json
400	144	3	236	5	398	1	31	1	1	rational	weight_400.json
400	144	3	108	5	398	1	32	1	1	rational	weight_400.json
400	144	3	236	5	398	1	33	1	1	rational	weight_400.json
402	146	3	324	5	198	1	1	1	1	rational	weight_402.json
402	146	3	452	5	198	1	2	1	1	rational	weight_402.json
402	146	3	324	5	198	1	3	1	1	rational	weight_402.json
402	146	3	452	5	198	1	4	1	1	rational	weight_402.json
402	146	3	324	5	198	1	5	1	1	rational	weight_402.json
402	146	3	452	5	198	1	6	1	1	rational	weight_402.json
402	146	3	324	5	198	1	7	1	1	rational	weight_402.json
402	146	3	452	5	198	1	8	1	1	rational	weight_402.json
402	146	3	324	5	198	1	9	1	1	rational	weight_402.json
402	146	3	452	5	198	1	10	1	1	rational	weight_402.json
402	146	3	324	5	198	1	11	1	1	rational	weight_402.json
402	146	3	452	5	198	1	12	1	1	rational	weight_402.json
402	146	3	324	5	198	1	13	1	1	rational	weight_402.json
402	146	3	452	5	198	1	14	1	1	rational	weight_402.json
402	146	3	324	5	198	1	15	1	1	rational	weight_402.json
402	146	3	452	5	198	1	16	1	1	rational	weight_402.json
402	146	3	324	5	198	1	17	1	1	rational	weight_402.json
402	146	3	452	5	198	1	18	1	1	rational	weight_402.json
402	146	3	324	5	198	1	19	1	1	rational	weight_402.json
402	146	3	452	5	198	1	20	1	1	rational	weight_402.json
402	146	3	324	5	198	1	21	1	1	rational	weight_402.json
402	146	3	452	5	198	1	22	1	1	rational	weight_402.json
402	146	3	324	5	198	1	23	1	1	rational	weight_402.json
402	146	3	452	5	198	1	24	1	1	rational	weight_402.json
402	146	3	324	5	198	1	25	1	1	rational	weight_402.json
402	146	3	452	5	198	1	26	1	1	rational	weight_402.json
402	146	3	324	5	198	1	27	1	1	rational	weight_402.json
402	146	3	452	5	198	1	28	1	1	rational	weight_402.json
402	146	3	324	5	198	1	29	1	1	rational	weight_402.json
402	146	3	452	5	198	1	30	1	1	rational	weight_402.json
402	146	3	324	5	198	1	31	1	1	rational	weight_402.json
402	146	3	452	5	198	1	32	1	1	rational	weight_402.json
402	146	3	324	5	198	1	33	1	1	rational	weight_402.json
404	148	3	476	5	318	1	1	1	1	rational	weight_404.json
404	148	3	476	5	318	1	2	1	1	rational	weight_404.json
404	148	3	476	5	318	1	3	1	1	rational	weight_404.json
404	148	3	476	5	318	1	4	1	1	rational	weight_404.json
404	148	3	476	5	318	1	5	1	1	rational	weight_404.json
404	148	3	476	5	318	1	6	1	1	rational	weight_404.json
404	148	3	476	5	318	1	7	1	1	rational	weight_404.json
404	148	3	476	5	318	1	8	1	1	rational	weight_404.json
404	148	3	220	5	318	1	9	1	1	rational	weight_404.json
404	148	3	220	5	318	1	10	1	1	rational	weight_404.json
404	148	3	476	5	318	1	11	1	1	rational	weight_404.json
404	148	3	476	5	318	1	12	1	1	rational	weight_404.json
404	148	3	476	5	318	1	13	1	1	rational	weight_404.json
404	148	3	476	5	318	1	14	1	1	rational	weight_404.json
404	148	3	476	5	318	1	15	1	1	rational	weight_404.json
404	148	3	476	5	318	1	16	1	1	rational	weight_404.json
404	148	3	476	5	318	1	17	1	1	rational	weight_404.json
404	148	3	476	5	318	1	18	1	1	rational	weight_404.json
404	148	3	220	5	318	1	19	1	1	rational	weight_404.json
404	148	3	220	5	318	1	20	1	1	rational	weight_404.json
404	148	3	476	5	318	1	21	1	1	rational	weight_404.json
404	148	3	220	5	318	1	22	2	1	rational	weight_404.json
404	148	3	220	5	318	1	23	1	2	rational	weight_404.json
404	148	3	220	5	318	1	24	2	1	rational	weight_404.json
404	148	3	220	5	318	1	25	2	1	rational	weight_404.json
404	148	3	220	5	318	1	26	1	2	rational	weight_404.json
404	148	3	220	5	318	1	27	2	1	rational	weight_404.json
406	150	3	180	5	246	1	1	1	1	rational	weight_406.json
406	150	3	180	5	246	1	2	1	1	rational	weight_406.json
406	150	3	436	5	246	1	3	1	1	rational	weight_406.json
406	150	3	436	5	246	1	4	1	1	rational	weight_406.json
406	150	3	180	5	246	1	5	1	1	rational	weight_406.json
406	150	3	180	5	246	1	6	1	1	rational	weight_406.json
406	150	3	180	5	246	1	7	1	1	rational	weight_406.json
406	150	3	180	5	246	1	8	1	1	rational	weight_406.json
406	150	3	436	5	246	1	9	1	1	rational	weight_406.json
406	150	3	436	5	246	1	10	1	1	rational	weight_406.json
406	150	3	180	5	246	1	11	1	1	rational	weight_406.json
406	150	3	180	5	246	1	12	1	1	rational	weight_406.json
406	150	3	180	5	246	1	13	1	1	rational	weight_406.json
406	150	3	180	5	246	1	14	1	1	rational	weight_406.json
406	150	3	436	5	246	1	15	1	1	rational	weight_406.json
406	150	3	436	5	246	1	16	1	1	rational	weight_406.json
406	150	3	180	5	246	1	17	1	1	rational	weight_406.json
406	150	3	180	5	246	1	18	1	1	rational	weight_406.json
406	150	3	180	5	246	1	19	1	1	rational	weight_406.json
406	150	3	180	5	246	1	20	1	1	rational	weight_406.json
406	150	3	436	5	246	1	21	1	1	rational	weight_406.json
406	150	3	436	5	246	1	22	1	1	rational	weight_406.json
406	150	3	180	5	246	1	23	1	1	rational	weight_406.json
406	150	3	180	5	246	1	24	1	1	rational	weight_406.json
406	150	3	180	5	246	1	25	1	1	rational	weight_406.json
406	150	3	436	5	246	1	26	1	2	rational	weight_406.json
406	150	3	436	5	246	1	27	1	2	rational	weight_406.json
406	150	3	436	5	246	1	28	1	2	rational	weight_406.json
406	150	3	436	5	246	1	29	2	1	rational	weight_406.json
408	152	3	76	5	494	1	1	1	1	rational	weight_408.json
408	152	3	460	5	494	1	2	1	1	rational	weight_408.json
408	152	3	76	5	494	1	3	1	1	rational	weight_408.json
408	152	3	460	5	494	1	4	1	1	rational	weight_408.json
408	152	3	76	5	494	1	5	1	1	rational	weight_408.json
408	152	3	460	5	494	1	6	1	1	rational	weight_408.json
408	152	3	76	5	494	1	7	1	1	rational	weight_408.json
408	152	3	460	5	494	1	8	1	1	rational	weight_408.json
408	152	3	76	5	494	1	9	1	1	rational	weight_408.json
408	152	3	460	5	494	1	10	1	1	rational	weight_408.json
408	152	3	76	5	494	1	11	1	1	rational	weight_408.json
408	152	3	460	5	494	1	12	1	1	rational	weight_408.json
408	152	3	76	5	494	1	13	1	1	rational	weight_408.json
408	152	3	460	5	494	1	14	1	1	rational	weight_408.json
408	152	3	76	5	494	1	15	1	1	rational	weight_408.json
408	152	3	460	5	494	1	16	1	1	rational	weight_408.json
408	152	3	76	5	494	1	17	1	1	rational	weight_408.json
408	152	3	460	5	494	1	18	1	1	rational	weight_408.json
408	152	3	76	5	494	1	19	1	1	rational	weight_408.json
408	152	3	460	5	494	1	20	1	1	rational	weight_408.json
408	152	3	76	5	494	1	21	1	1	rational	weight_408.json
408	152	3	460	5	494	1	22	1	1	rational	weight_408.json
408	152	3	76	5	494	1	23	1	1	rational	weight_408.json
408	152	3	460	5	494	1	24	1	1	rational	weight_408.json
408	152	3	76	5	494	1	25	1	1	rational	weight_408.json
408	152	3	460	5	494	1	26	1	1	rational	weight_408.json
408	152	3	76	5	494	1	27	1	1	rational	weight_408.json
408	152	3	460	5	494	1	28	1	1	rational	weight_408.json
408	152	3	76	5	494	1	29	1	1	rational	weight_408.json
408	152	3	460	5	494	1	30	1	1	rational	weight_408.json
408	152	3	76	5	494	1	31	1	1	rational	weight_408.json
408	152	3	460	5	494	1	32	1	1	rational	weight_408.json
408	152	3	76	5	494	1	33	1	1	rational	weight_408.json
408	152	3	460	5	494	1	34	1	1	rational	weight_408.json
410	154	3	292	5	38	1	1	1	1	rational	weight_410.json
410	154	3	164	5	38	1	2	1	1	rational	weight_410.json
410	154	3	292	5	38	1	3	1	1	rational	weight_410.json
410	154	3	164	5	38	1	4	1	1	rational	weight_410.json
410	154	3	292	5	38	1	5	1	1	rational	weight_410.json
410	154	3	164	5	38	1	6	1	1	rational	weight_410.json
410	154	3	292	5	38	1	7	1	1	rational	weight_410.json
410	154	3	164	5	38	1	8	1	1	rational	weight_410.json
410	154	3	292	5	38	1	9	1	1	rational	weight_410.json
410	154	3	164	5	38	1	10	1	1	rational	weight_410.json
410	154	3	292	5	38	1	11	1	1	rational	weight_410.json
410	154	3	164	5	38	1	12	1	1	rational	weight_410.json
410	154	3	292	5	38	1	13	1	1	rational	weight_410.json
410	154	3	292	5	38	1	14	1	1	rational	weight_410.json
410	154	3	292	5	38	1	15	1	1	rational	weight_410.json
410	154	3	164	5	38	1	16	1	1	rational	weight_410.json
410	154	3	292	5	38	1	17	1	1	rational	weight_410.json
410	154	3	164	5	38	1	18	1	1	rational	weight_410.json
410	154	3	292	5	38	1	19	1	1	rational	weight_410.json
410	154	3	164	5	38	1	20	1	1	rational	weight_410.json
410	154	3	292	5	38	1	21	1	1	rational	weight_410.json
410	154	3	164	5	38	1	22	1	1	rational	weight_410.json
410	154	3	292	5	38	1	23	1	1	rational	weight_410.json
410	154	3	164	5	38	1	24	1	1	rational	weight_410.json
410	154	3	292	5	38	1	25	1	1	rational	weight_410.json
410	154	3	164	5	38	1	26	1	1	rational	weight_410.json
410	154	3	292	5	38	1	27	1	1	rational	weight_410.json
410	154	3	292	5	38	1	28	1	1	rational	weight_410.json
410	154	3	292	5	38	1	29	1	1	rational	weight_410.json
410	154	3	164	5	38	1	30	2	1	rational	weight_410.json
410	154	3	164	5	38	1	31	1	2	rational	weight_410.json
412	156	3	188	5	414	1	1	1	1	rational	weight_412.json
412	156	3	188	5	414	1	2	1	1	rational	weight_412.json
412	156	3	444	5	414	1	3	1	1	rational	weight_412.json
412	156	3	444	5	414	1	4	1	1	rational	weight_412.json
412	156	3	188	5	414	1	5	1	1	rational	weight_412.json
412	156	3	188	5	414	1	6	1	1	rational	weight_412.json
412	156	3	188	5	414	1	7	1	1	rational	weight_412.json
412	156	3	188	5	414	1	8	1	1	rational	weight_412.json
412	156	3	444	5	414	1	9	1	1	rational	weight_412.json
412	156	3	444	5	414	1	10	1	1	rational	weight_412.json
412	156	3	188	5	414	1	11	1	1	rational	weight_412.json
412	156	3	188	5	414	1	12	1	1	rational	weight_412.json
412	156	3	188	5	414	1	13	1	1	rational	weight_412.json
412	156	3	188	5	414	1	14	1	1	rational	weight_412.json
412	156	3	444	5	414	1	15	1	1	rational	weight_412.json
412	156	3	444	5	414	1	16	1	1	rational	weight_412.json
412	156	3	188	5	414	1	17	1	1	rational	weight_412.json
412	156	3	188	5	414	1	18	1	1	rational	weight_412.json
412	156	3	188	5	414	1	19	1	1	rational	weight_412.json
412	156	3	188	5	414	1	20	1	1	rational	weight_412.json
412	156	3	444	5	414	1	21	1	1	rational	weight_412.json
412	156	3	444	5	414	1	22	1	1	rational	weight_412.json
412	156	3	188	5	414	1	23	1	1	rational	weight_412.json
412	156	3	188	5	414	1	24	1	1	rational	weight_412.json
412	156	3	188	5	414	1	25	1	1	rational	weight_412.json
412	156	3	188	5	414	1	26	1	1	rational	weight_412.json
412	156	3	444	5	414	1	27	1	2	rational	weight_412.json
412	156	3	444	5	414	1	28	1	2	rational	weight_412.json
412	156	3	444	5	414	1	29	1	2	rational	weight_412.json
412	156	3	444	5	414	1	30	2	1	rational	weight_412.json
414	158	3	404	5	86	1	1	1	1	rational	weight_414.json
414	158	3	404	5	86	1	2	1	1	rational	weight_414.json
414	158	3	404	5	86	1	3	1	1	rational	weight_414.json
414	158	3	404	5	86	1	4	1	1	rational	weight_414.json
414	158	3	404	5	86	1	5	1	1	rational	weight_414.json
414	158	3	404	5	86	1	6	1	1	rational	weight_414.json
414	158	3	404	5	86	1	7	1	1	rational	weight_414.json
414	158	3	404	5	86	1	8	1	1	rational	weight_414.json
414	158	3	404	5	86	1	9	1	1	rational	weight_414.json
414	158	3	404	5	86	1	10	1	1	rational	weight_414.json
414	158	3	148	5	86	1	11	1	2	rational	weight_414.json
414	158	3	148	5	86	1	12	1	2	rational	weight_414.json
414	158	3	404	5	86	1	13	2	1	rational	weight_414.json
414	158	3	148	5	86	1	14	1	2	rational	weight_414.json
414	158	3	148	5	86	1	15	1	2	rational	weight_414.json
414	158	3	148	5	86	1	16	1	2	rational	weight_414.json
414	158	3	148	5	86	1	17	1	2	rational	weight_414.json
414	158	3	404	5	86	1	18	2	1	rational	weight_414.json
414	158	3	148	5	86	1	19	1	2	rational	weight_414.json
414	158	3	148	5	86	1	20	1	2	rational	weight_414.json
414	158	3	404	5	86	1	21	1	2	rational	weight_414.json
414	158	3	148	5	86	1	22	1	2	rational	weight_414.json
