weight	weight_residue	ell_1	a_ell_1	ell_2	a_ell_2	orbit	place	e	f	kind	weight_file
12	12	2	219	7	23	1	1	1	1	rational	weight_12.json
16	16	2	216	7	11	1	1	1	1	rational	weight_16.json
18	18	2	201	7	167	1	1	1	1	rational	weight_18.json
20	20	2	213	7	116	1	1	1	1	rational	weight_20.json
22	22	2	198	7	209	1	1	1	1	rational	weight_22.json
24	24	2	183	7	149	1	1	1	1	rational	weight_24.json
24	24	2	168	7	230	1	2	1	1	rational	weight_24.json
26	26	2	195	7	206	1	1	1	1	rational	weight_26.json
28	28	2	weight_28.json#orbit=1,place=1,coordinate=0	7	weight_28.json#orbit=1,place=1,coordinate=1	1	1	1	2	algebraic	weight_28.json
30	30	2	165	7	212	1	1	1	1	rational	weight_30.json
30	30	2	213	7	131	1	2	1	1	rational	weight_30.json
32	32	2	177	7	134	1	1	1	1	rational	weight_32.json
32	32	2	174	7	53	1	2	1	1	rational	weight_32.json
34	34	2	144	7	200	1	1	1	1	rational	weight_34.json
34	34	2	162	7	119	1	2	1	1	rational	weight_34.json
36	36	2	147	7	113	1	1	1	1	rational	weight_36.json
36	36	2	174	7	32	1	2	1	1	rational	weight_36.json
36	36	2	96	7	113	1	3	1	1	rational	weight_36.json
38	38	2	84	7	143	1	1	1	1	rational	weight_38.json
38	38	2	159	7	143	1	2	1	1	rational	weight_38.json
40	40	2	81	7	236	1	1	1	1	rational	weight_40.json
40	40	2	180	7	74	1	2	1	1	rational	weight_40.json
40	40	2	144	7	74	1	3	1	1	rational	weight_40.json
42	42	2	60	7	176	1	1	1	1	rational	weight_42.json
42	42	2	129	7	95	1	2	1	1	rational	weight_42.json
42	42	2	183	7	176	1	3	1	1	rational	weight_42.json
44	44	2	75	7	71	1	1	1	1	rational	weight_44.json
44	44	2	168	7	71	1	2	1	1	rational	weight_44.json
44	44	2	141	7	233	1	3	1	1	rational	weight_44.json
46	46	2	162	7	29	1	1	1	1	rational	weight_46.json
46	46	2	weight_46.json#orbit=1,place=2,coordinate=0	7	weight_46.json#orbit=1,place=2,coordinate=1	1	2	1	2	algebraic	weight_46.json
48	48	2	213	7	158	1	1	1	1	rational	weight_48.json
48	48	2	105	7	77	1	2	1	1	rational	weight_48.json
48	48	2	111	7	158	1	3	1	1	rational	weight_48.json
48	48	2	30	7	158	1	4	1	1	rational	weight_48.json
50	50	2	204	7	161	1	1	1	1	rational	weight_50.json
50	50	2	147	7	80	1	2	1	1	rational	weight_50.json
50	50	2	123	7	161	1	3	1	1	rational	weight_50.json
52	52	2	81	7	227	1	1	1	1	rational	weight_52.json
52	52	2	108	7	227	1	2	1	1	rational	weight_52.json
52	52	2	198	7	65	1	3	1	1	rational	weight_52.json
52	52	2	225	7	65	1	4	1	1	rational	weight_52.json
54	54	2	69	7	59	1	1	1	1	rational	weight_54.json
54	54	2	231	7	59	1	2	1	1	rational	weight_54.json
54	54	2	201	7	221	1	3	1	1	rational	weight_54.json
54	54	2	93	7	59	1	4	1	1	rational	weight_54.json
56	56	2	105	7	170	1	1	1	1	rational	weight_56.json
56	56	2	57	7	170	1	2	1	1	rational	weight_56.json
56	56	2	78	7	89	1	3	1	1	rational	weight_56.json
56	56	2	219	7	170	1	4	1	1	rational	weight_56.json
58	58	2	135	7	101	1	1	1	1	rational	weight_58.json
58	58	2	90	7	182	1	2	1	1	rational	weight_58.json
58	58	2	99	7	182	1	3	1	1	rational	weight_58.json
58	58	2	126	7	182	1	4	1	1	rational	weight_58.json
60	60	2	210	7	122	1	1	1	1	rational	weight_60.json
60	60	2	75	7	41	1	2	1	1	rational	weight_60.json
60	60	2	195	7	122	1	3	1	1	rational	weight_60.json
60	60	2	168	7	41	1	4	1	1	rational	weight_60.json
60	60	2	129	7	122	1	5	1	1	rational	weight_60.json
62	62	2	87	7	17	1	1	1	1	rational	weight_62.json
62	62	2	33	7	98	1	2	1	1	rational	weight_62.json
62	62	2	156	7	17	1	3	1	1	rational	weight_62.json
62	62	2	48	7	98	1	4	1	1	rational	weight_62.json
64	64	2	108	7	137	1	1	1	1	rational	weight_64.json
64	64	2	207	7	218	1	2	1	1	rational	weight_64.json
64	64	2	18	7	218	1	3	1	1	rational	weight_64.json
64	64	2	weight_64.json#orbit=1,place=4,coordinate=0	7	weight_64.json#orbit=1,place=4,coordinate=1	1	4	1	2	algebraic	weight_64.json
66	66	2	57	7	104	1	1	1	1	rational	weight_66.json
66	66	2	57	7	104	1	2	1	1	rational	weight_66.json
66	66	2	24	7	104	1	3	1	1	rational	weight_66.json
66	66	2	240	7	23	1	4	1	1	rational	weight_66.json
66	66	2	3	7	23	1	5	1	1	rational	weight_66.json
68	68	2	69	7	188	1	1	1	1	rational	weight_68.json
68	68	2	93	7	188	1	2	1	1	rational	weight_68.json
68	68	2	120	7	107	1	3	1	1	rational	weight_68.json
68	68	2	123	7	107	1	4	1	1	rational	weight_68.json
68	68	2	69	7	188	1	5	1	1	rational	weight_68.json
70	70	2	135	7	92	1	1	1	1	rational	weight_70.json
70	70	2	54	7	92	1	2	1	1	rational	weight_70.json
70	70	2	45	7	173	1	3	1	1	rational	weight_70.json
70	70	2	weight_70.json#orbit=1,place=4,coordinate=0	7	weight_70.json#orbit=1,place=4,coordinate=1	1	4	1	2	algebraic	weight_70.json
72	72	2	39	7	5	1	1	1	1	rational	weight_72.json
72	72	2	39	7	5	1	2	1	1	rational	weight_72.json
72	72	2	15	7	167	1	3	1	1	rational	weight_72.json
72	72	2	228	7	167	1	4	1	1	rational	weight_72.json
72	72	2	123	7	5	1	5	1	1	rational	weight_72.json
72	72	2	123	7	5	1	6	1	1	rational	weight_72.json
74	74	2	30	7	197	1	1	1	1	rational	weight_74.json
74	74	2	51	7	197	1	2	1	1	rational	weight_74.json
74	74	2	186	7	116	1	3	1	1	rational	weight_74.json
74	74	2	30	7	197	1	4	1	1	rational	weight_74.json
74	74	2	51	7	197	1	5	1	1	rational	weight_74.json
76	76	2	189	7	209	1	1	1	1	rational	weight_76.json
76	76	2	108	7	209	1	2	1	1	rational	weight_76.json
76	76	2	117	7	47	1	3	1	1	rational	weight_76.json
76	76	2	36	7	47	1	4	1	1	rational	weight_76.json
76	76	2	weight_76.json#orbit=1,place=5,coordinate=0	7	weight_76.json#orbit=1,place=5,coordinate=1	1	5	1	2	algebraic	weight_76.json
78	78	2	222	7	230	1	1	1	1	rational	weight_78.json
78	78	2	237	7	68	1	2	1	1	rational	weight_78.json
78	78	2	87	7	68	1	3	1	1	rational	weight_78.json
78	78	2	21	7	230	1	4	1	1	rational	weight_78.json
78	78	2	237	7	68	1	5	1	1	rational	weight_78.json
78	78	2	87	7	68	1	6	1	1	rational	weight_78.json
80	80	2	21	7	125	1	1	1	1	rational	weight_80.json
80	80	2	141	7	125	1	2	1	1	rational	weight_80.json
80	80	2	210	7	44	1	3	1	1	rational	weight_80.json
80	80	2	21	7	125	1	4	1	1	rational	weight_80.json
80	80	2	141	7	125	1	5	1	1	rational	weight_80.json
80	80	2	33	7	44	1	6	1	1	rational	weight_80.json
82	82	2	135	7	2	1	1	1	1	rational	weight_82.json
82	82	2	54	7	2	1	2	1	1	rational	weight_82.json
82	82	2	225	7	83	1	3	1	1	rational	weight_82.json
82	82	2	36	7	83	1	4	1	1	rational	weight_82.json
82	82	2	weight_82.json#orbit=1,place=5,coordinate=0	7	weight_82.json#orbit=1,place=5,coordinate=1	1	5	1	2	algebraic	weight_82.json
84	84	2	78	7	50	1	1	1	1	rational	weight_84.json
84	84	2	111	7	212	1	2	1	1	rational	weight_84.json
84	84	2	3	7	50	1	3	1	1	rational	weight_84.json
84	84	2	78	7	50	1	4	1	1	rational	weight_84.json
84	84	2	84	7	50	1	5	1	1	rational	weight_84.json
84	84	2	132	7	212	1	6	1	1	rational	weight_84.json
84	84	2	84	7	50	1	7	1	1	rational	weight_84.json
86	86	2	15	7	215	1	1	1	1	rational	weight_86.json
86	86	2	147	7	215	1	2	1	1	rational	weight_86.json
86	86	2	150	7	134	1	3	1	1	rational	weight_86.json
86	86	2	93	7	134	1	4	1	1	rational	weight_86.json
86	86	2	177	7	215	1	5	1	1	rational	weight_86.json
86	86	2	147	7	215	1	6	1	1	rational	weight_86.json
88	88	2	0	7	200	1	1	1	1	rational	weight_88.json
88	88	2	189	7	200	1	2	1	1	rational	weight_88.json
88	88	2	108	7	200	1	3	1	1	rational	weight_88.json
88	88	2	63	7	38	1	4	1	1	rational	weight_88.json
88	88	2	117	7	38	1	5	1	1	rational	weight_88.json
88	88	2	weight_88.json#orbit=1,place=6,coordinate=0	7	weight_88.json#orbit=1,place=6,coordinate=1	1	6	1	2	algebraic	weight_88.json
90	90	2	15	7	194	1	1	1	1	rational	weight_90.json
90	90	2	228	7	194	1	2	1	1	rational	weight_90.json
90	90	2	147	7	194	1	3	1	1	rational	weight_90.json
90	90	2	177	7	194	1	4	1	1	rational	weight_90.json
90	90	2	231	7	113	1	5	1	1	rational	weight_90.json
90	90	2	147	7	194	1	6	1	1	rational	weight_90.json
90	90	2	12	7	113	1	7	1	1	rational	weight_90.json
92	92	2	78	7	224	1	1	1	1	rational	weight_92.json
92	92	2	78	7	224	1	2	1	1	rational	weight_92.json
92	92	2	3	7	224	1	3	1	1	rational	weight_92.json
92	92	2	192	7	143	1	4	1	1	rational	weight_92.json
92	92	2	51	7	143	1	5	1	1	rational	weight_92.json
92	92	2	240	7	224	1	6	1	1	rational	weight_92.json
92	92	2	84	7	224	1	7	1	1	rational	weight_92.json
94	94	2	0	7	74	1	1	1	1	rational	weight_94.json
94	94	2	54	7	74	1	2	1	1	rational	weight_94.json
94	94	2	18	7	155	1	3	1	1	rational	weight_94.json
94	94	2	225	7	155	1	4	1	1	rational	weight_94.json
94	94	2	207	7	155	1	5	1	1	rational	weight_94.json
94	94	2	weight_94.json#orbit=1,place=6,coordinate=0	7	weight_94.json#orbit=1,place=6,coordinate=1	1	6	1	2	algebraic	weight_94.json
96	96	2	102	7	14	1	1	1	1	rational	weight_96.json
96	96	2	33	7	176	1	2	1	1	rational	weight_96.json
96	96	2	21	7	14	1	3	1	1	rational	weight_96.json
96	96	2	222	7	14	1	4	1	1	rational	weight_96.json
96	96	2	60	7	14	1	5	1	1	rational	weight_96.json
96	96	2	210	7	176	1	6	1	1	rational	weight_96.json
96	96	2	60	7	14	1	7	1	1	rational	weight_96.json
96	96	2	210	7	176	1	8	1	1	rational	weight_96.json
98	98	2	156	7	152	1	1	1	1	rational	weight_98.json
98	98	2	21	7	71	1	2	1	1	rational	weight_98.json
98	98	2	222	7	71	1	3	1	1	rational	weight_98.json
98	98	2	168	7	152	1	4	1	1	rational	weight_98.json
98	98	2	222	7	71	1	5	1	1	rational	weight_98.json
98	98	2	237	7	152	1	6	1	1	rational	weight_98.json
98	98	2	6	7	152	1	7	1	1	rational	weight_98.json
100	100	2	0	7	110	1	1	1	1	rational	weight_100.json
100	100	2	189	7	110	1	2	1	1	rational	weight_100.json
100	100	2	18	7	191	1	3	1	1	rational	weight_100.json
100	100	2	207	7	191	1	4	1	1	rational	weight_100.json
100	100	2	weight_100.json#orbit=1,place=5,coordinate=0	7	weight_100.json#orbit=1,place=5,coordinate=1	1	5	1	2	algebraic	weight_100.json
100	100	2	weight_100.json#orbit=1,place=6,coordinate=0	7	weight_100.json#orbit=1,place=6,coordinate=1	1	6	1	2	algebraic	weight_100.json
102	102	2	132	7	239	1	1	1	1	rational	weight_102.json
102	102	2	30	7	239	1	2	1	1	rational	weight_102.json
102	102	2	24	7	158	1	3	1	1	rational	weight_102.json
102	102	2	192	7	239	1	4	1	1	rational	weight_102.json
102	102	2	24	7	158	1	5	1	1	rational	weight_102.json
102	102	2	51	7	239	1	6	1	1	rational	weight_102.json
102	102	2	111	7	239	1	7	1	1	rational	weight_102.json
102	102	2	219	7	158	1	8	1	1	rational	weight_102.json
104	104	2	66	7	161	1	1	1	1	rational	weight_104.json
104	104	2	204	7	242	1	2	1	1	rational	weight_104.json
104	104	2	39	7	242	1	3	1	1	rational	weight_104.json
104	104	2	66	7	161	1	4	1	1	rational	weight_104.json
104	104	2	201	7	242	1	5	1	1	rational	weight_104.json
104	104	2	42	7	242	1	6	1	1	rational	weight_104.json
104	104	2	177	7	161	1	7	1	1	rational	weight_104.json
104	104	2	123	7	242	1	8	1	1	rational	weight_104.json
106	106	2	0	7	65	1	1	1	1	rational	weight_106.json
106	106	2	189	7	65	1	2	1	1	rational	weight_106.json
106	106	2	54	7	65	1	3	1	1	rational	weight_106.json
106	106	2	63	7	146	1	4	1	1	rational	weight_106.json
106	106	2	126	7	146	1	5	1	1	rational	weight_106.json
106	106	2	9	7	146	1	6	1	1	rational	weight_106.json
106	106	2	180	7	146	1	7	1	1	rational	weight_106.json
106	106	2	117	7	146	1	8	1	1	rational	weight_106.json
108	108	2	39	7	59	1	1	1	1	rational	weight_108.json
108	108	2	204	7	59	1	2	1	1	rational	weight_108.json
108	108	2	231	7	140	1	3	1	1	rational	weight_108.json
108	108	2	93	7	140	1	4	1	1	rational	weight_108.json
108	108	2	150	7	140	1	5	1	1	rational	weight_108.json
108	108	2	69	7	140	1	6	1	1	rational	weight_108.json
108	108	2	174	7	140	1	7	1	1	rational	weight_108.json
108	108	2	39	7	59	1	8	1	1	rational	weight_108.json
108	108	2	12	7	140	1	9	1	1	rational	weight_108.json
110	110	2	219	7	8	1	1	1	1	rational	weight_110.json
110	110	2	186	7	8	1	2	1	1	rational	weight_110.json
110	110	2	24	7	8	1	3	1	1	rational	weight_110.json
110	110	2	84	7	170	1	4	1	1	rational	weight_110.json
110	110	2	57	7	8	1	5	1	1	rational	weight_110.json
110	110	2	105	7	8	1	6	1	1	rational	weight_110.json
110	110	2	159	7	170	1	7	1	1	rational	weight_110.json
110	110	2	138	7	8	1	8	1	1	rational	weight_110.json
112	112	2	0	7	182	1	1	1	1	rational	weight_112.json
112	112	2	54	7	182	1	2	1	1	rational	weight_112.json
112	112	2	189	7	182	1	3	1	1	rational	weight_112.json
112	112	2	207	7	20	1	4	1	1	rational	weight_112.json
112	112	2	72	7	20	1	5	1	1	rational	weight_112.json
112	112	2	36	7	20	1	6	1	1	rational	weight_112.json
112	112	2	18	7	20	1	7	1	1	rational	weight_112.json
112	112	2	225	7	20	1	8	1	1	rational	weight_112.json
112	112	2	171	7	20	1	9	1	1	rational	weight_112.json
114	114	2	156	7	122	1	1	1	1	rational	weight_114.json
114	114	2	87	7	122	1	2	1	1	rational	weight_114.json
114	114	2	129	7	203	1	3	1	1	rational	weight_114.json
114	114	2	210	7	203	1	4	1	1	rational	weight_114.json
114	114	2	195	7	203	1	5	1	1	rational	weight_114.json
114	114	2	114	7	203	1	6	1	1	rational	weight_114.json
114	114	2	156	7	122	1	7	1	1	rational	weight_114.json
114	114	2	33	7	203	1	8	1	1	rational	weight_114.json
114	114	2	48	7	203	1	9	1	1	rational	weight_114.json
116	116	2	168	7	98	1	1	1	1	rational	weight_116.json
116	116	2	75	7	98	1	2	1	1	rational	weight_116.json
116	116	2	48	7	179	1	3	1	1	rational	weight_116.json
116	116	2	33	7	179	1	4	1	1	rational	weight_116.json
116	116	2	210	7	179	1	5	1	1	rational	weight_116.json
116	116	2	114	7	179	1	6	1	1	rational	weight_116.json
116	116	2	195	7	179	1	7	1	1	rational	weight_116.json
116	116	2	168	7	98	1	8	1	1	rational	weight_116.json
116	116	2	129	7	179	1	9	1	1	rational	weight_116.json
118	118	2	0	7	218	1	1	1	1	rational	weight_118.json
118	118	2	189	7	218	1	2	1	1	rational	weight_118.json
118	118	2	54	7	218	1	3	1	1	rational	weight_118.json
118	118	2	18	7	56	1	4	1	1	rational	weight_118.json
118	118	2	207	7	56	1	5	1	1	rational	weight_118.json
118	118	2	weight_118.json#orbit=1,place=6,coordinate=0	7	weight_118.json#orbit=1,place=6,coordinate=1	1	6	1	2	algebraic	weight_118.json
118	118	2	weight_118.json#orbit=1,place=7,coordinate=0	7	weight_118.json#orbit=1,place=7,coordinate=1	1	7	1	2	algebraic	weight_118.json
120	120	2	84	7	104	1	1	1	1	rational	weight_120.json
120	120	2	138	7	185	1	2	1	1	rational	weight_120.json
120	120	2	105	7	185	1	3	1	1	rational	weight_120.json
120	120	2	219	7	185	1	4	1	1	rational	weight_120.json
120	120	2	186	7	185	1	5	1	1	rational	weight_120.json
120	120	2	24	7	185	1	6	1	1	rational	weight_120.json
120	120	2	57	7	185	1	7	1	1	rational	weight_120.json
120	120	2	159	7	104	1	8	1	1	rational	weight_120.json
120	120	2	159	7	104	1	9	1	1	rational	weight_120.json
120	120	2	138	7	185	1	10	1	1	rational	weight_120.json
122	122	2	69	7	26	1	1	1	1	rational	weight_122.json
122	122	2	174	7	26	1	2	1	1	rational	weight_122.json
122	122	2	39	7	188	1	3	1	1	rational	weight_122.json
122	122	2	150	7	26	1	4	1	1	rational	weight_122.json
122	122	2	204	7	188	1	5	1	1	rational	weight_122.json
122	122	2	150	7	26	1	6	1	1	rational	weight_122.json
122	122	2	231	7	26	1	7	1	1	rational	weight_122.json
122	122	2	39	7	188	1	8	1	1	rational	weight_122.json
122	122	2	12	7	26	1	9	1	1	rational	weight_122.json
124	124	2	0	7	173	1	1	1	1	rational	weight_124.json
124	124	2	135	7	173	1	2	1	1	rational	weight_124.json
124	124	2	189	7	173	1	3	1	1	rational	weight_124.json
124	124	2	54	7	173	1	4	1	1	rational	weight_124.json
124	124	2	126	7	11	1	5	1	1	rational	weight_124.json
124	124	2	180	7	11	1	6	1	1	rational	weight_124.json
124	124	2	63	7	11	1	7	1	1	rational	weight_124.json
124	124	2	117	7	11	1	8	1	1	rational	weight_124.json
124	124	2	weight_124.json#orbit=1,place=9,coordinate=0	7	weight_124.json#orbit=1,place=9,coordinate=1	1	9	1	2	algebraic	weight_124.json
126	126	2	123	7	86	1	1	1	1	rational	weight_126.json
126	126	2	177	7	5	1	2	1	1	rational	weight_126.json
126	126	2	39	7	86	1	3	1	1	rational	weight_126.json
126	126	2	66	7	5	1	4	1	1	rational	weight_126.json
126	126	2	42	7	86	1	5	1	1	rational	weight_126.json
126	126	2	66	7	5	1	6	1	1	rational	weight_126.json
126	126	2	120	7	86	1	7	1	1	rational	weight_126.json
126	126	2	42	7	86	1	8	1	1	rational	weight_126.json
126	126	2	204	7	86	1	9	1	1	rational	weight_126.json
126	126	2	120	7	86	1	10	1	1	rational	weight_126.json
128	128	2	132	7	35	1	1	1	1	rational	weight_128.json
128	128	2	24	7	197	1	2	1	1	rational	weight_128.json
128	128	2	213	7	35	1	3	1	1	rational	weight_128.json
128	128	2	24	7	197	1	4	1	1	rational	weight_128.json
128	128	2	132	7	35	1	5	1	1	rational	weight_128.json
128	128	2	192	7	35	1	6	1	1	rational	weight_128.json
128	128	2	192	7	35	1	7	1	1	rational	weight_128.json
128	128	2	111	7	35	1	8	1	1	rational	weight_128.json
128	128	2	30	7	35	1	9	1	1	rational	weight_128.json
128	128	2	219	7	197	1	10	1	1	rational	weight_128.json
130	130	2	0	7	47	1	1	1	1	rational	weight_130.json
130	130	2	189	7	47	1	2	1	1	rational	weight_130.json
130	130	2	108	7	47	1	3	1	1	rational	weight_130.json
130	130	2	225	7	128	1	4	1	1	rational	weight_130.json
130	130	2	36	7	128	1	5	1	1	rational	weight_130.json
130	130	2	117	7	128	1	6	1	1	rational	weight_130.json
130	130	2	18	7	128	1	7	1	1	rational	weight_130.json
130	130	2	207	7	128	1	8	1	1	rational	weight_130.json
130	130	2	weight_130.json#orbit=1,place=9,coordinate=0	7	weight_130.json#orbit=1,place=9,coordinate=1	1	9	1	2	algebraic	weight_130.json
132	132	2	237	7	149	1	1	1	1	rational	weight_132.json
132	132	2	156	7	149	1	2	1	1	rational	weight_132.json
132	132	2	102	7	68	1	3	1	1	rational	weight_132.json
132	132	2	141	7	68	1	4	1	1	rational	weight_132.json
132	132	2	75	7	149	1	5	1	1	rational	weight_132.json
132	132	2	87	7	149	1	6	1	1	rational	weight_132.json
132	132	2	141	7	68	1	7	1	1	rational	weight_132.json
132	132	2	75	7	149	1	8	1	1	rational	weight_132.json
132	132	2	6	7	149	1	9	1	1	rational	weight_132.json
132	132	2	6	7	149	1	10	1	1	rational	weight_132.json
132	132	2	102	7	68	1	11	1	1	rational	weight_132.json
134	134	2	129	7	125	1	1	1	1	rational	weight_134.json
134	134	2	183	7	206	1	2	1	1	rational	weight_134.json
134	134	2	129	7	125	1	3	1	1	rational	weight_134.json
134	134	2	114	7	125	1	4	1	1	rational	weight_134.json
134	134	2	141	7	206	1	5	1	1	rational	weight_134.json
134	134	2	114	7	125	1	6	1	1	rational	weight_134.json
134	134	2	102	7	206	1	7	1	1	rational	weight_134.json
134	134	2	222	7	206	1	8	1	1	rational	weight_134.json
134	134	2	183	7	206	1	9	1	1	rational	weight_134.json
134	134	2	222	7	206	1	10	1	1	rational	weight_134.json
136	136	2	0	7	83	1	1	1	1	rational	weight_136.json
136	136	2	54	7	83	1	2	1	1	rational	weight_136.json
136	136	2	135	7	83	1	3	1	1	rational	weight_136.json
136	136	2	36	7	164	1	4	1	1	rational	weight_136.json
136	136	2	225	7	164	1	5	1	1	rational	weight_136.json
136	136	2	weight_136.json#orbit=1,place=6,coordinate=0	7	weight_136.json#orbit=1,place=6,coordinate=1	1	6	1	2	algebraic	weight_136.json
136	136	2	weight_136.json#orbit=1,place=7,coordinate=0	7	weight_136.json#orbit=1,place=7,coordinate=1	1	7	1	2	algebraic	weight_136.json
136	136	2	weight_136.json#orbit=1,place=8,coordinate=0	7	weight_136.json#orbit=1,place=8,coordinate=1	1	8	1	2	algebraic	weight_136.json
138	138	2	165	7	131	1	1	1	1	rational	weight_138.json
138	138	2	51	7	50	1	2	1	1	rational	weight_138.json
138	138	2	159	7	131	1	3	1	1	rational	weight_138.json
138	138	2	84	7	131	1	4	1	1	rational	weight_138.json
138	138	2	165	7	131	1	5	1	1	rational	weight_138.json
138	138	2	192	7	50	1	6	1	1	rational	weight_138.json
138	138	2	84	7	131	1	7	1	1	rational	weight_138.json
138	138	2	51	7	50	1	8	1	1	rational	weight_138.json
138	138	2	240	7	131	1	9	1	1	rational	weight_138.json
138	138	2	240	7	131	1	10	1	1	rational	weight_138.json
138	138	2	192	7	50	1	11	1	1	rational	weight_138.json
140	140	2	66	7	53	1	1	1	1	rational	weight_140.json
140	140	2	96	7	53	1	2	1	1	rational	weight_140.json
140	140	2	15	7	53	1	3	1	1	rational	weight_140.json
140	140	2	231	7	215	1	4	1	1	rational	weight_140.json
140	140	2	147	7	53	1	5	1	1	rational	weight_140.json
140	140	2	12	7	215	1	6	1	1	rational	weight_140.json
140	140	2	66	7	53	1	7	1	1	rational	weight_140.json
140	140	2	12	7	215	1	8	1	1	rational	weight_140.json
140	140	2	231	7	215	1	9	1	1	rational	weight_140.json
140	140	2	96	7	53	1	10	1	1	rational	weight_140.json
140	140	2	15	7	53	1	11	1	1	rational	weight_140.json
142	142	2	0	7	38	1	1	1	1	rational	weight_142.json
142	142	2	81	7	38	1	2	1	1	rational	weight_142.json
142	142	2	108	7	38	1	3	1	1	rational	weight_142.json
142	142	2	189	7	38	1	4	1	1	rational	weight_142.json
142	142	2	180	7	119	1	5	1	1	rational	weight_142.json
142	142	2	225	7	119	1	6	1	1	rational	weight_142.json
142	142	2	198	7	119	1	7	1	1	rational	weight_142.json
142	142	2	117	7	119	1	8	1	1	rational	weight_142.json
142	142	2	63	7	119	1	9	1	1	rational	weight_142.json
142	142	2	weight_142.json#orbit=1,place=10,coordinate=0	7	weight_142.json#orbit=1,place=10,coordinate=1	1	10	1	2	algebraic	weight_142.json
144	144	2	150	7	194	1	1	1	1	rational	weight_144.json
144	144	2	228	7	32	1	2	1	1	rational	weight_144.json
144	144	2	228	7	32	1	3	1	1	rational	weight_144.json
144	144	2	66	7	32	1	4	1	1	rational	weight_144.json
144	144	2	93	7	194	1	5	1	1	rational	weight_144.json
144	144	2	66	7	32	1	6	1	1	rational	weight_144.json
144	144	2	93	7	194	1	7	1	1	rational	weight_144.json
144	144	2	96	7	32	1	8	1	1	rational	weight_144.json
144	144	2	150	7	194	1	9	1	1	rational	weight_144.json
144	144	2	177	7	32	1	10	1	1	rational	weight_144.json
144	144	2	96	7	32	1	11	1	1	rational	weight_144.json
144	144	2	177	7	32	1	12	1	1	rational	weight_144.json
146	146	2	3	7	62	1	1	1	1	rational	weight_146.json
146	146	2	3	7	62	1	2	1	1	rational	weight_146.json
146	146	2	78	7	62	1	3	1	1	rational	weight_146.json
146	146	2	165	7	62	1	4	1	1	rational	weight_146.json
146	146	2	159	7	62	1	5	1	1	rational	weight_146.json
146	146	2	132	7	224	1	6	1	1	rational	weight_146.json
146	146	2	111	7	224	1	7	1	1	rational	weight_146.json
146	146	2	78	7	62	1	8	1	1	rational	weight_146.json
146	146	2	132	7	224	1	9	1	1	rational	weight_146.json
146	146	2	159	7	62	1	10	1	1	rational	weight_146.json
146	146	2	165	7	62	1	11	1	1	rational	weight_146.json
148	148	2	0	7	155	1	1	1	1	rational	weight_148.json
148	148	2	162	7	155	1	2	1	1	rational	weight_148.json
148	148	2	54	7	155	1	3	1	1	rational	weight_148.json
148	148	2	135	7	155	1	4	1	1	rational	weight_148.json
148	148	2	126	7	236	1	5	1	1	rational	weight_148.json
148	148	2	225	7	236	1	6	1	1	rational	weight_148.json
148	148	2	99	7	236	1	7	1	1	rational	weight_148.json
148	148	2	18	7	236	1	8	1	1	rational	weight_148.json
148	148	2	63	7	236	1	9	1	1	rational	weight_148.json
148	148	2	207	7	236	1	10	1	1	rational	weight_148.json
148	148	2	weight_148.json#orbit=1,place=11,coordinate=0	7	weight_148.json#orbit=1,place=11,coordinate=1	1	11	1	2	algebraic	weight_148.json
150	150	2	222	7	95	1	1	1	1	rational	weight_150.json
150	150	2	48	7	14	1	2	1	1	rational	weight_150.json
150	150	2	195	7	14	1	3	1	1	rational	weight_150.json
150	150	2	183	7	95	1	4	1	1	rational	weight_150.json
150	150	2	48	7	14	1	5	1	1	rational	weight_150.json
150	150	2	183	7	95	1	6	1	1	rational	weight_150.json
150	150	2	102	7	95	1	7	1	1	rational	weight_150.json
150	150	2	222	7	95	1	8	1	1	rational	weight_150.json
150	150	2	141	7	95	1	9	1	1	rational	weight_150.json
150	150	2	195	7	14	1	10	1	1	rational	weight_150.json
150	150	2	102	7	95	1	11	1	1	rational	weight_150.json
150	150	2	141	7	95	1	12	1	1	rational	weight_150.json
152	152	2	60	7	152	1	1	1	1	rational	weight_152.json
152	152	2	6	7	233	1	2	1	1	rational	weight_152.json
152	152	2	75	7	233	1	3	1	1	rational	weight_152.json
152	152	2	156	7	233	1	4	1	1	rational	weight_152.json
152	152	2	183	7	152	1	5	1	1	rational	weight_152.json
152	152	2	60	7	152	1	6	1	1	rational	weight_152.json
152	152	2	87	7	233	1	7	1	1	rational	weight_152.json
152	152	2	87	7	233	1	8	1	1	rational	weight_152.json
152	152	2	75	7	233	1	9	1	1	rational	weight_152.json
152	152	2	183	7	152	1	10	1	1	rational	weight_152.json
152	152	2	156	7	233	1	11	1	1	rational	weight_152.json
152	152	2	6	7	233	1	12	1	1	rational	weight_152.json
154	154	2	0	7	191	1	1	1	1	rational	weight_154.json
154	154	2	81	7	191	1	2	1	1	rational	weight_154.json
154	154	2	189	7	191	1	3	1	1	rational	weight_154.json
154	154	2	108	7	191	1	4	1	1	rational	weight_154.json
154	154	2	207	7	29	1	5	1	1	rational	weight_154.json
154	154	2	18	7	29	1	6	1	1	rational	weight_154.json
154	154	2	weight_154.json#orbit=1,place=7,coordinate=0	7	weight_154.json#orbit=1,place=7,coordinate=1	1	7	1	2	algebraic	weight_154.json
154	154	2	weight_154.json#orbit=1,place=8,coordinate=0	7	weight_154.json#orbit=1,place=8,coordinate=1	1	8	1	2	algebraic	weight_154.json
154	154	2	weight_154.json#orbit=1,place=9,coordinate=0	7	weight_154.json#orbit=1,place=9,coordinate=1	1	9	1	2	algebraic	weight_154.json
156	156	2	111	7	77	1	1	1	1	rational	weight_156.json
156	156	2	186	7	239	1	2	1	1	rational	weight_156.json
156	156	2	30	7	77	1	3	1	1	rational	weight_156.json
156	156	2	57	7	239	1	4	1	1	rational	weight_156.json
156	156	2	213	7	77	1	5	1	1	rational	weight_156.json
156	156	2	186	7	239	1	6	1	1	rational	weight_156.json
156	156	2	51	7	77	1	7	1	1	rational	weight_156.json
156	156	2	51	7	77	1	8	1	1	rational	weight_156.json
156	156	2	192	7	77	1	9	1	1	rational	weight_156.json
156	156	2	213	7	77	1	10	1	1	rational	weight_156.json
156	156	2	57	7	239	1	11	1	1	rational	weight_156.json
156	156	2	111	7	77	1	12	1	1	rational	weight_156.json
156	156	2	192	7	77	1	13	1	1	rational	weight_156.json
158	158	2	228	7	242	1	1	1	1	rational	weight_158.json
158	158	2	42	7	80	1	2	1	1	rational	weight_158.json
158	158	2	201	7	80	1	3	1	1	rational	weight_158.json
158	158	2	228	7	242	1	4	1	1	rational	weight_158.json
158	158	2	201	7	80	1	5	1	1	rational	weight_158.json
158	158	2	120	7	80	1	6	1	1	rational	weight_158.json
158	158	2	204	7	80	1	7	1	1	rational	weight_158.json
158	158	2	15	7	242	1	8	1	1	rational	weight_158.json
158	158	2	120	7	80	1	9	1	1	rational	weight_158.json
158	158	2	15	7	242	1	10	1	1	rational	weight_158.json
158	158	2	204	7	80	1	11	1	1	rational	weight_158.json
158	158	2	123	7	80	1	12	1	1	rational	weight_158.json
160	160	2	0	7	146	1	1	1	1	rational	weight_160.json
160	160	2	162	7	146	1	2	1	1	rational	weight_160.json
160	160	2	135	7	146	1	3	1	1	rational	weight_160.json
160	160	2	27	7	146	1	4	1	1	rational	weight_160.json
160	160	2	54	7	146	1	5	1	1	rational	weight_160.json
160	160	2	36	7	227	1	6	1	1	rational	weight_160.json
160	160	2	126	7	227	1	7	1	1	rational	weight_160.json
160	160	2	171	7	227	1	8	1	1	rational	weight_160.json
160	160	2	18	7	227	1	9	1	1	rational	weight_160.json
160	160	2	9	7	227	1	10	1	1	rational	weight_160.json
160	160	2	180	7	227	1	11	1	1	rational	weight_160.json
160	160	2	144	7	227	1	12	1	1	rational	weight_160.json
160	160	2	45	7	227	1	13	1	1	rational	weight_160.json
162	0	2	174	7	221	1	1	1	1	rational	weight_162.json
162	0	2	231	7	221	1	2	1	1	rational	weight_162.json
162	0	2	123	7	140	1	3	1	1	rational	weight_162.json
162	0	2	231	7	221	1	4	1	1	rational	weight_162.json
162	0	2	69	7	221	1	5	1	1	rational	weight_162.json
162	0	2	120	7	140	1	6	1	1	rational	weight_162.json
162	0	2	12	7	221	1	7	1	1	rational	weight_162.json
162	0	2	174	7	221	1	8	1	1	rational	weight_162.json
162	0	2	150	7	221	1	9	1	1	rational	weight_162.json
162	0	2	93	7	221	1	10	1	1	rational	weight_162.json
162	0	2	123	7	140	1	11	1	1	rational	weight_162.json
162	0	2	120	7	140	1	12	1	1	rational	weight_162.json
162	0	2	93	7	221	1	13	1	1	rational	weight_162.json
164	2	2	186	7	89	1	1	1	1	rational	weight_164.json
164	2	2	219	7	89	1	2	1	1	rational	weight_164.json
164	2	2	24	7	89	1	3	1	1	rational	weight_164.json
164	2	2	219	7	89	1	4	1	1	rational	weight_164.json
164	2	2	186	7	89	1	5	1	1	rational	weight_164.json
164	2	2	3	7	8	1	6	1	1	rational	weight_164.json
164	2	2	105	7	89	1	7	1	1	rational	weight_164.json
164	2	2	105	7	89	1	8	1	1	rational	weight_164.json
164	2	2	57	7	89	1	9	1	1	rational	weight_164.json
164	2	2	3	7	8	1	10	1	1	rational	weight_164.json
164	2	2	240	7	8	1	11	1	1	rational	weight_164.json
164	2	2	240	7	8	1	12	1	1	rational	weight_164.json
164	2	2	138	7	89	1	13	1	1	rational	weight_164.json
166	4	2	81	7	20	1	1	1	1	rational	weight_166.json
166	4	2	216	7	20	1	2	1	1	rational	weight_166.json
166	4	2	189	7	20	1	3	1	1	rational	weight_166.json
166	4	2	108	7	20	1	4	1	1	rational	weight_166.json
166	4	2	45	7	101	1	5	1	1	rational	weight_166.json
166	4	2	72	7	101	1	6	1	1	rational	weight_166.json
166	4	2	153	7	101	1	7	1	1	rational	weight_166.json
166	4	2	180	7	101	1	8	1	1	rational	weight_166.json
166	4	2	9	7	101	1	9	1	1	rational	weight_166.json
166	4	2	36	7	101	1	10	1	1	rational	weight_166.json
166	4	2	117	7	101	1	11	1	1	rational	weight_166.json
166	4	2	144	7	101	1	12	1	1	rational	weight_166.json
166	4	2	225	7	101	1	13	1	1	rational	weight_166.json
168	6	2	48	7	41	1	1	1	1	rational	weight_168.json
168	6	2	6	7	203	1	2	1	1	rational	weight_168.json
168	6	2	237	7	203	1	3	1	1	rational	weight_168.json
168	6	2	195	7	41	1	4	1	1	rational	weight_168.json
168	6	2	6	7	203	1	5	1	1	rational	weight_168.json
168	6	2	210	7	41	1	6	1	1	rational	weight_168.json
168	6	2	33	7	41	1	7	1	1	rational	weight_168.json
168	6	2	195	7	41	1	8	1	1	rational	weight_168.json
168	6	2	210	7	41	1	9	1	1	rational	weight_168.json
168	6	2	114	7	41	1	10	1	1	rational	weight_168.json
168	6	2	237	7	203	1	11	1	1	rational	weight_168.json
168	6	2	114	7	41	1	12	1	1	rational	weight_168.json
168	6	2	237	7	203	1	13	1	1	rational	weight_168.json
168	6	2	129	7	41	1	14	1	1	rational	weight_168.json
170	8	2	210	7	17	1	1	1	1	rational	weight_170.json
170	8	2	129	7	17	1	2	1	1	rational	weight_170.json
170	8	2	237	7	179	1	3	1	1	rational	weight_170.json
170	8	2	6	7	179	1	4	1	1	rational	weight_170.json
170	8	2	6	7	179	1	5	1	1	rational	weight_170.json
170	8	2	237	7	179	1	6	1	1	rational	weight_170.json
170	8	2	114	7	17	1	7	1	1	rational	weight_170.json
170	8	2	48	7	17	1	8	1	1	rational	weight_170.json
170	8	2	114	7	17	1	9	1	1	rational	weight_170.json
170	8	2	6	7	179	1	10	1	1	rational	weight_170.json
170	8	2	48	7	17	1	11	1	1	rational	weight_170.json
170	8	2	195	7	17	1	12	1	1	rational	weight_170.json
170	8	2	33	7	17	1	13	1	1	rational	weight_170.json
172	10	2	162	7	56	1	1	1	1	rational	weight_172.json
172	10	2	27	7	56	1	2	1	1	rational	weight_172.json
172	10	2	54	7	56	1	3	1	1	rational	weight_172.json
172	10	2	135	7	56	1	4	1	1	rational	weight_172.json
172	10	2	207	7	137	1	5	1	1	rational	weight_172.json
172	10	2	36	7	137	1	6	1	1	rational	weight_172.json
172	10	2	18	7	137	1	7	1	1	rational	weight_172.json
172	10	2	225	7	137	1	8	1	1	rational	weight_172.json
172	10	2	weight_172.json#orbit=1,place=9,coordinate=0	7	weight_172.json#orbit=1,place=9,coordinate=1	1	9	1	2	algebraic	weight_172.json
172	10	2	weight_172.json#orbit=1,place=10,coordinate=0	7	weight_172.json#orbit=1,place=10,coordinate=1	1	10	1	2	algebraic	weight_172.json
172	10	2	weight_172.json#orbit=1,place=11,coordinate=0	7	weight_172.json#orbit=1,place=11,coordinate=1	1	11	1	2	algebraic	weight_172.json
174	12	2	105	7	23	1	1	1	1	rational	weight_174.json
174	12	2	57	7	23	1	2	1	1	rational	weight_174.json
174	12	2	138	7	23	1	3	1	1	rational	weight_174.json
174	12	2	165	7	185	1	4	1	1	rational	weight_174.json
174	12	2	219	7	23	1	5	1	1	rational	weight_174.json
174	12	2	78	7	185	1	6	1	1	rational	weight_174.json
174	12	2	24	7	23	1	7	1	1	rational	weight_174.json
174	12	2	165	7	185	1	8	1	1	rational	weight_174.json
174	12	2	24	7	23	1	9	1	1	rational	weight_174.json
174	12	2	219	7	23	1	10	1	1	rational	weight_174.json
174	12	2	138	7	23	1	11	1	1	rational	weight_174.json
174	12	2	78	7	185	1	12	1	1	rational	weight_174.json
174	12	2	78	7	185	1	13	1	1	rational	weight_174.json
174	12	2	186	7	23	1	14	1	1	rational	weight_174.json
176	14	2	201	7	26	1	1	1	1	rational	weight_176.json
176	14	2	174	7	107	1	2	1	1	rational	weight_176.json
176	14	2	201	7	26	1	3	1	1	rational	weight_176.json
176	14	2	42	7	26	1	4	1	1	rational	weight_176.json
176	14	2	12	7	107	1	5	1	1	rational	weight_176.json
176	14	2	69	7	107	1	6	1	1	rational	weight_176.json
176	14	2	201	7	26	1	7	1	1	rational	weight_176.json
176	14	2	93	7	107	1	8	1	1	rational	weight_176.json
176	14	2	69	7	107	1	9	1	1	rational	weight_176.json
176	14	2	12	7	107	1	10	1	1	rational	weight_176.json
176	14	2	150	7	107	1	11	1	1	rational	weight_176.json
176	14	2	42	7	26	1	12	1	1	rational	weight_176.json
176	14	2	231	7	107	1	13	1	2	rational	weight_176.json
178	16	2	81	7	11	1	1	1	1	rational	weight_178.json
178	16	2	216	7	11	1	2	1	1	rational	weight_178.json
178	16	2	216	7	11	1	3	1	1	rational	weight_178.json
178	16	2	108	7	11	1	4	1	1	rational	weight_178.json
178	16	2	189	7	11	1	5	1	1	rational	weight_178.json
178	16	2	207	7	92	1	6	1	1	rational	weight_178.json
178	16	2	117	7	92	1	7	1	1	rational	weight_178.json
178	16	2	99	7	92	1	8	1	1	rational	weight_178.json
178	16	2	225	7	92	1	9	1	1	rational	weight_178.json
178	16	2	9	7	92	1	10	1	1	rational	weight_178.json
178	16	2	171	7	92	1	11	1	1	rational	weight_178.json
178	16	2	198	7	92	1	12	1	1	rational	weight_178.json
178	16	2	weight_178.json#orbit=1,place=13,coordinate=0	7	weight_178.json#orbit=1,place=13,coordinate=1	1	13	1	2	algebraic	weight_178.json
180	18	2	96	7	86	1	1	1	1	rational	weight_180.json
180	18	2	147	7	86	1	2	1	1	rational	weight_180.json
180	18	2	147	7	86	1	3	1	1	rational	weight_180.json
180	18	2	201	7	167	1	4	1	1	rational	weight_180.json
180	18	2	120	7	167	1	5	1	1	rational	weight_180.json
180	18	2	42	7	167	1	6	1	1	rational	weight_180.json
180	18	2	39	7	167	1	7	1	1	rational	weight_180.json
180	18	2	96	7	86	1	8	1	1	rational	weight_180.json
180	18	2	147	7	86	1	9	1	1	rational	weight_180.json
180	18	2	42	7	167	1	10	1	1	rational	weight_180.json
180	18	2	123	7	167	1	11	1	1	rational	weight_180.json
180	18	2	39	7	167	1	12	1	1	rational	weight_180.json
180	18	2	201	7	167	1	13	1	1	rational	weight_180.json
180	18	2	204	7	167	1	14	1	2	rational	weight_180.json
182	20	2	213	7	116	1	1	1	1	rational	weight_182.json
182	20	2	192	7	116	1	2	1	1	rational	weight_182.json
182	20	2	51	7	116	1	3	1	1	rational	weight_182.json
182	20	2	30	7	116	1	4	1	1	rational	weight_182.json
182	20	2	132	7	116	1	5	1	1	rational	weight_182.json
182	20	2	105	7	35	1	6	1	1	rational	weight_182.json
182	20	2	138	7	35	1	7	1	1	rational	weight_182.json
182	20	2	213	7	116	1	8	1	1	rational	weight_182.json
182	20	2	138	7	35	1	9	1	1	rational	weight_182.json
182	20	2	132	7	116	1	10	1	1	rational	weight_182.json
182	20	2	105	7	35	1	11	1	1	rational	weight_182.json
182	20	2	30	7	116	1	12	1	1	rational	weight_182.json
182	20	2	111	7	116	1	13	1	2	rational	weight_182.json
184	22	2	162	7	128	1	1	1	1	rational	weight_184.json
184	22	2	135	7	128	1	2	1	1	rational	weight_184.json
184	22	2	54	7	128	1	3	1	1	rational	weight_184.json
184	22	2	27	7	128	1	4	1	1	rational	weight_184.json
184	22	2	27	7	128	1	5	1	1	rational	weight_184.json
184	22	2	99	7	209	1	6	1	1	rational	weight_184.json
184	22	2	72	7	209	1	7	1	1	rational	weight_184.json
184	22	2	198	7	209	1	8	1	1	rational	weight_184.json
184	22	2	126	7	209	1	9	1	1	rational	weight_184.json
184	22	2	198	7	209	1	10	1	1	rational	weight_184.json
184	22	2	207	7	209	1	11	1	1	rational	weight_184.json
184	22	2	63	7	209	1	12	1	1	rational	weight_184.json
184	22	2	153	7	209	1	13	1	1	rational	weight_184.json
184	22	2	weight_184.json#orbit=1,place=14,coordinate=0	7	weight_184.json#orbit=1,place=14,coordinate=1	1	14	1	2	algebraic	weight_184.json
186	24	2	183	7	149	1	1	1	1	rational	weight_186.json
186	24	2	183	7	149	1	2	1	1	rational	weight_186.json
186	24	2	60	7	149	1	3	1	1	rational	weight_186.json
186	24	2	75	7	230	1	4	1	1	rational	weight_186.json
186	24	2	168	7	230	1	5	1	1	rational	weight_186.json
186	24	2	87	7	230	1	6	1	1	rational	weight_186.json
186	24	2	87	7	230	1	7	1	1	rational	weight_186.json
186	24	2	6	7	230	1	8	1	1	rational	weight_186.json
186	24	2	60	7	149	1	9	1	1	rational	weight_186.json
186	24	2	168	7	230	1	10	1	1	rational	weight_186.json
186	24	2	75	7	230	1	11	1	1	rational	weight_186.json
186	24	2	183	7	149	1	12	1	1	rational	weight_186.json
186	24	2	237	7	230	1	13	1	1	rational	weight_186.json
186	24	2	156	7	230	1	14	1	2	rational	weight_186.json
188	26	2	141	7	44	1	1	1	1	rational	weight_188.json
188	26	2	102	7	44	1	2	1	1	rational	weight_188.json
188	26	2	48	7	206	1	3	1	1	rational	weight_188.json
188	26	2	183	7	44	1	4	1	1	rational	weight_188.json
188	26	2	102	7	44	1	5	1	1	rational	weight_188.json
188	26	2	60	7	44	1	6	1	1	rational	weight_188.json
188	26	2	60	7	44	1	7	1	1	rational	weight_188.json
188	26	2	21	7	44	1	8	1	1	rational	weight_188.json
188	26	2	195	7	206	1	9	1	1	rational	weight_188.json
188	26	2	195	7	206	1	10	1	1	rational	weight_188.json
188	26	2	183	7	44	1	11	1	1	rational	weight_188.json
188	26	2	222	7	44	1	12	1	1	rational	weight_188.json
188	26	2	195	7	206	1	13	1	1	rational	weight_188.json
188	26	2	48	7	206	1	14	1	1	rational	weight_188.json
188	26	2	141	7	44	1	15	1	1	rational	weight_188.json
190	28	2	81	7	164	1	1	1	1	rational	weight_190.json
190	28	2	216	7	164	1	2	1	1	rational	weight_190.json
190	28	2	108	7	164	1	3	1	1	rational	weight_190.json
190	28	2	189	7	164	1	4	1	1	rational	weight_190.json
190	28	2	216	7	164	1	5	1	1	rational	weight_190.json
190	28	2	18	7	2	1	6	1	1	rational	weight_190.json
190	28	2	225	7	2	1	7	1	1	rational	weight_190.json
190	28	2	207	7	2	1	8	1	1	rational	weight_190.json
190	28	2	36	7	2	1	9	1	1	rational	weight_190.json
190	28	2	weight_190.json#orbit=1,place=10,coordinate=0	7	weight_190.json#orbit=1,place=10,coordinate=1	1	10	1	2	algebraic	weight_190.json
190	28	2	weight_190.json#orbit=1,place=11,coordinate=0	7	weight_190.json#orbit=1,place=11,coordinate=1	1	11	1	2	algebraic	weight_190.json
190	28	2	weight_190.json#orbit=1,place=12,coordinate=0	7	weight_190.json#orbit=1,place=12,coordinate=1	1	12	1	2	algebraic	weight_190.json
192	30	2	213	7	131	1	1	1	1	rational	weight_192.json
192	30	2	165	7	212	1	2	1	1	rational	weight_192.json
192	30	2	159	7	212	1	3	1	1	rational	weight_192.json
192	30	2	240	7	212	1	4	1	1	rational	weight_192.json
192	30	2	159	7	212	1	5	1	1	rational	weight_192.json
192	30	2	84	7	212	1	6	1	1	rational	weight_192.json
192	30	2	30	7	131	1	7	1	1	rational	weight_192.json
192	30	2	213	7	131	1	8	1	1	rational	weight_192.json
192	30	2	165	7	212	1	9	1	1	rational	weight_192.json
192	30	2	213	7	131	1	10	1	1	rational	weight_192.json
192	30	2	78	7	212	1	11	1	1	rational	weight_192.json
192	30	2	3	7	212	1	12	1	1	rational	weight_192.json
192	30	2	84	7	212	1	13	1	1	rational	weight_192.json
192	30	2	30	7	131	1	14	1	1	rational	weight_192.json
192	30	2	3	7	212	1	15	1	1	rational	weight_192.json
192	30	2	240	7	212	1	16	1	1	rational	weight_192.json
194	32	2	174	7	53	1	1	1	1	rational	weight_194.json
194	32	2	177	7	134	1	2	1	1	rational	weight_194.json
194	32	2	174	7	53	1	3	1	1	rational	weight_194.json
194	32	2	15	7	134	1	4	1	1	rational	weight_194.json
194	32	2	96	7	134	1	5	1	1	rational	weight_194.json
194	32	2	96	7	134	1	6	1	1	rational	weight_194.json
194	32	2	69	7	53	1	7	1	1	rational	weight_194.json
194	32	2	177	7	134	1	8	1	1	rational	weight_194.json
194	32	2	174	7	53	1	9	1	1	rational	weight_194.json
194	32	2	66	7	134	1	10	1	1	rational	weight_194.json
194	32	2	147	7	134	1	11	1	1	rational	weight_194.json
194	32	2	69	7	53	1	12	1	1	rational	weight_194.json
194	32	2	15	7	134	1	13	1	1	rational	weight_194.json
194	32	2	228	7	134	1	14	1	2	rational	weight_194.json
196	34	2	162	7	119	1	1	1	1	rational	weight_196.json
196	34	2	162	7	119	1	2	1	1	rational	weight_196.json
196	34	2	27	7	119	1	3	1	1	rational	weight_196.json
196	34	2	27	7	119	1	4	1	1	rational	weight_196.json
196	34	2	135	7	119	1	5	1	1	rational	weight_196.json
196	34	2	54	7	119	1	6	1	1	rational	weight_196.json
196	34	2	144	7	200	1	7	1	1	rational	weight_196.json
196	34	2	234	7	200	1	8	1	1	rational	weight_196.json
196	34	2	45	7	200	1	9	1	1	rational	weight_196.json
196	34	2	72	7	200	1	10	1	1	rational	weight_196.json
196	34	2	36	7	200	1	11	1	1	rational	weight_196.json
196	34	2	18	7	200	1	12	1	1	rational	weight_196.json
196	34	2	144	7	200	1	13	1	1	rational	weight_196.json
196	34	2	36	7	200	1	14	1	1	rational	weight_196.json
196	34	2	weight_196.json#orbit=1,place=15,coordinate=0	7	weight_196.json#orbit=1,place=15,coordinate=1	1	15	1	2	algebraic	weight_196.json
198	36	2	96	7	113	1	1	1	1	rational	weight_198.json
198	36	2	147	7	113	1	2	1	1	rational	weight_198.json
198	36	2	174	7	32	1	3	1	1	rational	weight_198.json
198	36	2	174	7	32	1	4	1	1	rational	weight_198.json
198	36	2	96	7	113	1	5	1	1	rational	weight_198.json
198	36	2	147	7	113	1	6	1	1	rational	weight_198.json
198	36	2	69	7	32	1	7	1	1	rational	weight_198.json
198	36	2	15	7	113	1	8	1	1	rational	weight_198.json
198	36	2	69	7	32	1	9	1	1	rational	weight_198.json
198	36	2	174	7	32	1	10	1	1	rational	weight_198.json
198	36	2	228	7	113	1	11	1	1	rational	weight_198.json
198	36	2	15	7	113	1	12	1	1	rational	weight_198.json
198	36	2	177	7	113	1	13	1	1	rational	weight_198.json
198	36	2	177	7	113	1	14	1	1	rational	weight_198.json
198	36	2	66	7	113	1	15	1	2	rational	weight_198.json
200	38	2	165	7	143	1	1	1	1	rational	weight_200.json
200	38	2	165	7	143	1	2	1	1	rational	weight_200.json
200	38	2	213	7	62	1	3	1	1	rational	weight_200.json
200	38	2	30	7	62	1	4	1	1	rational	weight_200.json
200	38	2	84	7	143	1	5	1	1	rational	weight_200.json
200	38	2	3	7	143	1	6	1	1	rational	weight_200.json
200	38	2	159	7	143	1	7	1	1	rational	weight_200.json
200	38	2	84	7	143	1	8	1	1	rational	weight_200.json
200	38	2	30	7	62	1	9	1	1	rational	weight_200.json
200	38	2	213	7	62	1	10	1	1	rational	weight_200.json
200	38	2	159	7	143	1	11	1	1	rational	weight_200.json
200	38	2	3	7	143	1	12	1	1	rational	weight_200.json
200	38	2	213	7	62	1	13	1	1	rational	weight_200.json
200	38	2	78	7	143	1	14	1	1	rational	weight_200.json
200	38	2	240	7	143	1	15	1	2	rational	weight_200.json
202	40	2	81	7	236	1	1	1	1	rational	weight_202.json
202	40	2	81	7	236	1	2	1	1	rational	weight_202.json
202	40	2	216	7	236	1	3	1	1	rational	weight_202.json
202	40	2	108	7	236	1	4	1	1	rational	weight_202.json
202	40	2	216	7	236	1	5	1	1	rational	weight_202.json
202	40	2	45	7	74	1	6	1	1	rational	weight_202.json
202	40	2	180	7	74	1	7	1	1	rational	weight_202.json
202	40	2	117	7	74	1	8	1	1	rational	weight_202.json
202	40	2	90	7	74	1	9	1	1	rational	weight_202.json
202	40	2	144	7	74	1	10	1	1	rational	weight_202.json
202	40	2	45	7	74	1	11	1	1	rational	weight_202.json
202	40	2	171	7	74	1	12	1	1	rational	weight_202.json
202	40	2	180	7	74	1	13	1	1	rational	weight_202.json
202	40	2	144	7	74	1	14	1	1	rational	weight_202.json
202	40	2	weight_202.json#orbit=1,place=15,coordinate=0	7	weight_202.json#orbit=1,place=15,coordinate=1	1	15	1	2	algebraic	weight_202.json
204	42	2	21	7	176	1	1	1	1	rational	weight_204.json
204	42	2	102	7	176	1	2	1	1	rational	weight_204.json
204	42	2	60	7	176	1	3	1	1	rational	weight_204.json
204	42	2	60	7	176	1	4	1	1	rational	weight_204.json
204	42	2	114	7	95	1	5	1	1	rational	weight_204.json
204	42	2	21	7	176	1	6	1	1	rational	weight_204.json
204	42	2	114	7	95	1	7	1	1	rational	weight_204.json
204	42	2	129	7	95	1	8	1	1	rational	weight_204.json
204	42	2	129	7	95	1	9	1	1	rational	weight_204.json
204	42	2	129	7	95	1	10	1	1	rational	weight_204.json
204	42	2	183	7	176	1	11	1	1	rational	weight_204.json
204	42	2	222	7	176	1	12	1	1	rational	weight_204.json
204	42	2	183	7	176	1	13	1	1	rational	weight_204.json
204	42	2	102	7	176	1	14	1	1	rational	weight_204.json
204	42	2	114	7	95	1	15	1	1	rational	weight_204.json
204	42	2	141	7	176	1	16	1	2	rational	weight_204.json
206	44	2	6	7	71	1	1	1	1	rational	weight_206.json
206	44	2	141	7	233	1	2	1	1	rational	weight_206.json
206	44	2	168	7	71	1	3	1	1	rational	weight_206.json
206	44	2	168	7	71	1	4	1	1	rational	weight_206.json
206	44	2	75	7	71	1	5	1	1	rational	weight_206.json
206	44	2	237	7	71	1	6	1	1	rational	weight_206.json
206	44	2	102	7	233	1	7	1	1	rational	weight_206.json
206	44	2	237	7	71	1	8	1	1	rational	weight_206.json
206	44	2	102	7	233	1	9	1	1	rational	weight_206.json
206	44	2	141	7	233	1	10	1	1	rational	weight_206.json
206	44	2	141	7	233	1	11	1	1	rational	weight_206.json
206	44	2	87	7	71	1	12	1	1	rational	weight_206.json
206	44	2	75	7	71	1	13	1	1	rational	weight_206.json
206	44	2	87	7	71	1	14	1	1	rational	weight_206.json
206	44	2	156	7	71	1	15	1	1	rational	weight_206.json
206	44	2	102	7	233	1	16	1	1	rational	weight_206.json
208	46	2	162	7	29	1	1	1	1	rational	weight_208.json
208	46	2	162	7	29	1	2	1	1	rational	weight_208.json
208	46	2	27	7	29	1	3	1	1	rational	weight_208.json
208	46	2	27	7	29	1	4	1	1	rational	weight_208.json
208	46	2	135	7	29	1	5	1	1	rational	weight_208.json
208	46	2	207	7	110	1	6	1	1	rational	weight_208.json
208	46	2	18	7	110	1	7	1	1	rational	weight_208.json
208	46	2	36	7	110	1	8	1	1	rational	weight_208.json
208	46	2	225	7	110	1	9	1	1	rational	weight_208.json
208	46	2	weight_208.json#orbit=1,place=10,coordinate=0	7	weight_208.json#orbit=1,place=10,coordinate=1	1	10	1	2	algebraic	weight_208.json
208	46	2	weight_208.json#orbit=1,place=11,coordinate=0	7	weight_208.json#orbit=1,place=11,coordinate=1	1	11	1	2	algebraic	weight_208.json
208	46	2	weight_208.json#orbit=1,place=12,coordinate=0	7	weight_208.json#orbit=1,place=12,coordinate=1	1	12	1	2	algebraic	weight_208.json
208	46	2	weight_208.json#orbit=1,place=13,coordinate=0	7	weight_208.json#orbit=1,place=13,coordinate=1	1	13	1	2	algebraic	weight_208.json
210	48	2	138	7	77	1	1	1	1	rational	weight_210.json
210	48	2	30	7	158	1	2	1	1	rational	weight_210.json
210	48	2	132	7	158	1	3	1	1	rational	weight_210.json
210	48	2	192	7	158	1	4	1	1	rational	weight_210.json
210	48	2	105	7	77	1	5	1	1	rational	weight_210.json
210	48	2	105	7	77	1	6	1	1	rational	weight_210.json
210	48	2	132	7	158	1	7	1	1	rational	weight_210.json
210	48	2	51	7	158	1	8	1	1	rational	weight_210.json
210	48	2	111	7	158	1	9	1	1	rational	weight_210.json
210	48	2	138	7	77	1	10	1	1	rational	weight_210.json
210	48	2	213	7	158	1	11	1	1	rational	weight_210.json
210	48	2	213	7	158	1	12	1	1	rational	weight_210.json
210	48	2	138	7	77	1	13	1	1	rational	weight_210.json
210	48	2	30	7	158	1	14	1	1	rational	weight_210.json
210	48	2	111	7	158	1	15	1	1	rational	weight_210.json
210	48	2	105	7	77	1	16	1	1	rational	weight_210.json
210	48	2	192	7	158	1	17	1	1	rational	weight_210.json
212	50	2	147	7	80	1	1	1	1	rational	weight_212.json
212	50	2	204	7	161	1	2	1	1	rational	weight_212.json
212	50	2	96	7	80	1	3	1	1	rational	weight_212.json
212	50	2	201	7	161	1	4	1	1	rational	weight_212.json
212	50	2	123	7	161	1	5	1	1	rational	weight_212.json
212	50	2	96	7	80	1	6	1	1	rational	weight_212.json
212	50	2	123	7	161	1	7	1	1	rational	weight_212.json
212	50	2	204	7	161	1	8	1	1	rational	weight_212.json
212	50	2	120	7	161	1	9	1	1	rational	weight_212.json
212	50	2	147	7	80	1	10	1	1	rational	weight_212.json
212	50	2	42	7	161	1	11	1	1	rational	weight_212.json
212	50	2	42	7	161	1	12	1	1	rational	weight_212.json
212	50	2	39	7	161	1	13	1	1	rational	weight_212.json
212	50	2	120	7	161	1	14	1	1	rational	weight_212.json
212	50	2	147	7	80	1	15	1	1	rational	weight_212.json
212	50	2	39	7	161	1	16	1	1	rational	weight_212.json
212	50	2	96	7	80	1	17	1	1	rational	weight_212.json
214	52	2	81	7	227	1	1	1	1	rational	weight_214.json
214	52	2	81	7	227	1	2	1	1	rational	weight_214.json
214	52	2	216	7	227	1	3	1	1	rational	weight_214.json
214	52	2	108	7	227	1	4	1	1	rational	weight_214.json
214	52	2	108	7	227	1	5	1	1	rational	weight_214.json
214	52	2	216	7	227	1	6	1	1	rational	weight_214.json
214	52	2	225	7	65	1	7	1	1	rational	weight_214.json
214	52	2	207	7	65	1	8	1	1	rational	weight_214.json
214	52	2	198	7	65	1	9	1	1	rational	weight_214.json
214	52	2	72	7	65	1	10	1	1	rational	weight_214.json
214	52	2	207	7	65	1	11	1	1	rational	weight_214.json
214	52	2	99	7	65	1	12	1	1	rational	weight_214.json
214	52	2	225	7	65	1	13	1	1	rational	weight_214.json
214	52	2	99	7	65	1	14	1	1	rational	weight_214.json
214	52	2	198	7	65	1	15	1	1	rational	weight_214.json
214	52	2	90	7	65	1	16	1	2	rational	weight_214.json
216	54	2	42	7	221	1	1	1	1	rational	weight_216.json
216	54	2	42	7	221	1	2	1	1	rational	weight_216.json
216	54	2	201	7	221	1	3	1	1	rational	weight_216.json
216	54	2	150	7	59	1	4	1	1	rational	weight_216.json
216	54	2	12	7	59	1	5	1	1	rational	weight_216.json
216	54	2	231	7	59	1	6	1	1	rational	weight_216.json
216	54	2	201	7	221	1	7	1	1	rational	weight_216.json
216	54	2	150	7	59	1	8	1	1	rational	weight_216.json
216	54	2	201	7	221	1	9	1	1	rational	weight_216.json
216	54	2	93	7	59	1	10	1	1	rational	weight_216.json
216	54	2	231	7	59	1	11	1	1	rational	weight_216.json
216	54	2	12	7	59	1	12	1	1	rational	weight_216.json
216	54	2	174	7	59	1	13	1	1	rational	weight_216.json
216	54	2	93	7	59	1	14	1	1	rational	weight_216.json
216	54	2	174	7	59	1	15	1	1	rational	weight_216.json
216	54	2	69	7	59	1	16	1	1	rational	weight_216.json
216	54	2	69	7	59	1	17	1	1	rational	weight_216.json
216	54	2	42	7	221	1	18	1	1	rational	weight_216.json
218	56	2	138	7	170	1	1	1	1	rational	weight_218.json
218	56	2	78	7	89	1	2	1	1	rational	weight_218.json
218	56	2	165	7	89	1	3	1	1	rational	weight_218.json
218	56	2	78	7	89	1	4	1	1	rational	weight_218.json
218	56	2	219	7	170	1	5	1	1	rational	weight_218.json
218	56	2	24	7	170	1	6	1	1	rational	weight_218.json
218	56	2	138	7	170	1	7	1	1	rational	weight_218.json
218	56	2	78	7	89	1	8	1	1	rational	weight_218.json
218	56	2	186	7	170	1	9	1	1	rational	weight_218.json
218	56	2	105	7	170	1	10	1	1	rational	weight_218.json
218	56	2	24	7	170	1	11	1	1	rational	weight_218.json
218	56	2	219	7	170	1	12	1	1	rational	weight_218.json
218	56	2	57	7	170	1	13	1	1	rational	weight_218.json
218	56	2	105	7	170	1	14	1	1	rational	weight_218.json
218	56	2	57	7	170	1	15	1	1	rational	weight_218.json
218	56	2	186	7	170	1	16	1	1	rational	weight_218.json
218	56	2	165	7	89	1	17	1	1	rational	weight_218.json
220	58	2	162	7	101	1	1	1	1	rational	weight_220.json
220	58	2	162	7	101	1	2	1	1	rational	weight_220.json
220	58	2	135	7	101	1	3	1	1	rational	weight_220.json
220	58	2	135	7	101	1	4	1	1	rational	weight_220.json
220	58	2	27	7	101	1	5	1	1	rational	weight_220.json
220	58	2	27	7	101	1	6	1	1	rational	weight_220.json
220	58	2	99	7	182	1	7	1	1	rational	weight_220.json
220	58	2	198	7	182	1	8	1	1	rational	weight_220.json
220	58	2	63	7	182	1	9	1	1	rational	weight_220.json
220	58	2	90	7	182	1	10	1	1	rational	weight_220.json
220	58	2	126	7	182	1	11	1	1	rational	weight_220.json
220	58	2	99	7	182	1	12	1	1	rational	weight_220.json
220	58	2	126	7	182	1	13	1	1	rational	weight_220.json
220	58	2	198	7	182	1	14	1	1	rational	weight_220.json
220	58	2	90	7	182	1	15	1	1	rational	weight_220.json
220	58	2	63	7	182	1	16	1	1	rational	weight_220.json
220	58	2	234	7	182	1	17	1	2	rational	weight_220.json
222	60	2	75	7	41	1	1	1	1	rational	weight_222.json
222	60	2	210	7	122	1	2	1	1	rational	weight_222.json
222	60	2	195	7	122	1	3	1	1	rational	weight_222.json
222	60	2	48	7	122	1	4	1	1	rational	weight_222.json
222	60	2	75	7	41	1	5	1	1	rational	weight_222.json
222	60	2	195	7	122	1	6	1	1	rational	weight_222.json
222	60	2	168	7	41	1	7	1	1	rational	weight_222.json
222	60	2	48	7	122	1	8	1	1	rational	weight_222.json
222	60	2	210	7	122	1	9	1	1	rational	weight_222.json
222	60	2	114	7	122	1	10	1	1	rational	weight_222.json
222	60	2	33	7	122	1	11	1	1	rational	weight_222.json
222	60	2	114	7	122	1	12	1	1	rational	weight_222.json
222	60	2	168	7	41	1	13	1	1	rational	weight_222.json
222	60	2	75	7	41	1	14	1	1	rational	weight_222.json
222	60	2	33	7	122	1	15	1	1	rational	weight_222.json
222	60	2	129	7	122	1	16	1	1	rational	weight_222.json
222	60	2	168	7	41	1	17	1	1	rational	weight_222.json
222	60	2	129	7	122	1	18	1	1	rational	weight_222.json
224	62	2	87	7	17	1	1	1	1	rational	weight_224.json
224	62	2	114	7	98	1	2	1	1	rational	weight_224.json
224	62	2	156	7	17	1	3	1	1	rational	weight_224.json
224	62	2	210	7	98	1	4	1	1	rational	weight_224.json
224	62	2	156	7	17	1	5	1	1	rational	weight_224.json
224	62	2	87	7	17	1	6	1	1	rational	weight_224.json
224	62	2	195	7	98	1	7	1	1	rational	weight_224.json
224	62	2	195	7	98	1	8	1	1	rational	weight_224.json
224	62	2	33	7	98	1	9	1	1	rational	weight_224.json
224	62	2	210	7	98	1	10	1	1	rational	weight_224.json
224	62	2	48	7	98	1	11	1	1	rational	weight_224.json
224	62	2	48	7	98	1	12	1	1	rational	weight_224.json
224	62	2	114	7	98	1	13	1	1	rational	weight_224.json
224	62	2	156	7	17	1	14	1	1	rational	weight_224.json
224	62	2	129	7	98	1	15	1	1	rational	weight_224.json
224	62	2	87	7	17	1	16	1	1	rational	weight_224.json
224	62	2	33	7	98	1	17	1	1	rational	weight_224.json
224	62	2	129	7	98	1	18	1	1	rational	weight_224.json
226	64	2	81	7	137	1	1	1	1	rational	weight_226.json
226	64	2	81	7	137	1	2	1	1	rational	weight_226.json
226	64	2	108	7	137	1	3	1	1	rational	weight_226.json
226	64	2	216	7	137	1	4	1	1	rational	weight_226.json
226	64	2	216	7	137	1	5	1	1	rational	weight_226.json
226	64	2	108	7	137	1	6	1	1	rational	weight_226.json
226	64	2	225	7	218	1	7	1	1	rational	weight_226.json
226	64	2	36	7	218	1	8	1	1	rational	weight_226.json
226	64	2	207	7	218	1	9	1	1	rational	weight_226.json
226	64	2	18	7	218	1	10	1	1	rational	weight_226.json
226	64	2	weight_226.json#orbit=1,place=11,coordinate=0	7	weight_226.json#orbit=1,place=11,coordinate=1	1	11	1	2	algebraic	weight_226.json
226	64	2	weight_226.json#orbit=1,place=12,coordinate=0	7	weight_226.json#orbit=1,place=12,coordinate=1	1	12	1	2	algebraic	weight_226.json
226	64	2	weight_226.json#orbit=1,place=13,coordinate=0	7	weight_226.json#orbit=1,place=13,coordinate=1	1	13	1	2	algebraic	weight_226.json
226	64	2	weight_226.json#orbit=1,place=14,coordinate=0	7	weight_226.json#orbit=1,place=14,coordinate=1	1	14	1	2	algebraic	weight_226.json
228	66	2	57	7	104	1	1	1	1	rational	weight_228.json
228	66	2	219	7	104	1	2	1	1	rational	weight_228.json
228	66	2	186	7	104	1	3	1	1	rational	weight_228.json
228	66	2	105	7	104	1	4	1	1	rational	weight_228.json
228	66	2	57	7	104	1	5	1	1	rational	weight_228.json
228	66	2	57	7	104	1	6	1	1	rational	weight_228.json
228	66	2	138	7	104	1	7	1	1	rational	weight_228.json
228	66	2	138	7	104	1	8	1	1	rational	weight_228.json
228	66	2	240	7	23	1	9	1	1	rational	weight_228.json
228	66	2	24	7	104	1	10	1	1	rational	weight_228.json
228	66	2	3	7	23	1	11	1	1	rational	weight_228.json
228	66	2	3	7	23	1	12	1	1	rational	weight_228.json
228	66	2	24	7	104	1	13	1	1	rational	weight_228.json
228	66	2	186	7	104	1	14	1	1	rational	weight_228.json
228	66	2	3	7	23	1	15	1	1	rational	weight_228.json
228	66	2	105	7	104	1	16	1	1	rational	weight_228.json
228	66	2	240	7	23	1	17	1	1	rational	weight_228.json
228	66	2	219	7	104	1	18	1	1	rational	weight_228.json
228	66	2	240	7	23	1	19	1	1	rational	weight_228.json
230	68	2	123	7	107	1	1	1	1	rational	weight_230.json
230	68	2	12	7	188	1	2	1	1	rational	weight_230.json
230	68	2	123	7	107	1	3	1	1	rational	weight_230.json
230	68	2	69	7	188	1	4	1	1	rational	weight_230.json
230	68	2	12	7	188	1	5	1	1	rational	weight_230.json
230	68	2	93	7	188	1	6	1	1	rational	weight_230.json
230	68	2	150	7	188	1	7	1	1	rational	weight_230.json
230	68	2	231	7	188	1	8	1	1	rational	weight_230.json
230	68	2	120	7	107	1	9	1	1	rational	weight_230.json
230	68	2	120	7	107	1	10	1	1	rational	weight_230.json
230	68	2	150	7	188	1	11	1	1	rational	weight_230.json
230	68	2	120	7	107	1	12	1	1	rational	weight_230.json
230	68	2	93	7	188	1	13	1	1	rational	weight_230.json
230	68	2	69	7	188	1	14	1	1	rational	weight_230.json
230	68	2	231	7	188	1	15	1	1	rational	weight_230.json
230	68	2	123	7	107	1	16	1	1	rational	weight_230.json
230	68	2	174	7	188	1	17	1	2	rational	weight_230.json
232	70	2	162	7	92	1	1	1	1	rational	weight_232.json
232	70	2	162	7	92	1	2	1	1	rational	weight_232.json
232	70	2	135	7	92	1	3	1	1	rational	weight_232.json
232	70	2	27	7	92	1	4	1	1	rational	weight_232.json
232	70	2	54	7	92	1	5	1	1	rational	weight_232.json
232	70	2	27	7	92	1	6	1	1	rational	weight_232.json
232	70	2	135	7	92	1	7	1	1	rational	weight_232.json
232	70	2	234	7	173	1	8	1	1	rational	weight_232.json
232	70	2	36	7	173	1	9	1	1	rational	weight_232.json
232	70	2	144	7	173	1	10	1	1	rational	weight_232.json
232	70	2	45	7	173	1	11	1	1	rational	weight_232.json
232	70	2	18	7	173	1	12	1	1	rational	weight_232.json
232	70	2	36	7	173	1	13	1	1	rational	weight_232.json
232	70	2	45	7	173	1	14	1	1	rational	weight_232.json
232	70	2	18	7	173	1	15	1	1	rational	weight_232.json
232	70	2	144	7	173	1	16	1	1	rational	weight_232.json
232	70	2	72	7	173	1	17	1	1	rational	weight_232.json
232	70	2	weight_232.json#orbit=1,place=18,coordinate=0	7	weight_232.json#orbit=1,place=18,coordinate=1	1	18	1	2	algebraic	weight_232.json
234	72	2	204	7	5	1	1	1	1	rational	weight_234.json
234	72	2	228	7	167	1	2	1	1	rational	weight_234.json
234	72	2	39	7	5	1	3	1	1	rational	weight_234.json
234	72	2	228	7	167	1	4	1	1	rational	weight_234.json
234	72	2	42	7	5	1	5	1	1	rational	weight_234.json
234	72	2	123	7	5	1	6	1	1	rational	weight_234.json
234	72	2	123	7	5	1	7	1	1	rational	weight_234.json
234	72	2	15	7	167	1	8	1	1	rational	weight_234.json
234	72	2	201	7	5	1	9	1	1	rational	weight_234.json
234	72	2	15	7	167	1	10	1	1	rational	weight_234.json
234	72	2	39	7	5	1	11	1	1	rational	weight_234.json
234	72	2	42	7	5	1	12	1	1	rational	weight_234.json
234	72	2	15	7	167	1	13	1	1	rational	weight_234.json
234	72	2	201	7	5	1	14	1	1	rational	weight_234.json
234	72	2	39	7	5	1	15	1	1	rational	weight_234.json
234	72	2	228	7	167	1	16	1	1	rational	weight_234.json
234	72	2	204	7	5	1	17	1	1	rational	weight_234.json
234	72	2	120	7	5	1	18	1	2	rational	weight_234.json
236	74	2	51	7	197	1	1	1	1	rational	weight_236.json
236	74	2	132	7	197	1	2	1	1	rational	weight_236.json
236	74	2	30	7	197	1	3	1	1	rational	weight_236.json
236	74	2	186	7	116	1	4	1	1	rational	weight_236.json
236	74	2	57	7	116	1	5	1	1	rational	weight_236.json
236	74	2	57	7	116	1	6	1	1	rational	weight_236.json
236	74	2	111	7	197	1	7	1	1	rational	weight_236.json
236	74	2	186	7	116	1	8	1	1	rational	weight_236.json
236	74	2	51	7	197	1	9	1	1	rational	weight_236.json
236	74	2	111	7	197	1	10	1	1	rational	weight_236.json
236	74	2	51	7	197	1	11	1	1	rational	weight_236.json
236	74	2	57	7	116	1	12	1	1	rational	weight_236.json
236	74	2	192	7	197	1	13	1	1	rational	weight_236.json
236	74	2	132	7	197	1	14	1	1	rational	weight_236.json
236	74	2	30	7	197	1	15	1	1	rational	weight_236.json
236	74	2	186	7	116	1	16	1	1	rational	weight_236.json
236	74	2	192	7	197	1	17	1	1	rational	weight_236.json
236	74	2	213	7	197	1	18	1	2	rational	weight_236.json
238	76	2	81	7	209	1	1	1	1	rational	weight_238.json
238	76	2	81	7	209	1	2	1	1	rational	weight_238.json
238	76	2	216	7	209	1	3	1	1	rational	weight_238.json
238	76	2	189	7	209	1	4	1	1	rational	weight_238.json
238	76	2	216	7	209	1	5	1	1	rational	weight_238.json
238	76	2	108	7	209	1	6	1	1	rational	weight_238.json
238	76	2	117	7	47	1	7	1	1	rational	weight_238.json
238	76	2	90	7	47	1	8	1	1	rational	weight_238.json
238	76	2	180	7	47	1	9	1	1	rational	weight_238.json
238	76	2	36	7	47	1	10	1	1	rational	weight_238.json
238	76	2	144	7	47	1	11	1	1	rational	weight_238.json
238	76	2	180	7	47	1	12	1	1	rational	weight_238.json
238	76	2	171	7	47	1	13	1	1	rational	weight_238.json
238	76	2	144	7	47	1	14	1	1	rational	weight_238.json
238	76	2	117	7	47	1	15	1	1	rational	weight_238.json
238	76	2	45	7	47	1	16	1	1	rational	weight_238.json
238	76	2	45	7	47	1	17	1	1	rational	weight_238.json
238	76	2	weight_238.json#orbit=1,place=18,coordinate=0	7	weight_238.json#orbit=1,place=18,coordinate=1	1	18	1	2	algebraic	weight_238.json
240	78	2	21	7	230	1	1	1	1	rational	weight_240.json
240	78	2	168	7	68	1	2	1	1	rational	weight_240.json
240	78	2	21	7	230	1	3	1	1	rational	weight_240.json
240	78	2	156	7	68	1	4	1	1	rational	weight_240.json
240	78	2	222	7	230	1	5	1	1	rational	weight_240.json
240	78	2	21	7	230	1	6	1	1	rational	weight_240.json
240	78	2	87	7	68	1	7	1	1	rational	weight_240.json
240	78	2	156	7	68	1	8	1	1	rational	weight_240.json
240	78	2	222	7	230	1	9	1	1	rational	weight_240.json
240	78	2	21	7	230	1	10	1	1	rational	weight_240.json
240	78	2	237	7	68	1	11	1	1	rational	weight_240.json
240	78	2	87	7	68	1	12	1	1	rational	weight_240.json
240	78	2	222	7	230	1	13	1	1	rational	weight_240.json
240	78	2	75	7	68	1	14	1	1	rational	weight_240.json
240	78	2	168	7	68	1	15	1	1	rational	weight_240.json
240	78	2	237	7	68	1	16	1	1	rational	weight_240.json
240	78	2	75	7	68	1	17	1	1	rational	weight_240.json
240	78	2	87	7	68	1	18	1	1	rational	weight_240.json
240	78	2	6	7	68	1	19	1	2	rational	weight_240.json
242	80	2	60	7	125	1	1	1	1	rational	weight_242.json
242	80	2	183	7	125	1	2	1	1	rational	weight_242.json
242	80	2	33	7	44	1	3	1	1	rational	weight_242.json
242	80	2	21	7	125	1	4	1	1	rational	weight_242.json
242	80	2	60	7	125	1	5	1	1	rational	weight_242.json
242	80	2	21	7	125	1	6	1	1	rational	weight_242.json
242	80	2	141	7	125	1	7	1	1	rational	weight_242.json
242	80	2	210	7	44	1	8	1	1	rational	weight_242.json
242	80	2	33	7	44	1	9	1	1	rational	weight_242.json
242	80	2	102	7	125	1	10	1	1	rational	weight_242.json
242	80	2	141	7	125	1	11	1	1	rational	weight_242.json
242	80	2	222	7	125	1	12	1	1	rational	weight_242.json
242	80	2	210	7	44	1	13	1	1	rational	weight_242.json
242	80	2	102	7	125	1	14	1	1	rational	weight_242.json
242	80	2	33	7	44	1	15	1	1	rational	weight_242.json
242	80	2	222	7	125	1	16	1	1	rational	weight_242.json
242	80	2	33	7	44	1	17	1	1	rational	weight_242.json
242	80	2	210	7	44	1	18	1	1	rational	weight_242.json
242	80	2	183	7	125	1	19	1	1	rational	weight_242.json
244	82	2	162	7	2	1	1	1	1	rational	weight_244.json
244	82	2	162	7	2	1	2	1	1	rational	weight_244.json
244	82	2	135	7	2	1	3	1	1	rational	weight_244.json
244	82	2	27	7	2	1	4	1	1	rational	weight_244.json
244	82	2	27	7	2	1	5	1	1	rational	weight_244.json
244	82	2	54	7	2	1	6	1	1	rational	weight_244.json
244	82	2	225	7	83	1	7	1	1	rational	weight_244.json
244	82	2	207	7	83	1	8	1	1	rational	weight_244.json
244	82	2	36	7	83	1	9	1	1	rational	weight_244.json
244	82	2	18	7	83	1	10	1	1	rational	weight_244.json
244	82	2	weight_244.json#orbit=1,place=11,coordinate=0	7	weight_244.json#orbit=1,place=11,coordinate=1	1	11	1	2	algebraic	weight_244.json
244	82	2	weight_244.json#orbit=1,place=12,coordinate=0	7	weight_244.json#orbit=1,place=12,coordinate=1	1	12	1	2	algebraic	weight_244.json
244	82	2	weight_244.json#orbit=1,place=13,coordinate=0	7	weight_244.json#orbit=1,place=13,coordinate=1	1	13	1	2	algebraic	weight_244.json
244	82	2	weight_244.json#orbit=1,place=14,coordinate=0	7	weight_244.json#orbit=1,place=14,coordinate=1	1	14	1	2	algebraic	weight_244.json
244	82	2	weight_244.json#orbit=1,place=15,coordinate=0	7	weight_244.json#orbit=1,place=15,coordinate=1	1	15	1	2	algebraic	weight_244.json
246	84	2	111	7	212	1	1	1	1	rational	weight_246.json
246	84	2	159	7	50	1	2	1	1	rational	weight_246.json
246	84	2	240	7	50	1	3	1	1	rational	weight_246.json
246	84	2	78	7	50	1	4	1	1	rational	weight_246.json
246	84	2	3	7	50	1	5	1	1	rational	weight_246.json
246	84	2	165	7	50	1	6	1	1	rational	weight_246.json
246	84	2	132	7	212	1	7	1	1	rational	weight_246.json
246	84	2	132	7	212	1	8	1	1	rational	weight_246.json
246	84	2	240	7	50	1	9	1	1	rational	weight_246.json
246	84	2	3	7	50	1	10	1	1	rational	weight_246.json
246	84	2	84	7	50	1	11	1	1	rational	weight_246.json
246	84	2	111	7	212	1	12	1	1	rational	weight_246.json
246	84	2	111	7	212	1	13	1	1	rational	weight_246.json
246	84	2	78	7	50	1	14	1	1	rational	weight_246.json
246	84	2	132	7	212	1	15	1	1	rational	weight_246.json
246	84	2	84	7	50	1	16	1	1	rational	weight_246.json
246	84	2	132	7	212	1	17	1	1	rational	weight_246.json
246	84	2	159	7	50	1	18	1	1	rational	weight_246.json
246	84	2	165	7	50	1	19	1	1	rational	weight_246.json
246	84	2	3	7	50	1	20	1	1	rational	weight_246.json
248	86	2	93	7	134	1	1	1	1	rational	weight_248.json
248	86	2	147	7	215	1	2	1	1	rational	weight_248.json
248	86	2	93	7	134	1	3	1	1	rational	weight_248.json
248	86	2	177	7	215	1	4	1	1	rational	weight_248.json
248	86	2	228	7	215	1	5	1	1	rational	weight_248.json
248	86	2	15	7	215	1	6	1	1	rational	weight_248.json
248	86	2	15	7	215	1	7	1	1	rational	weight_248.json
248	86	2	150	7	134	1	8	1	1	rational	weight_248.json
248	86	2	228	7	215	1	9	1	1	rational	weight_248.json
248	86	2	93	7	134	1	10	1	1	rational	weight_248.json
248	86	2	177	7	215	1	11	1	1	rational	weight_248.json
248	86	2	147	7	215	1	12	1	1	rational	weight_248.json
248	86	2	150	7	134	1	13	1	1	rational	weight_248.json
248	86	2	93	7	134	1	14	1	1	rational	weight_248.json
248	86	2	15	7	215	1	15	1	1	rational	weight_248.json
248	86	2	66	7	215	1	16	1	1	rational	weight_248.json
248	86	2	150	7	134	1	17	1	1	rational	weight_248.json
248	86	2	66	7	215	1	18	1	1	rational	weight_248.json
248	86	2	96	7	215	1	19	1	2	rational	weight_248.json
250	88	2	0	7	200	1	1	1	1	rational	weight_250.json
250	88	2	81	7	200	1	2	1	1	rational	weight_250.json
250	88	2	81	7	200	1	3	1	1	rational	weight_250.json
250	88	2	216	7	200	1	4	1	1	rational	weight_250.json
250	88	2	189	7	200	1	5	1	1	rational	weight_250.json
250	88	2	216	7	200	1	6	1	1	rational	weight_250.json
250	88	2	108	7	200	1	7	1	1	rational	weight_250.json
250	88	2	99	7	38	1	8	1	1	rational	weight_250.json
250	88	2	225	7	38	1	9	1	1	rational	weight_250.json
250	88	2	99	7	38	1	10	1	1	rational	weight_250.json
250	88	2	9	7	38	1	11	1	1	rational	weight_250.json
250	88	2	198	7	38	1	12	1	1	rational	weight_250.json
250	88	2	117	7	38	1	13	1	1	rational	weight_250.json
250	88	2	171	7	38	1	14	1	1	rational	weight_250.json
250	88	2	207	7	38	1	15	1	1	rational	weight_250.json
250	88	2	207	7	38	1	16	1	1	rational	weight_250.json
250	88	2	225	7	38	1	17	1	1	rational	weight_250.json
250	88	2	63	7	38	1	18	1	1	rational	weight_250.json
250	88	2	weight_250.json#orbit=1,place=19,coordinate=0	7	weight_250.json#orbit=1,place=19,coordinate=1	1	19	1	2	algebraic	weight_250.json
252	90	2	66	7	194	1	1	1	1	rational	weight_252.json
252	90	2	12	7	113	1	2	1	1	rational	weight_252.json
252	90	2	231	7	113	1	3	1	1	rational	weight_252.json
252	90	2	15	7	194	1	4	1	1	rational	weight_252.json
252	90	2	177	7	194	1	5	1	1	rational	weight_252.json
252	90	2	231	7	113	1	6	1	1	rational	weight_252.json
252	90	2	12	7	113	1	7	1	1	rational	weight_252.json
252	90	2	12	7	113	1	8	1	1	rational	weight_252.json
252	90	2	15	7	194	1	9	1	1	rational	weight_252.json
252	90	2	12	7	113	1	10	1	1	rational	weight_252.json
252	90	2	15	7	194	1	11	1	1	rational	weight_252.json
252	90	2	228	7	194	1	12	1	1	rational	weight_252.json
252	90	2	228	7	194	1	13	1	1	rational	weight_252.json
252	90	2	66	7	194	1	14	1	1	rational	weight_252.json
252	90	2	147	7	194	1	15	1	1	rational	weight_252.json
252	90	2	231	7	113	1	16	1	1	rational	weight_252.json
252	90	2	147	7	194	1	17	1	1	rational	weight_252.json
252	90	2	177	7	194	1	18	1	1	rational	weight_252.json
252	90	2	228	7	194	1	19	1	1	rational	weight_252.json
252	90	2	96	7	194	1	20	1	2	rational	weight_252.json
254	92	2	159	7	224	1	1	1	1	rational	weight_254.json
254	92	2	3	7	224	1	2	1	1	rational	weight_254.json
254	92	2	51	7	143	1	3	1	1	rational	weight_254.json
254	92	2	84	7	224	1	4	1	1	rational	weight_254.json
254	92	2	3	7	224	1	5	1	1	rational	weight_254.json
254	92	2	240	7	224	1	6	1	1	rational	weight_254.json
254	92	2	84	7	224	1	7	1	1	rational	weight_254.json
254	92	2	3	7	224	1	8	1	1	rational	weight_254.json
254	92	2	51	7	143	1	9	1	1	rational	weight_254.json
254	92	2	240	7	224	1	10	1	1	rational	weight_254.json
254	92	2	240	7	224	1	11	1	1	rational	weight_254.json
254	92	2	192	7	143	1	12	1	1	rational	weight_254.json
254	92	2	192	7	143	1	13	1	1	rational	weight_254.json
254	92	2	78	7	224	1	14	1	1	rational	weight_254.json
254	92	2	78	7	224	1	15	1	1	rational	weight_254.json
254	92	2	51	7	143	1	16	1	1	rational	weight_254.json
254	92	2	159	7	224	1	17	1	1	rational	weight_254.json
254	92	2	192	7	143	1	18	1	1	rational	weight_254.json
254	92	2	165	7	224	1	19	1	2	rational	weight_254.json
256	94	2	0	7	74	1	1	1	1	rational	weight_256.json
256	94	2	162	7	74	1	2	1	1	rational	weight_256.json
256	94	2	162	7	74	1	3	1	1	rational	weight_256.json
256	94	2	135	7	74	1	4	1	1	rational	weight_256.json
256	94	2	27	7	74	1	5	1	1	rational	weight_256.json
256	94	2	54	7	74	1	6	1	1	rational	weight_256.json
256	94	2	27	7	74	1	7	1	1	rational	weight_256.json
256	94	2	126	7	155	1	8	1	1	rational	weight_256.json
256	94	2	99	7	155	1	9	1	1	rational	weight_256.json
256	94	2	198	7	155	1	10	1	1	rational	weight_256.json
256	94	2	63	7	155	1	11	1	1	rational	weight_256.json
256	94	2	18	7	155	1	12	1	1	rational	weight_256.json
256	94	2	207	7	155	1	13	1	1	rational	weight_256.json
256	94	2	99	7	155	1	14	1	1	rational	weight_256.json
256	94	2	72	7	155	1	15	1	1	rational	weight_256.json
256	94	2	153	7	155	1	16	1	1	rational	weight_256.json
256	94	2	198	7	155	1	17	1	1	rational	weight_256.json
256	94	2	225	7	155	1	18	1	1	rational	weight_256.json
256	94	2	63	7	155	1	19	1	1	rational	weight_256.json
256	94	2	weight_256.json#orbit=1,place=20,coordinate=0	7	weight_256.json#orbit=1,place=20,coordinate=1	1	20	1	2	algebraic	weight_256.json
258	96	2	210	7	176	1	1	1	1	rational	weight_258.json
258	96	2	141	7	14	1	2	1	1	rational	weight_258.json
258	96	2	222	7	14	1	3	1	1	rational	weight_258.json
258	96	2	222	7	14	1	4	1	1	rational	weight_258.json
258	96	2	21	7	14	1	5	1	1	rational	weight_258.json
258	96	2	33	7	176	1	6	1	1	rational	weight_258.json
258	96	2	210	7	176	1	7	1	1	rational	weight_258.json
258	96	2	210	7	176	1	8	1	1	rational	weight_258.json
258	96	2	222	7	14	1	9	1	1	rational	weight_258.json
258	96	2	102	7	14	1	10	1	1	rational	weight_258.json
258	96	2	102	7	14	1	11	1	1	rational	weight_258.json
258	96	2	33	7	176	1	12	1	1	rational	weight_258.json
258	96	2	60	7	14	1	13	1	1	rational	weight_258.json
258	96	2	21	7	14	1	14	1	1	rational	weight_258.json
258	96	2	141	7	14	1	15	1	1	rational	weight_258.json
258	96	2	210	7	176	1	16	1	1	rational	weight_258.json
258	96	2	21	7	14	1	17	1	1	rational	weight_258.json
258	96	2	33	7	176	1	18	1	1	rational	weight_258.json
258	96	2	60	7	14	1	19	1	1	rational	weight_258.json
258	96	2	183	7	14	1	20	1	2	rational	weight_258.json
260	98	2	21	7	71	1	1	1	1	rational	weight_260.json
260	98	2	21	7	71	1	2	1	1	rational	weight_260.json
260	98	2	222	7	71	1	3	1	1	rational	weight_260.json
260	98	2	156	7	152	1	4	1	1	rational	weight_260.json
260	98	2	156	7	152	1	5	1	1	rational	weight_260.json
260	98	2	168	7	152	1	6	1	1	rational	weight_260.json
260	98	2	21	7	71	1	7	1	1	rational	weight_260.json
260	98	2	6	7	152	1	8	1	1	rational	weight_260.json
260	98	2	168	7	152	1	9	1	1	rational	weight_260.json
260	98	2	6	7	152	1	10	1	1	rational	weight_260.json
260	98	2	75	7	152	1	11	1	1	rational	weight_260.json
260	98	2	222	7	71	1	12	1	1	rational	weight_260.json
260	98	2	87	7	152	1	13	1	1	rational	weight_260.json
260	98	2	222	7	71	1	14	1	1	rational	weight_260.json
260	98	2	6	7	152	1	15	1	1	rational	weight_260.json
260	98	2	237	7	152	1	16	1	1	rational	weight_260.json
260	98	2	75	7	152	1	17	1	1	rational	weight_260.json
260	98	2	237	7	152	1	18	1	1	rational	weight_260.json
260	98	2	237	7	152	1	19	1	1	rational	weight_260.json
260	98	2	222	7	71	1	20	1	1	rational	weight_260.json
260	98	2	87	7	152	1	21	1	1	rational	weight_260.json
262	100	2	0	7	110	1	1	1	1	rational	weight_262.json
262	100	2	81	7	110	1	2	1	1	rational	weight_262.json
262	100	2	81	7	110	1	3	1	1	rational	weight_262.json
262	100	2	189	7	110	1	4	1	1	rational	weight_262.json
262	100	2	216	7	110	1	5	1	1	rational	weight_262.json
262	100	2	108	7	110	1	6	1	1	rational	weight_262.json
262	100	2	216	7	110	1	7	1	1	rational	weight_262.json
262	100	2	207	7	191	1	8	1	1	rational	weight_262.json
262	100	2	18	7	191	1	9	1	1	rational	weight_262.json
262	100	2	36	7	191	1	10	1	1	rational	weight_262.json
262	100	2	225	7	191	1	11	1	1	rational	weight_262.json
262	100	2	weight_262.json#orbit=1,place=12,coordinate=0	7	weight_262.json#orbit=1,place=12,coordinate=1	1	12	1	2	algebraic	weight_262.json
262	100	2	weight_262.json#orbit=1,place=13,coordinate=0	7	weight_262.json#orbit=1,place=13,coordinate=1	1	13	1	2	algebraic	weight_262.json
262	100	2	weight_262.json#orbit=1,place=14,coordinate=0	7	weight_262.json#orbit=1,place=14,coordinate=1	1	14	1	2	algebraic	weight_262.json
262	100	2	weight_262.json#orbit=1,place=15,coordinate=0	7	weight_262.json#orbit=1,place=15,coordinate=1	1	15	1	2	algebraic	weight_262.json
262	100	2	weight_262.json#orbit=1,place=16,coordinate=0	7	weight_262.json#orbit=1,place=16,coordinate=1	1	16	1	2	algebraic	weight_262.json
264	102	2	219	7	158	1	1	1	1	rational	weight_264.json
264	102	2	51	7	239	1	2	1	1	rational	weight_264.json
264	102	2	192	7	239	1	3	1	1	rational	weight_264.json
264	102	2	132	7	239	1	4	1	1	rational	weight_264.json
264	102	2	219	7	158	1	5	1	1	rational	weight_264.json
264	102	2	192	7	239	1	6	1	1	rational	weight_264.json
264	102	2	192	7	239	1	7	1	1	rational	weight_264.json
264	102	2	111	7	239	1	8	1	1	rational	weight_264.json
264	102	2	51	7	239	1	9	1	1	rational	weight_264.json
264	102	2	132	7	239	1	10	1	1	rational	weight_264.json
264	102	2	24	7	158	1	11	1	1	rational	weight_264.json
264	102	2	30	7	239	1	12	1	1	rational	weight_264.json
264	102	2	219	7	158	1	13	1	1	rational	weight_264.json
264	102	2	111	7	239	1	14	1	1	rational	weight_264.json
264	102	2	30	7	239	1	15	1	1	rational	weight_264.json
264	102	2	24	7	158	1	16	1	1	rational	weight_264.json
264	102	2	213	7	239	1	17	1	1	rational	weight_264.json
264	102	2	24	7	158	1	18	1	1	rational	weight_264.json
264	102	2	213	7	239	1	19	1	1	rational	weight_264.json
264	102	2	24	7	158	1	20	1	1	rational	weight_264.json
264	102	2	111	7	239	1	21	1	1	rational	weight_264.json
264	102	2	132	7	239	1	22	1	1	rational	weight_264.json
266	104	2	120	7	242	1	1	1	1	rational	weight_266.json
266	104	2	66	7	161	1	2	1	1	rational	weight_266.json
266	104	2	204	7	242	1	3	1	1	rational	weight_266.json
266	104	2	66	7	161	1	4	1	1	rational	weight_266.json
266	104	2	204	7	242	1	5	1	1	rational	weight_266.json
266	104	2	204	7	242	1	6	1	1	rational	weight_266.json
266	104	2	120	7	242	1	7	1	1	rational	weight_266.json
266	104	2	66	7	161	1	8	1	1	rational	weight_266.json
266	104	2	39	7	242	1	9	1	1	rational	weight_266.json
266	104	2	123	7	242	1	10	1	1	rational	weight_266.json
266	104	2	201	7	242	1	11	1	1	rational	weight_266.json
266	104	2	177	7	161	1	12	1	1	rational	weight_266.json
266	104	2	42	7	242	1	13	1	1	rational	weight_266.json
266	104	2	66	7	161	1	14	1	1	rational	weight_266.json
266	104	2	177	7	161	1	15	1	1	rational	weight_266.json
266	104	2	123	7	242	1	16	1	1	rational	weight_266.json
266	104	2	42	7	242	1	17	1	1	rational	weight_266.json
266	104	2	177	7	161	1	18	1	1	rational	weight_266.json
266	104	2	42	7	242	1	19	1	1	rational	weight_266.json
266	104	2	201	7	242	1	20	1	1	rational	weight_266.json
266	104	2	39	7	242	1	21	1	1	rational	weight_266.json
268	106	2	0	7	65	1	1	1	1	rational	weight_268.json
268	106	2	162	7	65	1	2	1	1	rational	weight_268.json
268	106	2	162	7	65	1	3	1	1	rational	weight_268.json
268	106	2	135	7	65	1	4	1	1	rational	weight_268.json
268	106	2	27	7	65	1	5	1	1	rational	weight_268.json
268	106	2	54	7	65	1	6	1	1	rational	weight_268.json
268	106	2	189	7	65	1	7	1	1	rational	weight_268.json
268	106	2	27	7	65	1	8	1	1	rational	weight_268.json
268	106	2	36	7	146	1	9	1	1	rational	weight_268.json
268	106	2	144	7	146	1	10	1	1	rational	weight_268.json
268	106	2	9	7	146	1	11	1	1	rational	weight_268.json
268	106	2	36	7	146	1	12	1	1	rational	weight_268.json
268	106	2	171	7	146	1	13	1	1	rational	weight_268.json
268	106	2	63	7	146	1	14	1	1	rational	weight_268.json
268	106	2	117	7	146	1	15	1	1	rational	weight_268.json
268	106	2	45	7	146	1	16	1	1	rational	weight_268.json
268	106	2	126	7	146	1	17	1	1	rational	weight_268.json
268	106	2	18	7	146	1	18	1	1	rational	weight_268.json
268	106	2	180	7	146	1	19	1	1	rational	weight_268.json
268	106	2	144	7	146	1	20	1	1	rational	weight_268.json
268	106	2	153	7	146	1	21	1	2	rational	weight_268.json
270	108	2	231	7	140	1	1	1	1	rational	weight_270.json
270	108	2	39	7	59	1	2	1	1	rational	weight_270.json
270	108	2	174	7	140	1	3	1	1	rational	weight_270.json
270	108	2	39	7	59	1	4	1	1	rational	weight_270.json
270	108	2	150	7	140	1	5	1	1	rational	weight_270.json
270	108	2	69	7	140	1	6	1	1	rational	weight_270.json
270	108	2	69	7	140	1	7	1	1	rational	weight_270.json
270	108	2	93	7	140	1	8	1	1	rational	weight_270.json
270	108	2	93	7	140	1	9	1	1	rational	weight_270.json
270	108	2	204	7	59	1	10	1	1	rational	weight_270.json
270	108	2	150	7	140	1	11	1	1	rational	weight_270.json
270	108	2	231	7	140	1	12	1	1	rational	weight_270.json
270	108	2	231	7	140	1	13	1	1	rational	weight_270.json
270	108	2	204	7	59	1	14	1	1	rational	weight_270.json
270	108	2	39	7	59	1	15	1	1	rational	weight_270.json
270	108	2	174	7	140	1	16	1	1	rational	weight_270.json
270	108	2	39	7	59	1	17	1	1	rational	weight_270.json
270	108	2	174	7	140	1	18	1	1	rational	weight_270.json
270	108	2	204	7	59	1	19	1	1	rational	weight_270.json
270	108	2	12	7	140	1	20	1	1	rational	weight_270.json
270	108	2	150	7	140	1	21	1	1	rational	weight_270.json
270	108	2	12	7	140	1	22	1	1	rational	weight_270.json
272	110	2	57	7	8	1	1	1	1	rational	weight_272.json
272	110	2	57	7	8	1	2	1	1	rational	weight_272.json
272	110	2	159	7	170	1	3	1	1	rational	weight_272.json
272	110	2	186	7	8	1	4	1	1	rational	weight_272.json
272	110	2	84	7	170	1	5	1	1	rational	weight_272.json
272	110	2	159	7	170	1	6	1	1	rational	weight_272.json
272	110	2	219	7	8	1	7	1	1	rational	weight_272.json
272	110	2	24	7	8	1	8	1	1	rational	weight_272.json
272	110	2	84	7	170	1	9	1	1	rational	weight_272.json
272	110	2	84	7	170	1	10	1	1	rational	weight_272.json
272	110	2	219	7	8	1	11	1	1	rational	weight_272.json
272	110	2	159	7	170	1	12	1	1	rational	weight_272.json
272	110	2	159	7	170	1	13	1	1	rational	weight_272.json
272	110	2	24	7	8	1	14	1	1	rational	weight_272.json
272	110	2	219	7	8	1	15	1	1	rational	weight_272.json
272	110	2	105	7	8	1	16	1	1	rational	weight_272.json
272	110	2	138	7	8	1	17	1	1	rational	weight_272.json
272	110	2	138	7	8	1	18	1	1	rational	weight_272.json
272	110	2	186	7	8	1	19	1	1	rational	weight_272.json
272	110	2	105	7	8	1	20	1	1	rational	weight_272.json
272	110	2	186	7	8	1	21	1	1	rational	weight_272.json
272	110	2	138	7	8	1	22	1	1	rational	weight_272.json
274	112	2	0	7	182	1	1	1	1	rational	weight_274.json
274	112	2	81	7	182	1	2	1	1	rational	weight_274.json
274	112	2	54	7	182	1	3	1	1	rational	weight_274.json
274	112	2	108	7	182	1	4	1	1	rational	weight_274.json
274	112	2	189	7	182	1	5	1	1	rational	weight_274.json
274	112	2	216	7	182	1	6	1	1	rational	weight_274.json
274	112	2	216	7	182	1	7	1	1	rational	weight_274.json
274	112	2	144	7	20	1	8	1	1	rational	weight_274.json
274	112	2	225	7	20	1	9	1	1	rational	weight_274.json
274	112	2	18	7	20	1	10	1	1	rational	weight_274.json
274	112	2	180	7	20	1	11	1	1	rational	weight_274.json
274	112	2	180	7	20	1	12	1	1	rational	weight_274.json
274	112	2	45	7	20	1	13	1	1	rational	weight_274.json
274	112	2	171	7	20	1	14	1	1	rational	weight_274.json
274	112	2	153	7	20	1	15	1	1	rational	weight_274.json
274	112	2	72	7	20	1	16	1	1	rational	weight_274.json
274	112	2	117	7	20	1	17	1	1	rational	weight_274.json
274	112	2	36	7	20	1	18	1	1	rational	weight_274.json
274	112	2	45	7	20	1	19	1	1	rational	weight_274.json
274	112	2	207	7	20	1	20	1	1	rational	weight_274.json
274	112	2	9	7	20	1	21	1	2	rational	weight_274.json
276	114	2	87	7	122	1	1	1	1	rational	weight_276.json
276	114	2	33	7	203	1	2	1	1	rational	weight_276.json
276	114	2	48	7	203	1	3	1	1	rational	weight_276.json
276	114	2	195	7	203	1	4	1	1	rational	weight_276.json
276	114	2	114	7	203	1	5	1	1	rational	weight_276.json
276	114	2	48	7	203	1	6	1	1	rational	weight_276.json
276	114	2	114	7	203	1	7	1	1	rational	weight_276.json
276	114	2	87	7	122	1	8	1	1	rational	weight_276.json
276	114	2	33	7	203	1	9	1	1	rational	weight_276.json
276	114	2	87	7	122	1	10	1	1	rational	weight_276.json
276	114	2	210	7	203	1	11	1	1	rational	weight_276.json
276	114	2	48	7	203	1	12	1	1	rational	weight_276.json
276	114	2	156	7	122	1	13	1	1	rational	weight_276.json
276	114	2	156	7	122	1	14	1	1	rational	weight_276.json
276	114	2	195	7	203	1	15	1	1	rational	weight_276.json
276	114	2	210	7	203	1	16	1	1	rational	weight_276.json
276	114	2	114	7	203	1	17	1	1	rational	weight_276.json
276	114	2	210	7	203	1	18	1	1	rational	weight_276.json
276	114	2	129	7	203	1	19	1	1	rational	weight_276.json
276	114	2	156	7	122	1	20	1	1	rational	weight_276.json
276	114	2	129	7	203	1	21	1	1	rational	weight_276.json
276	114	2	156	7	122	1	22	1	1	rational	weight_276.json
276	114	2	87	7	122	1	23	1	1	rational	weight_276.json
278	116	2	210	7	179	1	1	1	1	rational	weight_278.json
278	116	2	129	7	179	1	2	1	1	rational	weight_278.json
278	116	2	48	7	179	1	3	1	1	rational	weight_278.json
278	116	2	168	7	98	1	4	1	1	rational	weight_278.json
278	116	2	195	7	179	1	5	1	1	rational	weight_278.json
278	116	2	75	7	98	1	6	1	1	rational	weight_278.json
278	116	2	210	7	179	1	7	1	1	rational	weight_278.json
278	116	2	168	7	98	1	8	1	1	rational	weight_278.json
278	116	2	168	7	98	1	9	1	1	rational	weight_278.json
278	116	2	114	7	179	1	10	1	1	rational	weight_278.json
278	116	2	168	7	98	1	11	1	1	rational	weight_278.json
278	116	2	210	7	179	1	12	1	1	rational	weight_278.json
278	116	2	48	7	179	1	13	1	1	rational	weight_278.json
278	116	2	33	7	179	1	14	1	1	rational	weight_278.json
278	116	2	33	7	179	1	15	1	1	rational	weight_278.json
278	116	2	75	7	98	1	16	1	1	rational	weight_278.json
278	116	2	195	7	179	1	17	1	1	rational	weight_278.json
278	116	2	75	7	98	1	18	1	1	rational	weight_278.json
278	116	2	75	7	98	1	19	1	1	rational	weight_278.json
278	116	2	114	7	179	1	20	1	1	rational	weight_278.json
278	116	2	114	7	179	1	21	1	1	rational	weight_278.json
278	116	2	129	7	179	1	22	1	1	rational	weight_278.json
280	118	2	0	7	218	1	1	1	1	rational	weight_280.json
280	118	2	162	7	218	1	2	1	1	rational	weight_280.json
280	118	2	54	7	218	1	3	1	1	rational	weight_280.json
280	118	2	135	7	218	1	4	1	1	rational	weight_280.json
280	118	2	27	7	218	1	5	1	1	rational	weight_280.json
280	118	2	189	7	218	1	6	1	1	rational	weight_280.json
280	118	2	27	7	218	1	7	1	1	rational	weight_280.json
280	118	2	18	7	56	1	8	1	1	rational	weight_280.json
280	118	2	207	7	56	1	9	1	1	rational	weight_280.json
280	118	2	18	7	56	1	10	1	1	rational	weight_280.json
280	118	2	36	7	56	1	11	1	1	rational	weight_280.json
280	118	2	225	7	56	1	12	1	1	rational	weight_280.json
280	118	2	207	7	56	1	13	1	1	rational	weight_280.json
280	118	2	weight_280.json#orbit=1,place=14,coordinate=0	7	weight_280.json#orbit=1,place=14,coordinate=1	1	14	1	2	algebraic	weight_280.json
280	118	2	weight_280.json#orbit=1,place=15,coordinate=0	7	weight_280.json#orbit=1,place=15,coordinate=1	1	15	1	2	algebraic	weight_280.json
280	118	2	weight_280.json#orbit=1,place=16,coordinate=0	7	weight_280.json#orbit=1,place=16,coordinate=1	1	16	1	2	algebraic	weight_280.json
280	118	2	weight_280.json#orbit=1,place=17,coordinate=0	7	weight_280.json#orbit=1,place=17,coordinate=1	1	17	1	2	algebraic	weight_280.json
280	118	2	weight_280.json#orbit=1,place=18,coordinate=0	7	weight_280.json#orbit=1,place=18,coordinate=1	1	18	1	2	algebraic	weight_280.json
282	120	2	159	7	104	1	1	1	1	rational	weight_282.json
282	120	2	159	7	104	1	2	1	1	rational	weight_282.json
282	120	2	84	7	104	1	3	1	1	rational	weight_282.json
282	120	2	105	7	185	1	4	1	1	rational	weight_282.json
282	120	2	138	7	185	1	5	1	1	rational	weight_282.json
282	120	2	186	7	185	1	6	1	1	rational	weight_282.json
282	120	2	138	7	185	1	7	1	1	rational	weight_282.json
282	120	2	186	7	185	1	8	1	1	rational	weight_282.json
282	120	2	24	7	185	1	9	1	1	rational	weight_282.json
282	120	2	57	7	185	1	10	1	1	rational	weight_282.json
282	120	2	219	7	185	1	11	1	1	rational	weight_282.json
282	120	2	138	7	185	1	12	1	1	rational	weight_282.json
282	120	2	84	7	104	1	13	1	1	rational	weight_282.json
282	120	2	138	7	185	1	14	1	1	rational	weight_282.json
282	120	2	84	7	104	1	15	1	1	rational	weight_282.json
282	120	2	219	7	185	1	16	1	1	rational	weight_282.json
282	120	2	84	7	104	1	17	1	1	rational	weight_282.json
282	120	2	105	7	185	1	18	1	1	rational	weight_282.json
282	120	2	57	7	185	1	19	1	1	rational	weight_282.json
282	120	2	159	7	104	1	20	1	1	rational	weight_282.json
282	120	2	186	7	185	1	21	1	1	rational	weight_282.json
282	120	2	24	7	185	1	22	1	1	rational	weight_282.json
282	120	2	159	7	104	1	23	1	1	rational	weight_282.json
284	122	2	150	7	26	1	1	1	1	rational	weight_284.json
284	122	2	12	7	26	1	2	1	1	rational	weight_284.json
284	122	2	174	7	26	1	3	1	1	rational	weight_284.json
284	122	2	69	7	26	1	4	1	1	rational	weight_284.json
284	122	2	12	7	26	1	5	1	1	rational	weight_284.json
284	122	2	204	7	188	1	6	1	1	rational	weight_284.json
284	122	2	204	7	188	1	7	1	1	rational	weight_284.json
284	122	2	12	7	26	1	8	1	1	rational	weight_284.json
284	122	2	231	7	26	1	9	1	1	rational	weight_284.json
284	122	2	93	7	26	1	10	1	1	rational	weight_284.json
284	122	2	204	7	188	1	11	1	1	rational	weight_284.json
284	122	2	39	7	188	1	12	1	1	rational	weight_284.json
284	122	2	39	7	188	1	13	1	1	rational	weight_284.json
284	122	2	150	7	26	1	14	1	1	rational	weight_284.json
284	122	2	39	7	188	1	15	1	1	rational	weight_284.json
284	122	2	39	7	188	1	16	1	1	rational	weight_284.json
284	122	2	231	7	26	1	17	1	1	rational	weight_284.json
284	122	2	69	7	26	1	18	1	1	rational	weight_284.json
284	122	2	93	7	26	1	19	1	1	rational	weight_284.json
284	122	2	204	7	188	1	20	1	1	rational	weight_284.json
284	122	2	174	7	26	1	21	1	1	rational	weight_284.json
284	122	2	150	7	26	1	22	1	2	rational	weight_284.json
286	124	2	0	7	173	1	1	1	1	rational	weight_286.json
286	124	2	81	7	173	1	2	1	1	rational	weight_286.json
286	124	2	54	7	173	1	3	1	1	rational	weight_286.json
286	124	2	108	7	173	1	4	1	1	rational	weight_286.json
286	124	2	135	7	173	1	5	1	1	rational	weight_286.json
286	124	2	189	7	173	1	6	1	1	rational	weight_286.json
286	124	2	216	7	173	1	7	1	1	rational	weight_286.json
286	124	2	216	7	173	1	8	1	1	rational	weight_286.json
286	124	2	9	7	11	1	9	1	1	rational	weight_286.json
286	124	2	207	7	11	1	10	1	1	rational	weight_286.json
286	124	2	63	7	11	1	11	1	1	rational	weight_286.json
286	124	2	171	7	11	1	12	1	1	rational	weight_286.json
286	124	2	99	7	11	1	13	1	1	rational	weight_286.json
286	124	2	198	7	11	1	14	1	1	rational	weight_286.json
286	124	2	117	7	11	1	15	1	1	rational	weight_286.json
286	124	2	126	7	11	1	16	1	1	rational	weight_286.json
286	124	2	180	7	11	1	17	1	1	rational	weight_286.json
286	124	2	225	7	11	1	18	1	1	rational	weight_286.json
286	124	2	207	7	11	1	19	1	1	rational	weight_286.json
286	124	2	weight_286.json#orbit=1,place=20,coordinate=0	7	weight_286.json#orbit=1,place=20,coordinate=1	1	20	1	2	algebraic	weight_286.json
286	124	2	weight_286.json#orbit=1,place=21,coordinate=0	7	weight_286.json#orbit=1,place=21,coordinate=1	1	21	1	2	algebraic	weight_286.json
288	126	2	120	7	86	1	1	1	1	rational	weight_288.json
288	126	2	123	7	86	1	2	1	1	rational	weight_288.json
288	126	2	177	7	5	1	3	1	1	rational	weight_288.json
288	126	2	177	7	5	1	4	1	1	rational	weight_288.json
288	126	2	120	7	86	1	5	1	1	rational	weight_288.json
288	126	2	177	7	5	1	6	1	1	rational	weight_288.json
288	126	2	201	7	86	1	7	1	1	rational	weight_288.json
288	126	2	42	7	86	1	8	1	1	rational	weight_288.json
288	126	2	66	7	5	1	9	1	1	rational	weight_288.json
288	126	2	66	7	5	1	10	1	1	rational	weight_288.json
288	126	2	66	7	5	1	11	1	1	rational	weight_288.json
288	126	2	177	7	5	1	12	1	1	rational	weight_288.json
288	126	2	204	7	86	1	13	1	1	rational	weight_288.json
288	126	2	123	7	86	1	14	1	1	rational	weight_288.json
288	126	2	39	7	86	1	15	1	1	rational	weight_288.json
288	126	2	120	7	86	1	16	1	1	rational	weight_288.json
288	126	2	39	7	86	1	17	1	1	rational	weight_288.json
288	126	2	120	7	86	1	18	1	1	rational	weight_288.json
288	126	2	204	7	86	1	19	1	1	rational	weight_288.json
288	126	2	66	7	5	1	20	1	1	rational	weight_288.json
288	126	2	42	7	86	1	21	1	1	rational	weight_288.json
288	126	2	201	7	86	1	22	1	1	rational	weight_288.json
288	126	2	42	7	86	1	23	1	2	rational	weight_288.json
290	128	2	24	7	197	1	1	1	1	rational	weight_290.json
290	128	2	111	7	35	1	2	1	1	rational	weight_290.json
290	128	2	30	7	35	1	3	1	1	rational	weight_290.json
290	128	2	51	7	35	1	4	1	1	rational	weight_290.json
290	128	2	24	7	197	1	5	1	1	rational	weight_290.json
290	128	2	24	7	197	1	6	1	1	rational	weight_290.json
290	128	2	219	7	197	1	7	1	1	rational	weight_290.json
290	128	2	51	7	35	1	8	1	1	rational	weight_290.json
290	128	2	132	7	35	1	9	1	1	rational	weight_290.json
290	128	2	132	7	35	1	10	1	1	rational	weight_290.json
290	128	2	219	7	197	1	11	1	1	rational	weight_290.json
290	128	2	192	7	35	1	12	1	1	rational	weight_290.json
290	128	2	213	7	35	1	13	1	1	rational	weight_290.json
290	128	2	24	7	197	1	14	1	1	rational	weight_290.json
290	128	2	30	7	35	1	15	1	1	rational	weight_290.json
290	128	2	192	7	35	1	16	1	1	rational	weight_290.json
290	128	2	111	7	35	1	17	1	1	rational	weight_290.json
290	128	2	213	7	35	1	18	1	1	rational	weight_290.json
290	128	2	219	7	197	1	19	1	1	rational	weight_290.json
290	128	2	132	7	35	1	20	1	1	rational	weight_290.json
290	128	2	132	7	35	1	21	1	1	rational	weight_290.json
290	128	2	192	7	35	1	22	1	2	rational	weight_290.json
292	130	2	0	7	47	1	1	1	1	rational	weight_292.json
292	130	2	162	7	47	1	2	1	1	rational	weight_292.json
292	130	2	189	7	47	1	3	1	1	rational	weight_292.json
292	130	2	27	7	47	1	4	1	1	rational	weight_292.json
292	130	2	54	7	47	1	5	1	1	rational	weight_292.json
292	130	2	108	7	47	1	6	1	1	rational	weight_292.json
292	130	2	135	7	47	1	7	1	1	rational	weight_292.json
292	130	2	27	7	47	1	8	1	1	rational	weight_292.json
292	130	2	126	7	128	1	9	1	1	rational	weight_292.json
292	130	2	63	7	128	1	10	1	1	rational	weight_292.json
292	130	2	198	7	128	1	11	1	1	rational	weight_292.json
292	130	2	18	7	128	1	12	1	1	rational	weight_292.json
292	130	2	207	7	128	1	13	1	1	rational	weight_292.json
292	130	2	72	7	128	1	14	1	1	rational	weight_292.json
292	130	2	36	7	128	1	15	1	1	rational	weight_292.json
292	130	2	117	7	128	1	16	1	1	rational	weight_292.json
292	130	2	198	7	128	1	17	1	1	rational	weight_292.json
292	130	2	225	7	128	1	18	1	1	rational	weight_292.json
292	130	2	153	7	128	1	19	1	1	rational	weight_292.json
292	130	2	99	7	128	1	20	1	1	rational	weight_292.json
292	130	2	weight_292.json#orbit=1,place=21,coordinate=0	7	weight_292.json#orbit=1,place=21,coordinate=1	1	21	1	2	algebraic	weight_292.json
292	130	2	weight_292.json#orbit=1,place=22,coordinate=0	7	weight_292.json#orbit=1,place=22,coordinate=1	1	22	1	2	algebraic	weight_292.json
294	132	2	102	7	68	1	1	1	1	rational	weight_294.json
294	132	2	168	7	149	1	2	1	1	rational	weight_294.json
294	132	2	87	7	149	1	3	1	1	rational	weight_294.json
294	132	2	141	7	68	1	4	1	1	rational	weight_294.json
294	132	2	141	7	68	1	5	1	1	rational	weight_294.json
294	132	2	141	7	68	1	6	1	1	rational	weight_294.json
294	132	2	75	7	149	1	7	1	1	rational	weight_294.json
294	132	2	6	7	149	1	8	1	1	rational	weight_294.json
294	132	2	168	7	149	1	9	1	1	rational	weight_294.json
294	132	2	6	7	149	1	10	1	1	rational	weight_294.json
294	132	2	87	7	149	1	11	1	1	rational	weight_294.json
294	132	2	102	7	68	1	12	1	1	rational	weight_294.json
294	132	2	75	7	149	1	13	1	1	rational	weight_294.json
294	132	2	156	7	149	1	14	1	1	rational	weight_294.json
294	132	2	237	7	149	1	15	1	1	rational	weight_294.json
294	132	2	237	7	149	1	16	1	1	rational	weight_294.json
294	132	2	156	7	149	1	17	1	1	rational	weight_294.json
294	132	2	102	7	68	1	18	1	1	rational	weight_294.json
294	132	2	6	7	149	1	19	1	1	rational	weight_294.json
294	132	2	102	7	68	1	20	1	1	rational	weight_294.json
294	132	2	141	7	68	1	21	1	1	rational	weight_294.json
294	132	2	6	7	149	1	22	1	1	rational	weight_294.json
294	132	2	75	7	149	1	23	1	2	rational	weight_294.json
296	134	2	183	7	206	1	1	1	1	rational	weight_296.json
296	134	2	183	7	206	1	2	1	1	rational	weight_296.json
296	134	2	129	7	125	1	3	1	1	rational	weight_296.json
296	134	2	222	7	206	1	4	1	1	rational	weight_296.json
296	134	2	222	7	206	1	5	1	1	rational	weight_296.json
296	134	2	129	7	125	1	6	1	1	rational	weight_296.json
296	134	2	60	7	206	1	7	1	1	rational	weight_296.json
296	134	2	60	7	206	1	8	1	1	rational	weight_296.json
296	134	2	21	7	206	1	9	1	1	rational	weight_296.json
296	134	2	102	7	206	1	10	1	1	rational	weight_296.json
296	134	2	183	7	206	1	11	1	1	rational	weight_296.json
296	134	2	102	7	206	1	12	1	1	rational	weight_296.json
296	134	2	114	7	125	1	13	1	1	rational	weight_296.json
296	134	2	129	7	125	1	14	1	1	rational	weight_296.json
296	134	2	114	7	125	1	15	1	1	rational	weight_296.json
296	134	2	222	7	206	1	16	1	1	rational	weight_296.json
296	134	2	141	7	206	1	17	1	1	rational	weight_296.json
296	134	2	183	7	206	1	18	1	1	rational	weight_296.json
296	134	2	114	7	125	1	19	1	1	rational	weight_296.json
296	134	2	114	7	125	1	20	1	1	rational	weight_296.json
296	134	2	222	7	206	1	21	1	1	rational	weight_296.json
296	134	2	21	7	206	1	22	1	1	rational	weight_296.json
296	134	2	141	7	206	1	23	1	1	rational	weight_296.json
296	134	2	129	7	125	1	24	1	1	rational	weight_296.json
298	136	2	0	7	83	1	1	1	1	rational	weight_298.json
298	136	2	81	7	83	1	2	1	1	rational	weight_298.json
298	136	2	108	7	83	1	3	1	1	rational	weight_298.json
298	136	2	54	7	83	1	4	1	1	rational	weight_298.json
298	136	2	189	7	83	1	5	1	1	rational	weight_298.json
298	136	2	216	7	83	1	6	1	1	rational	weight_298.json
298	136	2	135	7	83	1	7	1	1	rational	weight_298.json
298	136	2	216	7	83	1	8	1	1	rational	weight_298.json
298	136	2	36	7	164	1	9	1	1	rational	weight_298.json
298	136	2	207	7	164	1	10	1	1	rational	weight_298.json
298	136	2	36	7	164	1	11	1	1	rational	weight_298.json
298	136	2	18	7	164	1	12	1	1	rational	weight_298.json
298	136	2	225	7	164	1	13	1	1	rational	weight_298.json
298	136	2	225	7	164	1	14	1	1	rational	weight_298.json
298	136	2	weight_298.json#orbit=1,place=15,coordinate=0	7	weight_298.json#orbit=1,place=15,coordinate=1	1	15	1	2	algebraic	weight_298.json
298	136	2	weight_298.json#orbit=1,place=16,coordinate=0	7	weight_298.json#orbit=1,place=16,coordinate=1	1	16	1	2	algebraic	weight_298.json
298	136	2	weight_298.json#orbit=1,place=17,coordinate=0	7	weight_298.json#orbit=1,place=17,coordinate=1	1	17	1	2	algebraic	weight_298.json
298	136	2	weight_298.json#orbit=1,place=18,coordinate=0	7	weight_298.json#orbit=1,place=18,coordinate=1	1	18	1	2	algebraic	weight_298.json
298	136	2	weight_298.json#orbit=1,place=19,coordinate=0	7	weight_298.json#orbit=1,place=19,coordinate=1	1	19	1	2	algebraic	weight_298.json
300	138	2	3	7	131	1	1	1	1	rational	weight_300.json
300	138	2	51	7	50	1	2	1	1	rational	weight_300.json
300	138	2	78	7	131	1	3	1	1	rational	weight_300.json
300	138	2	78	7	131	1	4	1	1	rational	weight_300.json
300	138	2	51	7	50	1	5	1	1	rational	weight_300.json
300	138	2	192	7	50	1	6	1	1	rational	weight_300.json
300	138	2	165	7	131	1	7	1	1	rational	weight_300.json
300	138	2	240	7	131	1	8	1	1	rational	weight_300.json
300	138	2	84	7	131	1	9	1	1	rational	weight_300.json
300	138	2	84	7	131	1	10	1	1	rational	weight_300.json
300	138	2	51	7	50	1	11	1	1	rational	weight_300.json
300	138	2	240	7	131	1	12	1	1	rational	weight_300.json
300	138	2	165	7	131	1	13	1	1	rational	weight_300.json
300	138	2	165	7	131	1	14	1	1	rational	weight_300.json
300	138	2	240	7	131	1	15	1	1	rational	weight_300.json
300	138	2	51	7	50	1	16	1	1	rational	weight_300.json
300	138	2	192	7	50	1	17	1	1	rational	weight_300.json
300	138	2	240	7	131	1	18	1	1	rational	weight_300.json
300	138	2	165	7	131	1	19	1	1	rational	weight_300.json
300	138	2	192	7	50	1	20	1	1	rational	weight_300.json
300	138	2	192	7	50	1	21	1	1	rational	weight_300.json
300	138	2	84	7	131	1	22	1	1	rational	weight_300.json
300	138	2	159	7	131	1	23	1	1	rational	weight_300.json
300	138	2	159	7	131	1	24	1	1	rational	weight_300.json
300	138	2	3	7	131	1	25	1	1	rational	weight_300.json
302	140	2	147	7	53	1	1	1	1	rational	weight_302.json
302	140	2	12	7	215	1	2	1	1	rational	weight_302.json
302	140	2	12	7	215	1	3	1	1	rational	weight_302.json
302	140	2	15	7	53	1	4	1	1	rational	weight_302.json
302	140	2	12	7	215	1	5	1	1	rational	weight_302.json
302	140	2	96	7	53	1	6	1	1	rational	weight_302.json
302	140	2	231	7	215	1	7	1	1	rational	weight_302.json
302	140	2	96	7	53	1	8	1	1	rational	weight_302.json
302	140	2	15	7	53	1	9	1	1	rational	weight_302.json
302	140	2	66	7	53	1	10	1	1	rational	weight_302.json
302	140	2	228	7	53	1	11	1	1	rational	weight_302.json
302	140	2	12	7	215	1	12	1	1	rational	weight_302.json
302	140	2	231	7	215	1	13	1	1	rational	weight_302.json
302	140	2	231	7	215	1	14	1	1	rational	weight_302.json
302	140	2	66	7	53	1	15	1	1	rational	weight_302.json
302	140	2	231	7	215	1	16	1	1	rational	weight_302.json
302	140	2	147	7	53	1	17	1	1	rational	weight_302.json
302	140	2	228	7	53	1	18	1	1	rational	weight_302.json
302	140	2	96	7	53	1	19	1	1	rational	weight_302.json
302	140	2	177	7	53	1	20	1	1	rational	weight_302.json
302	140	2	177	7	53	1	21	1	1	rational	weight_302.json
302	140	2	15	7	53	1	22	1	1	rational	weight_302.json
302	140	2	66	7	53	1	23	1	2	rational	weight_302.json
304	142	2	0	7	38	1	1	1	1	rational	weight_304.json
304	142	2	81	7	38	1	2	1	1	rational	weight_304.json
304	142	2	162	7	38	1	3	1	1	rational	weight_304.json
304	142	2	54	7	38	1	4	1	1	rational	weight_304.json
304	142	2	135	7	38	1	5	1	1	rational	weight_304.json
304	142	2	27	7	38	1	6	1	1	rational	weight_304.json
304	142	2	108	7	38	1	7	1	1	rational	weight_304.json
304	142	2	27	7	38	1	8	1	1	rational	weight_304.json
304	142	2	189	7	38	1	9	1	1	rational	weight_304.json
304	142	2	63	7	119	1	10	1	1	rational	weight_304.json
304	142	2	198	7	119	1	11	1	1	rational	weight_304.json
304	142	2	234	7	119	1	12	1	1	rational	weight_304.json
304	142	2	72	7	119	1	13	1	1	rational	weight_304.json
304	142	2	180	7	119	1	14	1	1	rational	weight_304.json
304	142	2	36	7	119	1	15	1	1	rational	weight_304.json
304	142	2	126	7	119	1	16	1	1	rational	weight_304.json
304	142	2	18	7	119	1	17	1	1	rational	weight_304.json
304	142	2	45	7	119	1	18	1	1	rational	weight_304.json
304	142	2	144	7	119	1	19	1	1	rational	weight_304.json
304	142	2	225	7	119	1	20	1	1	rational	weight_304.json
304	142	2	117	7	119	1	21	1	1	rational	weight_304.json
304	142	2	weight_304.json#orbit=1,place=22,coordinate=0	7	weight_304.json#orbit=1,place=22,coordinate=1	1	22	1	2	algebraic	weight_304.json
304	142	2	weight_304.json#orbit=1,place=23,coordinate=0	7	weight_304.json#orbit=1,place=23,coordinate=1	1	23	1	2	algebraic	weight_304.json
306	144	2	96	7	32	1	1	1	1	rational	weight_306.json
306	144	2	96	7	32	1	2	1	1	rational	weight_306.json
306	144	2	228	7	32	1	3	1	1	rational	weight_306.json
306	144	2	66	7	32	1	4	1	1	rational	weight_306.json
306	144	2	177	7	32	1	5	1	1	rational	weight_306.json
306	144	2	177	7	32	1	6	1	1	rational	weight_306.json
306	144	2	96	7	32	1	7	1	1	rational	weight_306.json
306	144	2	150	7	194	1	8	1	1	rational	weight_306.json
306	144	2	15	7	32	1	9	1	1	rational	weight_306.json
306	144	2	150	7	194	1	10	1	1	rational	weight_306.json
306	144	2	66	7	32	1	11	1	1	rational	weight_306.json
306	144	2	147	7	32	1	12	1	1	rational	weight_306.json
306	144	2	93	7	194	1	13	1	1	rational	weight_306.json
306	144	2	177	7	32	1	14	1	1	rational	weight_306.json
306	144	2	93	7	194	1	15	1	1	rational	weight_306.json
306	144	2	150	7	194	1	16	1	1	rational	weight_306.json
306	144	2	15	7	32	1	17	1	1	rational	weight_306.json
306	144	2	66	7	32	1	18	1	1	rational	weight_306.json
306	144	2	228	7	32	1	19	1	1	rational	weight_306.json
306	144	2	93	7	194	1	20	1	1	rational	weight_306.json
306	144	2	93	7	194	1	21	1	1	rational	weight_306.json
306	144	2	150	7	194	1	22	1	1	rational	weight_306.json
306	144	2	147	7	32	1	23	1	1	rational	weight_306.json
306	144	2	228	7	32	1	24	1	2	rational	weight_306.json
308	146	2	132	7	224	1	1	1	1	rational	weight_308.json
308	146	2	84	7	62	1	2	1	1	rational	weight_308.json
308	146	2	111	7	224	1	3	1	1	rational	weight_308.json
308	146	2	111	7	224	1	4	1	1	rational	weight_308.json
308	146	2	3	7	62	1	5	1	1	rational	weight_308.json
308	146	2	78	7	62	1	6	1	1	rational	weight_308.json
308	146	2	132	7	224	1	7	1	1	rational	weight_308.json
308	146	2	84	7	62	1	8	1	1	rational	weight_308.json
308	146	2	111	7	224	1	9	1	1	rational	weight_308.json
308	146	2	132	7	224	1	10	1	1	rational	weight_308.json
308	146	2	132	7	224	1	11	1	1	rational	weight_308.json
308	146	2	165	7	62	1	12	1	1	rational	weight_308.json
308	146	2	165	7	62	1	13	1	1	rational	weight_308.json
308	146	2	3	7	62	1	14	1	1	rational	weight_308.json
308	146	2	240	7	62	1	15	1	1	rational	weight_308.json
308	146	2	159	7	62	1	16	1	1	rational	weight_308.json
308	146	2	240	7	62	1	17	1	1	rational	weight_308.json
308	146	2	3	7	62	1	18	1	1	rational	weight_308.json
308	146	2	159	7	62	1	19	1	1	rational	weight_308.json
308	146	2	78	7	62	1	20	1	1	rational	weight_308.json
308	146	2	165	7	62	1	21	1	1	rational	weight_308.json
308	146	2	78	7	62	1	22	1	1	rational	weight_308.json
308	146	2	111	7	224	1	23	1	1	rational	weight_308.json
308	146	2	159	7	62	1	24	1	2	rational	weight_308.json
310	148	2	0	7	155	1	1	1	1	rational	weight_310.json
310	148	2	81	7	155	1	2	1	1	rational	weight_310.json
310	148	2	162	7	155	1	3	1	1	rational	weight_310.json
310	148	2	189	7	155	1	4	1	1	rational	weight_310.json
310	148	2	216	7	155	1	5	1	1	rational	weight_310.json
310	148	2	108	7	155	1	6	1	1	rational	weight_310.json
310	148	2	135	7	155	1	7	1	1	rational	weight_310.json
310	148	2	54	7	155	1	8	1	1	rational	weight_310.json
310	148	2	63	7	236	1	9	1	1	rational	weight_310.json
310	148	2	144	7	236	1	10	1	1	rational	weight_310.json
310	148	2	207	7	236	1	11	1	1	rational	weight_310.json
310	148	2	225	7	236	1	12	1	1	rational	weight_310.json
310	148	2	117	7	236	1	13	1	1	rational	weight_310.json
310	148	2	126	7	236	1	14	1	1	rational	weight_310.json
310	148	2	18	7	236	1	15	1	1	rational	weight_310.json
310	148	2	180	7	236	1	16	1	1	rational	weight_310.json
310	148	2	36	7	236	1	17	1	1	rational	weight_310.json
310	148	2	90	7	236	1	18	1	1	rational	weight_310.json
310	148	2	99	7	236	1	19	1	1	rational	weight_310.json
310	148	2	171	7	236	1	20	1	1	rational	weight_310.json
310	148	2	45	7	236	1	21	1	1	rational	weight_310.json
310	148	2	weight_310.json#orbit=1,place=22,coordinate=0	7	weight_310.json#orbit=1,place=22,coordinate=1	1	22	1	2	algebraic	weight_310.json
310	148	2	weight_310.json#orbit=1,place=23,coordinate=0	7	weight_310.json#orbit=1,place=23,coordinate=1	1	23	1	2	algebraic	weight_310.json
312	150	2	48	7	14	1	1	1	1	rational	weight_312.json
312	150	2	195	7	14	1	2	1	1	rational	weight_312.json
312	150	2	183	7	95	1	3	1	1	rational	weight_312.json
312	150	2	102	7	95	1	4	1	1	rational	weight_312.json
312	150	2	48	7	14	1	5	1	1	rational	weight_312.json
312	150	2	21	7	95	1	6	1	1	rational	weight_312.json
312	150	2	21	7	95	1	7	1	1	rational	weight_312.json
312	150	2	183	7	95	1	8	1	1	rational	weight_312.json
312	150	2	141	7	95	1	9	1	1	rational	weight_312.json
312	150	2	141	7	95	1	10	1	1	rational	weight_312.json
312	150	2	222	7	95	1	11	1	1	rational	weight_312.json
312	150	2	195	7	14	1	12	1	1	rational	weight_312.json
312	150	2	102	7	95	1	13	1	1	rational	weight_312.json
312	150	2	48	7	14	1	14	1	1	rational	weight_312.json
312	150	2	195	7	14	1	15	1	1	rational	weight_312.json
312	150	2	141	7	95	1	16	1	1	rational	weight_312.json
312	150	2	183	7	95	1	17	1	1	rational	weight_312.json
312	150	2	195	7	14	1	18	1	1	rational	weight_312.json
312	150	2	48	7	14	1	19	1	1	rational	weight_312.json
312	150	2	48	7	14	1	20	1	1	rational	weight_312.json
312	150	2	60	7	95	1	21	1	1	rational	weight_312.json
312	150	2	102	7	95	1	22	1	1	rational	weight_312.json
312	150	2	60	7	95	1	23	1	1	rational	weight_312.json
312	150	2	222	7	95	1	24	1	1	rational	weight_312.json
312	150	2	222	7	95	1	25	1	2	rational	weight_312.json
314	152	2	6	7	233	1	1	1	1	rational	weight_314.json
314	152	2	183	7	152	1	2	1	1	rational	weight_314.json
314	152	2	87	7	233	1	3	1	1	rational	weight_314.json
314	152	2	87	7	233	1	4	1	1	rational	weight_314.json
314	152	2	75	7	233	1	5	1	1	rational	weight_314.json
314	152	2	60	7	152	1	6	1	1	rational	weight_314.json
314	152	2	183	7	152	1	7	1	1	rational	weight_314.json
314	152	2	87	7	233	1	8	1	1	rational	weight_314.json
314	152	2	75	7	233	1	9	1	1	rational	weight_314.json
314	152	2	168	7	233	1	10	1	1	rational	weight_314.json
314	152	2	6	7	233	1	11	1	1	rational	weight_314.json
314	152	2	60	7	152	1	12	1	1	rational	weight_314.json
314	152	2	156	7	233	1	13	1	1	rational	weight_314.json
314	152	2	156	7	233	1	14	1	1	rational	weight_314.json
314	152	2	183	7	152	1	15	1	1	rational	weight_314.json
314	152	2	75	7	233	1	16	1	1	rational	weight_314.json
314	152	2	60	7	152	1	17	1	1	rational	weight_314.json
314	152	2	6	7	233	1	18	1	1	rational	weight_314.json
314	152	2	183	7	152	1	19	1	1	rational	weight_314.json
314	152	2	168	7	233	1	20	1	1	rational	weight_314.json
314	152	2	60	7	152	1	21	1	1	rational	weight_314.json
314	152	2	60	7	152	1	22	1	1	rational	weight_314.json
314	152	2	156	7	233	1	23	1	1	rational	weight_314.json
314	152	2	237	7	233	1	24	1	1	rational	weight_314.json
314	152	2	237	7	233	1	25	1	1	rational	weight_314.json
316	154	2	0	7	191	1	1	1	1	rational	weight_316.json
316	154	2	81	7	191	1	2	1	1	rational	weight_316.json
316	154	2	162	7	191	1	3	1	1	rational	weight_316.json
316	154	2	108	7	191	1	4	1	1	rational	weight_316.json
316	154	2	135	7	191	1	5	1	1	rational	weight_316.json
316	154	2	27	7	191	1	6	1	1	rational	weight_316.json
316	154	2	54	7	191	1	7	1	1	rational	weight_316.json
316	154	2	189	7	191	1	8	1	1	rational	weight_316.json
316	154	2	225	7	29	1	9	1	1	rational	weight_316.json
316	154	2	18	7	29	1	10	1	1	rational	weight_316.json
316	154	2	207	7	29	1	11	1	1	rational	weight_316.json
316	154	2	207	7	29	1	12	1	1	rational	weight_316.json
316	154	2	18	7	29	1	13	1	1	rational	weight_316.json
316	154	2	36	7	29	1	14	1	1	rational	weight_316.json
316	154	2	weight_316.json#orbit=1,place=15,coordinate=0	7	weight_316.json#orbit=1,place=15,coordinate=1	1	15	1	2	algebraic	weight_316.json
316	154	2	weight_316.json#orbit=1,place=16,coordinate=0	7	weight_316.json#orbit=1,place=16,coordinate=1	1	16	1	2	algebraic	weight_316.json
316	154	2	weight_316.json#orbit=1,place=17,coordinate=0	7	weight_316.json#orbit=1,place=17,coordinate=1	1	17	1	2	algebraic	weight_316.json
316	154	2	weight_316.json#orbit=1,place=18,coordinate=0	7	weight_316.json#orbit=1,place=18,coordinate=1	1	18	1	2	algebraic	weight_316.json
316	154	2	weight_316.json#orbit=1,place=19,coordinate=0	7	weight_316.json#orbit=1,place=19,coordinate=1	1	19	1	2	algebraic	weight_316.json
316	154	2	weight_316.json#orbit=1,place=20,coordinate=0	7	weight_316.json#orbit=1,place=20,coordinate=1	1	20	1	2	algebraic	weight_316.json
318	156	2	186	7	239	1	1	1	1	rational	weight_318.json
318	156	2	192	7	77	1	2	1	1	rational	weight_318.json
318	156	2	186	7	239	1	3	1	1	rational	weight_318.json
318	156	2	213	7	77	1	4	1	1	rational	weight_318.json
318	156	2	30	7	77	1	5	1	1	rational	weight_318.json
318	156	2	57	7	239	1	6	1	1	rational	weight_318.json
318	156	2	132	7	77	1	7	1	1	rational	weight_318.json
318	156	2	111	7	77	1	8	1	1	rational	weight_318.json
318	156	2	57	7	239	1	9	1	1	rational	weight_318.json
318	156	2	192	7	77	1	10	1	1	rational	weight_318.json
318	156	2	213	7	77	1	11	1	1	rational	weight_318.json
318	156	2	186	7	239	1	12	1	1	rational	weight_318.json
318	156	2	111	7	77	1	13	1	1	rational	weight_318.json
318	156	2	30	7	77	1	14	1	1	rational	weight_318.json
318	156	2	51	7	77	1	15	1	1	rational	weight_318.json
318	156	2	192	7	77	1	16	1	1	rational	weight_318.json
318	156	2	30	7	77	1	17	1	1	rational	weight_318.json
318	156	2	132	7	77	1	18	1	1	rational	weight_318.json
318	156	2	111	7	77	1	19	1	1	rational	weight_318.json
318	156	2	57	7	239	1	20	1	1	rational	weight_318.json
318	156	2	51	7	77	1	21	1	1	rational	weight_318.json
318	156	2	186	7	239	1	22	1	1	rational	weight_318.json
318	156	2	51	7	77	1	23	1	1	rational	weight_318.json
318	156	2	57	7	239	1	24	1	1	rational	weight_318.json
318	156	2	186	7	239	1	25	1	1	rational	weight_318.json
318	156	2	213	7	77	1	26	1	1	rational	weight_318.json
320	158	2	42	7	80	1	1	1	1	rational	weight_320.json
320	158	2	42	7	80	1	2	1	1	rational	weight_320.json
320	158	2	204	7	80	1	3	1	1	rational	weight_320.json
320	158	2	228	7	242	1	4	1	1	rational	weight_320.json
320	158	2	228	7	242	1	5	1	1	rational	weight_320.json
320	158	2	15	7	242	1	6	1	1	rational	weight_320.json
320	158	2	120	7	80	1	7	1	1	rational	weight_320.json
320	158	2	228	7	242	1	8	1	1	rational	weight_320.json
320	158	2	123	7	80	1	9	1	1	rational	weight_320.json
320	158	2	228	7	242	1	10	1	1	rational	weight_320.json
320	158	2	39	7	80	1	11	1	1	rational	weight_320.json
320	158	2	120	7	80	1	12	1	1	rational	weight_320.json
320	158	2	201	7	80	1	13	1	1	rational	weight_320.json
320	158	2	123	7	80	1	14	1	1	rational	weight_320.json
320	158	2	228	7	242	1	15	1	1	rational	weight_320.json
320	158	2	15	7	242	1	16	1	1	rational	weight_320.json
320	158	2	15	7	242	1	17	1	1	rational	weight_320.json
320	158	2	204	7	80	1	18	1	1	rational	weight_320.json
320	158	2	39	7	80	1	19	1	1	rational	weight_320.json
320	158	2	123	7	80	1	20	1	1	rational	weight_320.json
320	158	2	204	7	80	1	21	1	1	rational	weight_320.json
320	158	2	120	7	80	1	22	1	1	rational	weight_320.json
320	158	2	42	7	80	1	23	1	1	rational	weight_320.json
320	158	2	15	7	242	1	24	1	1	rational	weight_320.json
320	158	2	201	7	80	1	25	1	1	rational	weight_320.json
320	158	2	201	7	80	1	26	1	1	rational	weight_320.json
322	160	2	0	7	146	1	1	1	1	rational	weight_322.json
322	160	2	81	7	146	1	2	1	1	rational	weight_322.json
322	160	2	162	7	146	1	3	1	1	rational	weight_322.json
322	160	2	54	7	146	1	4	1	1	rational	weight_322.json
322	160	2	108	7	146	1	5	1	1	rational	weight_322.json
322	160	2	27	7	146	1	6	1	1	rational	weight_322.json
322	160	2	135	7	146	1	7	1	1	rational	weight_322.json
322	160	2	216	7	146	1	8	1	1	rational	weight_322.json
322	160	2	189	7	146	1	9	1	1	rational	weight_322.json
322	160	2	45	7	227	1	10	1	1	rational	weight_322.json
322	160	2	126	7	227	1	11	1	1	rational	weight_322.json
322	160	2	99	7	227	1	12	1	1	rational	weight_322.json
322	160	2	171	7	227	1	13	1	1	rational	weight_322.json
322	160	2	90	7	227	1	14	1	1	rational	weight_322.json
322	160	2	18	7	227	1	15	1	1	rational	weight_322.json
322	160	2	72	7	227	1	16	1	1	rational	weight_322.json
322	160	2	36	7	227	1	17	1	1	rational	weight_322.json
322	160	2	9	7	227	1	18	1	1	rational	weight_322.json
322	160	2	234	7	227	1	19	1	1	rational	weight_322.json
322	160	2	225	7	227	1	20	1	1	rational	weight_322.json
322	160	2	207	7	227	1	21	1	1	rational	weight_322.json
322	160	2	144	7	227	1	22	1	1	rational	weight_322.json
322	160	2	117	7	227	1	23	1	1	rational	weight_322.json
322	160	2	180	7	227	1	24	1	1	rational	weight_322.json
322	160	2	198	7	227	1	25	1	1	rational	weight_322.json
322	160	2	63	7	227	1	26	1	1	rational	weight_322.json
324	0	2	120	7	140	1	1	1	1	rational	weight_324.json
324	0	2	231	7	221	1	2	1	1	rational	weight_324.json
324	0	2	150	7	221	1	3	1	1	rational	weight_324.json
324	0	2	174	7	221	1	4	1	1	rational	weight_324.json
324	0	2	69	7	221	1	5	1	1	rational	weight_324.json
324	0	2	123	7	140	1	6	1	1	rational	weight_324.json
324	0	2	123	7	140	1	7	1	1	rational	weight_324.json
324	0	2	120	7	140	1	8	1	1	rational	weight_324.json
324	0	2	12	7	221	1	9	1	1	rational	weight_324.json
324	0	2	150	7	221	1	10	1	1	rational	weight_324.json
324	0	2	231	7	221	1	11	1	1	rational	weight_324.json
324	0	2	12	7	221	1	12	1	1	rational	weight_324.json
324	0	2	120	7	140	1	13	1	1	rational	weight_324.json
324	0	2	123	7	140	1	14	1	1	rational	weight_324.json
324	0	2	12	7	221	1	15	1	1	rational	weight_324.json
324	0	2	93	7	221	1	16	1	1	rational	weight_324.json
324	0	2	231	7	221	1	17	1	1	rational	weight_324.json
324	0	2	174	7	221	1	18	1	1	rational	weight_324.json
324	0	2	69	7	221	1	19	1	1	rational	weight_324.json
324	0	2	150	7	221	1	20	1	1	rational	weight_324.json
324	0	2	69	7	221	1	21	1	1	rational	weight_324.json
324	0	2	120	7	140	1	22	1	1	rational	weight_324.json
324	0	2	120	7	140	1	23	1	1	rational	weight_324.json
324	0	2	174	7	221	1	24	1	1	rational	weight_324.json
324	0	2	123	7	140	1	25	1	1	rational	weight_324.json
324	0	2	93	7	221	1	26	1	1	rational	weight_324.json
324	0	2	93	7	221	1	27	1	1	rational	weight_324.json
326	2	2	3	7	8	1	1	1	1	rational	weight_326.json
326	2	2	105	7	89	1	2	1	1	rational	weight_326.json
326	2	2	186	7	89	1	3	1	1	rational	weight_326.json
326	2	2	240	7	8	1	4	1	1	rational	weight_326.json
326	2	2	24	7	89	1	5	1	1	rational	weight_326.json
326	2	2	57	7	89	1	6	1	1	rational	weight_326.json
326	2	2	105	7	89	1	7	1	1	rational	weight_326.json
326	2	2	219	7	89	1	8	1	1	rational	weight_326.json
326	2	2	138	7	89	1	9	1	1	rational	weight_326.json
326	2	2	24	7	89	1	10	1	1	rational	weight_326.json
326	2	2	186	7	89	1	11	1	1	rational	weight_326.json
326	2	2	219	7	89	1	12	1	1	rational	weight_326.json
326	2	2	57	7	89	1	13	1	1	rational	weight_326.json
326	2	2	240	7	8	1	14	1	1	rational	weight_326.json
326	2	2	240	7	8	1	15	1	1	rational	weight_326.json
326	2	2	57	7	89	1	16	1	1	rational	weight_326.json
326	2	2	3	7	8	1	17	1	1	rational	weight_326.json
326	2	2	105	7	89	1	18	1	1	rational	weight_326.json
326	2	2	3	7	8	1	19	1	1	rational	weight_326.json
326	2	2	24	7	89	1	20	1	1	rational	weight_326.json
326	2	2	138	7	89	1	21	1	1	rational	weight_326.json
326	2	2	219	7	89	1	22	1	1	rational	weight_326.json
326	2	2	3	7	8	1	23	1	1	rational	weight_326.json
326	2	2	138	7	89	1	24	1	1	rational	weight_326.json
326	2	2	240	7	8	1	25	1	1	rational	weight_326.json
326	2	2	186	7	89	1	26	1	1	rational	weight_326.json
328	4	2	0	7	20	1	1	1	1	rational	weight_328.json
328	4	2	81	7	20	1	2	1	1	rational	weight_328.json
328	4	2	162	7	20	1	3	1	1	rational	weight_328.json
328	4	2	189	7	20	1	4	1	1	rational	weight_328.json
328	4	2	216	7	20	1	5	1	1	rational	weight_328.json
328	4	2	135	7	20	1	6	1	1	rational	weight_328.json
328	4	2	54	7	20	1	7	1	1	rational	weight_328.json
328	4	2	108	7	20	1	8	1	1	rational	weight_328.json
328	4	2	27	7	20	1	9	1	1	rational	weight_328.json
328	4	2	207	7	101	1	10	1	1	rational	weight_328.json
328	4	2	72	7	101	1	11	1	1	rational	weight_328.json
328	4	2	36	7	101	1	12	1	1	rational	weight_328.json
328	4	2	171	7	101	1	13	1	1	rational	weight_328.json
328	4	2	144	7	101	1	14	1	1	rational	weight_328.json
328	4	2	18	7	101	1	15	1	1	rational	weight_328.json
328	4	2	117	7	101	1	16	1	1	rational	weight_328.json
328	4	2	198	7	101	1	17	1	1	rational	weight_328.json
328	4	2	126	7	101	1	18	1	1	rational	weight_328.json
328	4	2	153	7	101	1	19	1	1	rational	weight_328.json
328	4	2	225	7	101	1	20	1	1	rational	weight_328.json
328	4	2	234	7	101	1	21	1	1	rational	weight_328.json
328	4	2	180	7	101	1	22	1	1	rational	weight_328.json
328	4	2	99	7	101	1	23	1	1	rational	weight_328.json
328	4	2	45	7	101	1	24	1	1	rational	weight_328.json
328	4	2	63	7	101	1	25	1	1	rational	weight_328.json
328	4	2	9	7	101	1	26	1	1	rational	weight_328.json
328	4	2	90	7	101	1	27	1	1	rational	weight_328.json
330	6	2	210	7	41	1	1	1	1	rational	weight_330.json
330	6	2	6	7	203	1	2	1	1	rational	weight_330.json
330	6	2	48	7	41	1	3	1	1	rational	weight_330.json
330	6	2	210	7	41	1	4	1	1	rational	weight_330.json
330	6	2	195	7	41	1	5	1	1	rational	weight_330.json
330	6	2	237	7	203	1	6	1	1	rational	weight_330.json
330	6	2	114	7	41	1	7	1	1	rational	weight_330.json
330	6	2	237	7	203	1	8	1	1	rational	weight_330.json
330	6	2	6	7	203	1	9	1	1	rational	weight_330.json
330	6	2	237	7	203	1	10	1	1	rational	weight_330.json
330	6	2	33	7	41	1	11	1	1	rational	weight_330.json
330	6	2	48	7	41	1	12	1	1	rational	weight_330.json
330	6	2	6	7	203	1	13	1	1	rational	weight_330.json
330	6	2	210	7	41	1	14	1	1	rational	weight_330.json
330	6	2	237	7	203	1	15	1	1	rational	weight_330.json
330	6	2	6	7	203	1	16	1	1	rational	weight_330.json
330	6	2	33	7	41	1	17	1	1	rational	weight_330.json
330	6	2	129	7	41	1	18	1	1	rational	weight_330.json
330	6	2	195	7	41	1	19	1	1	rational	weight_330.json
330	6	2	114	7	41	1	20	1	1	rational	weight_330.json
330	6	2	129	7	41	1	21	1	1	rational	weight_330.json
330	6	2	33	7	41	1	22	1	1	rational	weight_330.json
330	6	2	195	7	41	1	23	1	1	rational	weight_330.json
330	6	2	237	7	203	1	24	1	1	rational	weight_330.json
330	6	2	48	7	41	1	25	1	1	rational	weight_330.json
330	6	2	129	7	41	1	26	1	1	rational	weight_330.json
330	6	2	114	7	41	1	27	1	1	rational	weight_330.json
332	8	2	129	7	17	1	1	1	1	rational	weight_332.json
332	8	2	195	7	17	1	2	1	1	rational	weight_332.json
332	8	2	114	7	17	1	3	1	1	rational	weight_332.json
332	8	2	129	7	17	1	4	1	1	rational	weight_332.json
332	8	2	237	7	179	1	5	1	1	rational	weight_332.json
332	8	2	237	7	179	1	6	1	1	rational	weight_332.json
332	8	2	129	7	17	1	7	1	1	rational	weight_332.json
332	8	2	6	7	179	1	8	1	1	rational	weight_332.json
332	8	2	114	7	17	1	9	1	1	rational	weight_332.json
332	8	2	210	7	17	1	10	1	1	rational	weight_332.json
332	8	2	210	7	17	1	11	1	1	rational	weight_332.json
332	8	2	195	7	17	1	12	1	1	rational	weight_332.json
332	8	2	237	7	179	1	13	1	1	rational	weight_332.json
332	8	2	6	7	179	1	14	1	1	rational	weight_332.json
332	8	2	210	7	17	1	15	1	1	rational	weight_332.json
332	8	2	48	7	17	1	16	1	1	rational	weight_332.json
332	8	2	6	7	179	1	17	1	1	rational	weight_332.json
332	8	2	48	7	17	1	18	1	1	rational	weight_332.json
332	8	2	6	7	179	1	19	1	1	rational	weight_332.json
332	8	2	33	7	17	1	20	1	1	rational	weight_332.json
332	8	2	6	7	179	1	21	1	1	rational	weight_332.json
332	8	2	195	7	17	1	22	1	1	rational	weight_332.json
332	8	2	237	7	179	1	23	1	1	rational	weight_332.json
332	8	2	48	7	17	1	24	1	1	rational	weight_332.json
332	8	2	33	7	17	1	25	1	1	rational	weight_332.json
332	8	2	33	7	17	1	26	1	1	rational	weight_332.json
332	8	2	114	7	17	1	27	1	1	rational	weight_332.json
334	10	2	0	7	56	1	1	1	1	rational	weight_334.json
334	10	2	162	7	56	1	2	1	1	rational	weight_334.json
334	10	2	81	7	56	1	3	1	1	rational	weight_334.json
334	10	2	54	7	56	1	4	1	1	rational	weight_334.json
334	10	2	135	7	56	1	5	1	1	rational	weight_334.json
334	10	2	27	7	56	1	6	1	1	rational	weight_334.json
334	10	2	189	7	56	1	7	1	1	rational	weight_334.json
334	10	2	108	7	56	1	8	1	1	rational	weight_334.json
334	10	2	216	7	56	1	9	1	1	rational	weight_334.json
334	10	2	207	7	137	1	10	1	1	rational	weight_334.json
334	10	2	18	7	137	1	11	1	1	rational	weight_334.json
334	10	2	36	7	137	1	12	1	1	rational	weight_334.json
334	10	2	18	7	137	1	13	1	1	rational	weight_334.json
334	10	2	225	7	137	1	14	1	1	rational	weight_334.json
334	10	2	207	7	137	1	15	1	1	rational	weight_334.json
334	10	2	weight_334.json#orbit=1,place=16,coordinate=0	7	weight_334.json#orbit=1,place=16,coordinate=1	1	16	1	2	algebraic	weight_334.json
334	10	2	weight_334.json#orbit=1,place=17,coordinate=0	7	weight_334.json#orbit=1,place=17,coordinate=1	1	17	1	2	algebraic	weight_334.json
334	10	2	weight_334.json#orbit=1,place=18,coordinate=0	7	weight_334.json#orbit=1,place=18,coordinate=1	1	18	1	2	algebraic	weight_334.json
334	10	2	weight_334.json#orbit=1,place=19,coordinate=0	7	weight_334.json#orbit=1,place=19,coordinate=1	1	19	1	2	algebraic	weight_334.json
334	10	2	weight_334.json#orbit=1,place=20,coordinate=0	7	weight_334.json#orbit=1,place=20,coordinate=1	1	20	1	2	algebraic	weight_334.json
334	10	2	weight_334.json#orbit=1,place=21,coordinate=0	7	weight_334.json#orbit=1,place=21,coordinate=1	1	21	1	2	algebraic	weight_334.json
336	12	2	138	7	23	1	1	1	1	rational	weight_336.json
336	12	2	57	7	23	1	2	1	1	rational	weight_336.json
336	12	2	138	7	23	1	3	1	1	rational	weight_336.json
336	12	2	78	7	185	1	4	1	1	rational	weight_336.json
336	12	2	165	7	185	1	5	1	1	rational	weight_336.json
336	12	2	138	7	23	1	6	1	1	rational	weight_336.json
336	12	2	78	7	185	1	7	1	1	rational	weight_336.json
336	12	2	24	7	23	1	8	1	1	rational	weight_336.json
336	12	2	186	7	23	1	9	1	1	rational	weight_336.json
336	12	2	24	7	23	1	10	1	1	rational	weight_336.json
336	12	2	78	7	185	1	11	1	1	rational	weight_336.json
336	12	2	219	7	23	1	12	1	1	rational	weight_336.json
336	12	2	165	7	185	1	13	1	1	rational	weight_336.json
336	12	2	57	7	23	1	14	1	1	rational	weight_336.json
336	12	2	165	7	185	1	15	1	1	rational	weight_336.json
336	12	2	186	7	23	1	16	1	1	rational	weight_336.json
336	12	2	165	7	185	1	17	1	1	rational	weight_336.json
336	12	2	78	7	185	1	18	1	1	rational	weight_336.json
336	12	2	219	7	23	1	19	1	1	rational	weight_336.json
336	12	2	105	7	23	1	20	1	1	rational	weight_336.json
336	12	2	105	7	23	1	21	1	1	rational	weight_336.json
336	12	2	24	7	23	1	22	1	1	rational	weight_336.json
336	12	2	219	7	23	1	23	1	1	rational	weight_336.json
336	12	2	78	7	185	1	24	1	1	rational	weight_336.json
336	12	2	105	7	23	1	25	1	1	rational	weight_336.json
336	12	2	219	7	23	1	26	1	1	rational	weight_336.json
336	12	2	57	7	23	1	27	1	1	rational	weight_336.json
336	12	2	186	7	23	1	28	1	1	rational	weight_336.json
338	14	2	42	7	26	1	1	1	1	rational	weight_338.json
338	14	2	201	7	26	1	2	1	1	rational	weight_338.json
338	14	2	231	7	107	1	3	1	1	rational	weight_338.json
338	14	2	201	7	26	1	4	1	1	rational	weight_338.json
338	14	2	174	7	107	1	5	1	1	rational	weight_338.json
338	14	2	69	7	107	1	6	1	1	rational	weight_338.json
338	14	2	201	7	26	1	7	1	1	rational	weight_338.json
338	14	2	93	7	107	1	8	1	1	rational	weight_338.json
338	14	2	69	7	107	1	9	1	1	rational	weight_338.json
338	14	2	231	7	107	1	10	1	1	rational	weight_338.json
338	14	2	42	7	26	1	11	1	1	rational	weight_338.json
338	14	2	12	7	107	1	12	1	1	rational	weight_338.json
338	14	2	42	7	26	1	13	1	1	rational	weight_338.json
338	14	2	174	7	107	1	14	1	1	rational	weight_338.json
338	14	2	174	7	107	1	15	1	1	rational	weight_338.json
338	14	2	150	7	107	1	16	1	1	rational	weight_338.json
338	14	2	93	7	107	1	17	1	1	rational	weight_338.json
338	14	2	69	7	107	1	18	1	1	rational	weight_338.json
338	14	2	12	7	107	1	19	1	1	rational	weight_338.json
338	14	2	201	7	26	1	20	1	1	rational	weight_338.json
338	14	2	150	7	107	1	21	1	1	rational	weight_338.json
338	14	2	42	7	26	1	22	1	1	rational	weight_338.json
338	14	2	93	7	107	1	23	1	1	rational	weight_338.json
338	14	2	150	7	107	1	24	1	1	rational	weight_338.json
338	14	2	201	7	26	1	25	1	1	rational	weight_338.json
338	14	2	231	7	107	1	26	1	2	rational	weight_338.json
340	16	2	0	7	11	1	1	1	1	rational	weight_340.json
340	16	2	162	7	11	1	2	1	1	rational	weight_340.json
340	16	2	81	7	11	1	3	1	1	rational	weight_340.json
340	16	2	108	7	11	1	4	1	1	rational	weight_340.json
340	16	2	189	7	11	1	5	1	1	rational	weight_340.json
340	16	2	54	7	11	1	6	1	1	rational	weight_340.json
340	16	2	216	7	11	1	7	1	1	rational	weight_340.json
340	16	2	27	7	11	1	8	1	1	rational	weight_340.json
340	16	2	216	7	11	1	9	1	1	rational	weight_340.json
340	16	2	135	7	11	1	10	1	1	rational	weight_340.json
340	16	2	9	7	92	1	11	1	1	rational	weight_340.json
340	16	2	63	7	92	1	12	1	1	rational	weight_340.json
340	16	2	117	7	92	1	13	1	1	rational	weight_340.json
340	16	2	99	7	92	1	14	1	1	rational	weight_340.json
340	16	2	126	7	92	1	15	1	1	rational	weight_340.json
340	16	2	198	7	92	1	16	1	1	rational	weight_340.json
340	16	2	18	7	92	1	17	1	1	rational	weight_340.json
340	16	2	207	7	92	1	18	1	1	rational	weight_340.json
340	16	2	180	7	92	1	19	1	1	rational	weight_340.json
340	16	2	36	7	92	1	20	1	1	rational	weight_340.json
340	16	2	225	7	92	1	21	1	1	rational	weight_340.json
340	16	2	171	7	92	1	22	1	1	rational	weight_340.json
340	16	2	144	7	92	1	23	1	1	rational	weight_340.json
340	16	2	45	7	92	1	24	1	1	rational	weight_340.json
340	16	2	weight_340.json#orbit=1,place=25,coordinate=0	7	weight_340.json#orbit=1,place=25,coordinate=1	1	25	1	2	algebraic	weight_340.json
340	16	2	weight_340.json#orbit=1,place=26,coordinate=0	7	weight_340.json#orbit=1,place=26,coordinate=1	1	26	1	2	algebraic	weight_340.json
342	18	2	39	7	167	1	1	1	1	rational	weight_342.json
342	18	2	42	7	167	1	2	1	1	rational	weight_342.json
342	18	2	120	7	167	1	3	1	1	rational	weight_342.json
342	18	2	147	7	86	1	4	1	1	rational	weight_342.json
342	18	2	201	7	167	1	5	1	1	rational	weight_342.json
342	18	2	123	7	167	1	6	1	1	rational	weight_342.json
342	18	2	201	7	167	1	7	1	1	rational	weight_342.json
342	18	2	120	7	167	1	8	1	1	rational	weight_342.json
342	18	2	96	7	86	1	9	1	1	rational	weight_342.json
342	18	2	39	7	167	1	10	1	1	rational	weight_342.json
342	18	2	42	7	167	1	11	1	1	rational	weight_342.json
342	18	2	147	7	86	1	12	1	1	rational	weight_342.json
342	18	2	147	7	86	1	13	1	1	rational	weight_342.json
342	18	2	204	7	167	1	14	1	1	rational	weight_342.json
342	18	2	147	7	86	1	15	1	1	rational	weight_342.json
342	18	2	123	7	167	1	16	1	1	rational	weight_342.json
342	18	2	201	7	167	1	17	1	1	rational	weight_342.json
342	18	2	96	7	86	1	18	1	1	rational	weight_342.json
342	18	2	96	7	86	1	19	1	1	rational	weight_342.json
342	18	2	147	7	86	1	20	1	1	rational	weight_342.json
342	18	2	120	7	167	1	21	1	1	rational	weight_342.json
342	18	2	42	7	167	1	22	1	1	rational	weight_342.json
342	18	2	96	7	86	1	23	1	1	rational	weight_342.json
342	18	2	201	7	167	1	24	1	1	rational	weight_342.json
342	18	2	123	7	167	1	25	1	1	rational	weight_342.json
342	18	2	204	7	167	1	26	1	1	rational	weight_342.json
342	18	2	204	7	167	1	27	1	2	rational	weight_342.json
344	20	2	105	7	35	1	1	1	1	rational	weight_344.json
344	20	2	192	7	116	1	2	1	1	rational	weight_344.json
344	20	2	213	7	116	1	3	1	1	rational	weight_344.json
344	20	2	51	7	116	1	4	1	1	rational	weight_344.json
344	20	2	213	7	116	1	5	1	1	rational	weight_344.json
344	20	2	138	7	35	1	6	1	1	rational	weight_344.json
344	20	2	30	7	116	1	7	1	1	rational	weight_344.json
344	20	2	132	7	116	1	8	1	1	rational	weight_344.json
344	20	2	105	7	35	1	9	1	1	rational	weight_344.json
344	20	2	138	7	35	1	10	1	1	rational	weight_344.json
344	20	2	30	7	116	1	11	1	1	rational	weight_344.json
344	20	2	30	7	116	1	12	1	1	rational	weight_344.json
344	20	2	213	7	116	1	13	1	1	rational	weight_344.json
344	20	2	51	7	116	1	14	1	1	rational	weight_344.json
344	20	2	105	7	35	1	15	1	1	rational	weight_344.json
344	20	2	213	7	116	1	16	1	1	rational	weight_344.json
344	20	2	111	7	116	1	17	1	1	rational	weight_344.json
344	20	2	138	7	35	1	18	1	1	rational	weight_344.json
344	20	2	138	7	35	1	19	1	1	rational	weight_344.json
344	20	2	111	7	116	1	20	1	1	rational	weight_344.json
344	20	2	51	7	116	1	21	1	1	rational	weight_344.json
344	20	2	105	7	35	1	22	1	1	rational	weight_344.json
344	20	2	105	7	35	1	23	1	1	rational	weight_344.json
344	20	2	132	7	116	1	24	1	1	rational	weight_344.json
344	20	2	192	7	116	1	25	1	1	rational	weight_344.json
344	20	2	192	7	116	1	26	1	1	rational	weight_344.json
344	20	2	111	7	116	1	27	1	2	rational	weight_344.json
346	22	2	0	7	128	1	1	1	1	rational	weight_346.json
346	22	2	81	7	128	1	2	1	1	rational	weight_346.json
346	22	2	162	7	128	1	3	1	1	rational	weight_346.json
346	22	2	54	7	128	1	4	1	1	rational	weight_346.json
346	22	2	108	7	128	1	5	1	1	rational	weight_346.json
346	22	2	189	7	128	1	6	1	1	rational	weight_346.json
346	22	2	135	7	128	1	7	1	1	rational	weight_346.json
346	22	2	27	7	128	1	8	1	1	rational	weight_346.json
346	22	2	27	7	128	1	9	1	1	rational	weight_346.json
346	22	2	18	7	209	1	10	1	1	rational	weight_346.json
346	22	2	36	7	209	1	11	1	1	rational	weight_346.json
346	22	2	45	7	209	1	12	1	1	rational	weight_346.json
346	22	2	144	7	209	1	13	1	1	rational	weight_346.json
346	22	2	63	7	209	1	14	1	1	rational	weight_346.json
346	22	2	225	7	209	1	15	1	1	rational	weight_346.json
346	22	2	198	7	209	1	16	1	1	rational	weight_346.json
346	22	2	207	7	209	1	17	1	1	rational	weight_346.json
346	22	2	117	7	209	1	18	1	1	rational	weight_346.json
346	22	2	99	7	209	1	19	1	1	rational	weight_346.json
346	22	2	198	7	209	1	20	1	1	rational	weight_346.json
346	22	2	126	7	209	1	21	1	1	rational	weight_346.json
346	22	2	180	7	209	1	22	1	1	rational	weight_346.json
346	22	2	153	7	209	1	23	1	1	rational	weight_346.json
346	22	2	72	7	209	1	24	1	1	rational	weight_346.json
346	22	2	weight_346.json#orbit=1,place=25,coordinate=0	7	weight_346.json#orbit=1,place=25,coordinate=1	1	25	1	2	algebraic	weight_346.json
346	22	2	weight_346.json#orbit=1,place=26,coordinate=0	7	weight_346.json#orbit=1,place=26,coordinate=1	1	26	1	2	algebraic	weight_346.json
348	24	2	237	7	230	1	1	1	1	rational	weight_348.json
348	24	2	168	7	230	1	2	1	1	rational	weight_348.json
348	24	2	75	7	230	1	3	1	1	rational	weight_348.json
348	24	2	60	7	149	1	4	1	1	rational	weight_348.json
348	24	2	237	7	230	1	5	1	1	rational	weight_348.json
348	24	2	87	7	230	1	6	1	1	rational	weight_348.json
348	24	2	60	7	149	1	7	1	1	rational	weight_348.json
348	24	2	60	7	149	1	8	1	1	rational	weight_348.json
348	24	2	156	7	230	1	9	1	1	rational	weight_348.json
348	24	2	60	7	149	1	10	1	1	rational	weight_348.json
348	24	2	183	7	149	1	11	1	1	rational	weight_348.json
348	24	2	183	7	149	1	12	1	1	rational	weight_348.json
348	24	2	168	7	230	1	13	1	1	rational	weight_348.json
348	24	2	75	7	230	1	14	1	1	rational	weight_348.json
348	24	2	168	7	230	1	15	1	1	rational	weight_348.json
348	24	2	168	7	230	1	16	1	1	rational	weight_348.json
348	24	2	6	7	230	1	17	1	1	rational	weight_348.json
348	24	2	6	7	230	1	18	1	1	rational	weight_348.json
348	24	2	183	7	149	1	19	1	1	rational	weight_348.json
348	24	2	87	7	230	1	20	1	1	rational	weight_348.json
348	24	2	237	7	230	1	21	1	1	rational	weight_348.json
348	24	2	183	7	149	1	22	1	1	rational	weight_348.json
348	24	2	60	7	149	1	23	1	1	rational	weight_348.json
348	24	2	183	7	149	1	24	1	1	rational	weight_348.json
348	24	2	156	7	230	1	25	1	1	rational	weight_348.json
348	24	2	6	7	230	1	26	1	1	rational	weight_348.json
348	24	2	75	7	230	1	27	1	1	rational	weight_348.json
348	24	2	156	7	230	1	28	1	2	rational	weight_348.json
350	26	2	60	7	44	1	1	1	1	rational	weight_350.json
350	26	2	48	7	206	1	2	1	1	rational	weight_350.json
350	26	2	195	7	206	1	3	1	1	rational	weight_350.json
350	26	2	195	7	206	1	4	1	1	rational	weight_350.json
350	26	2	195	7	206	1	5	1	1	rational	weight_350.json
350	26	2	102	7	44	1	6	1	1	rational	weight_350.json
350	26	2	195	7	206	1	7	1	1	rational	weight_350.json
350	26	2	141	7	44	1	8	1	1	rational	weight_350.json
350	26	2	48	7	206	1	9	1	1	rational	weight_350.json
350	26	2	222	7	44	1	10	1	1	rational	weight_350.json
350	26	2	183	7	44	1	11	1	1	rational	weight_350.json
350	26	2	21	7	44	1	12	1	1	rational	weight_350.json
350	26	2	102	7	44	1	13	1	1	rational	weight_350.json
350	26	2	60	7	44	1	14	1	1	rational	weight_350.json
350	26	2	60	7	44	1	15	1	1	rational	weight_350.json
350	26	2	222	7	44	1	16	1	1	rational	weight_350.json
350	26	2	195	7	206	1	17	1	1	rational	weight_350.json
350	26	2	48	7	206	1	18	1	1	rational	weight_350.json
350	26	2	141	7	44	1	19	1	1	rational	weight_350.json
350	26	2	60	7	44	1	20	1	1	rational	weight_350.json
350	26	2	102	7	44	1	21	1	1	rational	weight_350.json
350	26	2	21	7	44	1	22	1	1	rational	weight_350.json
350	26	2	48	7	206	1	23	1	1	rational	weight_350.json
350	26	2	183	7	44	1	24	1	1	rational	weight_350.json
350	26	2	222	7	44	1	25	1	1	rational	weight_350.json
350	26	2	48	7	206	1	26	1	1	rational	weight_350.json
350	26	2	21	7	44	1	27	1	1	rational	weight_350.json
350	26	2	102	7	44	1	28	1	1	rational	weight_350.json
352	28	2	0	7	164	1	1	1	1	rational	weight_352.json
352	28	2	162	7	164	1	2	1	1	rational	weight_352.json
352	28	2	81	7	164	1	3	1	1	rational	weight_352.json
352	28	2	189	7	164	1	4	1	1	rational	weight_352.json
352	28	2	216	7	164	1	5	1	1	rational	weight_352.json
352	28	2	135	7	164	1	6	1	1	rational	weight_352.json
352	28	2	54	7	164	1	7	1	1	rational	weight_352.json
352	28	2	216	7	164	1	8	1	1	rational	weight_352.json
352	28	2	108	7	164	1	9	1	1	rational	weight_352.json
352	28	2	36	7	2	1	10	1	1	rational	weight_352.json
352	28	2	207	7	2	1	11	1	1	rational	weight_352.json
352	28	2	225	7	2	1	12	1	1	rational	weight_352.json
352	28	2	36	7	2	1	13	1	1	rational	weight_352.json
352	28	2	18	7	2	1	14	1	1	rational	weight_352.json
352	28	2	225	7	2	1	15	1	1	rational	weight_352.json
352	28	2	weight_352.json#orbit=1,place=16,coordinate=0	7	weight_352.json#orbit=1,place=16,coordinate=1	1	16	1	2	algebraic	weight_352.json
352	28	2	weight_352.json#orbit=1,place=17,coordinate=0	7	weight_352.json#orbit=1,place=17,coordinate=1	1	17	1	2	algebraic	weight_352.json
352	28	2	weight_352.json#orbit=1,place=18,coordinate=0	7	weight_352.json#orbit=1,place=18,coordinate=1	1	18	1	2	algebraic	weight_352.json
352	28	2	weight_352.json#orbit=1,place=19,coordinate=0	7	weight_352.json#orbit=1,place=19,coordinate=1	1	19	1	2	algebraic	weight_352.json
352	28	2	weight_352.json#orbit=1,place=20,coordinate=0	7	weight_352.json#orbit=1,place=20,coordinate=1	1	20	1	2	algebraic	weight_352.json
352	28	2	weight_352.json#orbit=1,place=21,coordinate=0	7	weight_352.json#orbit=1,place=21,coordinate=1	1	21	1	2	algebraic	weight_352.json
352	28	2	weight_352.json#orbit=1,place=22,coordinate=0	7	weight_352.json#orbit=1,place=22,coordinate=1	1	22	1	2	algebraic	weight_352.json
354	30	2	159	7	212	1	1	1	1	rational	weight_354.json
354	30	2	30	7	131	1	2	1	1	rational	weight_354.json
354	30	2	30	7	131	1	3	1	1	rational	weight_354.json
354	30	2	159	7	212	1	4	1	1	rational	weight_354.json
354	30	2	213	7	131	1	5	1	1	rational	weight_354.json
354	30	2	30	7	131	1	6	1	1	rational	weight_354.json
354	30	2	3	7	212	1	7	1	1	rational	weight_354.json
354	30	2	84	7	212	1	8	1	1	rational	weight_354.json
354	30	2	3	7	212	1	9	1	1	rational	weight_354.json
354	30	2	240	7	212	1	10	1	1	rational	weight_354.json
354	30	2	30	7	131	1	11	1	1	rational	weight_354.json
354	30	2	30	7	131	1	12	1	1	rational	weight_354.json
354	30	2	78	7	212	1	13	1	1	rational	weight_354.json
354	30	2	159	7	212	1	14	1	1	rational	weight_354.json
354	30	2	84	7	212	1	15	1	1	rational	weight_354.json
354	30	2	3	7	212	1	16	1	1	rational	weight_354.json
354	30	2	3	7	212	1	17	1	1	rational	weight_354.json
354	30	2	213	7	131	1	18	1	1	rational	weight_354.json
354	30	2	78	7	212	1	19	1	1	rational	weight_354.json
354	30	2	165	7	212	1	20	1	1	rational	weight_354.json
354	30	2	165	7	212	1	21	1	1	rational	weight_354.json
354	30	2	165	7	212	1	22	1	1	rational	weight_354.json
354	30	2	78	7	212	1	23	1	1	rational	weight_354.json
354	30	2	213	7	131	1	24	1	1	rational	weight_354.json
354	30	2	165	7	212	1	25	1	1	rational	weight_354.json
354	30	2	240	7	212	1	26	1	1	rational	weight_354.json
354	30	2	213	7	131	1	27	1	1	rational	weight_354.json
354	30	2	159	7	212	1	28	1	1	rational	weight_354.json
354	30	2	213	7	131	1	29	1	1	rational	weight_354.json
356	32	2	174	7	53	1	1	1	1	rational	weight_356.json
356	32	2	174	7	53	1	2	1	1	rational	weight_356.json
356	32	2	69	7	53	1	3	1	1	rational	weight_356.json
356	32	2	15	7	134	1	4	1	1	rational	weight_356.json
356	32	2	177	7	134	1	5	1	1	rational	weight_356.json
356	32	2	66	7	134	1	6	1	1	rational	weight_356.json
356	32	2	69	7	53	1	7	1	1	rational	weight_356.json
356	32	2	15	7	134	1	8	1	1	rational	weight_356.json
356	32	2	174	7	53	1	9	1	1	rational	weight_356.json
356	32	2	96	7	134	1	10	1	1	rational	weight_356.json
356	32	2	66	7	134	1	11	1	1	rational	weight_356.json
356	32	2	174	7	53	1	12	1	1	rational	weight_356.json
356	32	2	69	7	53	1	13	1	1	rational	weight_356.json
356	32	2	174	7	53	1	14	1	1	rational	weight_356.json
356	32	2	177	7	134	1	15	1	1	rational	weight_356.json
356	32	2	228	7	134	1	16	1	1	rational	weight_356.json
356	32	2	147	7	134	1	17	1	1	rational	weight_356.json
356	32	2	228	7	134	1	18	1	1	rational	weight_356.json
356	32	2	96	7	134	1	19	1	1	rational	weight_356.json
356	32	2	96	7	134	1	20	1	1	rational	weight_356.json
356	32	2	69	7	53	1	21	1	1	rational	weight_356.json
356	32	2	96	7	134	1	22	1	1	rational	weight_356.json
356	32	2	177	7	134	1	23	1	1	rational	weight_356.json
356	32	2	66	7	134	1	24	1	1	rational	weight_356.json
356	32	2	177	7	134	1	25	1	1	rational	weight_356.json
356	32	2	69	7	53	1	26	1	1	rational	weight_356.json
356	32	2	147	7	134	1	27	1	1	rational	weight_356.json
356	32	2	228	7	134	1	28	1	2	rational	weight_356.json
358	34	2	0	7	119	1	1	1	1	rational	weight_358.json
358	34	2	81	7	119	1	2	1	1	rational	weight_358.json
358	34	2	162	7	119	1	3	1	1	rational	weight_358.json
358	34	2	162	7	119	1	4	1	1	rational	weight_358.json
358	34	2	135	7	119	1	5	1	1	rational	weight_358.json
358	34	2	27	7	119	1	6	1	1	rational	weight_358.json
358	34	2	108	7	119	1	7	1	1	rational	weight_358.json
358	34	2	27	7	119	1	8	1	1	rational	weight_358.json
358	34	2	189	7	119	1	9	1	1	rational	weight_358.json
358	34	2	54	7	119	1	10	1	1	rational	weight_358.json
358	34	2	18	7	200	1	11	1	1	rational	weight_358.json
358	34	2	117	7	200	1	12	1	1	rational	weight_358.json
358	34	2	225	7	200	1	13	1	1	rational	weight_358.json
358	34	2	126	7	200	1	14	1	1	rational	weight_358.json
358	34	2	45	7	200	1	15	1	1	rational	weight_358.json
358	34	2	36	7	200	1	16	1	1	rational	weight_358.json
358	34	2	180	7	200	1	17	1	1	rational	weight_358.json
358	34	2	72	7	200	1	18	1	1	rational	weight_358.json
358	34	2	144	7	200	1	19	1	1	rational	weight_358.json
358	34	2	63	7	200	1	20	1	1	rational	weight_358.json
358	34	2	144	7	200	1	21	1	1	rational	weight_358.json
358	34	2	198	7	200	1	22	1	1	rational	weight_358.json
358	34	2	36	7	200	1	23	1	1	rational	weight_358.json
358	34	2	99	7	200	1	24	1	1	rational	weight_358.json
358	34	2	234	7	200	1	25	1	1	rational	weight_358.json
358	34	2	weight_358.json#orbit=1,place=26,coordinate=0	7	weight_358.json#orbit=1,place=26,coordinate=1	1	26	1	2	algebraic	weight_358.json
358	34	2	weight_358.json#orbit=1,place=27,coordinate=0	7	weight_358.json#orbit=1,place=27,coordinate=1	1	27	1	2	algebraic	weight_358.json
360	36	2	66	7	113	1	1	1	1	rational	weight_360.json
360	36	2	174	7	32	1	2	1	1	rational	weight_360.json
360	36	2	96	7	113	1	3	1	1	rational	weight_360.json
360	36	2	147	7	113	1	4	1	1	rational	weight_360.json
360	36	2	147	7	113	1	5	1	1	rational	weight_360.json
360	36	2	69	7	32	1	6	1	1	rational	weight_360.json
360	36	2	177	7	113	1	7	1	1	rational	weight_360.json
360	36	2	174	7	32	1	8	1	1	rational	weight_360.json
360	36	2	15	7	113	1	9	1	1	rational	weight_360.json
360	36	2	177	7	113	1	10	1	1	rational	weight_360.json
360	36	2	15	7	113	1	11	1	1	rational	weight_360.json
360	36	2	174	7	32	1	12	1	1	rational	weight_360.json
360	36	2	174	7	32	1	13	1	1	rational	weight_360.json
360	36	2	96	7	113	1	14	1	1	rational	weight_360.json
360	36	2	69	7	32	1	15	1	1	rational	weight_360.json
360	36	2	228	7	113	1	16	1	1	rational	weight_360.json
360	36	2	66	7	113	1	17	1	1	rational	weight_360.json
360	36	2	228	7	113	1	18	1	1	rational	weight_360.json
360	36	2	15	7	113	1	19	1	1	rational	weight_360.json
360	36	2	15	7	113	1	20	1	1	rational	weight_360.json
360	36	2	69	7	32	1	21	1	1	rational	weight_360.json
360	36	2	96	7	113	1	22	1	1	rational	weight_360.json
360	36	2	147	7	113	1	23	1	1	rational	weight_360.json
360	36	2	69	7	32	1	24	1	1	rational	weight_360.json
360	36	2	69	7	32	1	25	1	1	rational	weight_360.json
360	36	2	147	7	113	1	26	1	1	rational	weight_360.json
360	36	2	96	7	113	1	27	1	1	rational	weight_360.json
360	36	2	174	7	32	1	28	1	1	rational	weight_360.json
360	36	2	66	7	113	1	29	1	2	rational	weight_360.json
362	38	2	165	7	143	1	1	1	1	rational	weight_362.json
362	38	2	159	7	143	1	2	1	1	rational	weight_362.json
362	38	2	213	7	62	1	3	1	1	rational	weight_362.json
362	38	2	30	7	62	1	4	1	1	rational	weight_362.json
362	38	2	213	7	62	1	5	1	1	rational	weight_362.json
362	38	2	240	7	143	1	6	1	1	rational	weight_362.json
362	38	2	213	7	62	1	7	1	1	rational	weight_362.json
362	38	2	213	7	62	1	8	1	1	rational	weight_362.json
362	38	2	159	7	143	1	9	1	1	rational	weight_362.json
362	38	2	78	7	143	1	10	1	1	rational	weight_362.json
362	38	2	84	7	143	1	11	1	1	rational	weight_362.json
362	38	2	84	7	143	1	12	1	1	rational	weight_362.json
362	38	2	159	7	143	1	13	1	1	rational	weight_362.json
362	38	2	240	7	143	1	14	1	1	rational	weight_362.json
362	38	2	30	7	62	1	15	1	1	rational	weight_362.json
362	38	2	159	7	143	1	16	1	1	rational	weight_362.json
362	38	2	165	7	143	1	17	1	1	rational	weight_362.json
362	38	2	84	7	143	1	18	1	1	rational	weight_362.json
362	38	2	30	7	62	1	19	1	1	rational	weight_362.json
362	38	2	3	7	143	1	20	1	1	rational	weight_362.json
362	38	2	78	7	143	1	21	1	1	rational	weight_362.json
362	38	2	30	7	62	1	22	1	1	rational	weight_362.json
362	38	2	84	7	143	1	23	1	1	rational	weight_362.json
362	38	2	213	7	62	1	24	1	1	rational	weight_362.json
362	38	2	165	7	143	1	25	1	1	rational	weight_362.json
362	38	2	3	7	143	1	26	1	1	rational	weight_362.json
362	38	2	165	7	143	1	27	1	1	rational	weight_362.json
362	38	2	240	7	143	1	28	1	2	rational	weight_362.json
364	40	2	0	7	236	1	1	1	1	rational	weight_364.json
364	40	2	81	7	236	1	2	1	1	rational	weight_364.json
364	40	2	81	7	236	1	3	1	1	rational	weight_364.json
364	40	2	162	7	236	1	4	1	1	rational	weight_364.json
364	40	2	108	7	236	1	5	1	1	rational	weight_364.json
364	40	2	189	7	236	1	6	1	1	rational	weight_364.json
364	40	2	216	7	236	1	7	1	1	rational	weight_364.json
364	40	2	216	7	236	1	8	1	1	rational	weight_364.json
364	40	2	135	7	236	1	9	1	1	rational	weight_364.json
364	40	2	54	7	236	1	10	1	1	rational	weight_364.json
364	40	2	36	7	74	1	11	1	1	rational	weight_364.json
364	40	2	171	7	74	1	12	1	1	rational	weight_364.json
364	40	2	117	7	74	1	13	1	1	rational	weight_364.json
364	40	2	45	7	74	1	14	1	1	rational	weight_364.json
364	40	2	45	7	74	1	15	1	1	rational	weight_364.json
364	40	2	225	7	74	1	16	1	1	rational	weight_364.json
364	40	2	180	7	74	1	17	1	1	rational	weight_364.json
364	40	2	144	7	74	1	18	1	1	rational	weight_364.json
364	40	2	126	7	74	1	19	1	1	rational	weight_364.json
364	40	2	207	7	74	1	20	1	1	rational	weight_364.json
364	40	2	63	7	74	1	21	1	1	rational	weight_364.json
364	40	2	90	7	74	1	22	1	1	rational	weight_364.json
364	40	2	99	7	74	1	23	1	1	rational	weight_364.json
364	40	2	180	7	74	1	24	1	1	rational	weight_364.json
364	40	2	144	7	74	1	25	1	1	rational	weight_364.json
364	40	2	18	7	74	1	26	1	1	rational	weight_364.json
364	40	2	weight_364.json#orbit=1,place=27,coordinate=0	7	weight_364.json#orbit=1,place=27,coordinate=1	1	27	1	2	algebraic	weight_364.json
364	40	2	weight_364.json#orbit=1,place=28,coordinate=0	7	weight_364.json#orbit=1,place=28,coordinate=1	1	28	1	2	algebraic	weight_364.json
366	42	2	60	7	176	1	1	1	1	rational	weight_366.json
366	42	2	129	7	95	1	2	1	1	rational	weight_366.json
366	42	2	60	7	176	1	3	1	1	rational	weight_366.json
366	42	2	141	7	176	1	4	1	1	rational	weight_366.json
366	42	2	21	7	176	1	5	1	1	rational	weight_366.json
366	42	2	102	7	176	1	6	1	1	rational	weight_366.json
366	42	2	129	7	95	1	7	1	1	rational	weight_366.json
366	42	2	222	7	176	1	8	1	1	rational	weight_366.json
366	42	2	222	7	176	1	9	1	1	rational	weight_366.json
366	42	2	114	7	95	1	10	1	1	rational	weight_366.json
366	42	2	183	7	176	1	11	1	1	rational	weight_366.json
366	42	2	21	7	176	1	12	1	1	rational	weight_366.json
366	42	2	183	7	176	1	13	1	1	rational	weight_366.json
366	42	2	21	7	176	1	14	1	1	rational	weight_366.json
366	42	2	183	7	176	1	15	1	1	rational	weight_366.json
366	42	2	114	7	95	1	16	1	1	rational	weight_366.json
366	42	2	183	7	176	1	17	1	1	rational	weight_366.json
366	42	2	60	7	176	1	18	1	1	rational	weight_366.json
366	42	2	60	7	176	1	19	1	1	rational	weight_366.json
366	42	2	129	7	95	1	20	1	1	rational	weight_366.json
366	42	2	114	7	95	1	21	1	1	rational	weight_366.json
366	42	2	114	7	95	1	22	1	1	rational	weight_366.json
366	42	2	129	7	95	1	23	1	1	rational	weight_366.json
366	42	2	21	7	176	1	24	1	1	rational	weight_366.json
366	42	2	102	7	176	1	25	1	1	rational	weight_366.json
366	42	2	141	7	176	1	26	1	1	rational	weight_366.json
366	42	2	129	7	95	1	27	1	1	rational	weight_366.json
366	42	2	114	7	95	1	28	1	1	rational	weight_366.json
366	42	2	141	7	176	1	29	1	2	rational	weight_366.json
368	44	2	87	7	71	1	1	1	1	rational	weight_368.json
368	44	2	102	7	233	1	2	1	1	rational	weight_368.json
368	44	2	237	7	71	1	3	1	1	rational	weight_368.json
368	44	2	141	7	233	1	4	1	1	rational	weight_368.json
368	44	2	156	7	71	1	5	1	1	rational	weight_368.json
368	44	2	75	7	71	1	6	1	1	rational	weight_368.json
368	44	2	75	7	71	1	7	1	1	rational	weight_368.json
368	44	2	6	7	71	1	8	1	1	rational	weight_368.json
368	44	2	102	7	233	1	9	1	1	rational	weight_368.json
368	44	2	102	7	233	1	10	1	1	rational	weight_368.json
368	44	2	87	7	71	1	11	1	1	rational	weight_368.json
368	44	2	168	7	71	1	12	1	1	rational	weight_368.json
368	44	2	102	7	233	1	13	1	1	rational	weight_368.json
368	44	2	75	7	71	1	14	1	1	rational	weight_368.json
368	44	2	75	7	71	1	15	1	1	rational	weight_368.json
368	44	2	6	7	71	1	16	1	1	rational	weight_368.json
368	44	2	141	7	233	1	17	1	1	rational	weight_368.json
368	44	2	168	7	71	1	18	1	1	rational	weight_368.json
368	44	2	168	7	71	1	19	1	1	rational	weight_368.json
368	44	2	87	7	71	1	20	1	1	rational	weight_368.json
368	44	2	141	7	233	1	21	1	1	rational	weight_368.json
368	44	2	168	7	71	1	22	1	1	rational	weight_368.json
368	44	2	237	7	71	1	23	1	1	rational	weight_368.json
368	44	2	102	7	233	1	24	1	1	rational	weight_368.json
368	44	2	141	7	233	1	25	1	1	rational	weight_368.json
368	44	2	156	7	71	1	26	1	1	rational	weight_368.json
368	44	2	141	7	233	1	27	1	1	rational	weight_368.json
368	44	2	237	7	71	1	28	1	1	rational	weight_368.json
368	44	2	237	7	71	1	29	1	1	rational	weight_368.json
368	44	2	87	7	71	1	30	1	1	rational	weight_368.json
370	46	2	0	7	29	1	1	1	1	rational	weight_370.json
370	46	2	162	7	29	1	2	1	1	rational	weight_370.json
370	46	2	162	7	29	1	3	1	1	rational	weight_370.json
370	46	2	81	7	29	1	4	1	1	rational	weight_370.json
370	46	2	108	7	29	1	5	1	1	rational	weight_370.json
370	46	2	135	7	29	1	6	1	1	rational	weight_370.json
370	46	2	27	7	29	1	7	1	1	rational	weight_370.json
370	46	2	54	7	29	1	8	1	1	rational	weight_370.json
370	46	2	27	7	29	1	9	1	1	rational	weight_370.json
370	46	2	189	7	29	1	10	1	1	rational	weight_370.json
370	46	2	18	7	110	1	11	1	1	rational	weight_370.json
370	46	2	207	7	110	1	12	1	1	rational	weight_370.json
370	46	2	18	7	110	1	13	1	1	rational	weight_370.json
370	46	2	225	7	110	1	14	1	1	rational	weight_370.json
370	46	2	207	7	110	1	15	1	1	rational	weight_370.json
370	46	2	36	7	110	1	16	1	1	rational	weight_370.json
370	46	2	weight_370.json#orbit=1,place=17,coordinate=0	7	weight_370.json#orbit=1,place=17,coordinate=1	1	17	1	2	algebraic	weight_370.json
370	46	2	weight_370.json#orbit=1,place=18,coordinate=0	7	weight_370.json#orbit=1,place=18,coordinate=1	1	18	1	2	algebraic	weight_370.json
370	46	2	weight_370.json#orbit=1,place=19,coordinate=0	7	weight_370.json#orbit=1,place=19,coordinate=1	1	19	1	2	algebraic	weight_370.json
370	46	2	weight_370.json#orbit=1,place=20,coordinate=0	7	weight_370.json#orbit=1,place=20,coordinate=1	1	20	1	2	algebraic	weight_370.json
370	46	2	weight_370.json#orbit=1,place=21,coordinate=0	7	weight_370.json#orbit=1,place=21,coordinate=1	1	21	1	2	algebraic	weight_370.json
370	46	2	weight_370.json#orbit=1,place=22,coordinate=0	7	weight_370.json#orbit=1,place=22,coordinate=1	1	22	1	2	algebraic	weight_370.json
370	46	2	weight_370.json#orbit=1,place=23,coordinate=0	7	weight_370.json#orbit=1,place=23,coordinate=1	1	23	1	2	algebraic	weight_370.json
372	48	2	132	7	158	1	1	1	1	rational	weight_372.json
372	48	2	30	7	158	1	2	1	1	rational	weight_372.json
372	48	2	30	7	158	1	3	1	1	rational	weight_372.json
372	48	2	132	7	158	1	4	1	1	rational	weight_372.json
372	48	2	138	7	77	1	5	1	1	rational	weight_372.json
372	48	2	213	7	158	1	6	1	1	rational	weight_372.json
372	48	2	111	7	158	1	7	1	1	rational	weight_372.json
372	48	2	138	7	77	1	8	1	1	rational	weight_372.json
372	48	2	30	7	158	1	9	1	1	rational	weight_372.json
372	48	2	213	7	158	1	10	1	1	rational	weight_372.json
372	48	2	105	7	77	1	11	1	1	rational	weight_372.json
372	48	2	192	7	158	1	12	1	1	rational	weight_372.json
372	48	2	132	7	158	1	13	1	1	rational	weight_372.json
372	48	2	213	7	158	1	14	1	1	rational	weight_372.json
372	48	2	105	7	77	1	15	1	1	rational	weight_372.json
372	48	2	105	7	77	1	16	1	1	rational	weight_372.json
372	48	2	192	7	158	1	17	1	1	rational	weight_372.json
372	48	2	138	7	77	1	18	1	1	rational	weight_372.json
372	48	2	213	7	158	1	19	1	1	rational	weight_372.json
372	48	2	192	7	158	1	20	1	1	rational	weight_372.json
372	48	2	138	7	77	1	21	1	1	rational	weight_372.json
372	48	2	105	7	77	1	22	1	1	rational	weight_372.json
372	48	2	111	7	158	1	23	1	1	rational	weight_372.json
372	48	2	51	7	158	1	24	1	1	rational	weight_372.json
372	48	2	192	7	158	1	25	1	1	rational	weight_372.json
372	48	2	51	7	158	1	26	1	1	rational	weight_372.json
372	48	2	30	7	158	1	27	1	1	rational	weight_372.json
372	48	2	132	7	158	1	28	1	1	rational	weight_372.json
372	48	2	138	7	77	1	29	1	1	rational	weight_372.json
372	48	2	111	7	158	1	30	1	1	rational	weight_372.json
372	48	2	105	7	77	1	31	1	1	rational	weight_372.json
374	50	2	96	7	80	1	1	1	1	rational	weight_374.json
374	50	2	96	7	80	1	2	1	1	rational	weight_374.json
374	50	2	120	7	161	1	3	1	1	rational	weight_374.json
374	50	2	120	7	161	1	4	1	1	rational	weight_374.json
374	50	2	201	7	161	1	5	1	1	rational	weight_374.json
374	50	2	147	7	80	1	6	1	1	rational	weight_374.json
374	50	2	96	7	80	1	7	1	1	rational	weight_374.json
374	50	2	96	7	80	1	8	1	1	rational	weight_374.json
374	50	2	147	7	80	1	9	1	1	rational	weight_374.json
374	50	2	42	7	161	1	10	1	1	rational	weight_374.json
374	50	2	147	7	80	1	11	1	1	rational	weight_374.json
374	50	2	42	7	161	1	12	1	1	rational	weight_374.json
374	50	2	120	7	161	1	13	1	1	rational	weight_374.json
374	50	2	123	7	161	1	14	1	1	rational	weight_374.json
374	50	2	120	7	161	1	15	1	1	rational	weight_374.json
374	50	2	204	7	161	1	16	1	1	rational	weight_374.json
374	50	2	42	7	161	1	17	1	1	rational	weight_374.json
374	50	2	147	7	80	1	18	1	1	rational	weight_374.json
374	50	2	39	7	161	1	19	1	1	rational	weight_374.json
374	50	2	123	7	161	1	20	1	1	rational	weight_374.json
374	50	2	204	7	161	1	21	1	1	rational	weight_374.json
374	50	2	39	7	161	1	22	1	1	rational	weight_374.json
374	50	2	201	7	161	1	23	1	1	rational	weight_374.json
374	50	2	204	7	161	1	24	1	1	rational	weight_374.json
374	50	2	39	7	161	1	25	1	1	rational	weight_374.json
374	50	2	147	7	80	1	26	1	1	rational	weight_374.json
374	50	2	39	7	161	1	27	1	1	rational	weight_374.json
374	50	2	96	7	80	1	28	1	1	rational	weight_374.json
374	50	2	123	7	161	1	29	1	1	rational	weight_374.json
374	50	2	42	7	161	1	30	1	1	rational	weight_374.json
376	52	2	0	7	227	1	1	1	1	rational	weight_376.json
376	52	2	81	7	227	1	2	1	1	rational	weight_376.json
376	52	2	81	7	227	1	3	1	1	rational	weight_376.json
376	52	2	162	7	227	1	4	1	1	rational	weight_376.json
376	52	2	135	7	227	1	5	1	1	rational	weight_376.json
376	52	2	108	7	227	1	6	1	1	rational	weight_376.json
376	52	2	108	7	227	1	7	1	1	rational	weight_376.json
376	52	2	189	7	227	1	8	1	1	rational	weight_376.json
376	52	2	216	7	227	1	9	1	1	rational	weight_376.json
376	52	2	216	7	227	1	10	1	1	rational	weight_376.json
376	52	2	54	7	227	1	11	1	1	rational	weight_376.json
376	52	2	99	7	65	1	12	1	1	rational	weight_376.json
376	52	2	171	7	65	1	13	1	1	rational	weight_376.json
376	52	2	63	7	65	1	14	1	1	rational	weight_376.json
376	52	2	99	7	65	1	15	1	1	rational	weight_376.json
376	52	2	9	7	65	1	16	1	1	rational	weight_376.json
376	52	2	198	7	65	1	17	1	1	rational	weight_376.json
376	52	2	117	7	65	1	18	1	1	rational	weight_376.json
376	52	2	72	7	65	1	19	1	1	rational	weight_376.json
376	52	2	198	7	65	1	20	1	1	rational	weight_376.json
376	52	2	126	7	65	1	21	1	1	rational	weight_376.json
376	52	2	225	7	65	1	22	1	1	rational	weight_376.json
376	52	2	207	7	65	1	23	1	1	rational	weight_376.json
376	52	2	45	7	65	1	24	1	1	rational	weight_376.json
376	52	2	18	7	65	1	25	1	1	rational	weight_376.json
376	52	2	225	7	65	1	26	1	1	rational	weight_376.json
376	52	2	207	7	65	1	27	1	1	rational	weight_376.json
376	52	2	234	7	65	1	28	1	1	rational	weight_376.json
376	52	2	180	7	65	1	29	1	1	rational	weight_376.json
376	52	2	90	7	65	1	30	1	2	rational	weight_376.json
378	54	2	69	7	59	1	1	1	1	rational	weight_378.json
378	54	2	93	7	59	1	2	1	1	rational	weight_378.json
378	54	2	12	7	59	1	3	1	1	rational	weight_378.json
378	54	2	69	7	59	1	4	1	1	rational	weight_378.json
378	54	2	150	7	59	1	5	1	1	rational	weight_378.json
378	54	2	231	7	59	1	6	1	1	rational	weight_378.json
378	54	2	201	7	221	1	7	1	1	rational	weight_378.json
378	54	2	150	7	59	1	8	1	1	rational	weight_378.json
378	54	2	42	7	221	1	9	1	1	rational	weight_378.json
378	54	2	150	7	59	1	10	1	1	rational	weight_378.json
378	54	2	42	7	221	1	11	1	1	rational	weight_378.json
378	54	2	93	7	59	1	12	1	1	rational	weight_378.json
378	54	2	201	7	221	1	13	1	1	rational	weight_378.json
378	54	2	174	7	59	1	14	1	1	rational	weight_378.json
378	54	2	42	7	221	1	15	1	1	rational	weight_378.json
378	54	2	174	7	59	1	16	1	1	rational	weight_378.json
378	54	2	12	7	59	1	17	1	1	rational	weight_378.json
378	54	2	174	7	59	1	18	1	1	rational	weight_378.json
378	54	2	231	7	59	1	19	1	1	rational	weight_378.json
378	54	2	201	7	221	1	20	1	1	rational	weight_378.json
378	54	2	150	7	59	1	21	1	1	rational	weight_378.json
378	54	2	201	7	221	1	22	1	1	rational	weight_378.json
378	54	2	42	7	221	1	23	1	1	rational	weight_378.json
378	54	2	231	7	59	1	24	1	1	rational	weight_378.json
378	54	2	69	7	59	1	25	1	1	rational	weight_378.json
378	54	2	174	7	59	1	26	1	1	rational	weight_378.json
378	54	2	201	7	221	1	27	1	1	rational	weight_378.json
378	54	2	12	7	59	1	28	1	1	rational	weight_378.json
378	54	2	12	7	59	1	29	1	1	rational	weight_378.json
378	54	2	42	7	221	1	30	1	1	rational	weight_378.json
378	54	2	93	7	59	1	31	1	1	rational	weight_378.json
380	56	2	78	7	89	1	1	1	1	rational	weight_380.json
380	56	2	78	7	89	1	2	1	1	rational	weight_380.json
380	56	2	105	7	170	1	3	1	1	rational	weight_380.json
380	56	2	165	7	89	1	4	1	1	rational	weight_380.json
380	56	2	57	7	170	1	5	1	1	rational	weight_380.json
380	56	2	24	7	170	1	6	1	1	rational	weight_380.json
380	56	2	138	7	170	1	7	1	1	rational	weight_380.json
380	56	2	138	7	170	1	8	1	1	rational	weight_380.json
380	56	2	57	7	170	1	9	1	1	rational	weight_380.json
380	56	2	165	7	89	1	10	1	1	rational	weight_380.json
380	56	2	219	7	170	1	11	1	1	rational	weight_380.json
380	56	2	138	7	170	1	12	1	1	rational	weight_380.json
380	56	2	219	7	170	1	13	1	1	rational	weight_380.json
380	56	2	57	7	170	1	14	1	1	rational	weight_380.json
380	56	2	24	7	170	1	15	1	1	rational	weight_380.json
380	56	2	105	7	170	1	16	1	1	rational	weight_380.json
380	56	2	24	7	170	1	17	1	1	rational	weight_380.json
380	56	2	78	7	89	1	18	1	1	rational	weight_380.json
380	56	2	165	7	89	1	19	1	1	rational	weight_380.json
380	56	2	105	7	170	1	20	1	1	rational	weight_380.json
380	56	2	78	7	89	1	21	1	1	rational	weight_380.json
380	56	2	186	7	170	1	22	1	1	rational	weight_380.json
380	56	2	219	7	170	1	23	1	1	rational	weight_380.json
380	56	2	165	7	89	1	24	1	1	rational	weight_380.json
380	56	2	78	7	89	1	25	1	1	rational	weight_380.json
380	56	2	165	7	89	1	26	1	1	rational	weight_380.json
380	56	2	24	7	170	1	27	1	1	rational	weight_380.json
380	56	2	138	7	170	1	28	1	1	rational	weight_380.json
380	56	2	186	7	170	1	29	1	1	rational	weight_380.json
380	56	2	186	7	170	1	30	1	1	rational	weight_380.json
380	56	2	186	7	170	1	31	1	1	rational	weight_380.json
382	58	2	0	7	101	1	1	1	1	rational	weight_382.json
382	58	2	162	7	101	1	2	1	1	rational	weight_382.json
382	58	2	162	7	101	1	3	1	1	rational	weight_382.json
382	58	2	27	7	101	1	4	1	1	rational	weight_382.json
382	58	2	135	7	101	1	5	1	1	rational	weight_382.json
382	58	2	54	7	101	1	6	1	1	rational	weight_382.json
382	58	2	189	7	101	1	7	1	1	rational	weight_382.json
382	58	2	108	7	101	1	8	1	1	rational	weight_382.json
382	58	2	27	7	101	1	9	1	1	rational	weight_382.json
382	58	2	135	7	101	1	10	1	1	rational	weight_382.json
382	58	2	153	7	182	1	11	1	1	rational	weight_382.json
382	58	2	99	7	182	1	12	1	1	rational	weight_382.json
382	58	2	126	7	182	1	13	1	1	rational	weight_382.json
382	58	2	99	7	182	1	14	1	1	rational	weight_382.json
382	58	2	63	7	182	1	15	1	1	rational	weight_382.json
382	58	2	225	7	182	1	16	1	1	rational	weight_382.json
382	58	2	63	7	182	1	17	1	1	rational	weight_382.json
382	58	2	198	7	182	1	18	1	1	rational	weight_382.json
382	58	2	90	7	182	1	19	1	1	rational	weight_382.json
382	58	2	72	7	182	1	20	1	1	rational	weight_382.json
382	58	2	36	7	182	1	21	1	1	rational	weight_382.json
382	58	2	207	7	182	1	22	1	1	rational	weight_382.json
382	58	2	18	7	182	1	23	1	1	rational	weight_382.json
382	58	2	90	7	182	1	24	1	1	rational	weight_382.json
382	58	2	171	7	182	1	25	1	1	rational	weight_382.json
382	58	2	144	7	182	1	26	1	1	rational	weight_382.json
382	58	2	126	7	182	1	27	1	1	rational	weight_382.json
382	58	2	117	7	182	1	28	1	1	rational	weight_382.json
382	58	2	198	7	182	1	29	1	1	rational	weight_382.json
382	58	2	234	7	182	1	30	1	2	rational	weight_382.json
384	60	2	75	7	41	1	1	1	1	rational	weight_384.json
384	60	2	48	7	122	1	2	1	1	rational	weight_384.json
384	60	2	129	7	122	1	3	1	1	rational	weight_384.json
384	60	2	168	7	41	1	4	1	1	rational	weight_384.json
384	60	2	114	7	122	1	5	1	1	rational	weight_384.json
384	60	2	48	7	122	1	6	1	1	rational	weight_384.json
384	60	2	75	7	41	1	7	1	1	rational	weight_384.json
384	60	2	114	7	122	1	8	1	1	rational	weight_384.json
384	60	2	33	7	122	1	9	1	1	rational	weight_384.json
384	60	2	195	7	122	1	10	1	1	rational	weight_384.json
384	60	2	168	7	41	1	11	1	1	rational	weight_384.json
384	60	2	75	7	41	1	12	1	1	rational	weight_384.json
384	60	2	129	7	122	1	13	1	1	rational	weight_384.json
384	60	2	33	7	122	1	14	1	1	rational	weight_384.json
384	60	2	210	7	122	1	15	1	1	rational	weight_384.json
384	60	2	48	7	122	1	16	1	1	rational	weight_384.json
384	60	2	33	7	122	1	17	1	1	rational	weight_384.json
384	60	2	195	7	122	1	18	1	1	rational	weight_384.json
384	60	2	48	7	122	1	19	1	1	rational	weight_384.json
384	60	2	75	7	41	1	20	1	1	rational	weight_384.json
384	60	2	33	7	122	1	21	1	1	rational	weight_384.json
384	60	2	75	7	41	1	22	1	1	rational	weight_384.json
384	60	2	114	7	122	1	23	1	1	rational	weight_384.json
384	60	2	168	7	41	1	24	1	1	rational	weight_384.json
384	60	2	210	7	122	1	25	1	1	rational	weight_384.json
384	60	2	168	7	41	1	26	1	1	rational	weight_384.json
384	60	2	75	7	41	1	27	1	1	rational	weight_384.json
384	60	2	195	7	122	1	28	1	1	rational	weight_384.json
384	60	2	210	7	122	1	29	1	1	rational	weight_384.json
384	60	2	114	7	122	1	30	1	1	rational	weight_384.json
384	60	2	129	7	122	1	31	1	1	rational	weight_384.json
384	60	2	168	7	41	1	32	1	1	rational	weight_384.json
386	62	2	33	7	98	1	1	1	1	rational	weight_386.json
386	62	2	210	7	98	1	2	1	1	rational	weight_386.json
386	62	2	48	7	98	1	3	1	1	rational	weight_386.json
386	62	2	129	7	98	1	4	1	1	rational	weight_386.json
386	62	2	87	7	17	1	5	1	1	rational	weight_386.json
386	62	2	87	7	17	1	6	1	1	rational	weight_386.json
386	62	2	195	7	98	1	7	1	1	rational	weight_386.json
386	62	2	48	7	98	1	8	1	1	rational	weight_386.json
386	62	2	87	7	17	1	9	1	1	rational	weight_386.json
386	62	2	156	7	17	1	10	1	1	rational	weight_386.json
386	62	2	87	7	17	1	11	1	1	rational	weight_386.json
386	62	2	210	7	98	1	12	1	1	rational	weight_386.json
386	62	2	129	7	98	1	13	1	1	rational	weight_386.json
386	62	2	156	7	17	1	14	1	1	rational	weight_386.json
386	62	2	156	7	17	1	15	1	1	rational	weight_386.json
386	62	2	114	7	98	1	16	1	1	rational	weight_386.json
386	62	2	114	7	98	1	17	1	1	rational	weight_386.json
386	62	2	87	7	17	1	18	1	1	rational	weight_386.json
386	62	2	129	7	98	1	19	1	1	rational	weight_386.json
386	62	2	195	7	98	1	20	1	1	rational	weight_386.json
386	62	2	33	7	98	1	21	1	1	rational	weight_386.json
386	62	2	48	7	98	1	22	1	1	rational	weight_386.json
386	62	2	156	7	17	1	23	1	1	rational	weight_386.json
386	62	2	156	7	17	1	24	1	1	rational	weight_386.json
386	62	2	195	7	98	1	25	1	1	rational	weight_386.json
386	62	2	33	7	98	1	26	1	1	rational	weight_386.json
386	62	2	114	7	98	1	27	1	1	rational	weight_386.json
386	62	2	195	7	98	1	28	1	1	rational	weight_386.json
386	62	2	210	7	98	1	29	1	1	rational	weight_386.json
386	62	2	87	7	17	1	30	1	1	rational	weight_386.json
386	62	2	210	7	98	1	31	1	1	rational	weight_386.json
388	64	2	0	7	137	1	1	1	1	rational	weight_388.json
388	64	2	81	7	137	1	2	1	1	rational	weight_388.json
388	64	2	81	7	137	1	3	1	1	rational	weight_388.json
388	64	2	216	7	137	1	4	1	1	rational	weight_388.json
388	64	2	54	7	137	1	5	1	1	rational	weight_388.json
388	64	2	216	7	137	1	6	1	1	rational	weight_388.json
388	64	2	108	7	137	1	7	1	1	rational	weight_388.json
388	64	2	108	7	137	1	8	1	1	rational	weight_388.json
388	64	2	189	7	137	1	9	1	1	rational	weight_388.json
388	64	2	135	7	137	1	10	1	1	rational	weight_388.json
388	64	2	207	7	218	1	11	1	1	rational	weight_388.json
388	64	2	18	7	218	1	12	1	1	rational	weight_388.json
388	64	2	36	7	218	1	13	1	1	rational	weight_388.json
388	64	2	18	7	218	1	14	1	1	rational	weight_388.json
388	64	2	36	7	218	1	15	1	1	rational	weight_388.json
388	64	2	207	7	218	1	16	1	1	rational	weight_388.json
388	64	2	225	7	218	1	17	1	1	rational	weight_388.json
388	64	2	225	7	218	1	18	1	1	rational	weight_388.json
388	64	2	weight_388.json#orbit=1,place=19,coordinate=0	7	weight_388.json#orbit=1,place=19,coordinate=1	1	19	1	2	algebraic	weight_388.json
388	64	2	weight_388.json#orbit=1,place=20,coordinate=0	7	weight_388.json#orbit=1,place=20,coordinate=1	1	20	1	2	algebraic	weight_388.json
388	64	2	weight_388.json#orbit=1,place=21,coordinate=0	7	weight_388.json#orbit=1,place=21,coordinate=1	1	21	1	2	algebraic	weight_388.json
388	64	2	weight_388.json#orbit=1,place=22,coordinate=0	7	weight_388.json#orbit=1,place=22,coordinate=1	1	22	1	2	algebraic	weight_388.json
388	64	2	weight_388.json#orbit=1,place=23,coordinate=0	7	weight_388.json#orbit=1,place=23,coordinate=1	1	23	1	2	algebraic	weight_388.json
388	64	2	weight_388.json#orbit=1,place=24,coordinate=0	7	weight_388.json#orbit=1,place=24,coordinate=1	1	24	1	2	algebraic	weight_388.json
388	64	2	weight_388.json#orbit=1,place=25,coordinate=0	7	weight_388.json#orbit=1,place=25,coordinate=1	1	25	1	2	algebraic	weight_388.json
390	66	2	24	7	104	1	1	1	1	rational	weight_390.json
390	66	2	240	7	23	1	2	1	1	rational	weight_390.json
390	66	2	57	7	104	1	3	1	1	rational	weight_390.json
390	66	2	105	7	104	1	4	1	1	rational	weight_390.json
390	66	2	3	7	23	1	5	1	1	rational	weight_390.json
390	66	2	57	7	104	1	6	1	1	rational	weight_390.json
390	66	2	24	7	104	1	7	1	1	rational	weight_390.json
390	66	2	219	7	104	1	8	1	1	rational	weight_390.json
390	66	2	240	7	23	1	9	1	1	rational	weight_390.json
390	66	2	240	7	23	1	10	1	1	rational	weight_390.json
390	66	2	105	7	104	1	11	1	1	rational	weight_390.json
390	66	2	3	7	23	1	12	1	1	rational	weight_390.json
390	66	2	186	7	104	1	13	1	1	rational	weight_390.json
390	66	2	138	7	104	1	14	1	1	rational	weight_390.json
390	66	2	138	7	104	1	15	1	1	rational	weight_390.json
390	66	2	186	7	104	1	16	1	1	rational	weight_390.json
390	66	2	240	7	23	1	17	1	1	rational	weight_390.json
390	66	2	3	7	23	1	18	1	1	rational	weight_390.json
390	66	2	138	7	104	1	19	1	1	rational	weight_390.json
390	66	2	105	7	104	1	20	1	1	rational	weight_390.json
390	66	2	3	7	23	1	21	1	1	rational	weight_390.json
390	66	2	24	7	104	1	22	1	1	rational	weight_390.json
390	66	2	57	7	104	1	23	1	1	rational	weight_390.json
390	66	2	219	7	104	1	24	1	1	rational	weight_390.json
390	66	2	219	7	104	1	25	1	1	rational	weight_390.json
390	66	2	186	7	104	1	26	1	1	rational	weight_390.json
390	66	2	186	7	104	1	27	1	1	rational	weight_390.json
390	66	2	240	7	23	1	28	1	1	rational	weight_390.json
390	66	2	57	7	104	1	29	1	1	rational	weight_390.json
390	66	2	3	7	23	1	30	1	1	rational	weight_390.json
390	66	2	240	7	23	1	31	1	1	rational	weight_390.json
390	66	2	219	7	104	1	32	1	1	rational	weight_390.json
392	68	2	174	7	188	1	1	1	1	rational	weight_392.json
392	68	2	69	7	188	1	2	1	1	rational	weight_392.json
392	68	2	150	7	188	1	3	1	1	rational	weight_392.json
392	68	2	12	7	188	1	4	1	1	rational	weight_392.json
392	68	2	120	7	107	1	5	1	1	rational	weight_392.json
392	68	2	231	7	188	1	6	1	1	rational	weight_392.json
392	68	2	120	7	107	1	7	1	1	rational	weight_392.json
392	68	2	69	7	188	1	8	1	1	rational	weight_392.json
392	68	2	93	7	188	1	9	1	1	rational	weight_392.json
392	68	2	12	7	188	1	10	1	1	rational	weight_392.json
392	68	2	123	7	107	1	11	1	1	rational	weight_392.json
392	68	2	150	7	188	1	12	1	1	rational	weight_392.json
392	68	2	231	7	188	1	13	1	1	rational	weight_392.json
392	68	2	123	7	107	1	14	1	1	rational	weight_392.json
392	68	2	123	7	107	1	15	1	1	rational	weight_392.json
392	68	2	69	7	188	1	16	1	1	rational	weight_392.json
392	68	2	123	7	107	1	17	1	1	rational	weight_392.json
392	68	2	120	7	107	1	18	1	1	rational	weight_392.json
392	68	2	12	7	188	1	19	1	1	rational	weight_392.json
392	68	2	93	7	188	1	20	1	1	rational	weight_392.json
392	68	2	231	7	188	1	21	1	1	rational	weight_392.json
392	68	2	120	7	107	1	22	1	1	rational	weight_392.json
392	68	2	150	7	188	1	23	1	1	rational	weight_392.json
392	68	2	150	7	188	1	24	1	1	rational	weight_392.json
392	68	2	120	7	107	1	25	1	1	rational	weight_392.json
392	68	2	174	7	188	1	26	1	1	rational	weight_392.json
392	68	2	123	7	107	1	27	1	1	rational	weight_392.json
392	68	2	93	7	188	1	28	1	1	rational	weight_392.json
392	68	2	120	7	107	1	29	1	1	rational	weight_392.json
392	68	2	69	7	188	1	30	1	1	rational	weight_392.json
392	68	2	174	7	188	1	31	1	2	rational	weight_392.json
394	70	2	0	7	92	1	1	1	1	rational	weight_394.json
394	70	2	162	7	92	1	2	1	1	rational	weight_394.json
394	70	2	162	7	92	1	3	1	1	rational	weight_394.json
394	70	2	54	7	92	1	4	1	1	rational	weight_394.json
394	70	2	27	7	92	1	5	1	1	rational	weight_394.json
394	70	2	189	7	92	1	6	1	1	rational	weight_394.json
394	70	2	135	7	92	1	7	1	1	rational	weight_394.json
394	70	2	135	7	92	1	8	1	1	rational	weight_394.json
394	70	2	27	7	92	1	9	1	1	rational	weight_394.json
394	70	2	108	7	92	1	10	1	1	rational	weight_394.json
394	70	2	54	7	92	1	11	1	1	rational	weight_394.json
394	70	2	45	7	173	1	12	1	1	rational	weight_394.json
394	70	2	72	7	173	1	13	1	1	rational	weight_394.json
394	70	2	144	7	173	1	14	1	1	rational	weight_394.json
394	70	2	45	7	173	1	15	1	1	rational	weight_394.json
394	70	2	36	7	173	1	16	1	1	rational	weight_394.json
394	70	2	234	7	173	1	17	1	1	rational	weight_394.json
394	70	2	117	7	173	1	18	1	1	rational	weight_394.json
394	70	2	198	7	173	1	19	1	1	rational	weight_394.json
394	70	2	180	7	173	1	20	1	1	rational	weight_394.json
394	70	2	126	7	173	1	21	1	1	rational	weight_394.json
394	70	2	63	7	173	1	22	1	1	rational	weight_394.json
394	70	2	18	7	173	1	23	1	1	rational	weight_394.json
394	70	2	18	7	173	1	24	1	1	rational	weight_394.json
394	70	2	144	7	173	1	25	1	1	rational	weight_394.json
394	70	2	36	7	173	1	26	1	1	rational	weight_394.json
394	70	2	weight_394.json#orbit=1,place=27,coordinate=0	7	weight_394.json#orbit=1,place=27,coordinate=1	1	27	1	2	algebraic	weight_394.json
394	70	2	weight_394.json#orbit=1,place=28,coordinate=0	7	weight_394.json#orbit=1,place=28,coordinate=1	1	28	1	2	algebraic	weight_394.json
394	70	2	weight_394.json#orbit=1,place=29,coordinate=0	7	weight_394.json#orbit=1,place=29,coordinate=1	1	29	1	2	algebraic	weight_394.json
396	72	2	204	7	5	1	1	1	1	rational	weight_396.json
396	72	2	228	7	167	1	2	1	1	rational	weight_396.json
396	72	2	228	7	167	1	3	1	1	rational	weight_396.json
396	72	2	204	7	5	1	4	1	1	rational	weight_396.json
396	72	2	39	7	5	1	5	1	1	rational	weight_396.json
396	72	2	42	7	5	1	6	1	1	rational	weight_396.json
396	72	2	123	7	5	1	7	1	1	rational	weight_396.json
396	72	2	228	7	167	1	8	1	1	rational	weight_396.json
396	72	2	120	7	5	1	9	1	1	rational	weight_396.json
396	72	2	204	7	5	1	10	1	1	rational	weight_396.json
396	72	2	201	7	5	1	11	1	1	rational	weight_396.json
396	72	2	228	7	167	1	12	1	1	rational	weight_396.json
396	72	2	42	7	5	1	13	1	1	rational	weight_396.json
396	72	2	15	7	167	1	14	1	1	rational	weight_396.json
396	72	2	39	7	5	1	15	1	1	rational	weight_396.json
396	72	2	201	7	5	1	16	1	1	rational	weight_396.json
396	72	2	123	7	5	1	17	1	1	rational	weight_396.json
396	72	2	123	7	5	1	18	1	1	rational	weight_396.json
396	72	2	228	7	167	1	19	1	1	rational	weight_396.json
396	72	2	123	7	5	1	20	1	1	rational	weight_396.json
396	72	2	39	7	5	1	21	1	1	rational	weight_396.json
396	72	2	15	7	167	1	22	1	1	rational	weight_396.json
396	72	2	15	7	167	1	23	1	1	rational	weight_396.json
396	72	2	201	7	5	1	24	1	1	rational	weight_396.json
396	72	2	15	7	167	1	25	1	1	rational	weight_396.json
396	72	2	120	7	5	1	26	1	1	rational	weight_396.json
396	72	2	204	7	5	1	27	1	1	rational	weight_396.json
396	72	2	42	7	5	1	28	1	1	rational	weight_396.json
396	72	2	228	7	167	1	29	1	1	rational	weight_396.json
396	72	2	15	7	167	1	30	1	1	rational	weight_396.json
396	72	2	39	7	5	1	31	1	1	rational	weight_396.json
396	72	2	120	7	5	1	32	1	2	rational	weight_396.json
398	74	2	30	7	197	1	1	1	1	rational	weight_398.json
398	74	2	51	7	197	1	2	1	1	rational	weight_398.json
398	74	2	186	7	116	1	3	1	1	rational	weight_398.json
398	74	2	192	7	197	1	4	1	1	rational	weight_398.json
398	74	2	111	7	197	1	5	1	1	rational	weight_398.json
398	74	2	57	7	116	1	6	1	1	rational	weight_398.json
398	74	2	51	7	197	1	7	1	1	rational	weight_398.json
398	74	2	57	7	116	1	8	1	1	rational	weight_398.json
398	74	2	30	7	197	1	9	1	1	rational	weight_398.json
398	74	2	57	7	116	1	10	1	1	rational	weight_398.json
398	74	2	51	7	197	1	11	1	1	rational	weight_398.json
398	74	2	132	7	197	1	12	1	1	rational	weight_398.json
398	74	2	30	7	197	1	13	1	1	rational	weight_398.json
398	74	2	111	7	197	1	14	1	1	rational	weight_398.json
398	74	2	51	7	197	1	15	1	1	rational	weight_398.json
398	74	2	192	7	197	1	16	1	1	rational	weight_398.json
398	74	2	186	7	116	1	17	1	1	rational	weight_398.json
398	74	2	57	7	116	1	18	1	1	rational	weight_398.json
398	74	2	186	7	116	1	19	1	1	rational	weight_398.json
398	74	2	30	7	197	1	20	1	1	rational	weight_398.json
398	74	2	111	7	197	1	21	1	1	rational	weight_398.json
398	74	2	192	7	197	1	22	1	1	rational	weight_398.json
398	74	2	57	7	116	1	23	1	1	rational	weight_398.json
398	74	2	186	7	116	1	24	1	1	rational	weight_398.json
398	74	2	192	7	197	1	25	1	1	rational	weight_398.json
398	74	2	132	7	197	1	26	1	1	rational	weight_398.json
398	74	2	213	7	197	1	27	1	1	rational	weight_398.json
398	74	2	213	7	197	1	28	1	1	rational	weight_398.json
398	74	2	132	7	197	1	29	1	1	rational	weight_398.json
398	74	2	186	7	116	1	30	1	1	rational	weight_398.json
398	74	2	213	7	197	1	31	1	2	rational	weight_398.json
400	76	2	0	7	209	1	1	1	1	rational	weight_400.json
400	76	2	81	7	209	1	2	1	1	rational	weight_400.json
400	76	2	81	7	209	1	3	1	1	rational	weight_400.json
400	76	2	108	7	209	1	4	1	1	rational	weight_400.json
400	76	2	54	7	209	1	5	1	1	rational	weight_400.json
400	76	2	108	7	209	1	6	1	1	rational	weight_400.json
400	76	2	189	7	209	1	7	1	1	rational	weight_400.json
400	76	2	189	7	209	1	8	1	1	rational	weight_400.json
400	76	2	216	7	209	1	9	1	1	rational	weight_400.json
400	76	2	216	7	209	1	10	1	1	rational	weight_400.json
400	76	2	135	7	209	1	11	1	1	rational	weight_400.json
400	76	2	207	7	47	1	12	1	1	rational	weight_400.json
400	76	2	180	7	47	1	13	1	1	rational	weight_400.json
400	76	2	36	7	47	1	14	1	1	rational	weight_400.json
400	76	2	225	7	47	1	15	1	1	rational	weight_400.json
400	76	2	36	7	47	1	16	1	1	rational	weight_400.json
400	76	2	171	7	47	1	17	1	1	rational	weight_400.json
400	76	2	45	7	47	1	18	1	1	rational	weight_400.json
400	76	2	45	7	47	1	19	1	1	rational	weight_400.json
400	76	2	18	7	47	1	20	1	1	rational	weight_400.json
400	76	2	117	7	47	1	21	1	1	rational	weight_400.json
400	76	2	90	7	47	1	22	1	1	rational	weight_400.json
400	76	2	117	7	47	1	23	1	1	rational	weight_400.json
400	76	2	180	7	47	1	24	1	1	rational	weight_400.json
400	76	2	126	7	47	1	25	1	1	rational	weight_400.json
400	76	2	144	7	47	1	26	1	1	rational	weight_400.json
400	76	2	144	7	47	1	27	1	1	rational	weight_400.json
400	76	2	weight_400.json#orbit=1,place=28,coordinate=0	7	weight_400.json#orbit=1,place=28,coordinate=1	1	28	1	2	algebraic	weight_400.json
400	76	2	weight_400.json#orbit=1,place=29,coordinate=0	7	weight_400.json#orbit=1,place=29,coordinate=1	1	29	1	2	algebraic	weight_400.json
400	76	2	weight_400.json#orbit=1,place=30,coordinate=0	7	weight_400.json#orbit=1,place=30,coordinate=1	1	30	1	2	algebraic	weight_400.json
402	78	2	237	7	68	1	1	1	1	rational	weight_402.json
402	78	2	168	7	68	1	2	1	1	rational	weight_402.json
402	78	2	87	7	68	1	3	1	1	rational	weight_402.json
402	78	2	75	7	68	1	4	1	1	rational	weight_402.json
402	78	2	222	7	230	1	5	1	1	rational	weight_402.json
402	78	2	21	7	230	1	6	1	1	rational	weight_402.json
402	78	2	87	7	68	1	7	1	1	rational	weight_402.json
402	78	2	156	7	68	1	8	1	1	rational	weight_402.json
402	78	2	6	7	68	1	9	1	1	rational	weight_402.json
402	78	2	237	7	68	1	10	1	1	rational	weight_402.json
402	78	2	237	7	68	1	11	1	1	rational	weight_402.json
402	78	2	6	7	68	1	12	1	1	rational	weight_402.json
402	78	2	21	7	230	1	13	1	1	rational	weight_402.json
402	78	2	21	7	230	1	14	1	1	rational	weight_402.json
402	78	2	156	7	68	1	15	1	1	rational	weight_402.json
402	78	2	156	7	68	1	16	1	1	rational	weight_402.json
402	78	2	75	7	68	1	17	1	1	rational	weight_402.json
402	78	2	87	7	68	1	18	1	1	rational	weight_402.json
402	78	2	222	7	230	1	19	1	1	rational	weight_402.json
402	78	2	156	7	68	1	20	1	1	rational	weight_402.json
402	78	2	21	7	230	1	21	1	1	rational	weight_402.json
402	78	2	222	7	230	1	22	1	1	rational	weight_402.json
402	78	2	21	7	230	1	23	1	1	rational	weight_402.json
402	78	2	168	7	68	1	24	1	1	rational	weight_402.json
402	78	2	222	7	230	1	25	1	1	rational	weight_402.json
402	78	2	237	7	68	1	26	1	1	rational	weight_402.json
402	78	2	87	7	68	1	27	1	1	rational	weight_402.json
402	78	2	168	7	68	1	28	1	1	rational	weight_402.json
402	78	2	75	7	68	1	29	1	1	rational	weight_402.json
402	78	2	21	7	230	1	30	1	1	rational	weight_402.json
402	78	2	222	7	230	1	31	1	1	rational	weight_402.json
402	78	2	6	7	68	1	32	1	2	rational	weight_402.json
404	80	2	183	7	125	1	1	1	1	rational	weight_404.json
404	80	2	210	7	44	1	2	1	1	rational	weight_404.json
404	80	2	33	7	44	1	3	1	1	rational	weight_404.json
404	80	2	183	7	125	1	4	1	1	rational	weight_404.json
404	80	2	222	7	125	1	5	1	1	rational	weight_404.json
404	80	2	102	7	125	1	6	1	1	rational	weight_404.json
404	80	2	33	7	44	1	7	1	1	rational	weight_404.json
404	80	2	33	7	44	1	8	1	1	rational	weight_404.json
404	80	2	21	7	125	1	9	1	1	rational	weight_404.json
404	80	2	210	7	44	1	10	1	1	rational	weight_404.json
404	80	2	141	7	125	1	11	1	1	rational	weight_404.json
404	80	2	60	7	125	1	12	1	1	rational	weight_404.json
404	80	2	210	7	44	1	13	1	1	rational	weight_404.json
404	80	2	141	7	125	1	14	1	1	rational	weight_404.json
404	80	2	210	7	44	1	15	1	1	rational	weight_404.json
404	80	2	222	7	125	1	16	1	1	rational	weight_404.json
404	80	2	60	7	125	1	17	1	1	rational	weight_404.json
404	80	2	21	7	125	1	18	1	1	rational	weight_404.json
404	80	2	141	7	125	1	19	1	1	rational	weight_404.json
404	80	2	60	7	125	1	20	1	1	rational	weight_404.json
404	80	2	21	7	125	1	21	1	1	rational	weight_404.json
404	80	2	21	7	125	1	22	1	1	rational	weight_404.json
404	80	2	102	7	125	1	23	1	1	rational	weight_404.json
404	80	2	33	7	44	1	24	1	1	rational	weight_404.json
404	80	2	102	7	125	1	25	1	1	rational	weight_404.json
404	80	2	141	7	125	1	26	1	1	rational	weight_404.json
404	80	2	102	7	125	1	27	1	1	rational	weight_404.json
404	80	2	183	7	125	1	28	1	1	rational	weight_404.json
404	80	2	33	7	44	1	29	1	1	rational	weight_404.json
404	80	2	222	7	125	1	30	1	1	rational	weight_404.json
404	80	2	210	7	44	1	31	1	1	rational	weight_404.json
404	80	2	33	7	44	1	32	1	1	rational	weight_404.json
404	80	2	222	7	125	1	33	1	1	rational	weight_404.json
406	82	2	0	7	2	1	1	1	1	rational	weight_406.json
406	82	2	162	7	2	1	2	1	1	rational	weight_406.json
406	82	2	162	7	2	1	3	1	1	rational	weight_406.json
406	82	2	108	7	2	1	4	1	1	rational	weight_406.json
406	82	2	189	7	2	1	5	1	1	rational	weight_406.json
406	82	2	27	7	2	1	6	1	1	rational	weight_406.json
406	82	2	27	7	2	1	7	1	1	rational	weight_406.json
406	82	2	135	7	2	1	8	1	1	rational	weight_406.json
406	82	2	54	7	2	1	9	1	1	rational	weight_406.json
406	82	2	54	7	2	1	10	1	1	rational	weight_406.json
406	82	2	135	7	2	1	11	1	1	rational	weight_406.json
406	82	2	207	7	83	1	12	1	1	rational	weight_406.json
406	82	2	207	7	83	1	13	1	1	rational	weight_406.json
406	82	2	225	7	83	1	14	1	1	rational	weight_406.json
406	82	2	36	7	83	1	15	1	1	rational	weight_406.json
406	82	2	18	7	83	1	16	1	1	rational	weight_406.json
406	82	2	225	7	83	1	17	1	1	rational	weight_406.json
406	82	2	18	7	83	1	18	1	1	rational	weight_406.json
406	82	2	36	7	83	1	19	1	1	rational	weight_406.json
406	82	2	weight_406.json#orbit=1,place=20,coordinate=0	7	weight_406.json#orbit=1,place=20,coordinate=1	1	20	1	2	algebraic	weight_406.json
406	82	2	weight_406.json#orbit=1,place=21,coordinate=0	7	weight_406.json#orbit=1,place=21,coordinate=1	1	21	1	2	algebraic	weight_406.json
406	82	2	weight_406.json#orbit=1,place=22,coordinate=0	7	weight_406.json#orbit=1,place=22,coordinate=1	1	22	1	2	algebraic	weight_406.json
406	82	2	weight_406.json#orbit=1,place=23,coordinate=0	7	weight_406.json#orbit=1,place=23,coordinate=1	1	23	1	2	algebraic	weight_406.json
406	82	2	weight_406.json#orbit=1,place=24,coordinate=0	7	weight_406.json#orbit=1,place=24,coordinate=1	1	24	1	2	algebraic	weight_406.json
406	82	2	weight_406.json#orbit=1,place=25,coordinate=0	7	weight_406.json#orbit=1,place=25,coordinate=1	1	25	1	2	algebraic	weight_406.json
406	82	2	weight_406.json#orbit=1,place=26,coordinate=0	7	weight_406.json#orbit=1,place=26,coordinate=1	1	26	1	2	algebraic	weight_406.json
408	84	2	132	7	212	1	1	1	1	rational	weight_408.json
408	84	2	84	7	50	1	2	1	1	rational	weight_408.json
408	84	2	111	7	212	1	3	1	1	rational	weight_408.json
408	84	2	111	7	212	1	4	1	1	rational	weight_408.json
408	84	2	132	7	212	1	5	1	1	rational	weight_408.json
408	84	2	3	7	50	1	6	1	1	rational	weight_408.json
408	84	2	159	7	50	1	7	1	1	rational	weight_408.json
408	84	2	84	7	50	1	8	1	1	rational	weight_408.json
408	84	2	3	7	50	1	9	1	1	rational	weight_408.json
408	84	2	3	7	50	1	10	1	1	rational	weight_408.json
408	84	2	111	7	212	1	11	1	1	rational	weight_408.json
408	84	2	111	7	212	1	12	1	1	rational	weight_408.json
408	84	2	165	7	50	1	13	1	1	rational	weight_408.json
408	84	2	165	7	50	1	14	1	1	rational	weight_408.json
408	84	2	159	7	50	1	15	1	1	rational	weight_408.json
408	84	2	165	7	50	1	16	1	1	rational	weight_408.json
408	84	2	78	7	50	1	17	1	1	rational	weight_408.json
408	84	2	240	7	50	1	18	1	1	rational	weight_408.json
408	84	2	132	7	212	1	19	1	1	rational	weight_408.json
408	84	2	240	7	50	1	20	1	1	rational	weight_408.json
408	84	2	78	7	50	1	21	1	1	rational	weight_408.json
408	84	2	132	7	212	1	22	1	1	rational	weight_408.json
408	84	2	84	7	50	1	23	1	1	rational	weight_408.json
408	84	2	84	7	50	1	24	1	1	rational	weight_408.json
408	84	2	78	7	50	1	25	1	1	rational	weight_408.json
408	84	2	165	7	50	1	26	1	1	rational	weight_408.json
408	84	2	132	7	212	1	27	1	1	rational	weight_408.json
408	84	2	3	7	50	1	28	1	1	rational	weight_408.json
408	84	2	111	7	212	1	29	1	1	rational	weight_408.json
408	84	2	132	7	212	1	30	1	1	rational	weight_408.json
408	84	2	240	7	50	1	31	1	1	rational	weight_408.json
408	84	2	78	7	50	1	32	1	1	rational	weight_408.json
408	84	2	159	7	50	1	33	1	1	rational	weight_408.json
408	84	2	159	7	50	1	34	1	1	rational	weight_408.json
410	86	2	66	7	215	1	1	1	1	rational	weight_410.json
410	86	2	150	7	134	1	2	1	1	rational	weight_410.json
410	86	2	228	7	215	1	3	1	1	rational	weight_410.json
410	86	2	147	7	215	1	4	1	1	rational	weight_410.json
410	86	2	15	7	215	1	5	1	1	rational	weight_410.json
410	86	2	177	7	215	1	6	1	1	rational	weight_410.json
410	86	2	93	7	134	1	7	1	1	rational	weight_410.json
410	86	2	150	7	134	1	8	1	1	rational	weight_410.json
410	86	2	147	7	215	1	9	1	1	rational	weight_410.json
410	86	2	150	7	134	1	10	1	1	rational	weight_410.json
410	86	2	150	7	134	1	11	1	1	rational	weight_410.json
410	86	2	96	7	215	1	12	1	1	rational	weight_410.json
410	86	2	147	7	215	1	13	1	1	rational	weight_410.json
410	86	2	228	7	215	1	14	1	1	rational	weight_410.json
410	86	2	93	7	134	1	15	1	1	rational	weight_410.json
410	86	2	15	7	215	1	16	1	1	rational	weight_410.json
410	86	2	177	7	215	1	17	1	1	rational	weight_410.json
410	86	2	93	7	134	1	18	1	1	rational	weight_410.json
410	86	2	66	7	215	1	19	1	1	rational	weight_410.json
410	86	2	177	7	215	1	20	1	1	rational	weight_410.json
410	86	2	93	7	134	1	21	1	1	rational	weight_410.json
410	86	2	93	7	134	1	22	1	1	rational	weight_410.json
410	86	2	15	7	215	1	23	1	1	rational	weight_410.json
410	86	2	177	7	215	1	24	1	1	rational	weight_410.json
410	86	2	147	7	215	1	25	1	1	rational	weight_410.json
410	86	2	93	7	134	1	26	1	1	rational	weight_410.json
410	86	2	150	7	134	1	27	1	1	rational	weight_410.json
410	86	2	66	7	215	1	28	1	1	rational	weight_410.json
410	86	2	96	7	215	1	29	1	1	rational	weight_410.json
410	86	2	15	7	215	1	30	1	1	rational	weight_410.json
410	86	2	228	7	215	1	31	1	1	rational	weight_410.json
410	86	2	96	7	215	1	32	1	2	rational	weight_410.json
412	88	2	0	7	200	1	1	1	1	rational	weight_412.json
412	88	2	0	7	200	1	2	1	1	rational	weight_412.json
412	88	2	81	7	200	1	3	1	1	rational	weight_412.json
412	88	2	81	7	200	1	4	1	1	rational	weight_412.json
412	88	2	54	7	200	1	5	1	1	rational	weight_412.json
412	88	2	189	7	200	1	6	1	1	rational	weight_412.json
412	88	2	216	7	200	1	7	1	1	rational	weight_412.json
412	88	2	108	7	200	1	8	1	1	rational	weight_412.json
412	88	2	189	7	200	1	9	1	1	rational	weight_412.json
412	88	2	108	7	200	1	10	1	1	rational	weight_412.json
412	88	2	135	7	200	1	11	1	1	rational	weight_412.json
412	88	2	216	7	200	1	12	1	1	rational	weight_412.json
412	88	2	225	7	38	1	13	1	1	rational	weight_412.json
412	88	2	99	7	38	1	14	1	1	rational	weight_412.json
412	88	2	180	7	38	1	15	1	1	rational	weight_412.json
412	88	2	198	7	38	1	16	1	1	rational	weight_412.json
412	88	2	63	7	38	1	17	1	1	rational	weight_412.json
412	88	2	207	7	38	1	18	1	1	rational	weight_412.json
412	88	2	117	7	38	1	19	1	1	rational	weight_412.json
412	88	2	207	7	38	1	20	1	1	rational	weight_412.json
412	88	2	171	7	38	1	21	1	1	rational	weight_412.json
412	88	2	225	7	38	1	22	1	1	rational	weight_412.json
412	88	2	117	7	38	1	23	1	1	rational	weight_412.json
412	88	2	126	7	38	1	24	1	1	rational	weight_412.json
412	88	2	99	7	38	1	25	1	1	rational	weight_412.json
412	88	2	9	7	38	1	26	1	1	rational	weight_412.json
412	88	2	63	7	38	1	27	1	1	rational	weight_412.json
412	88	2	198	7	38	1	28	1	1	rational	weight_412.json
412	88	2	weight_412.json#orbit=1,place=29,coordinate=0	7	weight_412.json#orbit=1,place=29,coordinate=1	1	29	1	2	algebraic	weight_412.json
412	88	2	weight_412.json#orbit=1,place=30,coordinate=0	7	weight_412.json#orbit=1,place=30,coordinate=1	1	30	1	2	algebraic	weight_412.json
412	88	2	weight_412.json#orbit=1,place=31,coordinate=0	7	weight_412.json#orbit=1,place=31,coordinate=1	1	31	1	2	algebraic	weight_412.json
414	90	2	147	7	194	1	1	1	1	rational	weight_414.json
414	90	2	177	7	194	1	2	1	1	rational	weight_414.json
414	90	2	147	7	194	1	3	1	1	rational	weight_414.json
414	90	2	15	7	194	1	4	1	1	rational	weight_414.json
414	90	2	231	7	113	1	5	1	1	rational	weight_414.json
414	90	2	147	7	194	1	6	1	1	rational	weight_414.json
414	90	2	231	7	113	1	7	1	1	rational	weight_414.json
414	90	2	147	7	194	1	8	1	1	rational	weight_414.json
414	90	2	12	7	113	1	9	1	1	rational	weight_414.json
414	90	2	12	7	113	1	10	1	1	rational	weight_414.json
414	90	2	66	7	194	1	11	1	1	rational	weight_414.json
414	90	2	228	7	194	1	12	1	1	rational	weight_414.json
414	90	2	231	7	113	1	13	1	1	rational	weight_414.json
414	90	2	96	7	194	1	14	1	1	rational	weight_414.json
414	90	2	228	7	194	1	15	1	1	rational	weight_414.json
414	90	2	177	7	194	1	16	1	1	rational	weight_414.json
414	90	2	12	7	113	1	17	1	1	rational	weight_414.json
414	90	2	15	7	194	1	18	1	1	rational	weight_414.json
414	90	2	12	7	113	1	19	1	1	rational	weight_414.json
414	90	2	228	7	194	1	20	1	1	rational	weight_414.json
414	90	2	177	7	194	1	21	1	1	rational	weight_414.json
414	90	2	12	7	113	1	22	1	1	rational	weight_414.json
414	90	2	66	7	194	1	23	1	1	rational	weight_414.json
414	90	2	177	7	194	1	24	1	1	rational	weight_414.json
414	90	2	231	7	113	1	25	1	1	rational	weight_414.json
414	90	2	231	7	113	1	26	1	1	rational	weight_414.json
414	90	2	66	7	194	1	27	1	1	rational	weight_414.json
414	90	2	15	7	194	1	28	1	1	rational	weight_414.json
414	90	2	12	7	113	1	29	1	1	rational	weight_414.json
414	90	2	228	7	194	1	30	1	1	rational	weight_414.json
414	90	2	15	7	194	1	31	1	1	rational	weight_414.json
414	90	2	96	7	194	1	32	1	1	rational	weight_414.json
414	90	2	96	7	194	1	33	1	2	rational	weight_414.json
416	92	2	84	7	224	1	1	1	1	rational	weight_416.json
416	92	2	51	7	143	1	2	1	1	rational	weight_416.json
416	92	2	3	7	224	1	3	1	1	rational	weight_416.json
416	92	2	51	7	143	1	4	1	1	rational	weight_416.json
416	92	2	159	7	224	1	5	1	1	rational	weight_416.json
416	92	2	165	7	224	1	6	1	1	rational	weight_416.json
416	92	2	240	7	224	1	7	1	1	rational	weight_416.json
416	92	2	192	7	143	1	8	1	1	rational	weight_416.json
416	92	2	78	7	224	1	9	1	1	rational	weight_416.json
416	92	2	84	7	224	1	10	1	1	rational	weight_416.json
416	92	2	3	7	224	1	11	1	1	rational	weight_416.json
416	92	2	3	7	224	1	12	1	1	rational	weight_416.json
416	92	2	51	7	143	1	13	1	1	rational	weight_416.json
416	92	2	192	7	143	1	14	1	1	rational	weight_416.json
416	92	2	192	7	143	1	15	1	1	rational	weight_416.json
416	92	2	192	7	143	1	16	1	1	rational	weight_416.json
416	92	2	165	7	224	1	17	1	1	rational	weight_416.json
416	92	2	159	7	224	1	18	1	1	rational	weight_416.json
416	92	2	51	7	143	1	19	1	1	rational	weight_416.json
416	92	2	240	7	224	1	20	1	1	rational	weight_416.json
416	92	2	78	7	224	1	21	1	1	rational	weight_416.json
416	92	2	84	7	224	1	22	1	1	rational	weight_416.json
416	92	2	240	7	224	1	23	1	1	rational	weight_416.json
416	92	2	192	7	143	1	24	1	1	rational	weight_416.json
416	92	2	240	7	224	1	25	1	1	rational	weight_416.json
416	92	2	51	7	143	1	26	1	1	rational	weight_416.json
416	92	2	78	7	224	1	27	1	1	rational	weight_416.json
416	92	2	84	7	224	1	28	1	1	rational	weight_416.json
416	92	2	3	7	224	1	29	1	1	rational	weight_416.json
416	92	2	159	7	224	1	30	1	1	rational	weight_416.json
416	92	2	78	7	224	1	31	1	1	rational	weight_416.json
416	92	2	51	7	143	1	32	1	1	rational	weight_416.json
416	92	2	165	7	224	1	33	1	2	rational	weight_416.json
418	94	2	0	7	74	1	1	1	1	rational	weight_418.json
418	94	2	0	7	74	1	2	1	1	rational	weight_418.json
418	94	2	162	7	74	1	3	1	1	rational	weight_418.json
418	94	2	162	7	74	1	4	1	1	rational	weight_418.json
418	94	2	54	7	74	1	5	1	1	rational	weight_418.json
418	94	2	135	7	74	1	6	1	1	rational	weight_418.json
418	94	2	189	7	74	1	7	1	1	rational	weight_418.json
418	94	2	27	7	74	1	8	1	1	rational	weight_418.json
418	94	2	54	7	74	1	9	1	1	rational	weight_418.json
418	94	2	27	7	74	1	10	1	1	rational	weight_418.json
418	94	2	135	7	74	1	11	1	1	rational	weight_418.json
418	94	2	63	7	155	1	12	1	1	rational	weight_418.json
418	94	2	198	7	155	1	13	1	1	rational	weight_418.json
418	94	2	126	7	155	1	14	1	1	rational	weight_418.json
418	94	2	99	7	155	1	15	1	1	rational	weight_418.json
418	94	2	72	7	155	1	16	1	1	rational	weight_418.json
418	94	2	18	7	155	1	17	1	1	rational	weight_418.json
418	94	2	207	7	155	1	18	1	1	rational	weight_418.json
418	94	2	18	7	155	1	19	1	1	rational	weight_418.json
418	94	2	36	7	155	1	20	1	1	rational	weight_418.json
418	94	2	126	7	155	1	21	1	1	rational	weight_418.json
418	94	2	63	7	155	1	22	1	1	rational	weight_418.json
418	94	2	153	7	155	1	23	1	1	rational	weight_418.json
418	94	2	225	7	155	1	24	1	1	rational	weight_418.json
418	94	2	207	7	155	1	25	1	1	rational	weight_418.json
418	94	2	198	7	155	1	26	1	1	rational	weight_418.json
418	94	2	225	7	155	1	27	1	1	rational	weight_418.json
418	94	2	99	7	155	1	28	1	1	rational	weight_418.json
418	94	2	weight_418.json#orbit=1,place=29,coordinate=0	7	weight_418.json#orbit=1,place=29,coordinate=1	1	29	1	2	algebraic	weight_418.json
418	94	2	weight_418.json#orbit=1,place=30,coordinate=0	7	weight_418.json#orbit=1,place=30,coordinate=1	1	30	1	2	algebraic	weight_418.json
418	94	2	weight_418.json#orbit=1,place=31,coordinate=0	7	weight_418.json#orbit=1,place=31,coordinate=1	1	31	1	2	algebraic	weight_418.json
420	96	2	33	7	176	1	1	1	1	rational	weight_420.json
420	96	2	210	7	176	1	2	1	1	rational	weight_420.json
420	96	2	210	7	176	1	3	1	1	rational	weight_420.json
420	96	2	21	7	14	1	4	1	1	rational	weight_420.json
420	96	2	141	7	14	1	5	1	1	rational	weight_420.json
420	96	2	222	7	14	1	6	1	1	rational	weight_420.json
420	96	2	60	7	14	1	7	1	1	rational	weight_420.json
420	96	2	33	7	176	1	8	1	1	rational	weight_420.json
420	96	2	210	7	176	1	9	1	1	rational	weight_420.json
420	96	2	33	7	176	1	10	1	1	rational	weight_420.json
420	96	2	60	7	14	1	11	1	1	rational	weight_420.json
420	96	2	60	7	14	1	12	1	1	rational	weight_420.json
420	96	2	102	7	14	1	13	1	1	rational	weight_420.json
420	96	2	102	7	14	1	14	1	1	rational	weight_420.json
420	96	2	183	7	14	1	15	1	1	rational	weight_420.json
420	96	2	33	7	176	1	16	1	1	rational	weight_420.json
420	96	2	60	7	14	1	17	1	1	rational	weight_420.json
420	96	2	141	7	14	1	18	1	1	rational	weight_420.json
420	96	2	21	7	14	1	19	1	1	rational	weight_420.json
420	96	2	21	7	14	1	20	1	1	rational	weight_420.json
420	96	2	210	7	176	1	21	1	1	rational	weight_420.json
420	96	2	102	7	14	1	22	1	1	rational	weight_420.json
420	96	2	33	7	176	1	23	1	1	rational	weight_420.json
420	96	2	222	7	14	1	24	1	1	rational	weight_420.json
420	96	2	222	7	14	1	25	1	1	rational	weight_420.json
420	96	2	222	7	14	1	26	1	1	rational	weight_420.json
420	96	2	210	7	176	1	27	1	1	rational	weight_420.json
420	96	2	102	7	14	1	28	1	1	rational	weight_420.json
420	96	2	210	7	176	1	29	1	1	rational	weight_420.json
420	96	2	141	7	14	1	30	1	1	rational	weight_420.json
420	96	2	21	7	14	1	31	1	1	rational	weight_420.json
420	96	2	183	7	14	1	32	1	1	rational	weight_420.json
420	96	2	33	7	176	1	33	1	1	rational	weight_420.json
420	96	2	183	7	14	1	34	1	2	rational	weight_420.json
422	98	2	222	7	71	1	1	1	1	rational	weight_422.json
422	98	2	156	7	152	1	2	1	1	rational	weight_422.json
422	98	2	237	7	152	1	3	1	1	rational	weight_422.json
422	98	2	21	7	71	1	4	1	1	rational	weight_422.json
422	98	2	6	7	152	1	5	1	1	rational	weight_422.json
422	98	2	21	7	71	1	6	1	1	rational	weight_422.json
422	98	2	87	7	152	1	7	1	1	rational	weight_422.json
422	98	2	75	7	152	1	8	1	1	rational	weight_422.json
422	98	2	168	7	152	1	9	1	1	rational	weight_422.json
422	98	2	75	7	152	1	10	1	1	rational	weight_422.json
422	98	2	156	7	152	1	11	1	1	rational	weight_422.json
422	98	2	156	7	152	1	12	1	1	rational	weight_422.json
422	98	2	6	7	152	1	13	1	1	rational	weight_422.json
422	98	2	87	7	152	1	14	1	1	rational	weight_422.json
422	98	2	75	7	152	1	15	1	1	rational	weight_422.json
422	98	2	237	7	152	1	16	1	1	rational	weight_422.json
422	98	2	168	7	152	1	17	1	1	rational	weight_422.json
422	98	2	222	7	71	1	18	1	1	rational	weight_422.json
422	98	2	222	7	71	1	19	1	1	rational	weight_422.json
422	98	2	6	7	152	1	20	1	1	rational	weight_422.json
422	98	2	237	7	152	1	21	1	1	rational	weight_422.json
422	98	2	222	7	71	1	22	1	1	rational	weight_422.json
422	98	2	222	7	71	1	23	1	1	rational	weight_422.json
422	98	2	168	7	152	1	24	1	1	rational	weight_422.json
422	98	2	21	7	71	1	25	1	1	rational	weight_422.json
422	98	2	237	7	152	1	26	1	1	rational	weight_422.json
422	98	2	156	7	152	1	27	1	1	rational	weight_422.json
422	98	2	222	7	71	1	28	1	1	rational	weight_422.json
422	98	2	21	7	71	1	29	1	1	rational	weight_422.json
422	98	2	87	7	152	1	30	1	1	rational	weight_422.json
422	98	2	168	7	152	1	31	1	1	rational	weight_422.json
422	98	2	21	7	71	1	32	1	1	rational	weight_422.json
422	98	2	6	7	152	1	33	1	1	rational	weight_422.json
422	98	2	21	7	71	1	34	1	1	rational	weight_422.json
424	100	2	0	7	110	1	1	1	1	rational	weight_424.json
424	100	2	0	7	110	1	2	1	1	rational	weight_424.json
424	100	2	81	7	110	1	3	1	1	rational	weight_424.json
424	100	2	81	7	110	1	4	1	1	rational	weight_424.json
424	100	2	108	7	110	1	5	1	1	rational	weight_424.json
424	100	2	108	7	110	1	6	1	1	rational	weight_424.json
424	100	2	189	7	110	1	7	1	1	rational	weight_424.json
424	100	2	216	7	110	1	8	1	1	rational	weight_424.json
424	100	2	54	7	110	1	9	1	1	rational	weight_424.json
424	100	2	189	7	110	1	10	1	1	rational	weight_424.json
424	100	2	216	7	110	1	11	1	1	rational	weight_424.json
424	100	2	18	7	191	1	12	1	1	rational	weight_424.json
424	100	2	18	7	191	1	13	1	1	rational	weight_424.json
424	100	2	36	7	191	1	14	1	1	rational	weight_424.json
424	100	2	207	7	191	1	15	1	1	rational	weight_424.json
424	100	2	207	7	191	1	16	1	1	rational	weight_424.json
424	100	2	225	7	191	1	17	1	1	rational	weight_424.json
424	100	2	36	7	191	1	18	1	1	rational	weight_424.json
424	100	2	225	7	191	1	19	1	1	rational	weight_424.json
424	100	2	weight_424.json#orbit=1,place=20,coordinate=0	7	weight_424.json#orbit=1,place=20,coordinate=1	1	20	1	2	algebraic	weight_424.json
424	100	2	weight_424.json#orbit=1,place=21,coordinate=0	7	weight_424.json#orbit=1,place=21,coordinate=1	1	21	1	2	algebraic	weight_424.json
424	100	2	weight_424.json#orbit=1,place=22,coordinate=0	7	weight_424.json#orbit=1,place=22,coordinate=1	1	22	1	2	algebraic	weight_424.json
424	100	2	weight_424.json#orbit=1,place=23,coordinate=0	7	weight_424.json#orbit=1,place=23,coordinate=1	1	23	1	2	algebraic	weight_424.json
424	100	2	weight_424.json#orbit=1,place=24,coordinate=0	7	weight_424.json#orbit=1,place=24,coordinate=1	1	24	1	2	algebraic	weight_424.json
424	100	2	weight_424.json#orbit=1,place=25,coordinate=0	7	weight_424.json#orbit=1,place=25,coordinate=1	1	25	1	2	algebraic	weight_424.json
424	100	2	weight_424.json#orbit=1,place=26,coordinate=0	7	weight_424.json#orbit=1,place=26,coordinate=1	1	26	1	2	algebraic	weight_424.json
424	100	2	weight_424.json#orbit=1,place=27,coordinate=0	7	weight_424.json#orbit=1,place=27,coordinate=1	1	27	1	2	algebraic	weight_424.json
426	102	2	30	7	239	1	1	1	1	rational	weight_426.json
426	102	2	192	7	239	1	2	1	1	rational	weight_426.json
426	102	2	132	7	239	1	3	1	1	rational	weight_426.json
426	102	2	132	7	239	1	4	1	1	rational	weight_426.json
426	102	2	111	7	239	1	5	1	1	rational	weight_426.json
426	102	2	24	7	158	1	6	1	1	rational	weight_426.json
426	102	2	219	7	158	1	7	1	1	rational	weight_426.json
426	102	2	192	7	239	1	8	1	1	rational	weight_426.json
426	102	2	132	7	239	1	9	1	1	rational	weight_426.json
426	102	2	192	7	239	1	10	1	1	rational	weight_426.json
426	102	2	132	7	239	1	11	1	1	rational	weight_426.json
426	102	2	51	7	239	1	12	1	1	rational	weight_426.json
426	102	2	30	7	239	1	13	1	1	rational	weight_426.json
426	102	2	24	7	158	1	14	1	1	rational	weight_426.json
426	102	2	51	7	239	1	15	1	1	rational	weight_426.json
426	102	2	192	7	239	1	16	1	1	rational	weight_426.json
426	102	2	111	7	239	1	17	1	1	rational	weight_426.json
426	102	2	213	7	239	1	18	1	1	rational	weight_426.json
426	102	2	24	7	158	1	19	1	1	rational	weight_426.json
426	102	2	219	7	158	1	20	1	1	rational	weight_426.json
426	102	2	51	7	239	1	21	1	1	rational	weight_426.json
426	102	2	213	7	239	1	22	1	1	rational	weight_426.json
426	102	2	111	7	239	1	23	1	1	rational	weight_426.json
426	102	2	30	7	239	1	24	1	1	rational	weight_426.json
426	102	2	24	7	158	1	25	1	1	rational	weight_426.json
426	102	2	219	7	158	1	26	1	1	rational	weight_426.json
426	102	2	219	7	158	1	27	1	1	rational	weight_426.json
426	102	2	219	7	158	1	28	1	1	rational	weight_426.json
426	102	2	219	7	158	1	29	1	1	rational	weight_426.json
426	102	2	30	7	239	1	30	1	1	rational	weight_426.json
426	102	2	24	7	158	1	31	1	1	rational	weight_426.json
426	102	2	24	7	158	1	32	1	1	rational	weight_426.json
426	102	2	213	7	239	1	33	1	1	rational	weight_426.json
426	102	2	51	7	239	1	34	1	1	rational	weight_426.json
426	102	2	111	7	239	1	35	1	1	rational	weight_426.json
428	104	2	201	7	242	1	1	1	1	rational	weight_428.json
428	104	2	123	7	242	1	2	1	1	rational	weight_428.json
428	104	2	123	7	242	1	3	1	1	rational	weight_428.json
428	104	2	66	7	161	1	4	1	1	rational	weight_428.json
428	104	2	177	7	161	1	5	1	1	rational	weight_428.json
428	104	2	123	7	242	1	6	1	1	rational	weight_428.json
428	104	2	177	7	161	1	7	1	1	rational	weight_428.json
428	104	2	66	7	161	1	8	1	1	rational	weight_428.json
428	104	2	177	7	161	1	9	1	1	rational	weight_428.json
428	104	2	201	7	242	1	10	1	1	rational	weight_428.json
428	104	2	177	7	161	1	11	1	1	rational	weight_428.json
428	104	2	204	7	242	1	12	1	1	rational	weight_428.json
428	104	2	42	7	242	1	13	1	1	rational	weight_428.json
428	104	2	201	7	242	1	14	1	1	rational	weight_428.json
428	104	2	42	7	242	1	15	1	1	rational	weight_428.json
428	104	2	201	7	242	1	16	1	1	rational	weight_428.json
428	104	2	42	7	242	1	17	1	1	rational	weight_428.json
428	104	2	120	7	242	1	18	1	1	rational	weight_428.json
428	104	2	204	7	242	1	19	1	1	rational	weight_428.json
428	104	2	204	7	242	1	20	1	1	rational	weight_428.json
428	104	2	39	7	242	1	21	1	1	rational	weight_428.json
428	104	2	66	7	161	1	22	1	1	rational	weight_428.json
428	104	2	39	7	242	1	23	1	1	rational	weight_428.json
428	104	2	66	7	161	1	24	1	1	rational	weight_428.json
428	104	2	123	7	242	1	25	1	1	rational	weight_428.json
428	104	2	66	7	161	1	26	1	1	rational	weight_428.json
428	104	2	42	7	242	1	27	1	1	rational	weight_428.json
428	104	2	120	7	242	1	28	1	1	rational	weight_428.json
428	104	2	39	7	242	1	29	1	1	rational	weight_428.json
428	104	2	120	7	242	1	30	1	1	rational	weight_428.json
428	104	2	66	7	161	1	31	1	1	rational	weight_428.json
428	104	2	177	7	161	1	32	1	1	rational	weight_428.json
428	104	2	39	7	242	1	33	1	1	rational	weight_428.json
428	104	2	204	7	242	1	34	1	1	rational	weight_428.json
428	104	2	177	7	161	1	35	1	1	rational	weight_428.json
430	106	2	0	7	65	1	1	1	1	rational	weight_430.json
430	106	2	0	7	65	1	2	1	1	rational	weight_430.json
430	106	2	162	7	65	1	3	1	1	rational	weight_430.json
430	106	2	162	7	65	1	4	1	1	rational	weight_430.json
430	106	2	27	7	65	1	5	1	1	rational	weight_430.json
430	106	2	189	7	65	1	6	1	1	rational	weight_430.json
430	106	2	54	7	65	1	7	1	1	rational	weight_430.json
430	106	2	135	7	65	1	8	1	1	rational	weight_430.json
430	106	2	189	7	65	1	9	1	1	rational	weight_430.json
430	106	2	54	7	65	1	10	1	1	rational	weight_430.json
430	106	2	135	7	65	1	11	1	1	rational	weight_430.json
430	106	2	27	7	65	1	12	1	1	rational	weight_430.json
430	106	2	144	7	146	1	13	1	1	rational	weight_430.json
430	106	2	180	7	146	1	14	1	1	rational	weight_430.json
430	106	2	117	7	146	1	15	1	1	rational	weight_430.json
430	106	2	117	7	146	1	16	1	1	rational	weight_430.json
430	106	2	36	7	146	1	17	1	1	rational	weight_430.json
430	106	2	126	7	146	1	18	1	1	rational	weight_430.json
430	106	2	9	7	146	1	19	1	1	rational	weight_430.json
430	106	2	171	7	146	1	20	1	1	rational	weight_430.json
430	106	2	63	7	146	1	21	1	1	rational	weight_430.json
430	106	2	234	7	146	1	22	1	1	rational	weight_430.json
430	106	2	126	7	146	1	23	1	1	rational	weight_430.json
430	106	2	18	7	146	1	24	1	1	rational	weight_430.json
430	106	2	18	7	146	1	25	1	1	rational	weight_430.json
430	106	2	45	7	146	1	26	1	1	rational	weight_430.json
430	106	2	180	7	146	1	27	1	1	rational	weight_430.json
430	106	2	45	7	146	1	28	1	1	rational	weight_430.json
430	106	2	36	7	146	1	29	1	1	rational	weight_430.json
430	106	2	144	7	146	1	30	1	1	rational	weight_430.json
430	106	2	63	7	146	1	31	1	1	rational	weight_430.json
430	106	2	9	7	146	1	32	1	1	rational	weight_430.json
430	106	2	171	7	146	1	33	1	1	rational	weight_430.json
430	106	2	153	7	146	1	34	1	2	rational	weight_430.json
432	108	2	12	7	140	1	1	1	1	rational	weight_432.json
432	108	2	39	7	59	1	2	1	1	rational	weight_432.json
432	108	2	204	7	59	1	3	1	1	rational	weight_432.json
432	108	2	93	7	140	1	4	1	1	rational	weight_432.json
432	108	2	69	7	140	1	5	1	1	rational	weight_432.json
432	108	2	231	7	140	1	6	1	1	rational	weight_432.json
432	108	2	204	7	59	1	7	1	1	rational	weight_432.json
432	108	2	93	7	140	1	8	1	1	rational	weight_432.json
432	108	2	39	7	59	1	9	1	1	rational	weight_432.json
432	108	2	174	7	140	1	10	1	1	rational	weight_432.json
432	108	2	69	7	140	1	11	1	1	rational	weight_432.json
432	108	2	93	7	140	1	12	1	1	rational	weight_432.json
432	108	2	150	7	140	1	13	1	1	rational	weight_432.json
432	108	2	39	7	59	1	14	1	1	rational	weight_432.json
432	108	2	204	7	59	1	15	1	1	rational	weight_432.json
432	108	2	174	7	140	1	16	1	1	rational	weight_432.json
432	108	2	174	7	140	1	17	1	1	rational	weight_432.json
432	108	2	174	7	140	1	18	1	1	rational	weight_432.json
432	108	2	150	7	140	1	19	1	1	rational	weight_432.json
432	108	2	12	7	140	1	20	1	1	rational	weight_432.json
432	108	2	231	7	140	1	21	1	1	rational	weight_432.json
432	108	2	150	7	140	1	22	1	1	rational	weight_432.json
432	108	2	69	7	140	1	23	1	1	rational	weight_432.json
432	108	2	204	7	59	1	24	1	1	rational	weight_432.json
432	108	2	231	7	140	1	25	1	1	rational	weight_432.json
432	108	2	39	7	59	1	26	1	1	rational	weight_432.json
432	108	2	204	7	59	1	27	1	1	rational	weight_432.json
432	108	2	93	7	140	1	28	1	1	rational	weight_432.json
432	108	2	150	7	140	1	29	1	1	rational	weight_432.json
432	108	2	12	7	140	1	30	1	1	rational	weight_432.json
432	108	2	39	7	59	1	31	1	1	rational	weight_432.json
432	108	2	204	7	59	1	32	1	1	rational	weight_432.json
432	108	2	39	7	59	1	33	1	1	rational	weight_432.json
432	108	2	69	7	140	1	34	1	1	rational	weight_432.json
432	108	2	12	7	140	1	35	1	1	rational	weight_432.json
432	108	2	231	7	140	1	36	1	1	rational	weight_432.json
434	110	2	186	7	8	1	1	1	1	rational	weight_434.json
434	110	2	219	7	8	1	2	1	1	rational	weight_434.json
434	110	2	159	7	170	1	3	1	1	rational	weight_434.json
434	110	2	24	7	8	1	4	1	1	rational	weight_434.json
434	110	2	105	7	8	1	5	1	1	rational	weight_434.json
434	110	2	159	7	170	1	6	1	1	rational	weight_434.json
434	110	2	84	7	170	1	7	1	1	rational	weight_434.json
434	110	2	219	7	8	1	8	1	1	rational	weight_434.json
434	110	2	105	7	8	1	9	1	1	rational	weight_434.json
434	110	2	105	7	8	1	10	1	1	rational	weight_434.json
434	110	2	105	7	8	1	11	1	1	rational	weight_434.json
434	110	2	186	7	8	1	12	1	1	rational	weight_434.json
434	110	2	138	7	8	1	13	1	1	rational	weight_434.json
434	110	2	84	7	170	1	14	1	1	rational	weight_434.json
434	110	2	84	7	170	1	15	1	1	rational	weight_434.json
434	110	2	57	7	8	1	16	1	1	rational	weight_434.json
434	110	2	159	7	170	1	17	1	1	rational	weight_434.json
434	110	2	57	7	8	1	18	1	1	rational	weight_434.json
434	110	2	24	7	8	1	19	1	1	rational	weight_434.json
434	110	2	138	7	8	1	20	1	1	rational	weight_434.json
434	110	2	219	7	8	1	21	1	1	rational	weight_434.json
434	110	2	138	7	8	1	22	1	1	rational	weight_434.json
434	110	2	57	7	8	1	23	1	1	rational	weight_434.json
434	110	2	84	7	170	1	24	1	1	rational	weight_434.json
434	110	2	159	7	170	1	25	1	1	rational	weight_434.json
434	110	2	84	7	170	1	26	1	1	rational	weight_434.json
434	110	2	24	7	8	1	27	1	1	rational	weight_434.json
434	110	2	186	7	8	1	28	1	1	rational	weight_434.json
434	110	2	24	7	8	1	29	1	1	rational	weight_434.json
434	110	2	57	7	8	1	30	1	1	rational	weight_434.json
434	110	2	138	7	8	1	31	1	1	rational	weight_434.json
434	110	2	159	7	170	1	32	1	1	rational	weight_434.json
434	110	2	186	7	8	1	33	1	1	rational	weight_434.json
434	110	2	159	7	170	1	34	1	1	rational	weight_434.json
434	110	2	219	7	8	1	35	1	1	rational	weight_434.json
436	112	2	0	7	182	1	1	1	1	rational	weight_436.json
436	112	2	0	7	182	1	2	1	1	rational	weight_436.json
436	112	2	81	7	182	1	3	1	1	rational	weight_436.json
436	112	2	81	7	182	1	4	1	1	rational	weight_436.json
436	112	2	54	7	182	1	5	1	1	rational	weight_436.json
436	112	2	54	7	182	1	6	1	1	rational	weight_436.json
436	112	2	108	7	182	1	7	1	1	rational	weight_436.json
436	112	2	216	7	182	1	8	1	1	rational	weight_436.json
436	112	2	189	7	182	1	9	1	1	rational	weight_436.json
436	112	2	108	7	182	1	10	1	1	rational	weight_436.json
436	112	2	189	7	182	1	11	1	1	rational	weight_436.json
436	112	2	216	7	182	1	12	1	1	rational	weight_436.json
436	112	2	153	7	20	1	13	1	1	rational	weight_436.json
436	112	2	171	7	20	1	14	1	1	rational	weight_436.json
436	112	2	45	7	20	1	15	1	1	rational	weight_436.json
436	112	2	180	7	20	1	16	1	1	rational	weight_436.json
436	112	2	144	7	20	1	17	1	1	rational	weight_436.json
436	112	2	225	7	20	1	18	1	1	rational	weight_436.json
436	112	2	72	7	20	1	19	1	1	rational	weight_436.json
436	112	2	18	7	20	1	20	1	1	rational	weight_436.json
436	112	2	144	7	20	1	21	1	1	rational	weight_436.json
436	112	2	207	7	20	1	22	1	1	rational	weight_436.json
436	112	2	117	7	20	1	23	1	1	rational	weight_436.json
436	112	2	207	7	20	1	24	1	1	rational	weight_436.json
436	112	2	18	7	20	1	25	1	1	rational	weight_436.json
436	112	2	153	7	20	1	26	1	1	rational	weight_436.json
436	112	2	72	7	20	1	27	1	1	rational	weight_436.json
436	112	2	225	7	20	1	28	1	1	rational	weight_436.json
436	112	2	36	7	20	1	29	1	1	rational	weight_436.json
436	112	2	36	7	20	1	30	1	1	rational	weight_436.json
436	112	2	117	7	20	1	31	1	1	rational	weight_436.json
436	112	2	45	7	20	1	32	1	1	rational	weight_436.json
436	112	2	180	7	20	1	33	1	1	rational	weight_436.json
436	112	2	171	7	20	1	34	1	1	rational	weight_436.json
436	112	2	9	7	20	1	35	1	2	rational	weight_436.json
438	114	2	195	7	203	1	1	1	1	rational	weight_438.json
438	114	2	114	7	203	1	2	1	1	rational	weight_438.json
438	114	2	156	7	122	1	3	1	1	rational	weight_438.json
438	114	2	156	7	122	1	4	1	1	rational	weight_438.json
438	114	2	210	7	203	1	5	1	1	rational	weight_438.json
438	114	2	156	7	122	1	6	1	1	rational	weight_438.json
438	114	2	210	7	203	1	7	1	1	rational	weight_438.json
438	114	2	114	7	203	1	8	1	1	rational	weight_438.json
438	114	2	33	7	203	1	9	1	1	rational	weight_438.json
438	114	2	129	7	203	1	10	1	1	rational	weight_438.json
438	114	2	195	7	203	1	11	1	1	rational	weight_438.json
438	114	2	48	7	203	1	12	1	1	rational	weight_438.json
438	114	2	87	7	122	1	13	1	1	rational	weight_438.json
438	114	2	33	7	203	1	14	1	1	rational	weight_438.json
438	114	2	156	7	122	1	15	1	1	rational	weight_438.json
438	114	2	195	7	203	1	16	1	1	rational	weight_438.json
438	114	2	210	7	203	1	17	1	1	rational	weight_438.json
438	114	2	129	7	203	1	18	1	1	rational	weight_438.json
438	114	2	33	7	203	1	19	1	1	rational	weight_438.json
438	114	2	87	7	122	1	20	1	1	rational	weight_438.json
438	114	2	129	7	203	1	21	1	1	rational	weight_438.json
438	114	2	195	7	203	1	22	1	1	rational	weight_438.json
438	114	2	210	7	203	1	23	1	1	rational	weight_438.json
438	114	2	48	7	203	1	24	1	1	rational	weight_438.json
438	114	2	87	7	122	1	25	1	1	rational	weight_438.json
438	114	2	87	7	122	1	26	1	1	rational	weight_438.json
438	114	2	33	7	203	1	27	1	1	rational	weight_438.json
438	114	2	156	7	122	1	28	1	1	rational	weight_438.json
438	114	2	87	7	122	1	29	1	1	rational	weight_438.json
438	114	2	129	7	203	1	30	1	1	rational	weight_438.json
438	114	2	48	7	203	1	31	1	1	rational	weight_438.json
438	114	2	156	7	122	1	32	1	1	rational	weight_438.json
438	114	2	114	7	203	1	33	1	1	rational	weight_438.json
438	114	2	114	7	203	1	34	1	1	rational	weight_438.json
438	114	2	48	7	203	1	35	1	1	rational	weight_438.json
438	114	2	87	7	122	1	36	1	1	rational	weight_438.json
440	116	2	210	7	179	1	1	1	1	rational	weight_440.json
440	116	2	129	7	179	1	2	1	1	rational	weight_440.json
440	116	2	114	7	179	1	3	1	1	rational	weight_440.json
440	116	2	168	7	98	1	4	1	1	rational	weight_440.json
440	116	2	114	7	179	1	5	1	1	rational	weight_440.json
440	116	2	168	7	98	1	6	1	1	rational	weight_440.json
440	116	2	33	7	179	1	7	1	1	rational	weight_440.json
440	116	2	210	7	179	1	8	1	1	rational	weight_440.json
440	116	2	114	7	179	1	9	1	1	rational	weight_440.json
440	116	2	48	7	179	1	10	1	1	rational	weight_440.json
440	116	2	33	7	179	1	11	1	1	rational	weight_440.json
440	116	2	168	7	98	1	12	1	1	rational	weight_440.json
440	116	2	48	7	179	1	13	1	1	rational	weight_440.json
440	116	2	48	7	179	1	14	1	1	rational	weight_440.json
440	116	2	168	7	98	1	15	1	1	rational	weight_440.json
440	116	2	168	7	98	1	16	1	1	rational	weight_440.json
440	116	2	129	7	179	1	17	1	1	rational	weight_440.json
440	116	2	195	7	179	1	18	1	1	rational	weight_440.json
440	116	2	129	7	179	1	19	1	1	rational	weight_440.json
440	116	2	195	7	179	1	20	1	1	rational	weight_440.json
440	116	2	129	7	179	1	21	1	1	rational	weight_440.json
440	116	2	75	7	98	1	22	1	1	rational	weight_440.json
440	116	2	33	7	179	1	23	1	1	rational	weight_440.json
440	116	2	75	7	98	1	24	1	1	rational	weight_440.json
440	116	2	75	7	98	1	25	1	1	rational	weight_440.json
440	116	2	195	7	179	1	26	1	1	rational	weight_440.json
440	116	2	48	7	179	1	27	1	1	rational	weight_440.json
440	116	2	75	7	98	1	28	1	1	rational	weight_440.json
440	116	2	33	7	179	1	29	1	1	rational	weight_440.json
440	116	2	210	7	179	1	30	1	1	rational	weight_440.json
440	116	2	75	7	98	1	31	1	1	rational	weight_440.json
440	116	2	168	7	98	1	32	1	1	rational	weight_440.json
440	116	2	210	7	179	1	33	1	1	rational	weight_440.json
440	116	2	114	7	179	1	34	1	1	rational	weight_440.json
440	116	2	195	7	179	1	35	1	1	rational	weight_440.json
440	116	2	75	7	98	1	36	1	1	rational	weight_440.json
442	118	2	0	7	218	1	1	1	1	rational	weight_442.json
442	118	2	0	7	218	1	2	1	1	rational	weight_442.json
442	118	2	162	7	218	1	3	1	1	rational	weight_442.json
442	118	2	162	7	218	1	4	1	1	rational	weight_442.json
442	118	2	54	7	218	1	5	1	1	rational	weight_442.json
442	118	2	135	7	218	1	6	1	1	rational	weight_442.json
442	118	2	189	7	218	1	7	1	1	rational	weight_442.json
442	118	2	54	7	218	1	8	1	1	rational	weight_442.json
442	118	2	189	7	218	1	9	1	1	rational	weight_442.json
442	118	2	135	7	218	1	10	1	1	rational	weight_442.json
442	118	2	27	7	218	1	11	1	1	rational	weight_442.json
442	118	2	27	7	218	1	12	1	1	rational	weight_442.json
442	118	2	225	7	56	1	13	1	1	rational	weight_442.json
442	118	2	207	7	56	1	14	1	1	rational	weight_442.json
442	118	2	36	7	56	1	15	1	1	rational	weight_442.json
442	118	2	18	7	56	1	16	1	1	rational	weight_442.json
442	118	2	36	7	56	1	17	1	1	rational	weight_442.json
442	118	2	18	7	56	1	18	1	1	rational	weight_442.json
442	118	2	225	7	56	1	19	1	1	rational	weight_442.json
442	118	2	207	7	56	1	20	1	1	rational	weight_442.json
442	118	2	weight_442.json#orbit=1,place=21,coordinate=0	7	weight_442.json#orbit=1,place=21,coordinate=1	1	21	1	2	algebraic	weight_442.json
442	118	2	weight_442.json#orbit=1,place=22,coordinate=0	7	weight_442.json#orbit=1,place=22,coordinate=1	1	22	1	2	algebraic	weight_442.json
442	118	2	weight_442.json#orbit=1,place=23,coordinate=0	7	weight_442.json#orbit=1,place=23,coordinate=1	1	23	1	2	algebraic	weight_442.json
442	118	2	weight_442.json#orbit=1,place=24,coordinate=0	7	weight_442.json#orbit=1,place=24,coordinate=1	1	24	1	2	algebraic	weight_442.json
442	118	2	weight_442.json#orbit=1,place=25,coordinate=0	7	weight_442.json#orbit=1,place=25,coordinate=1	1	25	1	2	algebraic	weight_442.json
442	118	2	weight_442.json#orbit=1,place=26,coordinate=0	7	weight_442.json#orbit=1,place=26,coordinate=1	1	26	1	2	algebraic	weight_442.json
442	118	2	weight_442.json#orbit=1,place=27,coordinate=0	7	weight_442.json#orbit=1,place=27,coordinate=1	1	27	1	2	algebraic	weight_442.json
442	118	2	weight_442.json#orbit=1,place=28,coordinate=0	7	weight_442.json#orbit=1,place=28,coordinate=1	1	28	1	2	algebraic	weight_442.json
444	120	2	24	7	185	1	1	1	1	rational	weight_444.json
444	120	2	84	7	104	1	2	1	1	rational	weight_444.json
444	120	2	159	7	104	1	3	1	1	rational	weight_444.json
444	120	2	186	7	185	1	4	1	1	rational	weight_444.json
444	120	2	84	7	104	1	5	1	1	rational	weight_444.json
444	120	2	138	7	185	1	6	1	1	rational	weight_444.json
444	120	2	159	7	104	1	7	1	1	rational	weight_444.json
444	120	2	186	7	185	1	8	1	1	rational	weight_444.json
444	120	2	105	7	185	1	9	1	1	rational	weight_444.json
444	120	2	159	7	104	1	10	1	1	rational	weight_444.json
444	120	2	219	7	185	1	11	1	1	rational	weight_444.json
444	120	2	219	7	185	1	12	1	1	rational	weight_444.json
444	120	2	24	7	185	1	13	1	1	rational	weight_444.json
444	120	2	138	7	185	1	14	1	1	rational	weight_444.json
444	120	2	159	7	104	1	15	1	1	rational	weight_444.json
444	120	2	186	7	185	1	16	1	1	rational	weight_444.json
444	120	2	105	7	185	1	17	1	1	rational	weight_444.json
444	120	2	219	7	185	1	18	1	1	rational	weight_444.json
444	120	2	159	7	104	1	19	1	1	rational	weight_444.json
444	120	2	138	7	185	1	20	1	1	rational	weight_444.json
444	120	2	105	7	185	1	21	1	1	rational	weight_444.json
444	120	2	138	7	185	1	22	1	1	rational	weight_444.json
444	120	2	24	7	185	1	23	1	1	rational	weight_444.json
444	120	2	24	7	185	1	24	1	1	rational	weight_444.json
444	120	2	159	7	104	1	25	1	1	rational	weight_444.json
444	120	2	57	7	185	1	26	1	1	rational	weight_444.json
444	120	2	84	7	104	1	27	1	1	rational	weight_444.json
444	120	2	84	7	104	1	28	1	1	rational	weight_444.json
444	120	2	105	7	185	1	29	1	1	rational	weight_444.json
444	120	2	57	7	185	1	30	1	1	rational	weight_444.json
444	120	2	84	7	104	1	31	1	1	rational	weight_444.json
444	120	2	186	7	185	1	32	1	1	rational	weight_444.json
444	120	2	57	7	185	1	33	1	1	rational	weight_444.json
444	120	2	138	7	185	1	34	1	1	rational	weight_444.json
444	120	2	57	7	185	1	35	1	1	rational	weight_444.json
444	120	2	84	7	104	1	36	1	1	rational	weight_444.json
444	120	2	219	7	185	1	37	1	1	rational	weight_444.json
446	122	2	204	7	188	1	1	1	1	rational	weight_446.json
446	122	2	12	7	26	1	2	1	1	rational	weight_446.json
446	122	2	39	7	188	1	3	1	1	rational	weight_446.json
446	122	2	174	7	26	1	4	1	1	rational	weight_446.json
446	122	2	39	7	188	1	5	1	1	rational	weight_446.json
446	122	2	69	7	26	1	6	1	1	rational	weight_446.json
446	122	2	39	7	188	1	7	1	1	rational	weight_446.json
446	122	2	39	7	188	1	8	1	1	rational	weight_446.json
446	122	2	204	7	188	1	9	1	1	rational	weight_446.json
446	122	2	12	7	26	1	10	1	1	rational	weight_446.json
446	122	2	93	7	26	1	11	1	1	rational	weight_446.json
446	122	2	12	7	26	1	12	1	1	rational	weight_446.json
446	122	2	174	7	26	1	13	1	1	rational	weight_446.json
446	122	2	39	7	188	1	14	1	1	rational	weight_446.json
446	122	2	174	7	26	1	15	1	1	rational	weight_446.json
446	122	2	231	7	26	1	16	1	1	rational	weight_446.json
446	122	2	204	7	188	1	17	1	1	rational	weight_446.json
446	122	2	204	7	188	1	18	1	1	rational	weight_446.json
446	122	2	39	7	188	1	19	1	1	rational	weight_446.json
446	122	2	204	7	188	1	20	1	1	rational	weight_446.json
446	122	2	231	7	26	1	21	1	1	rational	weight_446.json
446	122	2	93	7	26	1	22	1	1	rational	weight_446.json
446	122	2	69	7	26	1	23	1	1	rational	weight_446.json
446	122	2	69	7	26	1	24	1	1	rational	weight_446.json
446	122	2	231	7	26	1	25	1	1	rational	weight_446.json
446	122	2	150	7	26	1	26	1	1	rational	weight_446.json
446	122	2	204	7	188	1	27	1	1	rational	weight_446.json
446	122	2	174	7	26	1	28	1	1	rational	weight_446.json
446	122	2	150	7	26	1	29	1	1	rational	weight_446.json
446	122	2	231	7	26	1	30	1	1	rational	weight_446.json
446	122	2	93	7	26	1	31	1	1	rational	weight_446.json
446	122	2	12	7	26	1	32	1	1	rational	weight_446.json
446	122	2	93	7	26	1	33	1	1	rational	weight_446.json
446	122	2	69	7	26	1	34	1	1	rational	weight_446.json
446	122	2	150	7	26	1	35	1	2	rational	weight_446.json
448	124	2	0	7	173	1	1	1	1	rational	weight_448.json
448	124	2	0	7	173	1	2	1	1	rational	weight_448.json
448	124	2	81	7	173	1	3	1	1	rational	weight_448.json
448	124	2	81	7	173	1	4	1	1	rational	weight_448.json
448	124	2	54	7	173	1	5	1	1	rational	weight_448.json
448	124	2	189	7	173	1	6	1	1	rational	weight_448.json
448	124	2	189	7	173	1	7	1	1	rational	weight_448.json
448	124	2	216	7	173	1	8	1	1	rational	weight_448.json
448	124	2	135	7	173	1	9	1	1	rational	weight_448.json
448	124	2	216	7	173	1	10	1	1	rational	weight_448.json
448	124	2	108	7	173	1	11	1	1	rational	weight_448.json
448	124	2	108	7	173	1	12	1	1	rational	weight_448.json
448	124	2	54	7	173	1	13	1	1	rational	weight_448.json
448	124	2	99	7	11	1	14	1	1	rational	weight_448.json
448	124	2	9	7	11	1	15	1	1	rational	weight_448.json
448	124	2	225	7	11	1	16	1	1	rational	weight_448.json
448	124	2	207	7	11	1	17	1	1	rational	weight_448.json
448	124	2	126	7	11	1	18	1	1	rational	weight_448.json
448	124	2	225	7	11	1	19	1	1	rational	weight_448.json
448	124	2	198	7	11	1	20	1	1	rational	weight_448.json
448	124	2	117	7	11	1	21	1	1	rational	weight_448.json
448	124	2	207	7	11	1	22	1	1	rational	weight_448.json
448	124	2	117	7	11	1	23	1	1	rational	weight_448.json
448	124	2	126	7	11	1	24	1	1	rational	weight_448.json
448	124	2	171	7	11	1	25	1	1	rational	weight_448.json
448	124	2	198	7	11	1	26	1	1	rational	weight_448.json
448	124	2	63	7	11	1	27	1	1	rational	weight_448.json
448	124	2	99	7	11	1	28	1	1	rational	weight_448.json
448	124	2	180	7	11	1	29	1	1	rational	weight_448.json
448	124	2	180	7	11	1	30	1	1	rational	weight_448.json
448	124	2	63	7	11	1	31	1	1	rational	weight_448.json
448	124	2	weight_448.json#orbit=1,place=32,coordinate=0	7	weight_448.json#orbit=1,place=32,coordinate=1	1	32	1	2	algebraic	weight_448.json
448	124	2	weight_448.json#orbit=1,place=33,coordinate=0	7	weight_448.json#orbit=1,place=33,coordinate=1	1	33	1	2	algebraic	weight_448.json
448	124	2	weight_448.json#orbit=1,place=34,coordinate=0	7	weight_448.json#orbit=1,place=34,coordinate=1	1	34	1	2	algebraic	weight_448.json
450	126	2	120	7	86	1	1	1	1	rational	weight_450.json
450	126	2	66	7	5	1	2	1	1	rational	weight_450.json
450	126	2	66	7	5	1	3	1	1	rational	weight_450.json
450	126	2	123	7	86	1	4	1	1	rational	weight_450.json
450	126	2	39	7	86	1	5	1	1	rational	weight_450.json
450	126	2	66	7	5	1	6	1	1	rational	weight_450.json
450	126	2	201	7	86	1	7	1	1	rational	weight_450.json
450	126	2	204	7	86	1	8	1	1	rational	weight_450.json
450	126	2	120	7	86	1	9	1	1	rational	weight_450.json
450	126	2	177	7	5	1	10	1	1	rational	weight_450.json
450	126	2	204	7	86	1	11	1	1	rational	weight_450.json
450	126	2	201	7	86	1	12	1	1	rational	weight_450.json
450	126	2	120	7	86	1	13	1	1	rational	weight_450.json
450	126	2	39	7	86	1	14	1	1	rational	weight_450.json
450	126	2	177	7	5	1	15	1	1	rational	weight_450.json
450	126	2	39	7	86	1	16	1	1	rational	weight_450.json
450	126	2	66	7	5	1	17	1	1	rational	weight_450.json
450	126	2	177	7	5	1	18	1	1	rational	weight_450.json
450	126	2	66	7	5	1	19	1	1	rational	weight_450.json
450	126	2	177	7	5	1	20	1	1	rational	weight_450.json
450	126	2	177	7	5	1	21	1	1	rational	weight_450.json
450	126	2	39	7	86	1	22	1	1	rational	weight_450.json
450	126	2	120	7	86	1	23	1	1	rational	weight_450.json
450	126	2	201	7	86	1	24	1	1	rational	weight_450.json
450	126	2	123	7	86	1	25	1	1	rational	weight_450.json
450	126	2	204	7	86	1	26	1	1	rational	weight_450.json
450	126	2	123	7	86	1	27	1	1	rational	weight_450.json
450	126	2	123	7	86	1	28	1	1	rational	weight_450.json
450	126	2	177	7	5	1	29	1	1	rational	weight_450.json
450	126	2	42	7	86	1	30	1	1	rational	weight_450.json
450	126	2	120	7	86	1	31	1	1	rational	weight_450.json
450	126	2	201	7	86	1	32	1	1	rational	weight_450.json
450	126	2	42	7	86	1	33	1	1	rational	weight_450.json
450	126	2	66	7	5	1	34	1	1	rational	weight_450.json
450	126	2	204	7	86	1	35	1	1	rational	weight_450.json
450	126	2	42	7	86	1	36	1	2	rational	weight_450.json
452	128	2	219	7	197	1	1	1	1	rational	weight_452.json
452	128	2	24	7	197	1	2	1	1	rational	weight_452.json
452	128	2	213	7	35	1	3	1	1	rational	weight_452.json
452	128	2	219	7	197	1	4	1	1	rational	weight_452.json
452	128	2	51	7	35	1	5	1	1	rational	weight_452.json
452	128	2	219	7	197	1	6	1	1	rational	weight_452.json
452	128	2	111	7	35	1	7	1	1	rational	weight_452.json
452	128	2	213	7	35	1	8	1	1	rational	weight_452.json
452	128	2	24	7	197	1	9	1	1	rational	weight_452.json
452	128	2	51	7	35	1	10	1	1	rational	weight_452.json
452	128	2	111	7	35	1	11	1	1	rational	weight_452.json
452	128	2	213	7	35	1	12	1	1	rational	weight_452.json
452	128	2	24	7	197	1	13	1	1	rational	weight_452.json
452	128	2	219	7	197	1	14	1	1	rational	weight_452.json
452	128	2	132	7	35	1	15	1	1	rational	weight_452.json
452	128	2	111	7	35	1	16	1	1	rational	weight_452.json
452	128	2	51	7	35	1	17	1	1	rational	weight_452.json
452	128	2	51	7	35	1	18	1	1	rational	weight_452.json
452	128	2	132	7	35	1	19	1	1	rational	weight_452.json
452	128	2	24	7	197	1	20	1	1	rational	weight_452.json
452	128	2	132	7	35	1	21	1	1	rational	weight_452.json
452	128	2	213	7	35	1	22	1	1	rational	weight_452.json
452	128	2	24	7	197	1	23	1	1	rational	weight_452.json
452	128	2	192	7	35	1	24	1	1	rational	weight_452.json
452	128	2	30	7	35	1	25	1	1	rational	weight_452.json
452	128	2	132	7	35	1	26	1	1	rational	weight_452.json
452	128	2	30	7	35	1	27	1	1	rational	weight_452.json
452	128	2	219	7	197	1	28	1	1	rational	weight_452.json
452	128	2	24	7	197	1	29	1	1	rational	weight_452.json
452	128	2	132	7	35	1	30	1	1	rational	weight_452.json
452	128	2	219	7	197	1	31	1	1	rational	weight_452.json
452	128	2	111	7	35	1	32	1	1	rational	weight_452.json
452	128	2	30	7	35	1	33	1	1	rational	weight_452.json
452	128	2	30	7	35	1	34	1	1	rational	weight_452.json
452	128	2	192	7	35	1	35	1	1	rational	weight_452.json
452	128	2	192	7	35	1	36	1	2	rational	weight_452.json
454	130	2	0	7	47	1	1	1	1	rational	weight_454.json
454	130	2	0	7	47	1	2	1	1	rational	weight_454.json
454	130	2	162	7	47	1	3	1	1	rational	weight_454.json
454	130	2	162	7	47	1	4	1	1	rational	weight_454.json
454	130	2	27	7	47	1	5	1	1	rational	weight_454.json
454	130	2	27	7	47	1	6	1	1	rational	weight_454.json
454	130	2	135	7	47	1	7	1	1	rational	weight_454.json
454	130	2	54	7	47	1	8	1	1	rational	weight_454.json
454	130	2	54	7	47	1	9	1	1	rational	weight_454.json
454	130	2	135	7	47	1	10	1	1	rational	weight_454.json
454	130	2	189	7	47	1	11	1	1	rational	weight_454.json
454	130	2	108	7	47	1	12	1	1	rational	weight_454.json
454	130	2	225	7	128	1	13	1	1	rational	weight_454.json
454	130	2	18	7	128	1	14	1	1	rational	weight_454.json
454	130	2	126	7	128	1	15	1	1	rational	weight_454.json
454	130	2	207	7	128	1	16	1	1	rational	weight_454.json
454	130	2	117	7	128	1	17	1	1	rational	weight_454.json
454	130	2	36	7	128	1	18	1	1	rational	weight_454.json
454	130	2	63	7	128	1	19	1	1	rational	weight_454.json
454	130	2	99	7	128	1	20	1	1	rational	weight_454.json
454	130	2	99	7	128	1	21	1	1	rational	weight_454.json
454	130	2	225	7	128	1	22	1	1	rational	weight_454.json
454	130	2	198	7	128	1	23	1	1	rational	weight_454.json
454	130	2	36	7	128	1	24	1	1	rational	weight_454.json
454	130	2	63	7	128	1	25	1	1	rational	weight_454.json
454	130	2	153	7	128	1	26	1	1	rational	weight_454.json
454	130	2	207	7	128	1	27	1	1	rational	weight_454.json
454	130	2	198	7	128	1	28	1	1	rational	weight_454.json
454	130	2	126	7	128	1	29	1	1	rational	weight_454.json
454	130	2	18	7	128	1	30	1	1	rational	weight_454.json
454	130	2	72	7	128	1	31	1	1	rational	weight_454.json
454	130	2	weight_454.json#orbit=1,place=32,coordinate=0	7	weight_454.json#orbit=1,place=32,coordinate=1	1	32	1	2	algebraic	weight_454.json
454	130	2	weight_454.json#orbit=1,place=33,coordinate=0	7	weight_454.json#orbit=1,place=33,coordinate=1	1	33	1	2	algebraic	weight_454.json
454	130	2	weight_454.json#orbit=1,place=34,coordinate=0	7	weight_454.json#orbit=1,place=34,coordinate=1	1	34	1	2	algebraic	weight_454.json
456	132	2	87	7	149	1	1	1	1	rational	weight_456.json
456	132	2	237	7	149	1	2	1	1	rational	weight_456.json
456	132	2	168	7	149	1	3	1	1	rational	weight_456.json
456	132	2	102	7	68	1	4	1	1	rational	weight_456.json
456	132	2	156	7	149	1	5	1	1	rational	weight_456.json
456	132	2	168	7	149	1	6	1	1	rational	weight_456.json
456	132	2	6	7	149	1	7	1	1	rational	weight_456.json
456	132	2	156	7	149	1	8	1	1	rational	weight_456.json
456	132	2	102	7	68	1	9	1	1	rational	weight_456.json
456	132	2	141	7	68	1	10	1	1	rational	weight_456.json
456	132	2	141	7	68	1	11	1	1	rational	weight_456.json
456	132	2	6	7	149	1	12	1	1	rational	weight_456.json
456	132	2	237	7	149	1	13	1	1	rational	weight_456.json
456	132	2	168	7	149	1	14	1	1	rational	weight_456.json
456	132	2	75	7	149	1	15	1	1	rational	weight_456.json
456	132	2	237	7	149	1	16	1	1	rational	weight_456.json
456	132	2	87	7	149	1	17	1	1	rational	weight_456.json
456	132	2	102	7	68	1	18	1	1	rational	weight_456.json
456	132	2	237	7	149	1	19	1	1	rational	weight_456.json
456	132	2	141	7	68	1	20	1	1	rational	weight_456.json
456	132	2	6	7	149	1	21	1	1	rational	weight_456.json
456	132	2	6	7	149	1	22	1	1	rational	weight_456.json
456	132	2	75	7	149	1	23	1	1	rational	weight_456.json
456	132	2	102	7	68	1	24	1	1	rational	weight_456.json
456	132	2	87	7	149	1	25	1	1	rational	weight_456.json
456	132	2	87	7	149	1	26	1	1	rational	weight_456.json
456	132	2	156	7	149	1	27	1	1	rational	weight_456.json
456	132	2	141	7	68	1	28	1	1	rational	weight_456.json
456	132	2	102	7	68	1	29	1	1	rational	weight_456.json
456	132	2	102	7	68	1	30	1	1	rational	weight_456.json
456	132	2	141	7	68	1	31	1	1	rational	weight_456.json
456	132	2	6	7	149	1	32	1	1	rational	weight_456.json
456	132	2	141	7	68	1	33	1	1	rational	weight_456.json
456	132	2	156	7	149	1	34	1	1	rational	weight_456.json
456	132	2	102	7	68	1	35	1	1	rational	weight_456.json
456	132	2	168	7	149	1	36	1	1	rational	weight_456.json
456	132	2	75	7	149	1	37	1	2	rational	weight_456.json
458	134	2	141	7	206	1	1	1	1	rational	weight_458.json
458	134	2	60	7	206	1	2	1	1	rational	weight_458.json
458	134	2	183	7	206	1	3	1	1	rational	weight_458.json
458	134	2	102	7	206	1	4	1	1	rational	weight_458.json
458	134	2	114	7	125	1	5	1	1	rational	weight_458.json
458	134	2	129	7	125	1	6	1	1	rational	weight_458.json
458	134	2	114	7	125	1	7	1	1	rational	weight_458.json
458	134	2	102	7	206	1	8	1	1	rational	weight_458.json
458	134	2	183	7	206	1	9	1	1	rational	weight_458.json
458	134	2	114	7	125	1	10	1	1	rational	weight_458.json
458	134	2	141	7	206	1	11	1	1	rational	weight_458.json
458	134	2	21	7	206	1	12	1	1	rational	weight_458.json
458	134	2	60	7	206	1	13	1	1	rational	weight_458.json
458	134	2	114	7	125	1	14	1	1	rational	weight_458.json
458	134	2	129	7	125	1	15	1	1	rational	weight_458.json
458	134	2	114	7	125	1	16	1	1	rational	weight_458.json
458	134	2	222	7	206	1	17	1	1	rational	weight_458.json
458	134	2	21	7	206	1	18	1	1	rational	weight_458.json
458	134	2	129	7	125	1	19	1	1	rational	weight_458.json
458	134	2	222	7	206	1	20	1	1	rational	weight_458.json
458	134	2	141	7	206	1	21	1	1	rational	weight_458.json
458	134	2	129	7	125	1	22	1	1	rational	weight_458.json
458	134	2	114	7	125	1	23	1	1	rational	weight_458.json
458	134	2	222	7	206	1	24	1	1	rational	weight_458.json
458	134	2	60	7	206	1	25	1	1	rational	weight_458.json
458	134	2	129	7	125	1	26	1	1	rational	weight_458.json
458	134	2	21	7	206	1	27	1	1	rational	weight_458.json
458	134	2	21	7	206	1	28	1	1	rational	weight_458.json
458	134	2	222	7	206	1	29	1	1	rational	weight_458.json
458	134	2	141	7	206	1	30	1	1	rational	weight_458.json
458	134	2	102	7	206	1	31	1	1	rational	weight_458.json
458	134	2	129	7	125	1	32	1	1	rational	weight_458.json
458	134	2	114	7	125	1	33	1	1	rational	weight_458.json
458	134	2	102	7	206	1	34	1	1	rational	weight_458.json
458	134	2	60	7	206	1	35	1	1	rational	weight_458.json
458	134	2	183	7	206	1	36	1	1	rational	weight_458.json
458	134	2	183	7	206	1	37	1	1	rational	weight_458.json
460	136	2	0	7	83	1	1	1	1	rational	weight_460.json
460	136	2	0	7	83	1	2	1	1	rational	weight_460.json
460	136	2	81	7	83	1	3	1	1	rational	weight_460.json
460	136	2	81	7	83	1	4	1	1	rational	weight_460.json
460	136	2	108	7	83	1	5	1	1	rational	weight_460.json
460	136	2	216	7	83	1	6	1	1	rational	weight_460.json
460	136	2	189	7	83	1	7	1	1	rational	weight_460.json
460	136	2	135	7	83	1	8	1	1	rational	weight_460.json
460	136	2	54	7	83	1	9	1	1	rational	weight_460.json
460	136	2	108	7	83	1	10	1	1	rational	weight_460.json
460	136	2	189	7	83	1	11	1	1	rational	weight_460.json
460	136	2	216	7	83	1	12	1	1	rational	weight_460.json
460	136	2	36	7	164	1	13	1	1	rational	weight_460.json
460	136	2	225	7	164	1	14	1	1	rational	weight_460.json
460	136	2	207	7	164	1	15	1	1	rational	weight_460.json
460	136	2	18	7	164	1	16	1	1	rational	weight_460.json
460	136	2	225	7	164	1	17	1	1	rational	weight_460.json
460	136	2	18	7	164	1	18	1	1	rational	weight_460.json
460	136	2	36	7	164	1	19	1	1	rational	weight_460.json
460	136	2	207	7	164	1	20	1	1	rational	weight_460.json
460	136	2	weight_460.json#orbit=1,place=21,coordinate=0	7	weight_460.json#orbit=1,place=21,coordinate=1	1	21	1	2	algebraic	weight_460.json
460	136	2	weight_460.json#orbit=1,place=22,coordinate=0	7	weight_460.json#orbit=1,place=22,coordinate=1	1	22	1	2	algebraic	weight_460.json
460	136	2	weight_460.json#orbit=1,place=23,coordinate=0	7	weight_460.json#orbit=1,place=23,coordinate=1	1	23	1	2	algebraic	weight_460.json
460	136	2	weight_460.json#orbit=1,place=24,coordinate=0	7	weight_460.json#orbit=1,place=24,coordinate=1	1	24	1	2	algebraic	weight_460.json
460	136	2	weight_460.json#orbit=1,place=25,coordinate=0	7	weight_460.json#orbit=1,place=25,coordinate=1	1	25	1	2	algebraic	weight_460.json
460	136	2	weight_460.json#orbit=1,place=26,coordinate=0	7	weight_460.json#orbit=1,place=26,coordinate=1	1	26	1	2	algebraic	weight_460.json
460	136	2	weight_460.json#orbit=1,place=27,coordinate=0	7	weight_460.json#orbit=1,place=27,coordinate=1	1	27	1	2	algebraic	weight_460.json
460	136	2	weight_460.json#orbit=1,place=28,coordinate=0	7	weight_460.json#orbit=1,place=28,coordinate=1	1	28	1	2	algebraic	weight_460.json
460	136	2	weight_460.json#orbit=1,place=29,coordinate=0	7	weight_460.json#orbit=1,place=29,coordinate=1	1	29	1	2	algebraic	weight_460.json
462	138	2	165	7	131	1	1	1	1	rational	weight_462.json
462	138	2	3	7	131	1	2	1	1	rational	weight_462.json
462	138	2	78	7	131	1	3	1	1	rational	weight_462.json
462	138	2	78	7	131	1	4	1	1	rational	weight_462.json
462	138	2	192	7	50	1	5	1	1	rational	weight_462.json
462	138	2	51	7	50	1	6	1	1	rational	weight_462.json
462	138	2	84	7	131	1	7	1	1	rational	weight_462.json
462	138	2	192	7	50	1	8	1	1	rational	weight_462.json
462	138	2	159	7	131	1	9	1	1	rational	weight_462.json
462	138	2	192	7	50	1	10	1	1	rational	weight_462.json
462	138	2	78	7	131	1	11	1	1	rational	weight_462.json
462	138	2	51	7	50	1	12	1	1	rational	weight_462.json
462	138	2	165	7	131	1	13	1	1	rational	weight_462.json
462	138	2	84	7	131	1	14	1	1	rational	weight_462.json
462	138	2	84	7	131	1	15	1	1	rational	weight_462.json
462	138	2	51	7	50	1	16	1	1	rational	weight_462.json
462	138	2	159	7	131	1	17	1	1	rational	weight_462.json
462	138	2	159	7	131	1	18	1	1	rational	weight_462.json
462	138	2	3	7	131	1	19	1	1	rational	weight_462.json
462	138	2	51	7	50	1	20	1	1	rational	weight_462.json
462	138	2	3	7	131	1	21	1	1	rational	weight_462.json
462	138	2	240	7	131	1	22	1	1	rational	weight_462.json
462	138	2	84	7	131	1	23	1	1	rational	weight_462.json
462	138	2	3	7	131	1	24	1	1	rational	weight_462.json
462	138	2	159	7	131	1	25	1	1	rational	weight_462.json
462	138	2	51	7	50	1	26	1	1	rational	weight_462.json
462	138	2	51	7	50	1	27	1	1	rational	weight_462.json
462	138	2	192	7	50	1	28	1	1	rational	weight_462.json
462	138	2	240	7	131	1	29	1	1	rational	weight_462.json
462	138	2	84	7	131	1	30	1	1	rational	weight_462.json
462	138	2	78	7	131	1	31	1	1	rational	weight_462.json
462	138	2	51	7	50	1	32	1	1	rational	weight_462.json
462	138	2	240	7	131	1	33	1	1	rational	weight_462.json
462	138	2	240	7	131	1	34	1	1	rational	weight_462.json
462	138	2	192	7	50	1	35	1	1	rational	weight_462.json
462	138	2	165	7	131	1	36	1	1	rational	weight_462.json
462	138	2	165	7	131	1	37	1	1	rational	weight_462.json
462	138	2	192	7	50	1	38	1	1	rational	weight_462.json
464	140	2	12	7	215	1	1	1	1	rational	weight_464.json
464	140	2	231	7	215	1	2	1	1	rational	weight_464.json
464	140	2	96	7	53	1	3	1	1	rational	weight_464.json
464	140	2	147	7	53	1	4	1	1	rational	weight_464.json
464	140	2	12	7	215	1	5	1	1	rational	weight_464.json
464	140	2	12	7	215	1	6	1	1	rational	weight_464.json
464	140	2	231	7	215	1	7	1	1	rational	weight_464.json
464	140	2	231	7	215	1	8	1	1	rational	weight_464.json
464	140	2	66	7	53	1	9	1	1	rational	weight_464.json
464	140	2	12	7	215	1	10	1	1	rational	weight_464.json
464	140	2	177	7	53	1	11	1	1	rational	weight_464.json
464	140	2	228	7	53	1	12	1	1	rational	weight_464.json
464	140	2	228	7	53	1	13	1	1	rational	weight_464.json
464	140	2	15	7	53	1	14	1	1	rational	weight_464.json
464	140	2	147	7	53	1	15	1	1	rational	weight_464.json
464	140	2	12	7	215	1	16	1	1	rational	weight_464.json
464	140	2	231	7	215	1	17	1	1	rational	weight_464.json
464	140	2	177	7	53	1	18	1	1	rational	weight_464.json
464	140	2	228	7	53	1	19	1	1	rational	weight_464.json
464	140	2	96	7	53	1	20	1	1	rational	weight_464.json
464	140	2	12	7	215	1	21	1	1	rational	weight_464.json
464	140	2	177	7	53	1	22	1	1	rational	weight_464.json
464	140	2	147	7	53	1	23	1	1	rational	weight_464.json
464	140	2	66	7	53	1	24	1	1	rational	weight_464.json
464	140	2	96	7	53	1	25	1	1	rational	weight_464.json
464	140	2	12	7	215	1	26	1	1	rational	weight_464.json
464	140	2	231	7	215	1	27	1	1	rational	weight_464.json
464	140	2	231	7	215	1	28	1	1	rational	weight_464.json
464	140	2	177	7	53	1	29	1	1	rational	weight_464.json
464	140	2	96	7	53	1	30	1	1	rational	weight_464.json
464	140	2	96	7	53	1	31	1	1	rational	weight_464.json
464	140	2	147	7	53	1	32	1	1	rational	weight_464.json
464	140	2	15	7	53	1	33	1	1	rational	weight_464.json
464	140	2	15	7	53	1	34	1	1	rational	weight_464.json
464	140	2	228	7	53	1	35	1	1	rational	weight_464.json
464	140	2	15	7	53	1	36	1	1	rational	weight_464.json
464	140	2	66	7	53	1	37	1	2	rational	weight_464.json
466	142	2	0	7	38	1	1	1	1	rational	weight_466.json
466	142	2	0	7	38	1	2	1	1	rational	weight_466.json
466	142	2	81	7	38	1	3	1	1	rational	weight_466.json
466	142	2	162	7	38	1	4	1	1	rational	weight_466.json
466	142	2	162	7	38	1	5	1	1	rational	weight_466.json
466	142	2	135	7	38	1	6	1	1	rational	weight_466.json
466	142	2	27	7	38	1	7	1	1	rational	weight_466.json
466	142	2	27	7	38	1	8	1	1	rational	weight_466.json
466	142	2	189	7	38	1	9	1	1	rational	weight_466.json
466	142	2	135	7	38	1	10	1	1	rational	weight_466.json
466	142	2	108	7	38	1	11	1	1	rational	weight_466.json
466	142	2	54	7	38	1	12	1	1	rational	weight_466.json
466	142	2	54	7	38	1	13	1	1	rational	weight_466.json
466	142	2	198	7	119	1	14	1	1	rational	weight_466.json
466	142	2	18	7	119	1	15	1	1	rational	weight_466.json
466	142	2	36	7	119	1	16	1	1	rational	weight_466.json
466	142	2	126	7	119	1	17	1	1	rational	weight_466.json
466	142	2	126	7	119	1	18	1	1	rational	weight_466.json
466	142	2	144	7	119	1	19	1	1	rational	weight_466.json
466	142	2	234	7	119	1	20	1	1	rational	weight_466.json
466	142	2	36	7	119	1	21	1	1	rational	weight_466.json
466	142	2	117	7	119	1	22	1	1	rational	weight_466.json
466	142	2	18	7	119	1	23	1	1	rational	weight_466.json
466	142	2	63	7	119	1	24	1	1	rational	weight_466.json
466	142	2	63	7	119	1	25	1	1	rational	weight_466.json
466	142	2	180	7	119	1	26	1	1	rational	weight_466.json
466	142	2	144	7	119	1	27	1	1	rational	weight_466.json
466	142	2	72	7	119	1	28	1	1	rational	weight_466.json
466	142	2	225	7	119	1	29	1	1	rational	weight_466.json
466	142	2	45	7	119	1	30	1	1	rational	weight_466.json
466	142	2	45	7	119	1	31	1	1	rational	weight_466.json
466	142	2	180	7	119	1	32	1	1	rational	weight_466.json
466	142	2	weight_466.json#orbit=1,place=33,coordinate=0	7	weight_466.json#orbit=1,place=33,coordinate=1	1	33	1	2	algebraic	weight_466.json
466	142	2	weight_466.json#orbit=1,place=34,coordinate=0	7	weight_466.json#orbit=1,place=34,coordinate=1	1	34	1	2	algebraic	weight_466.json
466	142	2	weight_466.json#orbit=1,place=35,coordinate=0	7	weight_466.json#orbit=1,place=35,coordinate=1	1	35	1	2	algebraic	weight_466.json
468	144	2	147	7	32	1	1	1	1	rational	weight_468.json
468	144	2	147	7	32	1	2	1	1	rational	weight_468.json
468	144	2	150	7	194	1	3	1	1	rational	weight_468.json
468	144	2	177	7	32	1	4	1	1	rational	weight_468.json
468	144	2	177	7	32	1	5	1	1	rational	weight_468.json
468	144	2	66	7	32	1	6	1	1	rational	weight_468.json
468	144	2	93	7	194	1	7	1	1	rational	weight_468.json
468	144	2	96	7	32	1	8	1	1	rational	weight_468.json
468	144	2	228	7	32	1	9	1	1	rational	weight_468.json
468	144	2	66	7	32	1	10	1	1	rational	weight_468.json
468	144	2	150	7	194	1	11	1	1	rational	weight_468.json
468	144	2	15	7	32	1	12	1	1	rational	weight_468.json
468	144	2	177	7	32	1	13	1	1	rational	weight_468.json
468	144	2	96	7	32	1	14	1	1	rational	weight_468.json
468	144	2	150	7	194	1	15	1	1	rational	weight_468.json
468	144	2	66	7	32	1	16	1	1	rational	weight_468.json
468	144	2	177	7	32	1	17	1	1	rational	weight_468.json
468	144	2	177	7	32	1	18	1	1	rational	weight_468.json
468	144	2	228	7	32	1	19	1	1	rational	weight_468.json
468	144	2	15	7	32	1	20	1	1	rational	weight_468.json
468	144	2	147	7	32	1	21	1	1	rational	weight_468.json
468	144	2	93	7	194	1	22	1	1	rational	weight_468.json
468	144	2	66	7	32	1	23	1	1	rational	weight_468.json
468	144	2	150	7	194	1	24	1	1	rational	weight_468.json
468	144	2	15	7	32	1	25	1	1	rational	weight_468.json
468	144	2	93	7	194	1	26	1	1	rational	weight_468.json
468	144	2	93	7	194	1	27	1	1	rational	weight_468.json
468	144	2	147	7	32	1	28	1	1	rational	weight_468.json
468	144	2	96	7	32	1	29	1	1	rational	weight_468.json
468	144	2	93	7	194	1	30	1	1	rational	weight_468.json
468	144	2	93	7	194	1	31	1	1	rational	weight_468.json
468	144	2	150	7	194	1	32	1	1	rational	weight_468.json
468	144	2	66	7	32	1	33	1	1	rational	weight_468.json
468	144	2	150	7	194	1	34	1	1	rational	weight_468.json
468	144	2	93	7	194	1	35	1	1	rational	weight_468.json
468	144	2	96	7	32	1	36	1	1	rational	weight_468.json
468	144	2	15	7	32	1	37	1	1	rational	weight_468.json
468	144	2	228	7	32	1	38	1	2	rational	weight_468.json
470	146	2	111	7	224	1	1	1	1	rational	weight_470.json
470	146	2	3	7	62	1	2	1	1	rational	weight_470.json
470	146	2	240	7	62	1	3	1	1	rational	weight_470.json
470	146	2	165	7	62	1	4	1	1	rational	weight_470.json
470	146	2	78	7	62	1	5	1	1	rational	weight_470.json
470	146	2	159	7	62	1	6	1	1	rational	weight_470.json
470	146	2	165	7	62	1	7	1	1	rational	weight_470.json
470	146	2	84	7	62	1	8	1	1	rational	weight_470.json
470	146	2	159	7	62	1	9	1	1	rational	weight_470.json
470	146	2	3	7	62	1	10	1	1	rational	weight_470.json
470	146	2	84	7	62	1	11	1	1	rational	weight_470.json
470	146	2	165	7	62	1	12	1	1	rational	weight_470.json
470	146	2	240	7	62	1	13	1	1	rational	weight_470.json
470	146	2	78	7	62	1	14	1	1	rational	weight_470.json
470	146	2	165	7	62	1	15	1	1	rational	weight_470.json
470	146	2	84	7	62	1	16	1	1	rational	weight_470.json
470	146	2	132	7	224	1	17	1	1	rational	weight_470.json
470	146	2	3	7	62	1	18	1	1	rational	weight_470.json
470	146	2	111	7	224	1	19	1	1	rational	weight_470.json
470	146	2	3	7	62	1	20	1	1	rational	weight_470.json
470	146	2	111	7	224	1	21	1	1	rational	weight_470.json
470	146	2	132	7	224	1	22	1	1	rational	weight_470.json
470	146	2	132	7	224	1	23	1	1	rational	weight_470.json
470	146	2	240	7	62	1	24	1	1	rational	weight_470.json
470	146	2	78	7	62	1	25	1	1	rational	weight_470.json
470	146	2	111	7	224	1	26	1	1	rational	weight_470.json
470	146	2	132	7	224	1	27	1	1	rational	weight_470.json
470	146	2	165	7	62	1	28	1	1	rational	weight_470.json
470	146	2	78	7	62	1	29	1	1	rational	weight_470.json
470	146	2	132	7	224	1	30	1	1	rational	weight_470.json
470	146	2	111	7	224	1	31	1	1	rational	weight_470.json
470	146	2	111	7	224	1	32	1	1	rational	weight_470.json
470	146	2	84	7	62	1	33	1	1	rational	weight_470.json
470	146	2	132	7	224	1	34	1	1	rational	weight_470.json
470	146	2	240	7	62	1	35	1	1	rational	weight_470.json
470	146	2	78	7	62	1	36	1	1	rational	weight_470.json
470	146	2	159	7	62	1	37	1	2	rational	weight_470.json
472	148	2	0	7	155	1	1	1	1	rational	weight_472.json
472	148	2	0	7	155	1	2	1	1	rational	weight_472.json
472	148	2	81	7	155	1	3	1	1	rational	weight_472.json
472	148	2	162	7	155	1	4	1	1	rational	weight_472.json
472	148	2	81	7	155	1	5	1	1	rational	weight_472.json
472	148	2	216	7	155	1	6	1	1	rational	weight_472.json
472	148	2	108	7	155	1	7	1	1	rational	weight_472.json
472	148	2	189	7	155	1	8	1	1	rational	weight_472.json
472	148	2	135	7	155	1	9	1	1	rational	weight_472.json
472	148	2	216	7	155	1	10	1	1	rational	weight_472.json
472	148	2	54	7	155	1	11	1	1	rational	weight_472.json
472	148	2	108	7	155	1	12	1	1	rational	weight_472.json
472	148	2	189	7	155	1	13	1	1	rational	weight_472.json
472	148	2	90	7	236	1	14	1	1	rational	weight_472.json
472	148	2	126	7	236	1	15	1	1	rational	weight_472.json
472	148	2	63	7	236	1	16	1	1	rational	weight_472.json
472	148	2	45	7	236	1	17	1	1	rational	weight_472.json
472	148	2	171	7	236	1	18	1	1	rational	weight_472.json
472	148	2	18	7	236	1	19	1	1	rational	weight_472.json
472	148	2	180	7	236	1	20	1	1	rational	weight_472.json
472	148	2	207	7	236	1	21	1	1	rational	weight_472.json
472	148	2	36	7	236	1	22	1	1	rational	weight_472.json
472	148	2	117	7	236	1	23	1	1	rational	weight_472.json
472	148	2	144	7	236	1	24	1	1	rational	weight_472.json
472	148	2	144	7	236	1	25	1	1	rational	weight_472.json
472	148	2	225	7	236	1	26	1	1	rational	weight_472.json
472	148	2	18	7	236	1	27	1	1	rational	weight_472.json
472	148	2	225	7	236	1	28	1	1	rational	weight_472.json
472	148	2	36	7	236	1	29	1	1	rational	weight_472.json
472	148	2	180	7	236	1	30	1	1	rational	weight_472.json
472	148	2	45	7	236	1	31	1	1	rational	weight_472.json
472	148	2	99	7	236	1	32	1	1	rational	weight_472.json
472	148	2	117	7	236	1	33	1	1	rational	weight_472.json
472	148	2	weight_472.json#orbit=1,place=34,coordinate=0	7	weight_472.json#orbit=1,place=34,coordinate=1	1	34	1	2	algebraic	weight_472.json
472	148	2	weight_472.json#orbit=1,place=35,coordinate=0	7	weight_472.json#orbit=1,place=35,coordinate=1	1	35	1	2	algebraic	weight_472.json
472	148	2	weight_472.json#orbit=1,place=36,coordinate=0	7	weight_472.json#orbit=1,place=36,coordinate=1	1	36	1	2	algebraic	weight_472.json
474	150	2	141	7	95	1	1	1	1	rational	weight_474.json
474	150	2	21	7	95	1	2	1	1	rational	weight_474.json
474	150	2	102	7	95	1	3	1	1	rational	weight_474.json
474	150	2	141	7	95	1	4	1	1	rational	weight_474.json
474	150	2	48	7	14	1	5	1	1	rational	weight_474.json
474	150	2	183	7	95	1	6	1	1	rational	weight_474.json
474	150	2	222	7	95	1	7	1	1	rational	weight_474.json
474	150	2	60	7	95	1	8	1	1	rational	weight_474.json
474	150	2	48	7	14	1	9	1	1	rational	weight_474.json
474	150	2	21	7	95	1	10	1	1	rational	weight_474.json
474	150	2	60	7	95	1	11	1	1	rational	weight_474.json
474	150	2	48	7	14	1	12	1	1	rational	weight_474.json
474	150	2	48	7	14	1	13	1	1	rational	weight_474.json
474	150	2	195	7	14	1	14	1	1	rational	weight_474.json
474	150	2	183	7	95	1	15	1	1	rational	weight_474.json
474	150	2	21	7	95	1	16	1	1	rational	weight_474.json
474	150	2	195	7	14	1	17	1	1	rational	weight_474.json
474	150	2	21	7	95	1	18	1	1	rational	weight_474.json
474	150	2	141	7	95	1	19	1	1	rational	weight_474.json
474	150	2	141	7	95	1	20	1	1	rational	weight_474.json
474	150	2	48	7	14	1	21	1	1	rational	weight_474.json
474	150	2	60	7	95	1	22	1	1	rational	weight_474.json
474	150	2	195	7	14	1	23	1	1	rational	weight_474.json
474	150	2	48	7	14	1	24	1	1	rational	weight_474.json
474	150	2	141	7	95	1	25	1	1	rational	weight_474.json
474	150	2	102	7	95	1	26	1	1	rational	weight_474.json
474	150	2	195	7	14	1	27	1	1	rational	weight_474.json
474	150	2	183	7	95	1	28	1	1	rational	weight_474.json
474	150	2	183	7	95	1	29	1	1	rational	weight_474.json
474	150	2	195	7	14	1	30	1	1	rational	weight_474.json
474	150	2	102	7	95	1	31	1	1	rational	weight_474.json
474	150	2	195	7	14	1	32	1	1	rational	weight_474.json
474	150	2	102	7	95	1	33	1	1	rational	weight_474.json
474	150	2	48	7	14	1	34	1	1	rational	weight_474.json
474	150	2	60	7	95	1	35	1	1	rational	weight_474.json
474	150	2	102	7	95	1	36	1	1	rational	weight_474.json
474	150	2	222	7	95	1	37	1	1	rational	weight_474.json
474	150	2	222	7	95	1	38	1	2	rational	weight_474.json
476	152	2	60	7	152	1	1	1	1	rational	weight_476.json
476	152	2	6	7	233	1	2	1	1	rational	weight_476.json
476	152	2	75	7	233	1	3	1	1	rational	weight_476.json
476	152	2	60	7	152	1	4	1	1	rational	weight_476.json
476	152	2	156	7	233	1	5	1	1	rational	weight_476.json
476	152	2	6	7	233	1	6	1	1	rational	weight_476.json
476	152	2	60	7	152	1	7	1	1	rational	weight_476.json
476	152	2	6	7	233	1	8	1	1	rational	weight_476.json
476	152	2	168	7	233	1	9	1	1	rational	weight_476.json
476	152	2	75	7	233	1	10	1	1	rational	weight_476.json
476	152	2	168	7	233	1	11	1	1	rational	weight_476.json
476	152	2	87	7	233	1	12	1	1	rational	weight_476.json
476	152	2	6	7	233	1	13	1	1	rational	weight_476.json
476	152	2	156	7	233	1	14	1	1	rational	weight_476.json
476	152	2	156	7	233	1	15	1	1	rational	weight_476.json
476	152	2	237	7	233	1	16	1	1	rational	weight_476.json
476	152	2	156	7	233	1	17	1	1	rational	weight_476.json
476	152	2	183	7	152	1	18	1	1	rational	weight_476.json
476	152	2	168	7	233	1	19	1	1	rational	weight_476.json
476	152	2	60	7	152	1	20	1	1	rational	weight_476.json
476	152	2	156	7	233	1	21	1	1	rational	weight_476.json
476	152	2	183	7	152	1	22	1	1	rational	weight_476.json
476	152	2	60	7	152	1	23	1	1	rational	weight_476.json
476	152	2	183	7	152	1	24	1	1	rational	weight_476.json
476	152	2	183	7	152	1	25	1	1	rational	weight_476.json
476	152	2	87	7	233	1	26	1	1	rational	weight_476.json
476	152	2	237	7	233	1	27	1	1	rational	weight_476.json
476	152	2	75	7	233	1	28	1	1	rational	weight_476.json
476	152	2	87	7	233	1	29	1	1	rational	weight_476.json
476	152	2	75	7	233	1	30	1	1	rational	weight_476.json
476	152	2	237	7	233	1	31	1	1	rational	weight_476.json
476	152	2	183	7	152	1	32	1	1	rational	weight_476.json
476	152	2	168	7	233	1	33	1	1	rational	weight_476.json
476	152	2	237	7	233	1	34	1	1	rational	weight_476.json
476	152	2	87	7	233	1	35	1	1	rational	weight_476.json
476	152	2	60	7	152	1	36	1	1	rational	weight_476.json
476	152	2	60	7	152	1	37	1	1	rational	weight_476.json
476	152	2	183	7	152	1	38	1	1	rational	weight_476.json
476	152	2	87	7	233	1	39	1	1	rational	weight_476.json
478	154	2	0	7	191	1	1	1	1	rational	weight_478.json
478	154	2	0	7	191	1	2	1	1	rational	weight_478.json
478	154	2	162	7	191	1	3	1	1	rational	weight_478.json
478	154	2	162	7	191	1	4	1	1	rational	weight_478.json
478	154	2	81	7	191	1	5	1	1	rational	weight_478.json
478	154	2	135	7	191	1	6	1	1	rational	weight_478.json
478	154	2	108	7	191	1	7	1	1	rational	weight_478.json
478	154	2	189	7	191	1	8	1	1	rational	weight_478.json
478	154	2	27	7	191	1	9	1	1	rational	weight_478.json
478	154	2	135	7	191	1	10	1	1	rational	weight_478.json
478	154	2	54	7	191	1	11	1	1	rational	weight_478.json
478	154	2	54	7	191	1	12	1	1	rational	weight_478.json
478	154	2	27	7	191	1	13	1	1	rational	weight_478.json
478	154	2	36	7	29	1	14	1	1	rational	weight_478.json
478	154	2	207	7	29	1	15	1	1	rational	weight_478.json
478	154	2	18	7	29	1	16	1	1	rational	weight_478.json
478	154	2	36	7	29	1	17	1	1	rational	weight_478.json
478	154	2	225	7	29	1	18	1	1	rational	weight_478.json
478	154	2	18	7	29	1	19	1	1	rational	weight_478.json
478	154	2	207	7	29	1	20	1	1	rational	weight_478.json
478	154	2	225	7	29	1	21	1	1	rational	weight_478.json
478	154	2	weight_478.json#orbit=1,place=22,coordinate=0	7	weight_478.json#orbit=1,place=22,coordinate=1	1	22	1	2	algebraic	weight_478.json
478	154	2	weight_478.json#orbit=1,place=23,coordinate=0	7	weight_478.json#orbit=1,place=23,coordinate=1	1	23	1	2	algebraic	weight_478.json
478	154	2	weight_478.json#orbit=1,place=24,coordinate=0	7	weight_478.json#orbit=1,place=24,coordinate=1	1	24	1	2	algebraic	weight_478.json
478	154	2	weight_478.json#orbit=1,place=25,coordinate=0	7	weight_478.json#orbit=1,place=25,coordinate=1	1	25	1	2	algebraic	weight_478.json
478	154	2	weight_478.json#orbit=1,place=26,coordinate=0	7	weight_478.json#orbit=1,place=26,coordinate=1	1	26	1	2	algebraic	weight_478.json
478	154	2	weight_478.json#orbit=1,place=27,coordinate=0	7	weight_478.json#orbit=1,place=27,coordinate=1	1	27	1	2	algebraic	weight_478.json
478	154	2	weight_478.json#orbit=1,place=28,coordinate=0	7	weight_478.json#orbit=1,place=28,coordinate=1	1	28	1	2	algebraic	weight_478.json
478	154	2	weight_478.json#orbit=1,place=29,coordinate=0	7	weight_478.json#orbit=1,place=29,coordinate=1	1	29	1	2	algebraic	weight_478.json
478	154	2	weight_478.json#orbit=1,place=30,coordinate=0	7	weight_478.json#orbit=1,place=30,coordinate=1	1	30	1	2	algebraic	weight_478.json
480	156	2	132	7	77	1	1	1	1	rational	weight_480.json
480	156	2	57	7	239	1	2	1	1	rational	weight_480.json
480	156	2	213	7	77	1	3	1	1	rational	weight_480.json
480	156	2	213	7	77	1	4	1	1	rational	weight_480.json
480	156	2	132	7	77	1	5	1	1	rational	weight_480.json
480	156	2	192	7	77	1	6	1	1	rational	weight_480.json
480	156	2	186	7	239	1	7	1	1	rational	weight_480.json
480	156	2	132	7	77	1	8	1	1	rational	weight_480.json
480	156	2	51	7	77	1	9	1	1	rational	weight_480.json
480	156	2	213	7	77	1	10	1	1	rational	weight_480.json
480	156	2	192	7	77	1	11	1	1	rational	weight_480.json
480	156	2	30	7	77	1	12	1	1	rational	weight_480.json
480	156	2	57	7	239	1	13	1	1	rational	weight_480.json
480	156	2	30	7	77	1	14	1	1	rational	weight_480.json
480	156	2	30	7	77	1	15	1	1	rational	weight_480.json
480	156	2	186	7	239	1	16	1	1	rational	weight_480.json
480	156	2	186	7	239	1	17	1	1	rational	weight_480.json
480	156	2	186	7	239	1	18	1	1	rational	weight_480.json
480	156	2	51	7	77	1	19	1	1	rational	weight_480.json
480	156	2	186	7	239	1	20	1	1	rational	weight_480.json
480	156	2	192	7	77	1	21	1	1	rational	weight_480.json
480	156	2	51	7	77	1	22	1	1	rational	weight_480.json
480	156	2	186	7	239	1	23	1	1	rational	weight_480.json
480	156	2	30	7	77	1	24	1	1	rational	weight_480.json
480	156	2	57	7	239	1	25	1	1	rational	weight_480.json
480	156	2	51	7	77	1	26	1	1	rational	weight_480.json
480	156	2	57	7	239	1	27	1	1	rational	weight_480.json
480	156	2	111	7	77	1	28	1	1	rational	weight_480.json
480	156	2	57	7	239	1	29	1	1	rational	weight_480.json
480	156	2	30	7	77	1	30	1	1	rational	weight_480.json
480	156	2	51	7	77	1	31	1	1	rational	weight_480.json
480	156	2	111	7	77	1	32	1	1	rational	weight_480.json
480	156	2	111	7	77	1	33	1	1	rational	weight_480.json
480	156	2	186	7	239	1	34	1	1	rational	weight_480.json
480	156	2	192	7	77	1	35	1	1	rational	weight_480.json
480	156	2	213	7	77	1	36	1	1	rational	weight_480.json
480	156	2	132	7	77	1	37	1	1	rational	weight_480.json
480	156	2	192	7	77	1	38	1	1	rational	weight_480.json
480	156	2	57	7	239	1	39	1	1	rational	weight_480.json
480	156	2	111	7	77	1	40	1	1	rational	weight_480.json
482	158	2	39	7	80	1	1	1	1	rational	weight_482.json
482	158	2	120	7	80	1	2	1	1	rational	weight_482.json
482	158	2	123	7	80	1	3	1	1	rational	weight_482.json
482	158	2	201	7	80	1	4	1	1	rational	weight_482.json
482	158	2	42	7	80	1	5	1	1	rational	weight_482.json
482	158	2	228	7	242	1	6	1	1	rational	weight_482.json
482	158	2	123	7	80	1	7	1	1	rational	weight_482.json
482	158	2	15	7	242	1	8	1	1	rational	weight_482.json
482	158	2	39	7	80	1	9	1	1	rational	weight_482.json
482	158	2	228	7	242	1	10	1	1	rational	weight_482.json
482	158	2	123	7	80	1	11	1	1	rational	weight_482.json
482	158	2	204	7	80	1	12	1	1	rational	weight_482.json
482	158	2	42	7	80	1	13	1	1	rational	weight_482.json
482	158	2	15	7	242	1	14	1	1	rational	weight_482.json
482	158	2	42	7	80	1	15	1	1	rational	weight_482.json
482	158	2	228	7	242	1	16	1	1	rational	weight_482.json
482	158	2	120	7	80	1	17	1	1	rational	weight_482.json
482	158	2	15	7	242	1	18	1	1	rational	weight_482.json
482	158	2	201	7	80	1	19	1	1	rational	weight_482.json
482	158	2	39	7	80	1	20	1	1	rational	weight_482.json
482	158	2	15	7	242	1	21	1	1	rational	weight_482.json
482	158	2	123	7	80	1	22	1	1	rational	weight_482.json
482	158	2	228	7	242	1	23	1	1	rational	weight_482.json
482	158	2	120	7	80	1	24	1	1	rational	weight_482.json
482	158	2	201	7	80	1	25	1	1	rational	weight_482.json
482	158	2	42	7	80	1	26	1	1	rational	weight_482.json
482	158	2	120	7	80	1	27	1	1	rational	weight_482.json
482	158	2	204	7	80	1	28	1	1	rational	weight_482.json
482	158	2	123	7	80	1	29	1	1	rational	weight_482.json
482	158	2	204	7	80	1	30	1	1	rational	weight_482.json
482	158	2	39	7	80	1	31	1	1	rational	weight_482.json
482	158	2	228	7	242	1	32	1	1	rational	weight_482.json
482	158	2	42	7	80	1	33	1	1	rational	weight_482.json
482	158	2	204	7	80	1	34	1	1	rational	weight_482.json
482	158	2	201	7	80	1	35	1	1	rational	weight_482.json
482	158	2	15	7	242	1	36	1	1	rational	weight_482.json
482	158	2	228	7	242	1	37	1	1	rational	weight_482.json
482	158	2	15	7	242	1	38	1	1	rational	weight_482.json
482	158	2	228	7	242	1	39	1	1	rational	weight_482.json
484	160	2	0	7	146	1	1	1	1	rational	weight_484.json
484	160	2	0	7	146	1	2	1	1	rational	weight_484.json
484	160	2	81	7	146	1	3	1	1	rational	weight_484.json
484	160	2	162	7	146	1	4	1	1	rational	weight_484.json
484	160	2	81	7	146	1	5	1	1	rational	weight_484.json
484	160	2	108	7	146	1	6	1	1	rational	weight_484.json
484	160	2	135	7	146	1	7	1	1	rational	weight_484.json
484	160	2	108	7	146	1	8	1	1	rational	weight_484.json
484	160	2	189	7	146	1	9	1	1	rational	weight_484.json
484	160	2	54	7	146	1	10	1	1	rational	weight_484.json
484	160	2	189	7	146	1	11	1	1	rational	weight_484.json
484	160	2	216	7	146	1	12	1	1	rational	weight_484.json
484	160	2	216	7	146	1	13	1	1	rational	weight_484.json
484	160	2	27	7	146	1	14	1	1	rational	weight_484.json
484	160	2	225	7	227	1	15	1	1	rational	weight_484.json
484	160	2	198	7	227	1	16	1	1	rational	weight_484.json
484	160	2	207	7	227	1	17	1	1	rational	weight_484.json
484	160	2	90	7	227	1	18	1	1	rational	weight_484.json
484	160	2	72	7	227	1	19	1	1	rational	weight_484.json
484	160	2	45	7	227	1	20	1	1	rational	weight_484.json
484	160	2	207	7	227	1	21	1	1	rational	weight_484.json
484	160	2	126	7	227	1	22	1	1	rational	weight_484.json
484	160	2	90	7	227	1	23	1	1	rational	weight_484.json
484	160	2	171	7	227	1	24	1	1	rational	weight_484.json
484	160	2	198	7	227	1	25	1	1	rational	weight_484.json
484	160	2	18	7	227	1	26	1	1	rational	weight_484.json
484	160	2	63	7	227	1	27	1	1	rational	weight_484.json
484	160	2	36	7	227	1	28	1	1	rational	weight_484.json
484	160	2	180	7	227	1	29	1	1	rational	weight_484.json
484	160	2	9	7	227	1	30	1	1	rational	weight_484.json
484	160	2	225	7	227	1	31	1	1	rational	weight_484.json
484	160	2	99	7	227	1	32	1	1	rational	weight_484.json
484	160	2	117	7	227	1	33	1	1	rational	weight_484.json
484	160	2	99	7	227	1	34	1	1	rational	weight_484.json
484	160	2	234	7	227	1	35	1	1	rational	weight_484.json
484	160	2	72	7	227	1	36	1	1	rational	weight_484.json
484	160	2	234	7	227	1	37	1	1	rational	weight_484.json
484	160	2	144	7	227	1	38	1	1	rational	weight_484.json
484	160	2	63	7	227	1	39	1	1	rational	weight_484.json
484	160	2	117	7	227	1	40	1	1	rational	weight_484.json
486	0	2	69	7	221	1	1	1	1	rational	weight_486.json
486	0	2	174	7	221	1	2	1	1	rational	weight_486.json
486	0	2	120	7	140	1	3	1	1	rational	weight_486.json
486	0	2	120	7	140	1	4	1	1	rational	weight_486.json
486	0	2	120	7	140	1	5	1	1	rational	weight_486.json
486	0	2	93	7	221	1	6	1	1	rational	weight_486.json
486	0	2	123	7	140	1	7	1	1	rational	weight_486.json
486	0	2	69	7	221	1	8	1	1	rational	weight_486.json
486	0	2	150	7	221	1	9	1	1	rational	weight_486.json
486	0	2	150	7	221	1	10	1	1	rational	weight_486.json
486	0	2	12	7	221	1	11	1	1	rational	weight_486.json
486	0	2	120	7	140	1	12	1	1	rational	weight_486.json
486	0	2	174	7	221	1	13	1	1	rational	weight_486.json
486	0	2	12	7	221	1	14	1	1	rational	weight_486.json
486	0	2	231	7	221	1	15	1	1	rational	weight_486.json
486	0	2	123	7	140	1	16	1	1	rational	weight_486.json
486	0	2	120	7	140	1	17	1	1	rational	weight_486.json
486	0	2	150	7	221	1	18	1	1	rational	weight_486.json
486	0	2	69	7	221	1	19	1	1	rational	weight_486.json
486	0	2	231	7	221	1	20	1	1	rational	weight_486.json
486	0	2	123	7	140	1	21	1	1	rational	weight_486.json
486	0	2	174	7	221	1	22	1	1	rational	weight_486.json
486	0	2	93	7	221	1	23	1	1	rational	weight_486.json
486	0	2	12	7	221	1	24	1	1	rational	weight_486.json
486	0	2	123	7	140	1	25	1	1	rational	weight_486.json
486	0	2	12	7	221	1	26	1	1	rational	weight_486.json
486	0	2	69	7	221	1	27	1	1	rational	weight_486.json
486	0	2	123	7	140	1	28	1	1	rational	weight_486.json
486	0	2	123	7	140	1	29	1	1	rational	weight_486.json
486	0	2	120	7	140	1	30	1	1	rational	weight_486.json
486	0	2	174	7	221	1	31	1	1	rational	weight_486.json
486	0	2	12	7	221	1	32	1	1	rational	weight_486.json
486	0	2	231	7	221	1	33	1	1	rational	weight_486.json
486	0	2	69	7	221	1	34	1	1	rational	weight_486.json
486	0	2	150	7	221	1	35	1	1	rational	weight_486.json
486	0	2	93	7	221	1	36	1	1	rational	weight_486.json
486	0	2	150	7	221	1	37	1	1	rational	weight_486.json
486	0	2	231	7	221	1	38	1	1	rational	weight_486.json
486	0	2	120	7	140	1	39	1	1	rational	weight_486.json
486	0	2	93	7	221	1	40	1	1	rational	weight_486.json
488	2	2	24	7	89	1	1	1	1	rational	weight_488.json
488	2	2	219	7	89	1	2	1	1	rational	weight_488.json
488	2	2	57	7	89	1	3	1	1	rational	weight_488.json
488	2	2	186	7	89	1	4	1	1	rational	weight_488.json
488	2	2	240	7	8	1	5	1	1	rational	weight_488.json
488	2	2	3	7	8	1	6	1	1	rational	weight_488.json
488	2	2	57	7	89	1	7	1	1	rational	weight_488.json
488	2	2	105	7	89	1	8	1	1	rational	weight_488.json
488	2	2	240	7	8	1	9	1	1	rational	weight_488.json
488	2	2	57	7	89	1	10	1	1	rational	weight_488.json
488	2	2	219	7	89	1	11	1	1	rational	weight_488.json
488	2	2	105	7	89	1	12	1	1	rational	weight_488.json
488	2	2	240	7	8	1	13	1	1	rational	weight_488.json
488	2	2	3	7	8	1	14	1	1	rational	weight_488.json
488	2	2	105	7	89	1	15	1	1	rational	weight_488.json
488	2	2	219	7	89	1	16	1	1	rational	weight_488.json
488	2	2	3	7	8	1	17	1	1	rational	weight_488.json
488	2	2	186	7	89	1	18	1	1	rational	weight_488.json
488	2	2	138	7	89	1	19	1	1	rational	weight_488.json
488	2	2	57	7	89	1	20	1	1	rational	weight_488.json
488	2	2	24	7	89	1	21	1	1	rational	weight_488.json
488	2	2	138	7	89	1	22	1	1	rational	weight_488.json
488	2	2	3	7	8	1	23	1	1	rational	weight_488.json
488	2	2	240	7	8	1	24	1	1	rational	weight_488.json
488	2	2	240	7	8	1	25	1	1	rational	weight_488.json
488	2	2	138	7	89	1	26	1	1	rational	weight_488.json
488	2	2	57	7	89	1	27	1	1	rational	weight_488.json
488	2	2	240	7	8	1	28	1	1	rational	weight_488.json
488	2	2	3	7	8	1	29	1	1	rational	weight_488.json
488	2	2	186	7	89	1	30	1	1	rational	weight_488.json
488	2	2	240	7	8	1	31	1	1	rational	weight_488.json
488	2	2	105	7	89	1	32	1	1	rational	weight_488.json
488	2	2	138	7	89	1	33	1	1	rational	weight_488.json
488	2	2	24	7	89	1	34	1	1	rational	weight_488.json
488	2	2	24	7	89	1	35	1	1	rational	weight_488.json
488	2	2	138	7	89	1	36	1	1	rational	weight_488.json
488	2	2	219	7	89	1	37	1	1	rational	weight_488.json
488	2	2	186	7	89	1	38	1	1	rational	weight_488.json
488	2	2	3	7	8	1	39	1	1	rational	weight_488.json
488	2	2	24	7	89	1	40	1	1	rational	weight_488.json
490	4	2	0	7	20	1	1	1	1	rational	weight_490.json
490	4	2	162	7	20	1	2	1	1	rational	weight_490.json
490	4	2	162	7	20	1	3	1	1	rational	weight_490.json
490	4	2	81	7	20	1	4	1	1	rational	weight_490.json
490	4	2	27	7	20	1	5	1	1	rational	weight_490.json
490	4	2	54	7	20	1	6	1	1	rational	weight_490.json
490	4	2	27	7	20	1	7	1	1	rational	weight_490.json
490	4	2	189	7	20	1	8	1	1	rational	weight_490.json
490	4	2	54	7	20	1	9	1	1	rational	weight_490.json
490	4	2	135	7	20	1	10	1	1	rational	weight_490.json
490	4	2	108	7	20	1	11	1	1	rational	weight_490.json
490	4	2	216	7	20	1	12	1	1	rational	weight_490.json
490	4	2	135	7	20	1	13	1	1	rational	weight_490.json
490	4	2	99	7	101	1	14	1	1	rational	weight_490.json
490	4	2	72	7	101	1	15	1	1	rational	weight_490.json
490	4	2	63	7	101	1	16	1	1	rational	weight_490.json
490	4	2	207	7	101	1	17	1	1	rational	weight_490.json
490	4	2	126	7	101	1	18	1	1	rational	weight_490.json
490	4	2	144	7	101	1	19	1	1	rational	weight_490.json
490	4	2	198	7	101	1	20	1	1	rational	weight_490.json
490	4	2	180	7	101	1	21	1	1	rational	weight_490.json
490	4	2	63	7	101	1	22	1	1	rational	weight_490.json
490	4	2	234	7	101	1	23	1	1	rational	weight_490.json
490	4	2	207	7	101	1	24	1	1	rational	weight_490.json
490	4	2	126	7	101	1	25	1	1	rational	weight_490.json
490	4	2	225	7	101	1	26	1	1	rational	weight_490.json
490	4	2	9	7	101	1	27	1	1	rational	weight_490.json
490	4	2	153	7	101	1	28	1	1	rational	weight_490.json
490	4	2	99	7	101	1	29	1	1	rational	weight_490.json
490	4	2	198	7	101	1	30	1	1	rational	weight_490.json
490	4	2	171	7	101	1	31	1	1	rational	weight_490.json
490	4	2	45	7	101	1	32	1	1	rational	weight_490.json
490	4	2	90	7	101	1	33	1	1	rational	weight_490.json
490	4	2	117	7	101	1	34	1	1	rational	weight_490.json
490	4	2	234	7	101	1	35	1	1	rational	weight_490.json
490	4	2	18	7	101	1	36	1	1	rational	weight_490.json
490	4	2	18	7	101	1	37	1	1	rational	weight_490.json
490	4	2	171	7	101	1	38	1	1	rational	weight_490.json
490	4	2	90	7	101	1	39	1	1	rational	weight_490.json
490	4	2	36	7	101	1	40	1	1	rational	weight_490.json
492	6	2	237	7	203	1	1	1	1	rational	weight_492.json
492	6	2	6	7	203	1	2	1	1	rational	weight_492.json
492	6	2	48	7	41	1	3	1	1	rational	weight_492.json
492	6	2	48	7	41	1	4	1	1	rational	weight_492.json
492	6	2	129	7	41	1	5	1	1	rational	weight_492.json
492	6	2	33	7	41	1	6	1	1	rational	weight_492.json
492	6	2	195	7	41	1	7	1	1	rational	weight_492.json
492	6	2	114	7	41	1	8	1	1	rational	weight_492.json
492	6	2	33	7	41	1	9	1	1	rational	weight_492.json
492	6	2	33	7	41	1	10	1	1	rational	weight_492.json
492	6	2	114	7	41	1	11	1	1	rational	weight_492.json
492	6	2	237	7	203	1	12	1	1	rational	weight_492.json
492	6	2	129	7	41	1	13	1	1	rational	weight_492.json
492	6	2	195	7	41	1	14	1	1	rational	weight_492.json
492	6	2	195	7	41	1	15	1	1	rational	weight_492.json
492	6	2	6	7	203	1	16	1	1	rational	weight_492.json
492	6	2	48	7	41	1	17	1	1	rational	weight_492.json
492	6	2	210	7	41	1	18	1	1	rational	weight_492.json
492	6	2	129	7	41	1	19	1	1	rational	weight_492.json
492	6	2	6	7	203	1	20	1	1	rational	weight_492.json
492	6	2	210	7	41	1	21	1	1	rational	weight_492.json
492	6	2	195	7	41	1	22	1	1	rational	weight_492.json
492	6	2	48	7	41	1	23	1	1	rational	weight_492.json
492	6	2	114	7	41	1	24	1	1	rational	weight_492.json
492	6	2	237	7	203	1	25	1	1	rational	weight_492.json
492	6	2	6	7	203	1	26	1	1	rational	weight_492.json
492	6	2	114	7	41	1	27	1	1	rational	weight_492.json
492	6	2	33	7	41	1	28	1	1	rational	weight_492.json
492	6	2	129	7	41	1	29	1	1	rational	weight_492.json
492	6	2	210	7	41	1	30	1	1	rational	weight_492.json
492	6	2	6	7	203	1	31	1	1	rational	weight_492.json
492	6	2	237	7	203	1	32	1	1	rational	weight_492.json
492	6	2	129	7	41	1	33	1	1	rational	weight_492.json
492	6	2	237	7	203	1	34	1	1	rational	weight_492.json
492	6	2	210	7	41	1	35	1	1	rational	weight_492.json
492	6	2	48	7	41	1	36	1	1	rational	weight_492.json
492	6	2	237	7	203	1	37	1	1	rational	weight_492.json
492	6	2	6	7	203	1	38	1	1	rational	weight_492.json
492	6	2	33	7	41	1	39	1	1	rational	weight_492.json
492	6	2	237	7	203	1	40	1	1	rational	weight_492.json
492	6	2	6	7	203	1	41	1	1	rational	weight_492.json
494	8	2	129	7	17	1	1	1	1	rational	weight_494.json
494	8	2	210	7	17	1	2	1	1	rational	weight_494.json
494	8	2	114	7	17	1	3	1	1	rational	weight_494.json
494	8	2	114	7	17	1	4	1	1	rational	weight_494.json
494	8	2	129	7	17	1	5	1	1	rational	weight_494.json
494	8	2	6	7	179	1	6	1	1	rational	weight_494.json
494	8	2	237	7	179	1	7	1	1	rational	weight_494.json
494	8	2	48	7	17	1	8	1	1	rational	weight_494.json
494	8	2	237	7	179	1	9	1	1	rational	weight_494.json
494	8	2	6	7	179	1	10	1	1	rational	weight_494.json
494	8	2	237	7	179	1	11	1	1	rational	weight_494.json
494	8	2	237	7	179	1	12	1	1	rational	weight_494.json
494	8	2	33	7	17	1	13	1	1	rational	weight_494.json
494	8	2	33	7	17	1	14	1	1	rational	weight_494.json
494	8	2	195	7	17	1	15	1	1	rational	weight_494.json
494	8	2	33	7	17	1	16	1	1	rational	weight_494.json
494	8	2	129	7	17	1	17	1	1	rational	weight_494.json
494	8	2	195	7	17	1	18	1	1	rational	weight_494.json
494	8	2	114	7	17	1	19	1	1	rational	weight_494.json
494	8	2	48	7	17	1	20	1	1	rational	weight_494.json
494	8	2	6	7	179	1	21	1	1	rational	weight_494.json
494	8	2	6	7	179	1	22	1	1	rational	weight_494.json
494	8	2	33	7	17	1	23	1	1	rational	weight_494.json
494	8	2	237	7	179	1	24	1	1	rational	weight_494.json
494	8	2	6	7	179	1	25	1	1	rational	weight_494.json
494	8	2	114	7	17	1	26	1	1	rational	weight_494.json
494	8	2	129	7	17	1	27	1	1	rational	weight_494.json
494	8	2	195	7	17	1	28	1	1	rational	weight_494.json
494	8	2	237	7	179	1	29	1	1	rational	weight_494.json
494	8	2	237	7	179	1	30	1	1	rational	weight_494.json
494	8	2	6	7	179	1	31	1	1	rational	weight_494.json
494	8	2	6	7	179	1	32	1	1	rational	weight_494.json
494	8	2	48	7	17	1	33	1	1	rational	weight_494.json
494	8	2	210	7	17	1	34	1	1	rational	weight_494.json
494	8	2	210	7	17	1	35	1	1	rational	weight_494.json
494	8	2	210	7	17	1	36	1	1	rational	weight_494.json
494	8	2	195	7	17	1	37	1	1	rational	weight_494.json
494	8	2	129	7	17	1	38	1	1	rational	weight_494.json
494	8	2	195	7	17	1	39	1	1	rational	weight_494.json
494	8	2	48	7	17	1	40	1	1	rational	weight_494.json
496	10	2	0	7	56	1	1	1	1	rational	weight_496.json
496	10	2	81	7	56	1	2	1	1	rational	weight_496.json
496	10	2	162	7	56	1	3	1	1	rational	weight_496.json
496	10	2	81	7	56	1	4	1	1	rational	weight_496.json
496	10	2	189	7	56	1	5	1	1	rational	weight_496.json
496	10	2	108	7	56	1	6	1	1	rational	weight_496.json
496	10	2	135	7	56	1	7	1	1	rational	weight_496.json
496	10	2	189	7	56	1	8	1	1	rational	weight_496.json
496	10	2	216	7	56	1	9	1	1	rational	weight_496.json
496	10	2	54	7	56	1	10	1	1	rational	weight_496.json
496	10	2	216	7	56	1	11	1	1	rational	weight_496.json
496	10	2	108	7	56	1	12	1	1	rational	weight_496.json
496	10	2	27	7	56	1	13	1	1	rational	weight_496.json
496	10	2	225	7	137	1	14	1	1	rational	weight_496.json
496	10	2	207	7	137	1	15	1	1	rational	weight_496.json
496	10	2	18	7	137	1	16	1	1	rational	weight_496.json
496	10	2	225	7	137	1	17	1	1	rational	weight_496.json
496	10	2	36	7	137	1	18	1	1	rational	weight_496.json
496	10	2	36	7	137	1	19	1	1	rational	weight_496.json
496	10	2	207	7	137	1	20	1	1	rational	weight_496.json
496	10	2	18	7	137	1	21	1	1	rational	weight_496.json
496	10	2	18	7	137	1	22	1	1	rational	weight_496.json
496	10	2	207	7	137	1	23	1	1	rational	weight_496.json
496	10	2	weight_496.json#orbit=1,place=24,coordinate=0	7	weight_496.json#orbit=1,place=24,coordinate=1	1	24	1	2	algebraic	weight_496.json
496	10	2	weight_496.json#orbit=1,place=25,coordinate=0	7	weight_496.json#orbit=1,place=25,coordinate=1	1	25	1	2	algebraic	weight_496.json
496	10	2	weight_496.json#orbit=1,place=26,coordinate=0	7	weight_496.json#orbit=1,place=26,coordinate=1	1	26	1	2	algebraic	weight_496.json
496	10	2	weight_496.json#orbit=1,place=27,coordinate=0	7	weight_496.json#orbit=1,place=27,coordinate=1	1	27	1	2	algebraic	weight_496.json
496	10	2	weight_496.json#orbit=1,place=28,coordinate=0	7	weight_496.json#orbit=1,place=28,coordinate=1	1	28	1	2	algebraic	weight_496.json
496	10	2	weight_496.json#orbit=1,place=29,coordinate=0	7	weight_496.json#orbit=1,place=29,coordinate=1	1	29	1	2	algebraic	weight_496.json
496	10	2	weight_496.json#orbit=1,place=30,coordinate=0	7	weight_496.json#orbit=1,place=30,coordinate=1	1	30	1	2	algebraic	weight_496.json
496	10	2	weight_496.json#orbit=1,place=31,coordinate=0	7	weight_496.json#orbit=1,place=31,coordinate=1	1	31	1	2	algebraic	weight_496.json
496	10	2	weight_496.json#orbit=1,place=32,coordinate=0	7	weight_496.json#orbit=1,place=32,coordinate=1	1	32	1	2	algebraic	weight_496.json
498	12	2	186	7	23	1	1	1	1	rational	weight_498.json
498	12	2	165	7	185	1	2	1	1	rational	weight_498.json
498	12	2	105	7	23	1	3	1	1	rational	weight_498.json
498	12	2	57	7	23	1	4	1	1	rational	weight_498.json
498	12	2	78	7	185	1	5	1	1	rational	weight_498.json
498	12	2	165	7	185	1	6	1	1	rational	weight_498.json
498	12	2	57	7	23	1	7	1	1	rational	weight_498.json
498	12	2	219	7	23	1	8	1	1	rational	weight_498.json
498	12	2	105	7	23	1	9	1	1	rational	weight_498.json
498	12	2	186	7	23	1	10	1	1	rational	weight_498.json
498	12	2	24	7	23	1	11	1	1	rational	weight_498.json
498	12	2	219	7	23	1	12	1	1	rational	weight_498.json
498	12	2	165	7	185	1	13	1	1	rational	weight_498.json
498	12	2	186	7	23	1	14	1	1	rational	weight_498.json
498	12	2	24	7	23	1	15	1	1	rational	weight_498.json
498	12	2	57	7	23	1	16	1	1	rational	weight_498.json
498	12	2	138	7	23	1	17	1	1	rational	weight_498.json
498	12	2	186	7	23	1	18	1	1	rational	weight_498.json
498	12	2	138	7	23	1	19	1	1	rational	weight_498.json
498	12	2	219	7	23	1	20	1	1	rational	weight_498.json
498	12	2	165	7	185	1	21	1	1	rational	weight_498.json
498	12	2	219	7	23	1	22	1	1	rational	weight_498.json
498	12	2	165	7	185	1	23	1	1	rational	weight_498.json
498	12	2	219	7	23	1	24	1	1	rational	weight_498.json
498	12	2	219	7	23	1	25	1	1	rational	weight_498.json
498	12	2	105	7	23	1	26	1	1	rational	weight_498.json
498	12	2	78	7	185	1	27	1	1	rational	weight_498.json
498	12	2	78	7	185	1	28	1	1	rational	weight_498.json
498	12	2	105	7	23	1	29	1	1	rational	weight_498.json
498	12	2	24	7	23	1	30	1	1	rational	weight_498.json
498	12	2	24	7	23	1	31	1	1	rational	weight_498.json
498	12	2	138	7	23	1	32	1	1	rational	weight_498.json
498	12	2	138	7	23	1	33	1	1	rational	weight_498.json
498	12	2	78	7	185	1	34	1	1	rational	weight_498.json
498	12	2	105	7	23	1	35	1	1	rational	weight_498.json
498	12	2	78	7	185	1	36	1	1	rational	weight_498.json
498	12	2	57	7	23	1	37	1	1	rational	weight_498.json
498	12	2	78	7	185	1	38	1	1	rational	weight_498.json
498	12	2	165	7	185	1	39	1	1	rational	weight_498.json
498	12	2	78	7	185	1	40	1	1	rational	weight_498.json
498	12	2	165	7	185	1	41	1	1	rational	weight_498.json
500	14	2	150	7	107	1	1	1	1	rational	weight_500.json
500	14	2	93	7	107	1	2	1	1	rational	weight_500.json
500	14	2	174	7	107	1	3	1	1	rational	weight_500.json
500	14	2	42	7	26	1	4	1	1	rational	weight_500.json
500	14	2	12	7	107	1	5	1	1	rational	weight_500.json
500	14	2	69	7	107	1	6	1	1	rational	weight_500.json
500	14	2	201	7	26	1	7	1	1	rational	weight_500.json
500	14	2	201	7	26	1	8	1	1	rational	weight_500.json
500	14	2	42	7	26	1	9	1	1	rational	weight_500.json
500	14	2	69	7	107	1	10	1	1	rational	weight_500.json
500	14	2	201	7	26	1	11	1	1	rational	weight_500.json
500	14	2	42	7	26	1	12	1	1	rational	weight_500.json
500	14	2	231	7	107	1	13	1	1	rational	weight_500.json
500	14	2	42	7	26	1	14	1	1	rational	weight_500.json
500	14	2	201	7	26	1	15	1	1	rational	weight_500.json
500	14	2	93	7	107	1	16	1	1	rational	weight_500.json
500	14	2	93	7	107	1	17	1	1	rational	weight_500.json
500	14	2	69	7	107	1	18	1	1	rational	weight_500.json
500	14	2	201	7	26	1	19	1	1	rational	weight_500.json
500	14	2	174	7	107	1	20	1	1	rational	weight_500.json
500	14	2	42	7	26	1	21	1	1	rational	weight_500.json
500	14	2	42	7	26	1	22	1	1	rational	weight_500.json
500	14	2	174	7	107	1	23	1	1	rational	weight_500.json
500	14	2	93	7	107	1	24	1	1	rational	weight_500.json
500	14	2	174	7	107	1	25	1	1	rational	weight_500.json
500	14	2	231	7	107	1	26	1	1	rational	weight_500.json
500	14	2	150	7	107	1	27	1	1	rational	weight_500.json
500	14	2	150	7	107	1	28	1	1	rational	weight_500.json
500	14	2	231	7	107	1	29	1	1	rational	weight_500.json
500	14	2	231	7	107	1	30	1	1	rational	weight_500.json
500	14	2	231	7	107	1	31	1	1	rational	weight_500.json
500	14	2	201	7	26	1	32	1	1	rational	weight_500.json
500	14	2	150	7	107	1	33	1	1	rational	weight_500.json
500	14	2	231	7	107	1	34	1	1	rational	weight_500.json
500	14	2	69	7	107	1	35	1	1	rational	weight_500.json
500	14	2	201	7	26	1	36	1	1	rational	weight_500.json
500	14	2	174	7	107	1	37	1	1	rational	weight_500.json
500	14	2	12	7	107	1	38	1	1	rational	weight_500.json
500	14	2	42	7	26	1	39	1	1	rational	weight_500.json
500	14	2	12	7	107	1	40	1	2	rational	weight_500.json
502	16	2	0	7	11	1	1	1	1	rational	weight_502.json
502	16	2	81	7	11	1	2	1	1	rational	weight_502.json
502	16	2	162	7	11	1	3	1	1	rational	weight_502.json
502	16	2	162	7	11	1	4	1	1	rational	weight_502.json
502	16	2	135	7	11	1	5	1	1	rational	weight_502.json
502	16	2	216	7	11	1	6	1	1	rational	weight_502.json
502	16	2	135	7	11	1	7	1	1	rational	weight_502.json
502	16	2	27	7	11	1	8	1	1	rational	weight_502.json
502	16	2	54	7	11	1	9	1	1	rational	weight_502.json
502	16	2	27	7	11	1	10	1	1	rational	weight_502.json
502	16	2	216	7	11	1	11	1	1	rational	weight_502.json
502	16	2	189	7	11	1	12	1	1	rational	weight_502.json
502	16	2	108	7	11	1	13	1	1	rational	weight_502.json
502	16	2	54	7	11	1	14	1	1	rational	weight_502.json
502	16	2	126	7	92	1	15	1	1	rational	weight_502.json
502	16	2	225	7	92	1	16	1	1	rational	weight_502.json
502	16	2	72	7	92	1	17	1	1	rational	weight_502.json
502	16	2	9	7	92	1	18	1	1	rational	weight_502.json
502	16	2	207	7	92	1	19	1	1	rational	weight_502.json
502	16	2	45	7	92	1	20	1	1	rational	weight_502.json
502	16	2	234	7	92	1	21	1	1	rational	weight_502.json
502	16	2	45	7	92	1	22	1	1	rational	weight_502.json
502	16	2	18	7	92	1	23	1	1	rational	weight_502.json
502	16	2	36	7	92	1	24	1	1	rational	weight_502.json
502	16	2	18	7	92	1	25	1	1	rational	weight_502.json
502	16	2	99	7	92	1	26	1	1	rational	weight_502.json
502	16	2	180	7	92	1	27	1	1	rational	weight_502.json
502	16	2	126	7	92	1	28	1	1	rational	weight_502.json
502	16	2	117	7	92	1	29	1	1	rational	weight_502.json
502	16	2	36	7	92	1	30	1	1	rational	weight_502.json
502	16	2	144	7	92	1	31	1	1	rational	weight_502.json
502	16	2	171	7	92	1	32	1	1	rational	weight_502.json
502	16	2	144	7	92	1	33	1	1	rational	weight_502.json
502	16	2	198	7	92	1	34	1	1	rational	weight_502.json
502	16	2	63	7	92	1	35	1	1	rational	weight_502.json
502	16	2	weight_502.json#orbit=1,place=36,coordinate=0	7	weight_502.json#orbit=1,place=36,coordinate=1	1	36	1	2	algebraic	weight_502.json
502	16	2	weight_502.json#orbit=1,place=37,coordinate=0	7	weight_502.json#orbit=1,place=37,coordinate=1	1	37	1	2	algebraic	weight_502.json
502	16	2	weight_502.json#orbit=1,place=38,coordinate=0	7	weight_502.json#orbit=1,place=38,coordinate=1	1	38	1	2	algebraic	weight_502.json
504	18	2	120	7	167	1	1	1	1	rational	weight_504.json
504	18	2	96	7	86	1	2	1	1	rational	weight_504.json
504	18	2	96	7	86	1	3	1	1	rational	weight_504.json
504	18	2	120	7	167	1	4	1	1	rational	weight_504.json
504	18	2	42	7	167	1	5	1	1	rational	weight_504.json
504	18	2	204	7	167	1	6	1	1	rational	weight_504.json
504	18	2	204	7	167	1	7	1	1	rational	weight_504.json
504	18	2	42	7	167	1	8	1	1	rational	weight_504.json
504	18	2	42	7	167	1	9	1	1	rational	weight_504.json
504	18	2	201	7	167	1	10	1	1	rational	weight_504.json
504	18	2	39	7	167	1	11	1	1	rational	weight_504.json
504	18	2	204	7	167	1	12	1	1	rational	weight_504.json
504	18	2	201	7	167	1	13	1	1	rational	weight_504.json
504	18	2	204	7	167	1	14	1	1	rational	weight_504.json
504	18	2	204	7	167	1	15	1	1	rational	weight_504.json
504	18	2	42	7	167	1	16	1	1	rational	weight_504.json
504	18	2	96	7	86	1	17	1	1	rational	weight_504.json
504	18	2	201	7	167	1	18	1	1	rational	weight_504.json
504	18	2	147	7	86	1	19	1	1	rational	weight_504.json
504	18	2	147	7	86	1	20	1	1	rational	weight_504.json
504	18	2	120	7	167	1	21	1	1	rational	weight_504.json
504	18	2	147	7	86	1	22	1	1	rational	weight_504.json
504	18	2	147	7	86	1	23	1	1	rational	weight_504.json
504	18	2	147	7	86	1	24	1	1	rational	weight_504.json
504	18	2	96	7	86	1	25	1	1	rational	weight_504.json
504	18	2	96	7	86	1	26	1	1	rational	weight_504.json
504	18	2	123	7	167	1	27	1	1	rational	weight_504.json
504	18	2	123	7	167	1	28	1	1	rational	weight_504.json
504	18	2	96	7	86	1	29	1	1	rational	weight_504.json
504	18	2	201	7	167	1	30	1	1	rational	weight_504.json
504	18	2	201	7	167	1	31	1	1	rational	weight_504.json
504	18	2	204	7	167	1	32	1	1	rational	weight_504.json
504	18	2	123	7	167	1	33	1	1	rational	weight_504.json
504	18	2	96	7	86	1	34	1	1	rational	weight_504.json
504	18	2	120	7	167	1	35	1	1	rational	weight_504.json
504	18	2	147	7	86	1	36	1	1	rational	weight_504.json
504	18	2	123	7	167	1	37	1	1	rational	weight_504.json
504	18	2	39	7	167	1	38	1	1	rational	weight_504.json
504	18	2	147	7	86	1	39	1	1	rational	weight_504.json
504	18	2	201	7	167	1	40	1	1	rational	weight_504.json
504	18	2	39	7	167	1	41	1	2	rational	weight_504.json
506	20	2	138	7	35	1	1	1	1	rational	weight_506.json
506	20	2	30	7	116	1	2	1	1	rational	weight_506.json
506	20	2	138	7	35	1	3	1	1	rational	weight_506.json
506	20	2	132	7	116	1	4	1	1	rational	weight_506.json
506	20	2	192	7	116	1	5	1	1	rational	weight_506.json
506	20	2	111	7	116	1	6	1	1	rational	weight_506.json
506	20	2	51	7	116	1	7	1	1	rational	weight_506.json
506	20	2	51	7	116	1	8	1	1	rational	weight_506.json
506	20	2	105	7	35	1	9	1	1	rational	weight_506.json
506	20	2	111	7	116	1	10	1	1	rational	weight_506.json
506	20	2	30	7	116	1	11	1	1	rational	weight_506.json
506	20	2	105	7	35	1	12	1	1	rational	weight_506.json
506	20	2	105	7	35	1	13	1	1	rational	weight_506.json
506	20	2	30	7	116	1	14	1	1	rational	weight_506.json
506	20	2	111	7	116	1	15	1	1	rational	weight_506.json
506	20	2	138	7	35	1	16	1	1	rational	weight_506.json
506	20	2	111	7	116	1	17	1	1	rational	weight_506.json
506	20	2	213	7	116	1	18	1	1	rational	weight_506.json
506	20	2	30	7	116	1	19	1	1	rational	weight_506.json
506	20	2	132	7	116	1	20	1	1	rational	weight_506.json
506	20	2	51	7	116	1	21	1	1	rational	weight_506.json
506	20	2	111	7	116	1	22	1	1	rational	weight_506.json
506	20	2	111	7	116	1	23	1	1	rational	weight_506.json
506	20	2	105	7	35	1	24	1	1	rational	weight_506.json
506	20	2	192	7	116	1	25	1	1	rational	weight_506.json
506	20	2	138	7	35	1	26	1	1	rational	weight_506.json
506	20	2	138	7	35	1	27	1	1	rational	weight_506.json
506	20	2	213	7	116	1	28	1	1	rational	weight_506.json
506	20	2	105	7	35	1	29	1	1	rational	weight_506.json
506	20	2	51	7	116	1	30	1	1	rational	weight_506.json
506	20	2	192	7	116	1	31	1	1	rational	weight_506.json
506	20	2	213	7	116	1	32	1	1	rational	weight_506.json
506	20	2	213	7	116	1	33	1	1	rational	weight_506.json
506	20	2	105	7	35	1	34	1	1	rational	weight_506.json
506	20	2	105	7	35	1	35	1	1	rational	weight_506.json
506	20	2	213	7	116	1	36	1	1	rational	weight_506.json
506	20	2	138	7	35	1	37	1	1	rational	weight_506.json
506	20	2	192	7	116	1	38	1	1	rational	weight_506.json
506	20	2	213	7	116	1	39	1	1	rational	weight_506.json
506	20	2	132	7	116	1	40	1	2	rational	weight_506.json
508	22	2	0	7	128	1	1	1	1	rational	weight_508.json
508	22	2	162	7	128	1	2	1	1	rational	weight_508.json
508	22	2	81	7	128	1	3	1	1	rational	weight_508.json
508	22	2	81	7	128	1	4	1	1	rational	weight_508.json
508	22	2	108	7	128	1	5	1	1	rational	weight_508.json
508	22	2	189	7	128	1	6	1	1	rational	weight_508.json
508	22	2	216	7	128	1	7	1	1	rational	weight_508.json
508	22	2	27	7	128	1	8	1	1	rational	weight_508.json
508	22	2	27	7	128	1	9	1	1	rational	weight_508.json
508	22	2	54	7	128	1	10	1	1	rational	weight_508.json
508	22	2	108	7	128	1	11	1	1	rational	weight_508.json
508	22	2	189	7	128	1	12	1	1	rational	weight_508.json
508	22	2	216	7	128	1	13	1	1	rational	weight_508.json
508	22	2	135	7	128	1	14	1	1	rational	weight_508.json
508	22	2	72	7	209	1	15	1	1	rational	weight_508.json
508	22	2	225	7	209	1	16	1	1	rational	weight_508.json
508	22	2	144	7	209	1	17	1	1	rational	weight_508.json
508	22	2	153	7	209	1	18	1	1	rational	weight_508.json
508	22	2	99	7	209	1	19	1	1	rational	weight_508.json
508	22	2	180	7	209	1	20	1	1	rational	weight_508.json
508	22	2	36	7	209	1	21	1	1	rational	weight_508.json
508	22	2	45	7	209	1	22	1	1	rational	weight_508.json
508	22	2	171	7	209	1	23	1	1	rational	weight_508.json
508	22	2	18	7	209	1	24	1	1	rational	weight_508.json
508	22	2	90	7	209	1	25	1	1	rational	weight_508.json
508	22	2	144	7	209	1	26	1	1	rational	weight_508.json
508	22	2	45	7	209	1	27	1	1	rational	weight_508.json
508	22	2	117	7	209	1	28	1	1	rational	weight_508.json
508	22	2	126	7	209	1	29	1	1	rational	weight_508.json
508	22	2	63	7	209	1	30	1	1	rational	weight_508.json
508	22	2	36	7	209	1	31	1	1	rational	weight_508.json
508	22	2	180	7	209	1	32	1	1	rational	weight_508.json
508	22	2	207	7	209	1	33	1	1	rational	weight_508.json
508	22	2	117	7	209	1	34	1	1	rational	weight_508.json
508	22	2	198	7	209	1	35	1	1	rational	weight_508.json
508	22	2	198	7	209	1	36	1	1	rational	weight_508.json
508	22	2	weight_508.json#orbit=1,place=37,coordinate=0	7	weight_508.json#orbit=1,place=37,coordinate=1	1	37	1	2	algebraic	weight_508.json
508	22	2	weight_508.json#orbit=1,place=38,coordinate=0	7	weight_508.json#orbit=1,place=38,coordinate=1	1	38	1	2	algebraic	weight_508.json
508	22	2	weight_508.json#orbit=1,place=39,coordinate=0	7	weight_508.json#orbit=1,place=39,coordinate=1	1	39	1	2	algebraic	weight_508.json
510	24	2	183	7	149	1	1	1	1	rational	weight_510.json
510	24	2	87	7	230	1	2	1	1	rational	weight_510.json
510	24	2	237	7	230	1	3	1	1	rational	weight_510.json
510	24	2	168	7	230	1	4	1	1	rational	weight_510.json
510	24	2	6	7	230	1	5	1	1	rational	weight_510.json
510	24	2	60	7	149	1	6	1	1	rational	weight_510.json
510	24	2	183	7	149	1	7	1	1	rational	weight_510.json
510	24	2	168	7	230	1	8	1	1	rational	weight_510.json
510	24	2	60	7	149	1	9	1	1	rational	weight_510.json
510	24	2	60	7	149	1	10	1	1	rational	weight_510.json
510	24	2	75	7	230	1	11	1	1	rational	weight_510.json
510	24	2	168	7	230	1	12	1	1	rational	weight_510.json
510	24	2	168	7	230	1	13	1	1	rational	weight_510.json
510	24	2	60	7	149	1	14	1	1	rational	weight_510.json
510	24	2	183	7	149	1	15	1	1	rational	weight_510.json
510	24	2	183	7	149	1	16	1	1	rational	weight_510.json
510	24	2	183	7	149	1	17	1	1	rational	weight_510.json
510	24	2	156	7	230	1	18	1	1	rational	weight_510.json
510	24	2	6	7	230	1	19	1	1	rational	weight_510.json
510	24	2	156	7	230	1	20	1	1	rational	weight_510.json
510	24	2	183	7	149	1	21	1	1	rational	weight_510.json
510	24	2	156	7	230	1	22	1	1	rational	weight_510.json
510	24	2	60	7	149	1	23	1	1	rational	weight_510.json
510	24	2	168	7	230	1	24	1	1	rational	weight_510.json
510	24	2	183	7	149	1	25	1	1	rational	weight_510.json
510	24	2	237	7	230	1	26	1	1	rational	weight_510.json
510	24	2	156	7	230	1	27	1	1	rational	weight_510.json
510	24	2	87	7	230	1	28	1	1	rational	weight_510.json
510	24	2	75	7	230	1	29	1	1	rational	weight_510.json
510	24	2	60	7	149	1	30	1	1	rational	weight_510.json
510	24	2	75	7	230	1	31	1	1	rational	weight_510.json
510	24	2	60	7	149	1	32	1	1	rational	weight_510.json
510	24	2	6	7	230	1	33	1	1	rational	weight_510.json
510	24	2	6	7	230	1	34	1	1	rational	weight_510.json
510	24	2	75	7	230	1	35	1	1	rational	weight_510.json
510	24	2	156	7	230	1	36	1	1	rational	weight_510.json
510	24	2	156	7	230	1	37	1	1	rational	weight_510.json
510	24	2	237	7	230	1	38	1	1	rational	weight_510.json
510	24	2	237	7	230	1	39	1	1	rational	weight_510.json
510	24	2	168	7	230	1	40	1	1	rational	weight_510.json
510	24	2	87	7	230	1	41	1	2	rational	weight_510.json
512	26	2	102	7	44	1	1	1	1	rational	weight_512.json
512	26	2	48	7	206	1	2	1	1	rational	weight_512.json
512	26	2	222	7	44	1	3	1	1	rational	weight_512.json
512	26	2	21	7	44	1	4	1	1	rational	weight_512.json
512	26	2	60	7	44	1	5	1	1	rational	weight_512.json
512	26	2	21	7	44	1	6	1	1	rational	weight_512.json
512	26	2	183	7	44	1	7	1	1	rational	weight_512.json
512	26	2	102	7	44	1	8	1	1	rational	weight_512.json
512	26	2	222	7	44	1	9	1	1	rational	weight_512.json
512	26	2	102	7	44	1	10	1	1	rational	weight_512.json
512	26	2	48	7	206	1	11	1	1	rational	weight_512.json
512	26	2	222	7	44	1	12	1	1	rational	weight_512.json
512	26	2	141	7	44	1	13	1	1	rational	weight_512.json
512	26	2	183	7	44	1	14	1	1	rational	weight_512.json
512	26	2	48	7	206	1	15	1	1	rational	weight_512.json
512	26	2	195	7	206	1	16	1	1	rational	weight_512.json
512	26	2	48	7	206	1	17	1	1	rational	weight_512.json
512	26	2	60	7	44	1	18	1	1	rational	weight_512.json
512	26	2	48	7	206	1	19	1	1	rational	weight_512.json
512	26	2	195	7	206	1	20	1	1	rational	weight_512.json
512	26	2	21	7	44	1	21	1	1	rational	weight_512.json
512	26	2	141	7	44	1	22	1	1	rational	weight_512.json
512	26	2	48	7	206	1	23	1	1	rational	weight_512.json
512	26	2	183	7	44	1	24	1	1	rational	weight_512.json
512	26	2	141	7	44	1	25	1	1	rational	weight_512.json
512	26	2	183	7	44	1	26	1	1	rational	weight_512.json
512	26	2	195	7	206	1	27	1	1	rational	weight_512.json
512	26	2	48	7	206	1	28	1	1	rational	weight_512.json
512	26	2	60	7	44	1	29	1	1	rational	weight_512.json
512	26	2	102	7	44	1	30	1	1	rational	weight_512.json
512	26	2	60	7	44	1	31	1	1	rational	weight_512.json
512	26	2	141	7	44	1	32	1	1	rational	weight_512.json
512	26	2	222	7	44	1	33	1	1	rational	weight_512.json
512	26	2	195	7	206	1	34	1	1	rational	weight_512.json
512	26	2	102	7	44	1	35	1	1	rational	weight_512.json
512	26	2	102	7	44	1	36	1	1	rational	weight_512.json
512	26	2	21	7	44	1	37	1	1	rational	weight_512.json
512	26	2	195	7	206	1	38	1	1	rational	weight_512.json
512	26	2	195	7	206	1	39	1	1	rational	weight_512.json
512	26	2	195	7	206	1	40	1	1	rational	weight_512.json
512	26	2	60	7	44	1	41	1	2	rational	weight_512.json
514	28	2	0	7	164	1	1	1	1	rational	weight_514.json
514	28	2	162	7	164	1	2	1	1	rational	weight_514.json
514	28	2	162	7	164	1	3	1	1	rational	weight_514.json
514	28	2	81	7	164	1	4	1	1	rational	weight_514.json
514	28	2	189	7	164	1	5	1	1	rational	weight_514.json
514	28	2	108	7	164	1	6	1	1	rational	weight_514.json
514	28	2	27	7	164	1	7	1	1	rational	weight_514.json
514	28	2	216	7	164	1	8	1	1	rational	weight_514.json
514	28	2	135	7	164	1	9	1	1	rational	weight_514.json
514	28	2	54	7	164	1	10	1	1	rational	weight_514.json
514	28	2	135	7	164	1	11	1	1	rational	weight_514.json
514	28	2	54	7	164	1	12	1	1	rational	weight_514.json
514	28	2	216	7	164	1	13	1	1	rational	weight_514.json
514	28	2	27	7	164	1	14	1	1	rational	weight_514.json
514	28	2	207	7	2	1	15	1	1	rational	weight_514.json
514	28	2	36	7	2	1	16	1	1	rational	weight_514.json
514	28	2	225	7	2	1	17	1	1	rational	weight_514.json
514	28	2	18	7	2	1	18	1	1	rational	weight_514.json
514	28	2	36	7	2	1	19	1	1	rational	weight_514.json
514	28	2	207	7	2	1	20	1	1	rational	weight_514.json
514	28	2	18	7	2	1	21	1	1	rational	weight_514.json
514	28	2	225	7	2	1	22	1	1	rational	weight_514.json
514	28	2	36	7	2	1	23	1	1	rational	weight_514.json
514	28	2	225	7	2	1	24	1	1	rational	weight_514.json
514	28	2	weight_514.json#orbit=1,place=25,coordinate=0	7	weight_514.json#orbit=1,place=25,coordinate=1	1	25	1	2	algebraic	weight_514.json
514	28	2	weight_514.json#orbit=1,place=26,coordinate=0	7	weight_514.json#orbit=1,place=26,coordinate=1	1	26	1	2	algebraic	weight_514.json
514	28	2	weight_514.json#orbit=1,place=27,coordinate=0	7	weight_514.json#orbit=1,place=27,coordinate=1	1	27	1	2	algebraic	weight_514.json
514	28	2	weight_514.json#orbit=1,place=28,coordinate=0	7	weight_514.json#orbit=1,place=28,coordinate=1	1	28	1	2	algebraic	weight_514.json
514	28	2	weight_514.json#orbit=1,place=29,coordinate=0	7	weight_514.json#orbit=1,place=29,coordinate=1	1	29	1	2	algebraic	weight_514.json
514	28	2	weight_514.json#orbit=1,place=30,coordinate=0	7	weight_514.json#orbit=1,place=30,coordinate=1	1	30	1	2	algebraic	weight_514.json
514	28	2	weight_514.json#orbit=1,place=31,coordinate=0	7	weight_514.json#orbit=1,place=31,coordinate=1	1	31	1	2	algebraic	weight_514.json
514	28	2	weight_514.json#orbit=1,place=32,coordinate=0	7	weight_514.json#orbit=1,place=32,coordinate=1	1	32	1	2	algebraic	weight_514.json
514	28	2	weight_514.json#orbit=1,place=33,coordinate=0	7	weight_514.json#orbit=1,place=33,coordinate=1	1	33	1	2	algebraic	weight_514.json
516	30	2	3	7	212	1	1	1	1	rational	weight_516.json
516	30	2	84	7	212	1	2	1	1	rational	weight_516.json
516	30	2	78	7	212	1	3	1	1	rational	weight_516.json
516	30	2	159	7	212	1	4	1	1	rational	weight_516.json
516	30	2	30	7	131	1	5	1	1	rational	weight_516.json
516	30	2	84	7	212	1	6	1	1	rational	weight_516.json
516	30	2	159	7	212	1	7	1	1	rational	weight_516.json
516	30	2	213	7	131	1	8	1	1	rational	weight_516.json
516	30	2	30	7	131	1	9	1	1	rational	weight_516.json
516	30	2	84	7	212	1	10	1	1	rational	weight_516.json
516	30	2	3	7	212	1	11	1	1	rational	weight_516.json
516	30	2	78	7	212	1	12	1	1	rational	weight_516.json
516	30	2	3	7	212	1	13	1	1	rational	weight_516.json
516	30	2	213	7	131	1	14	1	1	rational	weight_516.json
516	30	2	165	7	212	1	15	1	1	rational	weight_516.json
516	30	2	30	7	131	1	16	1	1	rational	weight_516.json
516	30	2	165	7	212	1	17	1	1	rational	weight_516.json
516	30	2	240	7	212	1	18	1	1	rational	weight_516.json
516	30	2	240	7	212	1	19	1	1	rational	weight_516.json
516	30	2	213	7	131	1	20	1	1	rational	weight_516.json
516	30	2	165	7	212	1	21	1	1	rational	weight_516.json
516	30	2	165	7	212	1	22	1	1	rational	weight_516.json
516	30	2	84	7	212	1	23	1	1	rational	weight_516.json
516	30	2	3	7	212	1	24	1	1	rational	weight_516.json
516	30	2	159	7	212	1	25	1	1	rational	weight_516.json
516	30	2	3	7	212	1	26	1	1	rational	weight_516.json
516	30	2	30	7	131	1	27	1	1	rational	weight_516.json
516	30	2	213	7	131	1	28	1	1	rational	weight_516.json
516	30	2	240	7	212	1	29	1	1	rational	weight_516.json
516	30	2	30	7	131	1	30	1	1	rational	weight_516.json
516	30	2	159	7	212	1	31	1	1	rational	weight_516.json
516	30	2	165	7	212	1	32	1	1	rational	weight_516.json
516	30	2	240	7	212	1	33	1	1	rational	weight_516.json
516	30	2	213	7	131	1	34	1	1	rational	weight_516.json
516	30	2	30	7	131	1	35	1	1	rational	weight_516.json
516	30	2	213	7	131	1	36	1	1	rational	weight_516.json
516	30	2	30	7	131	1	37	1	1	rational	weight_516.json
516	30	2	213	7	131	1	38	1	1	rational	weight_516.json
516	30	2	78	7	212	1	39	1	1	rational	weight_516.json
516	30	2	78	7	212	1	40	1	1	rational	weight_516.json
516	30	2	3	7	212	1	41	1	1	rational	weight_516.json
516	30	2	159	7	212	1	42	1	2	rational	weight_516.json
518	32	2	69	7	53	1	1	1	1	rational	weight_518.json
518	32	2	15	7	134	1	2	1	1	rational	weight_518.json
518	32	2	174	7	53	1	3	1	1	rational	weight_518.json
518	32	2	96	7	134	1	4	1	1	rational	weight_518.json
518	32	2	66	7	134	1	5	1	1	rational	weight_518.json
518	32	2	15	7	134	1	6	1	1	rational	weight_518.json
518	32	2	228	7	134	1	7	1	1	rational	weight_518.json
518	32	2	177	7	134	1	8	1	1	rational	weight_518.json
518	32	2	174	7	53	1	9	1	1	rational	weight_518.json
518	32	2	69	7	53	1	10	1	1	rational	weight_518.json
518	32	2	66	7	134	1	11	1	1	rational	weight_518.json
518	32	2	147	7	134	1	12	1	1	rational	weight_518.json
518	32	2	177	7	134	1	13	1	1	rational	weight_518.json
518	32	2	174	7	53	1	14	1	1	rational	weight_518.json
518	32	2	96	7	134	1	15	1	1	rational	weight_518.json
518	32	2	228	7	134	1	16	1	1	rational	weight_518.json
518	32	2	66	7	134	1	17	1	1	rational	weight_518.json
518	32	2	69	7	53	1	18	1	1	rational	weight_518.json
518	32	2	174	7	53	1	19	1	1	rational	weight_518.json
518	32	2	177	7	134	1	20	1	1	rational	weight_518.json
518	32	2	228	7	134	1	21	1	1	rational	weight_518.json
518	32	2	96	7	134	1	22	1	1	rational	weight_518.json
518	32	2	147	7	134	1	23	1	1	rational	weight_518.json
518	32	2	69	7	53	1	24	1	1	rational	weight_518.json
518	32	2	177	7	134	1	25	1	1	rational	weight_518.json
518	32	2	174	7	53	1	26	1	1	rational	weight_518.json
518	32	2	174	7	53	1	27	1	1	rational	weight_518.json
518	32	2	174	7	53	1	28	1	1	rational	weight_518.json
518	32	2	66	7	134	1	29	1	1	rational	weight_518.json
518	32	2	228	7	134	1	30	1	1	rational	weight_518.json
518	32	2	69	7	53	1	31	1	1	rational	weight_518.json
518	32	2	96	7	134	1	32	1	1	rational	weight_518.json
518	32	2	177	7	134	1	33	1	1	rational	weight_518.json
518	32	2	147	7	134	1	34	1	1	rational	weight_518.json
518	32	2	147	7	134	1	35	1	1	rational	weight_518.json
518	32	2	69	7	53	1	36	1	1	rational	weight_518.json
518	32	2	228	7	134	1	37	1	1	rational	weight_518.json
518	32	2	96	7	134	1	38	1	1	rational	weight_518.json
518	32	2	69	7	53	1	39	1	1	rational	weight_518.json
518	32	2	228	7	134	1	40	1	1	rational	weight_518.json
518	32	2	15	7	134	1	41	1	2	rational	weight_518.json
520	34	2	0	7	119	1	1	1	1	rational	weight_520.json
520	34	2	162	7	119	1	2	1	1	rational	weight_520.json
520	34	2	81	7	119	1	3	1	1	rational	weight_520.json
520	34	2	162	7	119	1	4	1	1	rational	weight_520.json
520	34	2	81	7	119	1	5	1	1	rational	weight_520.json
520	34	2	189	7	119	1	6	1	1	rational	weight_520.json
520	34	2	108	7	119	1	7	1	1	rational	weight_520.json
520	34	2	27	7	119	1	8	1	1	rational	weight_520.json
520	34	2	216	7	119	1	9	1	1	rational	weight_520.json
520	34	2	54	7	119	1	10	1	1	rational	weight_520.json
520	34	2	27	7	119	1	11	1	1	rational	weight_520.json
520	34	2	108	7	119	1	12	1	1	rational	weight_520.json
520	34	2	189	7	119	1	13	1	1	rational	weight_520.json
520	34	2	216	7	119	1	14	1	1	rational	weight_520.json
520	34	2	135	7	119	1	15	1	1	rational	weight_520.json
520	34	2	207	7	200	1	16	1	1	rational	weight_520.json
520	34	2	117	7	200	1	17	1	1	rational	weight_520.json
520	34	2	198	7	200	1	18	1	1	rational	weight_520.json
520	34	2	9	7	200	1	19	1	1	rational	weight_520.json
520	34	2	126	7	200	1	20	1	1	rational	weight_520.json
520	34	2	144	7	200	1	21	1	1	rational	weight_520.json
520	34	2	180	7	200	1	22	1	1	rational	weight_520.json
520	34	2	225	7	200	1	23	1	1	rational	weight_520.json
520	34	2	36	7	200	1	24	1	1	rational	weight_520.json
520	34	2	36	7	200	1	25	1	1	rational	weight_520.json
520	34	2	144	7	200	1	26	1	1	rational	weight_520.json
520	34	2	18	7	200	1	27	1	1	rational	weight_520.json
520	34	2	63	7	200	1	28	1	1	rational	weight_520.json
520	34	2	234	7	200	1	29	1	1	rational	weight_520.json
520	34	2	72	7	200	1	30	1	1	rational	weight_520.json
520	34	2	171	7	200	1	31	1	1	rational	weight_520.json
520	34	2	225	7	200	1	32	1	1	rational	weight_520.json
520	34	2	45	7	200	1	33	1	1	rational	weight_520.json
520	34	2	207	7	200	1	34	1	1	rational	weight_520.json
520	34	2	99	7	200	1	35	1	1	rational	weight_520.json
520	34	2	198	7	200	1	36	1	1	rational	weight_520.json
520	34	2	99	7	200	1	37	1	1	rational	weight_520.json
520	34	2	weight_520.json#orbit=1,place=38,coordinate=0	7	weight_520.json#orbit=1,place=38,coordinate=1	1	38	1	2	algebraic	weight_520.json
520	34	2	weight_520.json#orbit=1,place=39,coordinate=0	7	weight_520.json#orbit=1,place=39,coordinate=1	1	39	1	2	algebraic	weight_520.json
520	34	2	weight_520.json#orbit=1,place=40,coordinate=0	7	weight_520.json#orbit=1,place=40,coordinate=1	1	40	1	2	algebraic	weight_520.json
522	36	2	66	7	113	1	1	1	1	rational	weight_522.json
522	36	2	177	7	113	1	2	1	1	rational	weight_522.json
522	36	2	96	7	113	1	3	1	1	rational	weight_522.json
522	36	2	174	7	32	1	4	1	1	rational	weight_522.json
522	36	2	174	7	32	1	5	1	1	rational	weight_522.json
522	36	2	66	7	113	1	6	1	1	rational	weight_522.json
522	36	2	66	7	113	1	7	1	1	rational	weight_522.json
522	36	2	228	7	113	1	8	1	1	rational	weight_522.json
522	36	2	66	7	113	1	9	1	1	rational	weight_522.json
522	36	2	96	7	113	1	10	1	1	rational	weight_522.json
522	36	2	228	7	113	1	11	1	1	rational	weight_522.json
522	36	2	147	7	113	1	12	1	1	rational	weight_522.json
522	36	2	96	7	113	1	13	1	1	rational	weight_522.json
522	36	2	15	7	113	1	14	1	1	rational	weight_522.json
522	36	2	177	7	113	1	15	1	1	rational	weight_522.json
522	36	2	69	7	32	1	16	1	1	rational	weight_522.json
522	36	2	147	7	113	1	17	1	1	rational	weight_522.json
522	36	2	147	7	113	1	18	1	1	rational	weight_522.json
522	36	2	228	7	113	1	19	1	1	rational	weight_522.json
522	36	2	174	7	32	1	20	1	1	rational	weight_522.json
522	36	2	69	7	32	1	21	1	1	rational	weight_522.json
522	36	2	15	7	113	1	22	1	1	rational	weight_522.json
522	36	2	66	7	113	1	23	1	1	rational	weight_522.json
522	36	2	15	7	113	1	24	1	1	rational	weight_522.json
522	36	2	147	7	113	1	25	1	1	rational	weight_522.json
522	36	2	147	7	113	1	26	1	1	rational	weight_522.json
522	36	2	174	7	32	1	27	1	1	rational	weight_522.json
522	36	2	69	7	32	1	28	1	1	rational	weight_522.json
522	36	2	174	7	32	1	29	1	1	rational	weight_522.json
522	36	2	69	7	32	1	30	1	1	rational	weight_522.json
522	36	2	69	7	32	1	31	1	1	rational	weight_522.json
522	36	2	96	7	113	1	32	1	1	rational	weight_522.json
522	36	2	69	7	32	1	33	1	1	rational	weight_522.json
522	36	2	15	7	113	1	34	1	1	rational	weight_522.json
522	36	2	69	7	32	1	35	1	1	rational	weight_522.json
522	36	2	15	7	113	1	36	1	1	rational	weight_522.json
522	36	2	174	7	32	1	37	1	1	rational	weight_522.json
522	36	2	228	7	113	1	38	1	1	rational	weight_522.json
522	36	2	96	7	113	1	39	1	1	rational	weight_522.json
522	36	2	174	7	32	1	40	1	1	rational	weight_522.json
522	36	2	66	7	113	1	41	1	1	rational	weight_522.json
522	36	2	177	7	113	1	42	1	2	rational	weight_522.json
524	38	2	78	7	143	1	1	1	1	rational	weight_524.json
524	38	2	84	7	143	1	2	1	1	rational	weight_524.json
524	38	2	84	7	143	1	3	1	1	rational	weight_524.json
524	38	2	240	7	143	1	4	1	1	rational	weight_524.json
524	38	2	30	7	62	1	5	1	1	rational	weight_524.json
524	38	2	84	7	143	1	6	1	1	rational	weight_524.json
524	38	2	240	7	143	1	7	1	1	rational	weight_524.json
524	38	2	3	7	143	1	8	1	1	rational	weight_524.json
524	38	2	3	7	143	1	9	1	1	rational	weight_524.json
524	38	2	84	7	143	1	10	1	1	rational	weight_524.json
524	38	2	213	7	62	1	11	1	1	rational	weight_524.json
524	38	2	213	7	62	1	12	1	1	rational	weight_524.json
524	38	2	240	7	143	1	13	1	1	rational	weight_524.json
524	38	2	213	7	62	1	14	1	1	rational	weight_524.json
524	38	2	165	7	143	1	15	1	1	rational	weight_524.json
524	38	2	213	7	62	1	16	1	1	rational	weight_524.json
524	38	2	165	7	143	1	17	1	1	rational	weight_524.json
524	38	2	165	7	143	1	18	1	1	rational	weight_524.json
524	38	2	240	7	143	1	19	1	1	rational	weight_524.json
524	38	2	78	7	143	1	20	1	1	rational	weight_524.json
524	38	2	84	7	143	1	21	1	1	rational	weight_524.json
524	38	2	30	7	62	1	22	1	1	rational	weight_524.json
524	38	2	159	7	143	1	23	1	1	rational	weight_524.json
524	38	2	30	7	62	1	24	1	1	rational	weight_524.json
524	38	2	240	7	143	1	25	1	1	rational	weight_524.json
524	38	2	159	7	143	1	26	1	1	rational	weight_524.json
524	38	2	165	7	143	1	27	1	1	rational	weight_524.json
524	38	2	159	7	143	1	28	1	1	rational	weight_524.json
524	38	2	30	7	62	1	29	1	1	rational	weight_524.json
524	38	2	213	7	62	1	30	1	1	rational	weight_524.json
524	38	2	165	7	143	1	31	1	1	rational	weight_524.json
524	38	2	159	7	143	1	32	1	1	rational	weight_524.json
524	38	2	159	7	143	1	33	1	1	rational	weight_524.json
524	38	2	78	7	143	1	34	1	1	rational	weight_524.json
524	38	2	213	7	62	1	35	1	1	rational	weight_524.json
524	38	2	78	7	143	1	36	1	1	rational	weight_524.json
524	38	2	213	7	62	1	37	1	1	rational	weight_524.json
524	38	2	30	7	62	1	38	1	1	rational	weight_524.json
524	38	2	30	7	62	1	39	1	1	rational	weight_524.json
524	38	2	240	7	143	1	40	1	1	rational	weight_524.json
524	38	2	30	7	62	1	41	1	1	rational	weight_524.json
524	38	2	3	7	143	1	42	1	2	rational	weight_524.json
526	40	2	0	7	236	1	1	1	1	rational	weight_526.json
526	40	2	81	7	236	1	2	1	1	rational	weight_526.json
526	40	2	162	7	236	1	3	1	1	rational	weight_526.json
526	40	2	81	7	236	1	4	1	1	rational	weight_526.json
526	40	2	162	7	236	1	5	1	1	rational	weight_526.json
526	40	2	27	7	236	1	6	1	1	rational	weight_526.json
526	40	2	216	7	236	1	7	1	1	rational	weight_526.json
526	40	2	135	7	236	1	8	1	1	rational	weight_526.json
526	40	2	27	7	236	1	9	1	1	rational	weight_526.json
526	40	2	135	7	236	1	10	1	1	rational	weight_526.json
526	40	2	108	7	236	1	11	1	1	rational	weight_526.json
526	40	2	54	7	236	1	12	1	1	rational	weight_526.json
526	40	2	216	7	236	1	13	1	1	rational	weight_526.json
526	40	2	189	7	236	1	14	1	1	rational	weight_526.json
526	40	2	144	7	74	1	15	1	1	rational	weight_526.json
526	40	2	18	7	74	1	16	1	1	rational	weight_526.json
526	40	2	198	7	74	1	17	1	1	rational	weight_526.json
526	40	2	126	7	74	1	18	1	1	rational	weight_526.json
526	40	2	90	7	74	1	19	1	1	rational	weight_526.json
526	40	2	225	7	74	1	20	1	1	rational	weight_526.json
526	40	2	117	7	74	1	21	1	1	rational	weight_526.json
526	40	2	63	7	74	1	22	1	1	rational	weight_526.json
526	40	2	99	7	74	1	23	1	1	rational	weight_526.json
526	40	2	45	7	74	1	24	1	1	rational	weight_526.json
526	40	2	144	7	74	1	25	1	1	rational	weight_526.json
526	40	2	207	7	74	1	26	1	1	rational	weight_526.json
526	40	2	153	7	74	1	27	1	1	rational	weight_526.json
526	40	2	72	7	74	1	28	1	1	rational	weight_526.json
526	40	2	198	7	74	1	29	1	1	rational	weight_526.json
526	40	2	126	7	74	1	30	1	1	rational	weight_526.json
526	40	2	99	7	74	1	31	1	1	rational	weight_526.json
526	40	2	180	7	74	1	32	1	1	rational	weight_526.json
526	40	2	180	7	74	1	33	1	1	rational	weight_526.json
526	40	2	45	7	74	1	34	1	1	rational	weight_526.json
526	40	2	36	7	74	1	35	1	1	rational	weight_526.json
526	40	2	63	7	74	1	36	1	1	rational	weight_526.json
526	40	2	171	7	74	1	37	1	1	rational	weight_526.json
526	40	2	weight_526.json#orbit=1,place=38,coordinate=0	7	weight_526.json#orbit=1,place=38,coordinate=1	1	38	1	2	algebraic	weight_526.json
526	40	2	weight_526.json#orbit=1,place=39,coordinate=0	7	weight_526.json#orbit=1,place=39,coordinate=1	1	39	1	2	algebraic	weight_526.json
526	40	2	weight_526.json#orbit=1,place=40,coordinate=0	7	weight_526.json#orbit=1,place=40,coordinate=1	1	40	1	2	algebraic	weight_526.json
528	42	2	102	7	176	1	1	1	1	rational	weight_528.json
528	42	2	60	7	176	1	2	1	1	rational	weight_528.json
528	42	2	129	7	95	1	3	1	1	rational	weight_528.json
528	42	2	183	7	176	1	4	1	1	rational	weight_528.json
528	42	2	222	7	176	1	5	1	1	rational	weight_528.json
528	42	2	114	7	95	1	6	1	1	rational	weight_528.json
528	42	2	60	7	176	1	7	1	1	rational	weight_528.json
528	42	2	21	7	176	1	8	1	1	rational	weight_528.json
528	42	2	141	7	176	1	9	1	1	rational	weight_528.json
528	42	2	21	7	176	1	10	1	1	rational	weight_528.json
528	42	2	183	7	176	1	11	1	1	rational	weight_528.json
528	42	2	102	7	176	1	12	1	1	rational	weight_528.json
528	42	2	129	7	95	1	13	1	1	rational	weight_528.json
528	42	2	114	7	95	1	14	1	1	rational	weight_528.json
528	42	2	222	7	176	1	15	1	1	rational	weight_528.json
528	42	2	114	7	95	1	16	1	1	rational	weight_528.json
528	42	2	141	7	176	1	17	1	1	rational	weight_528.json
528	42	2	129	7	95	1	18	1	1	rational	weight_528.json
528	42	2	129	7	95	1	19	1	1	rational	weight_528.json
528	42	2	114	7	95	1	20	1	1	rational	weight_528.json
528	42	2	222	7	176	1	21	1	1	rational	weight_528.json
528	42	2	129	7	95	1	22	1	1	rational	weight_528.json
528	42	2	21	7	176	1	23	1	1	rational	weight_528.json
528	42	2	60	7	176	1	24	1	1	rational	weight_528.json
528	42	2	114	7	95	1	25	1	1	rational	weight_528.json
528	42	2	21	7	176	1	26	1	1	rational	weight_528.json
528	42	2	141	7	176	1	27	1	1	rational	weight_528.json
528	42	2	183	7	176	1	28	1	1	rational	weight_528.json
528	42	2	129	7	95	1	29	1	1	rational	weight_528.json
528	42	2	60	7	176	1	30	1	1	rational	weight_528.json
528	42	2	183	7	176	1	31	1	1	rational	weight_528.json
528	42	2	129	7	95	1	32	1	1	rational	weight_528.json
528	42	2	141	7	176	1	33	1	1	rational	weight_528.json
528	42	2	141	7	176	1	34	1	1	rational	weight_528.json
528	42	2	129	7	95	1	35	1	1	rational	weight_528.json
528	42	2	222	7	176	1	36	1	1	rational	weight_528.json
528	42	2	183	7	176	1	37	1	1	rational	weight_528.json
528	42	2	141	7	176	1	38	1	1	rational	weight_528.json
528	42	2	21	7	176	1	39	1	1	rational	weight_528.json
528	42	2	60	7	176	1	40	1	1	rational	weight_528.json
528	42	2	114	7	95	1	41	1	1	rational	weight_528.json
528	42	2	114	7	95	1	42	1	1	rational	weight_528.json
528	42	2	102	7	176	1	43	1	2	rational	weight_528.json
530	44	2	75	7	71	1	1	1	1	rational	weight_530.json
530	44	2	102	7	233	1	2	1	1	rational	weight_530.json
530	44	2	141	7	233	1	3	1	1	rational	weight_530.json
530	44	2	156	7	71	1	4	1	1	rational	weight_530.json
530	44	2	168	7	71	1	5	1	1	rational	weight_530.json
530	44	2	87	7	71	1	6	1	1	rational	weight_530.json
530	44	2	141	7	233	1	7	1	1	rational	weight_530.json
530	44	2	102	7	233	1	8	1	1	rational	weight_530.json
530	44	2	141	7	233	1	9	1	1	rational	weight_530.json
530	44	2	102	7	233	1	10	1	1	rational	weight_530.json
530	44	2	87	7	71	1	11	1	1	rational	weight_530.json
530	44	2	87	7	71	1	12	1	1	rational	weight_530.json
530	44	2	141	7	233	1	13	1	1	rational	weight_530.json
530	44	2	156	7	71	1	14	1	1	rational	weight_530.json
530	44	2	87	7	71	1	15	1	1	rational	weight_530.json
530	44	2	168	7	71	1	16	1	1	rational	weight_530.json
530	44	2	141	7	233	1	17	1	1	rational	weight_530.json
530	44	2	237	7	71	1	18	1	1	rational	weight_530.json
530	44	2	102	7	233	1	19	1	1	rational	weight_530.json
530	44	2	141	7	233	1	20	1	1	rational	weight_530.json
530	44	2	75	7	71	1	21	1	1	rational	weight_530.json
530	44	2	75	7	71	1	22	1	1	rational	weight_530.json
530	44	2	102	7	233	1	23	1	1	rational	weight_530.json
530	44	2	168	7	71	1	24	1	1	rational	weight_530.json
530	44	2	237	7	71	1	25	1	1	rational	weight_530.json
530	44	2	102	7	233	1	26	1	1	rational	weight_530.json
530	44	2	237	7	71	1	27	1	1	rational	weight_530.json
530	44	2	168	7	71	1	28	1	1	rational	weight_530.json
530	44	2	237	7	71	1	29	1	1	rational	weight_530.json
530	44	2	237	7	71	1	30	1	1	rational	weight_530.json
530	44	2	75	7	71	1	31	1	1	rational	weight_530.json
530	44	2	141	7	233	1	32	1	1	rational	weight_530.json
530	44	2	156	7	71	1	33	1	1	rational	weight_530.json
530	44	2	156	7	71	1	34	1	1	rational	weight_530.json
530	44	2	6	7	71	1	35	1	1	rational	weight_530.json
530	44	2	6	7	71	1	36	1	1	rational	weight_530.json
530	44	2	87	7	71	1	37	1	1	rational	weight_530.json
530	44	2	141	7	233	1	38	1	1	rational	weight_530.json
530	44	2	75	7	71	1	39	1	1	rational	weight_530.json
530	44	2	102	7	233	1	40	1	1	rational	weight_530.json
530	44	2	6	7	71	1	41	1	1	rational	weight_530.json
530	44	2	6	7	71	1	42	1	1	rational	weight_530.json
530	44	2	168	7	71	1	43	1	1	rational	weight_530.json
532	46	2	0	7	29	1	1	1	1	rational	weight_532.json
532	46	2	81	7	29	1	2	1	1	rational	weight_532.json
532	46	2	162	7	29	1	3	1	1	rational	weight_532.json
532	46	2	81	7	29	1	4	1	1	rational	weight_532.json
532	46	2	162	7	29	1	5	1	1	rational	weight_532.json
532	46	2	27	7	29	1	6	1	1	rational	weight_532.json
532	46	2	54	7	29	1	7	1	1	rational	weight_532.json
532	46	2	216	7	29	1	8	1	1	rational	weight_532.json
532	46	2	135	7	29	1	9	1	1	rational	weight_532.json
532	46	2	27	7	29	1	10	1	1	rational	weight_532.json
532	46	2	189	7	29	1	11	1	1	rational	weight_532.json
532	46	2	108	7	29	1	12	1	1	rational	weight_532.json
532	46	2	216	7	29	1	13	1	1	rational	weight_532.json
532	46	2	108	7	29	1	14	1	1	rational	weight_532.json
532	46	2	36	7	110	1	15	1	1	rational	weight_532.json
532	46	2	36	7	110	1	16	1	1	rational	weight_532.json
532	46	2	18	7	110	1	17	1	1	rational	weight_532.json
532	46	2	225	7	110	1	18	1	1	rational	weight_532.json
532	46	2	207	7	110	1	19	1	1	rational	weight_532.json
532	46	2	18	7	110	1	20	1	1	rational	weight_532.json
532	46	2	225	7	110	1	21	1	1	rational	weight_532.json
532	46	2	18	7	110	1	22	1	1	rational	weight_532.json
532	46	2	207	7	110	1	23	1	1	rational	weight_532.json
532	46	2	207	7	110	1	24	1	1	rational	weight_532.json
532	46	2	weight_532.json#orbit=1,place=25,coordinate=0	7	weight_532.json#orbit=1,place=25,coordinate=1	1	25	1	2	algebraic	weight_532.json
532	46	2	weight_532.json#orbit=1,place=26,coordinate=0	7	weight_532.json#orbit=1,place=26,coordinate=1	1	26	1	2	algebraic	weight_532.json
532	46	2	weight_532.json#orbit=1,place=27,coordinate=0	7	weight_532.json#orbit=1,place=27,coordinate=1	1	27	1	2	algebraic	weight_532.json
532	46	2	weight_532.json#orbit=1,place=28,coordinate=0	7	weight_532.json#orbit=1,place=28,coordinate=1	1	28	1	2	algebraic	weight_532.json
532	46	2	weight_532.json#orbit=1,place=29,coordinate=0	7	weight_532.json#orbit=1,place=29,coordinate=1	1	29	1	2	algebraic	weight_532.json
532	46	2	weight_532.json#orbit=1,place=30,coordinate=0	7	weight_532.json#orbit=1,place=30,coordinate=1	1	30	1	2	algebraic	weight_532.json
532	46	2	weight_532.json#orbit=1,place=31,coordinate=0	7	weight_532.json#orbit=1,place=31,coordinate=1	1	31	1	2	algebraic	weight_532.json
532	46	2	weight_532.json#orbit=1,place=32,coordinate=0	7	weight_532.json#orbit=1,place=32,coordinate=1	1	32	1	2	algebraic	weight_532.json
532	46	2	weight_532.json#orbit=1,place=33,coordinate=0	7	weight_532.json#orbit=1,place=33,coordinate=1	1	33	1	2	algebraic	weight_532.json
532	46	2	weight_532.json#orbit=1,place=34,coordinate=0	7	weight_532.json#orbit=1,place=34,coordinate=1	1	34	1	2	algebraic	weight_532.json
534	48	2	138	7	77	1	1	1	1	rational	weight_534.json
534	48	2	138	7	77	1	2	1	1	rational	weight_534.json
534	48	2	105	7	77	1	3	1	1	rational	weight_534.json
534	48	2	192	7	158	1	4	1	1	rational	weight_534.json
534	48	2	192	7	158	1	5	1	1	rational	weight_534.json
534	48	2	51	7	158	1	6	1	1	rational	weight_534.json
534	48	2	30	7	158	1	7	1	1	rational	weight_534.json
534	48	2	138	7	77	1	8	1	1	rational	weight_534.json
534	48	2	132	7	158	1	9	1	1	rational	weight_534.json
534	48	2	192	7	158	1	10	1	1	rational	weight_534.json
534	48	2	138	7	77	1	11	1	1	rational	weight_534.json
534	48	2	111	7	158	1	12	1	1	rational	weight_534.json
534	48	2	105	7	77	1	13	1	1	rational	weight_534.json
534	48	2	111	7	158	1	14	1	1	rational	weight_534.json
534	48	2	192	7	158	1	15	1	1	rational	weight_534.json
534	48	2	111	7	158	1	16	1	1	rational	weight_534.json
534	48	2	105	7	77	1	17	1	1	rational	weight_534.json
534	48	2	111	7	158	1	18	1	1	rational	weight_534.json
534	48	2	213	7	158	1	19	1	1	rational	weight_534.json
534	48	2	138	7	77	1	20	1	1	rational	weight_534.json
534	48	2	105	7	77	1	21	1	1	rational	weight_534.json
534	48	2	51	7	158	1	22	1	1	rational	weight_534.json
534	48	2	51	7	158	1	23	1	1	rational	weight_534.json
534	48	2	132	7	158	1	24	1	1	rational	weight_534.json
534	48	2	30	7	158	1	25	1	1	rational	weight_534.json
534	48	2	138	7	77	1	26	1	1	rational	weight_534.json
534	48	2	213	7	158	1	27	1	1	rational	weight_534.json
534	48	2	213	7	158	1	28	1	1	rational	weight_534.json
534	48	2	192	7	158	1	29	1	1	rational	weight_534.json
534	48	2	105	7	77	1	30	1	1	rational	weight_534.json
534	48	2	111	7	158	1	31	1	1	rational	weight_534.json
534	48	2	213	7	158	1	32	1	1	rational	weight_534.json
534	48	2	30	7	158	1	33	1	1	rational	weight_534.json
534	48	2	30	7	158	1	34	1	1	rational	weight_534.json
534	48	2	51	7	158	1	35	1	1	rational	weight_534.json
534	48	2	105	7	77	1	36	1	1	rational	weight_534.json
534	48	2	132	7	158	1	37	1	1	rational	weight_534.json
534	48	2	138	7	77	1	38	1	1	rational	weight_534.json
534	48	2	132	7	158	1	39	1	1	rational	weight_534.json
534	48	2	105	7	77	1	40	1	1	rational	weight_534.json
534	48	2	30	7	158	1	41	1	1	rational	weight_534.json
534	48	2	132	7	158	1	42	1	1	rational	weight_534.json
534	48	2	213	7	158	1	43	1	1	rational	weight_534.json
534	48	2	105	7	77	1	44	1	1	rational	weight_534.json
536	50	2	147	7	80	1	1	1	1	rational	weight_536.json
536	50	2	96	7	80	1	2	1	1	rational	weight_536.json
536	50	2	96	7	80	1	3	1	1	rational	weight_536.json
536	50	2	120	7	161	1	4	1	1	rational	weight_536.json
536	50	2	120	7	161	1	5	1	1	rational	weight_536.json
536	50	2	39	7	161	1	6	1	1	rational	weight_536.json
536	50	2	39	7	161	1	7	1	1	rational	weight_536.json
536	50	2	96	7	80	1	8	1	1	rational	weight_536.json
536	50	2	42	7	161	1	9	1	1	rational	weight_536.json
536	50	2	147	7	80	1	10	1	1	rational	weight_536.json
536	50	2	204	7	161	1	11	1	1	rational	weight_536.json
536	50	2	96	7	80	1	12	1	1	rational	weight_536.json
536	50	2	204	7	161	1	13	1	1	rational	weight_536.json
536	50	2	123	7	161	1	14	1	1	rational	weight_536.json
536	50	2	204	7	161	1	15	1	1	rational	weight_536.json
536	50	2	39	7	161	1	16	1	1	rational	weight_536.json
536	50	2	147	7	80	1	17	1	1	rational	weight_536.json
536	50	2	120	7	161	1	18	1	1	rational	weight_536.json
536	50	2	147	7	80	1	19	1	1	rational	weight_536.json
536	50	2	96	7	80	1	20	1	1	rational	weight_536.json
536	50	2	123	7	161	1	21	1	1	rational	weight_536.json
536	50	2	96	7	80	1	22	1	1	rational	weight_536.json
536	50	2	42	7	161	1	23	1	1	rational	weight_536.json
536	50	2	204	7	161	1	24	1	1	rational	weight_536.json
536	50	2	120	7	161	1	25	1	1	rational	weight_536.json
536	50	2	201	7	161	1	26	1	1	rational	weight_536.json
536	50	2	201	7	161	1	27	1	1	rational	weight_536.json
536	50	2	120	7	161	1	28	1	1	rational	weight_536.json
536	50	2	147	7	80	1	29	1	1	rational	weight_536.json
536	50	2	123	7	161	1	30	1	1	rational	weight_536.json
536	50	2	147	7	80	1	31	1	1	rational	weight_536.json
536	50	2	123	7	161	1	32	1	1	rational	weight_536.json
536	50	2	147	7	80	1	33	1	1	rational	weight_536.json
536	50	2	123	7	161	1	34	1	1	rational	weight_536.json
536	50	2	39	7	161	1	35	1	1	rational	weight_536.json
536	50	2	42	7	161	1	36	1	1	rational	weight_536.json
536	50	2	147	7	80	1	37	1	1	rational	weight_536.json
536	50	2	201	7	161	1	38	1	1	rational	weight_536.json
536	50	2	201	7	161	1	39	1	1	rational	weight_536.json
536	50	2	96	7	80	1	40	1	1	rational	weight_536.json
536	50	2	204	7	161	1	41	1	1	rational	weight_536.json
536	50	2	39	7	161	1	42	1	1	rational	weight_536.json
536	50	2	42	7	161	1	43	1	2	rational	weight_536.json
538	52	2	0	7	227	1	1	1	1	rational	weight_538.json
538	52	2	162	7	227	1	2	1	1	rational	weight_538.json
538	52	2	81	7	227	1	3	1	1	rational	weight_538.json
538	52	2	81	7	227	1	4	1	1	rational	weight_538.json
538	52	2	162	7	227	1	5	1	1	rational	weight_538.json
538	52	2	216	7	227	1	6	1	1	rational	weight_538.json
538	52	2	216	7	227	1	7	1	1	rational	weight_538.json
538	52	2	27	7	227	1	8	1	1	rational	weight_538.json
538	52	2	108	7	227	1	9	1	1	rational	weight_538.json
538	52	2	27	7	227	1	10	1	1	rational	weight_538.json
538	52	2	108	7	227	1	11	1	1	rational	weight_538.json
538	52	2	135	7	227	1	12	1	1	rational	weight_538.json
538	52	2	54	7	227	1	13	1	1	rational	weight_538.json
538	52	2	135	7	227	1	14	1	1	rational	weight_538.json
538	52	2	189	7	227	1	15	1	1	rational	weight_538.json
538	52	2	198	7	65	1	16	1	1	rational	weight_538.json
538	52	2	225	7	65	1	17	1	1	rational	weight_538.json
538	52	2	144	7	65	1	18	1	1	rational	weight_538.json
538	52	2	225	7	65	1	19	1	1	rational	weight_538.json
538	52	2	144	7	65	1	20	1	1	rational	weight_538.json
538	52	2	207	7	65	1	21	1	1	rational	weight_538.json
538	52	2	63	7	65	1	22	1	1	rational	weight_538.json
538	52	2	90	7	65	1	23	1	1	rational	weight_538.json
538	52	2	171	7	65	1	24	1	1	rational	weight_538.json
538	52	2	45	7	65	1	25	1	1	rational	weight_538.json
538	52	2	18	7	65	1	26	1	1	rational	weight_538.json
538	52	2	198	7	65	1	27	1	1	rational	weight_538.json
538	52	2	36	7	65	1	28	1	1	rational	weight_538.json
538	52	2	9	7	65	1	29	1	1	rational	weight_538.json
538	52	2	117	7	65	1	30	1	1	rational	weight_538.json
538	52	2	90	7	65	1	31	1	1	rational	weight_538.json
538	52	2	18	7	65	1	32	1	1	rational	weight_538.json
538	52	2	99	7	65	1	33	1	1	rational	weight_538.json
538	52	2	234	7	65	1	34	1	1	rational	weight_538.json
538	52	2	180	7	65	1	35	1	1	rational	weight_538.json
538	52	2	126	7	65	1	36	1	1	rational	weight_538.json
538	52	2	99	7	65	1	37	1	1	rational	weight_538.json
538	52	2	207	7	65	1	38	1	1	rational	weight_538.json
538	52	2	45	7	65	1	39	1	1	rational	weight_538.json
538	52	2	36	7	65	1	40	1	1	rational	weight_538.json
538	52	2	171	7	65	1	41	1	1	rational	weight_538.json
538	52	2	72	7	65	1	42	1	1	rational	weight_538.json
538	52	2	153	7	65	1	43	1	2	rational	weight_538.json
540	54	2	12	7	59	1	1	1	1	rational	weight_540.json
540	54	2	231	7	59	1	2	1	1	rational	weight_540.json
540	54	2	174	7	59	1	3	1	1	rational	weight_540.json
540	54	2	42	7	221	1	4	1	1	rational	weight_540.json
540	54	2	69	7	59	1	5	1	1	rational	weight_540.json
540	54	2	42	7	221	1	6	1	1	rational	weight_540.json
540	54	2	174	7	59	1	7	1	1	rational	weight_540.json
540	54	2	69	7	59	1	8	1	1	rational	weight_540.json
540	54	2	93	7	59	1	9	1	1	rational	weight_540.json
540	54	2	42	7	221	1	10	1	1	rational	weight_540.json
540	54	2	93	7	59	1	11	1	1	rational	weight_540.json
540	54	2	231	7	59	1	12	1	1	rational	weight_540.json
540	54	2	12	7	59	1	13	1	1	rational	weight_540.json
540	54	2	201	7	221	1	14	1	1	rational	weight_540.json
540	54	2	69	7	59	1	15	1	1	rational	weight_540.json
540	54	2	201	7	221	1	16	1	1	rational	weight_540.json
540	54	2	150	7	59	1	17	1	1	rational	weight_540.json
540	54	2	42	7	221	1	18	1	1	rational	weight_540.json
540	54	2	201	7	221	1	19	1	1	rational	weight_540.json
540	54	2	201	7	221	1	20	1	1	rational	weight_540.json
540	54	2	231	7	59	1	21	1	1	rational	weight_540.json
540	54	2	174	7	59	1	22	1	1	rational	weight_540.json
540	54	2	150	7	59	1	23	1	1	rational	weight_540.json
540	54	2	150	7	59	1	24	1	1	rational	weight_540.json
540	54	2	201	7	221	1	25	1	1	rational	weight_540.json
540	54	2	231	7	59	1	26	1	1	rational	weight_540.json
540	54	2	174	7	59	1	27	1	1	rational	weight_540.json
540	54	2	93	7	59	1	28	1	1	rational	weight_540.json
540	54	2	93	7	59	1	29	1	1	rational	weight_540.json
540	54	2	69	7	59	1	30	1	1	rational	weight_540.json
540	54	2	42	7	221	1	31	1	1	rational	weight_540.json
540	54	2	231	7	59	1	32	1	1	rational	weight_540.json
540	54	2	42	7	221	1	33	1	1	rational	weight_540.json
540	54	2	12	7	59	1	34	1	1	rational	weight_540.json
540	54	2	42	7	221	1	35	1	1	rational	weight_540.json
540	54	2	69	7	59	1	36	1	1	rational	weight_540.json
540	54	2	201	7	221	1	37	1	1	rational	weight_540.json
540	54	2	201	7	221	1	38	1	1	rational	weight_540.json
540	54	2	93	7	59	1	39	1	1	rational	weight_540.json
540	54	2	12	7	59	1	40	1	1	rational	weight_540.json
540	54	2	12	7	59	1	41	1	1	rational	weight_540.json
540	54	2	201	7	221	1	42	1	1	rational	weight_540.json
540	54	2	174	7	59	1	43	1	1	rational	weight_540.json
540	54	2	150	7	59	1	44	1	2	rational	weight_540.json
542	56	2	186	7	170	1	1	1	1	rational	weight_542.json
542	56	2	57	7	170	1	2	1	1	rational	weight_542.json
542	56	2	138	7	170	1	3	1	1	rational	weight_542.json
542	56	2	165	7	89	1	4	1	1	rational	weight_542.json
542	56	2	186	7	170	1	5	1	1	rational	weight_542.json
542	56	2	57	7	170	1	6	1	1	rational	weight_542.json
542	56	2	219	7	170	1	7	1	1	rational	weight_542.json
542	56	2	24	7	170	1	8	1	1	rational	weight_542.json
542	56	2	57	7	170	1	9	1	1	rational	weight_542.json
542	56	2	186	7	170	1	10	1	1	rational	weight_542.json
542	56	2	138	7	170	1	11	1	1	rational	weight_542.json
542	56	2	57	7	170	1	12	1	1	rational	weight_542.json
542	56	2	24	7	170	1	13	1	1	rational	weight_542.json
542	56	2	78	7	89	1	14	1	1	rational	weight_542.json
542	56	2	165	7	89	1	15	1	1	rational	weight_542.json
542	56	2	138	7	170	1	16	1	1	rational	weight_542.json
542	56	2	78	7	89	1	17	1	1	rational	weight_542.json
542	56	2	78	7	89	1	18	1	1	rational	weight_542.json
542	56	2	219	7	170	1	19	1	1	rational	weight_542.json
542	56	2	24	7	170	1	20	1	1	rational	weight_542.json
542	56	2	165	7	89	1	21	1	1	rational	weight_542.json
542	56	2	57	7	170	1	22	1	1	rational	weight_542.json
542	56	2	78	7	89	1	23	1	1	rational	weight_542.json
542	56	2	105	7	170	1	24	1	1	rational	weight_542.json
542	56	2	219	7	170	1	25	1	1	rational	weight_542.json
542	56	2	105	7	170	1	26	1	1	rational	weight_542.json
542	56	2	165	7	89	1	27	1	1	rational	weight_542.json
542	56	2	165	7	89	1	28	1	1	rational	weight_542.json
542	56	2	78	7	89	1	29	1	1	rational	weight_542.json
542	56	2	105	7	170	1	30	1	1	rational	weight_542.json
542	56	2	105	7	170	1	31	1	1	rational	weight_542.json
542	56	2	105	7	170	1	32	1	1	rational	weight_542.json
542	56	2	186	7	170	1	33	1	1	rational	weight_542.json
542	56	2	24	7	170	1	34	1	1	rational	weight_542.json
542	56	2	186	7	170	1	35	1	1	rational	weight_542.json
542	56	2	24	7	170	1	36	1	1	rational	weight_542.json
542	56	2	165	7	89	1	37	1	1	rational	weight_542.json
542	56	2	219	7	170	1	38	1	1	rational	weight_542.json
542	56	2	219	7	170	1	39	1	1	rational	weight_542.json
542	56	2	78	7	89	1	40	1	1	rational	weight_542.json
542	56	2	78	7	89	1	41	1	1	rational	weight_542.json
542	56	2	165	7	89	1	42	1	1	rational	weight_542.json
542	56	2	138	7	170	1	43	1	2	rational	weight_542.json
544	58	2	0	7	101	1	1	1	1	rational	weight_544.json
544	58	2	162	7	101	1	2	1	1	rational	weight_544.json
544	58	2	162	7	101	1	3	1	1	rational	weight_544.json
544	58	2	81	7	101	1	4	1	1	rational	weight_544.json
544	58	2	81	7	101	1	5	1	1	rational	weight_544.json
544	58	2	189	7	101	1	6	1	1	rational	weight_544.json
544	58	2	27	7	101	1	7	1	1	rational	weight_544.json
544	58	2	108	7	101	1	8	1	1	rational	weight_544.json
544	58	2	216	7	101	1	9	1	1	rational	weight_544.json
544	58	2	135	7	101	1	10	1	1	rational	weight_544.json
544	58	2	27	7	101	1	11	1	1	rational	weight_544.json
544	58	2	108	7	101	1	12	1	1	rational	weight_544.json
544	58	2	135	7	101	1	13	1	1	rational	weight_544.json
544	58	2	216	7	101	1	14	1	1	rational	weight_544.json
544	58	2	54	7	101	1	15	1	1	rational	weight_544.json
544	58	2	90	7	182	1	16	1	1	rational	weight_544.json
544	58	2	90	7	182	1	17	1	1	rational	weight_544.json
544	58	2	153	7	182	1	18	1	1	rational	weight_544.json
544	58	2	99	7	182	1	19	1	1	rational	weight_544.json
544	58	2	117	7	182	1	20	1	1	rational	weight_544.json
544	58	2	99	7	182	1	21	1	1	rational	weight_544.json
544	58	2	126	7	182	1	22	1	1	rational	weight_544.json
544	58	2	171	7	182	1	23	1	1	rational	weight_544.json
544	58	2	72	7	182	1	24	1	1	rational	weight_544.json
544	58	2	198	7	182	1	25	1	1	rational	weight_544.json
544	58	2	153	7	182	1	26	1	1	rational	weight_544.json
544	58	2	45	7	182	1	27	1	1	rational	weight_544.json
544	58	2	234	7	182	1	28	1	1	rational	weight_544.json
544	58	2	225	7	182	1	29	1	1	rational	weight_544.json
544	58	2	234	7	182	1	30	1	1	rational	weight_544.json
544	58	2	144	7	182	1	31	1	1	rational	weight_544.json
544	58	2	180	7	182	1	32	1	1	rational	weight_544.json
544	58	2	198	7	182	1	33	1	1	rational	weight_544.json
544	58	2	207	7	182	1	34	1	1	rational	weight_544.json
544	58	2	36	7	182	1	35	1	1	rational	weight_544.json
544	58	2	117	7	182	1	36	1	1	rational	weight_544.json
544	58	2	63	7	182	1	37	1	1	rational	weight_544.json
544	58	2	45	7	182	1	38	1	1	rational	weight_544.json
544	58	2	144	7	182	1	39	1	1	rational	weight_544.json
544	58	2	18	7	182	1	40	1	1	rational	weight_544.json
544	58	2	63	7	182	1	41	1	1	rational	weight_544.json
544	58	2	180	7	182	1	42	1	1	rational	weight_544.json
544	58	2	126	7	182	1	43	1	1	rational	weight_544.json
544	58	2	9	7	182	1	44	1	2	rational	weight_544.json
546	60	2	33	7	122	1	1	1	1	rational	weight_546.json
546	60	2	75	7	41	1	2	1	1	rational	weight_546.json
546	60	2	168	7	41	1	3	1	1	rational	weight_546.json
546	60	2	48	7	122	1	4	1	1	rational	weight_546.json
546	60	2	168	7	41	1	5	1	1	rational	weight_546.json
546	60	2	168	7	41	1	6	1	1	rational	weight_546.json
546	60	2	195	7	122	1	7	1	1	rational	weight_546.json
546	60	2	129	7	122	1	8	1	1	rational	weight_546.json
546	60	2	33	7	122	1	9	1	1	rational	weight_546.json
546	60	2	75	7	41	1	10	1	1	rational	weight_546.json
546	60	2	210	7	122	1	11	1	1	rational	weight_546.json
546	60	2	210	7	122	1	12	1	1	rational	weight_546.json
546	60	2	75	7	41	1	13	1	1	rational	weight_546.json
546	60	2	129	7	122	1	14	1	1	rational	weight_546.json
546	60	2	75	7	41	1	15	1	1	rational	weight_546.json
546	60	2	33	7	122	1	16	1	1	rational	weight_546.json
546	60	2	195	7	122	1	17	1	1	rational	weight_546.json
546	60	2	195	7	122	1	18	1	1	rational	weight_546.json
546	60	2	33	7	122	1	19	1	1	rational	weight_546.json
546	60	2	75	7	41	1	20	1	1	rational	weight_546.json
546	60	2	210	7	122	1	21	1	1	rational	weight_546.json
546	60	2	168	7	41	1	22	1	1	rational	weight_546.json
546	60	2	48	7	122	1	23	1	1	rational	weight_546.json
546	60	2	195	7	122	1	24	1	1	rational	weight_546.json
546	60	2	129	7	122	1	25	1	1	rational	weight_546.json
546	60	2	195	7	122	1	26	1	1	rational	weight_546.json
546	60	2	75	7	41	1	27	1	1	rational	weight_546.json
546	60	2	168	7	41	1	28	1	1	rational	weight_546.json
546	60	2	168	7	41	1	29	1	1	rational	weight_546.json
546	60	2	129	7	122	1	30	1	1	rational	weight_546.json
546	60	2	114	7	122	1	31	1	1	rational	weight_546.json
546	60	2	129	7	122	1	32	1	1	rational	weight_546.json
546	60	2	210	7	122	1	33	1	1	rational	weight_546.json
546	60	2	48	7	122	1	34	1	1	rational	weight_546.json
546	60	2	210	7	122	1	35	1	1	rational	weight_546.json
546	60	2	114	7	122	1	36	1	1	rational	weight_546.json
546	60	2	33	7	122	1	37	1	1	rational	weight_546.json
546	60	2	168	7	41	1	38	1	1	rational	weight_546.json
546	60	2	75	7	41	1	39	1	1	rational	weight_546.json
546	60	2	75	7	41	1	40	1	1	rational	weight_546.json
546	60	2	114	7	122	1	41	1	1	rational	weight_546.json
546	60	2	114	7	122	1	42	1	1	rational	weight_546.json
546	60	2	114	7	122	1	43	1	1	rational	weight_546.json
546	60	2	48	7	122	1	44	1	2	rational	weight_546.json
548	62	2	48	7	98	1	1	1	1	rational	weight_548.json
548	62	2	156	7	17	1	2	1	1	rational	weight_548.json
548	62	2	129	7	98	1	3	1	1	rational	weight_548.json
548	62	2	210	7	98	1	4	1	1	rational	weight_548.json
548	62	2	33	7	98	1	5	1	1	rational	weight_548.json
548	62	2	87	7	17	1	6	1	1	rational	weight_548.json
548	62	2	114	7	98	1	7	1	1	rational	weight_548.json
548	62	2	87	7	17	1	8	1	1	rational	weight_548.json
548	62	2	156	7	17	1	9	1	1	rational	weight_548.json
548	62	2	195	7	98	1	10	1	1	rational	weight_548.json
548	62	2	129	7	98	1	11	1	1	rational	weight_548.json
548	62	2	48	7	98	1	12	1	1	rational	weight_548.json
548	62	2	114	7	98	1	13	1	1	rational	weight_548.json
548	62	2	156	7	17	1	14	1	1	rational	weight_548.json
548	62	2	87	7	17	1	15	1	1	rational	weight_548.json
548	62	2	87	7	17	1	16	1	1	rational	weight_548.json
548	62	2	48	7	98	1	17	1	1	rational	weight_548.json
548	62	2	156	7	17	1	18	1	1	rational	weight_548.json
548	62	2	156	7	17	1	19	1	1	rational	weight_548.json
548	62	2	210	7	98	1	20	1	1	rational	weight_548.json
548	62	2	48	7	98	1	21	1	1	rational	weight_548.json
548	62	2	33	7	98	1	22	1	1	rational	weight_548.json
548	62	2	210	7	98	1	23	1	1	rational	weight_548.json
548	62	2	195	7	98	1	24	1	1	rational	weight_548.json
548	62	2	129	7	98	1	25	1	1	rational	weight_548.json
548	62	2	87	7	17	1	26	1	1	rational	weight_548.json
548	62	2	129	7	98	1	27	1	1	rational	weight_548.json
548	62	2	33	7	98	1	28	1	1	rational	weight_548.json
548	62	2	195	7	98	1	29	1	1	rational	weight_548.json
548	62	2	114	7	98	1	30	1	1	rational	weight_548.json
548	62	2	129	7	98	1	31	1	1	rational	weight_548.json
548	62	2	48	7	98	1	32	1	1	rational	weight_548.json
548	62	2	210	7	98	1	33	1	1	rational	weight_548.json
548	62	2	87	7	17	1	34	1	1	rational	weight_548.json
548	62	2	156	7	17	1	35	1	1	rational	weight_548.json
548	62	2	210	7	98	1	36	1	1	rational	weight_548.json
548	62	2	114	7	98	1	37	1	1	rational	weight_548.json
548	62	2	114	7	98	1	38	1	1	rational	weight_548.json
548	62	2	195	7	98	1	39	1	1	rational	weight_548.json
548	62	2	33	7	98	1	40	1	1	rational	weight_548.json
548	62	2	87	7	17	1	41	1	1	rational	weight_548.json
548	62	2	87	7	17	1	42	1	1	rational	weight_548.json
548	62	2	33	7	98	1	43	1	1	rational	weight_548.json
548	62	2	195	7	98	1	44	1	1	rational	weight_548.json
548	62	2	156	7	17	1	45	1	1	rational	weight_548.json
550	64	2	0	7	137	1	1	1	1	rational	weight_550.json
550	64	2	81	7	137	1	2	1	1	rational	weight_550.json
550	64	2	162	7	137	1	3	1	1	rational	weight_550.json
550	64	2	81	7	137	1	4	1	1	rational	weight_550.json
550	64	2	162	7	137	1	5	1	1	rational	weight_550.json
550	64	2	27	7	137	1	6	1	1	rational	weight_550.json
550	64	2	216	7	137	1	7	1	1	rational	weight_550.json
550	64	2	135	7	137	1	8	1	1	rational	weight_550.json
550	64	2	54	7	137	1	9	1	1	rational	weight_550.json
550	64	2	108	7	137	1	10	1	1	rational	weight_550.json
550	64	2	108	7	137	1	11	1	1	rational	weight_550.json
550	64	2	135	7	137	1	12	1	1	rational	weight_550.json
550	64	2	27	7	137	1	13	1	1	rational	weight_550.json
550	64	2	216	7	137	1	14	1	1	rational	weight_550.json
550	64	2	189	7	137	1	15	1	1	rational	weight_550.json
550	64	2	225	7	218	1	16	1	1	rational	weight_550.json
550	64	2	36	7	218	1	17	1	1	rational	weight_550.json
550	64	2	207	7	218	1	18	1	1	rational	weight_550.json
550	64	2	207	7	218	1	19	1	1	rational	weight_550.json
550	64	2	225	7	218	1	20	1	1	rational	weight_550.json
550	64	2	18	7	218	1	21	1	1	rational	weight_550.json
550	64	2	207	7	218	1	22	1	1	rational	weight_550.json
550	64	2	18	7	218	1	23	1	1	rational	weight_550.json
550	64	2	18	7	218	1	24	1	1	rational	weight_550.json
550	64	2	36	7	218	1	25	1	1	rational	weight_550.json
550	64	2	weight_550.json#orbit=1,place=26,coordinate=0	7	weight_550.json#orbit=1,place=26,coordinate=1	1	26	1	2	algebraic	weight_550.json
550	64	2	weight_550.json#orbit=1,place=27,coordinate=0	7	weight_550.json#orbit=1,place=27,coordinate=1	1	27	1	2	algebraic	weight_550.json
550	64	2	weight_550.json#orbit=1,place=28,coordinate=0	7	weight_550.json#orbit=1,place=28,coordinate=1	1	28	1	2	algebraic	weight_550.json
550	64	2	weight_550.json#orbit=1,place=29,coordinate=0	7	weight_550.json#orbit=1,place=29,coordinate=1	1	29	1	2	algebraic	weight_550.json
550	64	2	weight_550.json#orbit=1,place=30,coordinate=0	7	weight_550.json#orbit=1,place=30,coordinate=1	1	30	1	2	algebraic	weight_550.json
550	64	2	weight_550.json#orbit=1,place=31,coordinate=0	7	weight_550.json#orbit=1,place=31,coordinate=1	1	31	1	2	algebraic	weight_550.json
550	64	2	weight_550.json#orbit=1,place=32,coordinate=0	7	weight_550.json#orbit=1,place=32,coordinate=1	1	32	1	2	algebraic	weight_550.json
550	64	2	weight_550.json#orbit=1,place=33,coordinate=0	7	weight_550.json#orbit=1,place=33,coordinate=1	1	33	1	2	algebraic	weight_550.json
550	64	2	weight_550.json#orbit=1,place=34,coordinate=0	7	weight_550.json#orbit=1,place=34,coordinate=1	1	34	1	2	algebraic	weight_550.json
550	64	2	weight_550.json#orbit=1,place=35,coordinate=0	7	weight_550.json#orbit=1,place=35,coordinate=1	1	35	1	2	algebraic	weight_550.json
552	66	2	57	7	104	1	1	1	1	rational	weight_552.json
552	66	2	138	7	104	1	2	1	1	rational	weight_552.json
552	66	2	57	7	104	1	3	1	1	rational	weight_552.json
552	66	2	138	7	104	1	4	1	1	rational	weight_552.json
552	66	2	57	7	104	1	5	1	1	rational	weight_552.json
552	66	2	3	7	23	1	6	1	1	rational	weight_552.json
552	66	2	57	7	104	1	7	1	1	rational	weight_552.json
552	66	2	240	7	23	1	8	1	1	rational	weight_552.json
552	66	2	186	7	104	1	9	1	1	rational	weight_552.json
552	66	2	240	7	23	1	10	1	1	rational	weight_552.json
552	66	2	3	7	23	1	11	1	1	rational	weight_552.json
552	66	2	24	7	104	1	12	1	1	rational	weight_552.json
552	66	2	105	7	104	1	13	1	1	rational	weight_552.json
552	66	2	3	7	23	1	14	1	1	rational	weight_552.json
552	66	2	240	7	23	1	15	1	1	rational	weight_552.json
552	66	2	57	7	104	1	16	1	1	rational	weight_552.json
552	66	2	3	7	23	1	17	1	1	rational	weight_552.json
552	66	2	240	7	23	1	18	1	1	rational	weight_552.json
552	66	2	240	7	23	1	19	1	1	rational	weight_552.json
552	66	2	219	7	104	1	20	1	1	rational	weight_552.json
552	66	2	240	7	23	1	21	1	1	rational	weight_552.json
552	66	2	219	7	104	1	22	1	1	rational	weight_552.json
552	66	2	219	7	104	1	23	1	1	rational	weight_552.json
552	66	2	105	7	104	1	24	1	1	rational	weight_552.json
552	66	2	138	7	104	1	25	1	1	rational	weight_552.json
552	66	2	186	7	104	1	26	1	1	rational	weight_552.json
552	66	2	3	7	23	1	27	1	1	rational	weight_552.json
552	66	2	105	7	104	1	28	1	1	rational	weight_552.json
552	66	2	186	7	104	1	29	1	1	rational	weight_552.json
552	66	2	219	7	104	1	30	1	1	rational	weight_552.json
552	66	2	186	7	104	1	31	1	1	rational	weight_552.json
552	66	2	24	7	104	1	32	1	1	rational	weight_552.json
552	66	2	240	7	23	1	33	1	1	rational	weight_552.json
552	66	2	105	7	104	1	34	1	1	rational	weight_552.json
552	66	2	240	7	23	1	35	1	1	rational	weight_552.json
552	66	2	57	7	104	1	36	1	1	rational	weight_552.json
552	66	2	186	7	104	1	37	1	1	rational	weight_552.json
552	66	2	24	7	104	1	38	1	1	rational	weight_552.json
552	66	2	219	7	104	1	39	1	1	rational	weight_552.json
552	66	2	3	7	23	1	40	1	1	rational	weight_552.json
552	66	2	3	7	23	1	41	1	1	rational	weight_552.json
552	66	2	138	7	104	1	42	1	1	rational	weight_552.json
552	66	2	138	7	104	1	43	1	1	rational	weight_552.json
552	66	2	24	7	104	1	44	1	1	rational	weight_552.json
552	66	2	105	7	104	1	45	1	1	rational	weight_552.json
552	66	2	24	7	104	1	46	1	1	rational	weight_552.json
554	68	2	93	7	188	1	1	1	1	rational	weight_554.json
554	68	2	93	7	188	1	2	1	1	rational	weight_554.json
554	68	2	120	7	107	1	3	1	1	rational	weight_554.json
554	68	2	123	7	107	1	4	1	1	rational	weight_554.json
554	68	2	231	7	188	1	5	1	1	rational	weight_554.json
554	68	2	231	7	188	1	6	1	1	rational	weight_554.json
554	68	2	123	7	107	1	7	1	1	rational	weight_554.json
554	68	2	12	7	188	1	8	1	1	rational	weight_554.json
554	68	2	120	7	107	1	9	1	1	rational	weight_554.json
554	68	2	150	7	188	1	10	1	1	rational	weight_554.json
554	68	2	69	7	188	1	11	1	1	rational	weight_554.json
554	68	2	123	7	107	1	12	1	1	rational	weight_554.json
554	68	2	120	7	107	1	13	1	1	rational	weight_554.json
554	68	2	120	7	107	1	14	1	1	rational	weight_554.json
554	68	2	174	7	188	1	15	1	1	rational	weight_554.json
554	68	2	123	7	107	1	16	1	1	rational	weight_554.json
554	68	2	150	7	188	1	17	1	1	rational	weight_554.json
554	68	2	120	7	107	1	18	1	1	rational	weight_554.json
554	68	2	12	7	188	1	19	1	1	rational	weight_554.json
554	68	2	123	7	107	1	20	1	1	rational	weight_554.json
554	68	2	12	7	188	1	21	1	1	rational	weight_554.json
554	68	2	69	7	188	1	22	1	1	rational	weight_554.json
554	68	2	69	7	188	1	23	1	1	rational	weight_554.json
554	68	2	231	7	188	1	24	1	1	rational	weight_554.json
554	68	2	93	7	188	1	25	1	1	rational	weight_554.json
554	68	2	150	7	188	1	26	1	1	rational	weight_554.json
554	68	2	174	7	188	1	27	1	1	rational	weight_554.json
554	68	2	93	7	188	1	28	1	1	rational	weight_554.json
554	68	2	120	7	107	1	29	1	1	rational	weight_554.json
554	68	2	93	7	188	1	30	1	1	rational	weight_554.json
554	68	2	150	7	188	1	31	1	1	rational	weight_554.json
554	68	2	69	7	188	1	32	1	1	rational	weight_554.json
554	68	2	123	7	107	1	33	1	1	rational	weight_554.json
554	68	2	123	7	107	1	34	1	1	rational	weight_554.json
554	68	2	150	7	188	1	35	1	1	rational	weight_554.json
554	68	2	174	7	188	1	36	1	1	rational	weight_554.json
554	68	2	231	7	188	1	37	1	1	rational	weight_554.json
554	68	2	120	7	107	1	38	1	1	rational	weight_554.json
554	68	2	231	7	188	1	39	1	1	rational	weight_554.json
554	68	2	12	7	188	1	40	1	1	rational	weight_554.json
554	68	2	120	7	107	1	41	1	1	rational	weight_554.json
554	68	2	12	7	188	1	42	1	1	rational	weight_554.json
554	68	2	174	7	188	1	43	1	1	rational	weight_554.json
554	68	2	69	7	188	1	44	1	2	rational	weight_554.json
556	70	2	0	7	92	1	1	1	1	rational	weight_556.json
556	70	2	162	7	92	1	2	1	1	rational	weight_556.json
556	70	2	81	7	92	1	3	1	1	rational	weight_556.json
556	70	2	162	7	92	1	4	1	1	rational	weight_556.json
556	70	2	81	7	92	1	5	1	1	rational	weight_556.json
556	70	2	135	7	92	1	6	1	1	rational	weight_556.json
556	70	2	189	7	92	1	7	1	1	rational	weight_556.json
556	70	2	216	7	92	1	8	1	1	rational	weight_556.json
556	70	2	27	7	92	1	9	1	1	rational	weight_556.json
556	70	2	216	7	92	1	10	1	1	rational	weight_556.json
556	70	2	54	7	92	1	11	1	1	rational	weight_556.json
556	70	2	135	7	92	1	12	1	1	rational	weight_556.json
556	70	2	54	7	92	1	13	1	1	rational	weight_556.json
556	70	2	27	7	92	1	14	1	1	rational	weight_556.json
556	70	2	108	7	92	1	15	1	1	rational	weight_556.json
556	70	2	108	7	92	1	16	1	1	rational	weight_556.json
556	70	2	9	7	173	1	17	1	1	rational	weight_556.json
556	70	2	45	7	173	1	18	1	1	rational	weight_556.json
556	70	2	36	7	173	1	19	1	1	rational	weight_556.json
556	70	2	18	7	173	1	20	1	1	rational	weight_556.json
556	70	2	234	7	173	1	21	1	1	rational	weight_556.json
556	70	2	144	7	173	1	22	1	1	rational	weight_556.json
556	70	2	63	7	173	1	23	1	1	rational	weight_556.json
556	70	2	207	7	173	1	24	1	1	rational	weight_556.json
556	70	2	180	7	173	1	25	1	1	rational	weight_556.json
556	70	2	99	7	173	1	26	1	1	rational	weight_556.json
556	70	2	126	7	173	1	27	1	1	rational	weight_556.json
556	70	2	36	7	173	1	28	1	1	rational	weight_556.json
556	70	2	198	7	173	1	29	1	1	rational	weight_556.json
556	70	2	207	7	173	1	30	1	1	rational	weight_556.json
556	70	2	72	7	173	1	31	1	1	rational	weight_556.json
556	70	2	99	7	173	1	32	1	1	rational	weight_556.json
556	70	2	117	7	173	1	33	1	1	rational	weight_556.json
556	70	2	171	7	173	1	34	1	1	rational	weight_556.json
556	70	2	198	7	173	1	35	1	1	rational	weight_556.json
556	70	2	18	7	173	1	36	1	1	rational	weight_556.json
556	70	2	225	7	173	1	37	1	1	rational	weight_556.json
556	70	2	144	7	173	1	38	1	1	rational	weight_556.json
556	70	2	45	7	173	1	39	1	1	rational	weight_556.json
556	70	2	225	7	173	1	40	1	1	rational	weight_556.json
556	70	2	weight_556.json#orbit=1,place=41,coordinate=0	7	weight_556.json#orbit=1,place=41,coordinate=1	1	41	1	2	algebraic	weight_556.json
556	70	2	weight_556.json#orbit=1,place=42,coordinate=0	7	weight_556.json#orbit=1,place=42,coordinate=1	1	42	1	2	algebraic	weight_556.json
556	70	2	weight_556.json#orbit=1,place=43,coordinate=0	7	weight_556.json#orbit=1,place=43,coordinate=1	1	43	1	2	algebraic	weight_556.json
558	72	2	204	7	5	1	1	1	1	rational	weight_558.json
558	72	2	228	7	167	1	2	1	1	rational	weight_558.json
558	72	2	228	7	167	1	3	1	1	rational	weight_558.json
558	72	2	201	7	5	1	4	1	1	rational	weight_558.json
558	72	2	120	7	5	1	5	1	1	rational	weight_558.json
558	72	2	204	7	5	1	6	1	1	rational	weight_558.json
558	72	2	201	7	5	1	7	1	1	rational	weight_558.json
558	72	2	39	7	5	1	8	1	1	rational	weight_558.json
558	72	2	39	7	5	1	9	1	1	rational	weight_558.json
558	72	2	228	7	167	1	10	1	1	rational	weight_558.json
558	72	2	42	7	5	1	11	1	1	rational	weight_558.json
558	72	2	204	7	5	1	12	1	1	rational	weight_558.json
558	72	2	123	7	5	1	13	1	1	rational	weight_558.json
558	72	2	204	7	5	1	14	1	1	rational	weight_558.json
558	72	2	201	7	5	1	15	1	1	rational	weight_558.json
558	72	2	123	7	5	1	16	1	1	rational	weight_558.json
558	72	2	15	7	167	1	17	1	1	rational	weight_558.json
558	72	2	123	7	5	1	18	1	1	rational	weight_558.json
558	72	2	15	7	167	1	19	1	1	rational	weight_558.json
558	72	2	120	7	5	1	20	1	1	rational	weight_558.json
558	72	2	120	7	5	1	21	1	1	rational	weight_558.json
558	72	2	201	7	5	1	22	1	1	rational	weight_558.json
558	72	2	42	7	5	1	23	1	1	rational	weight_558.json
558	72	2	228	7	167	1	24	1	1	rational	weight_558.json
558	72	2	15	7	167	1	25	1	1	rational	weight_558.json
558	72	2	228	7	167	1	26	1	1	rational	weight_558.json
558	72	2	15	7	167	1	27	1	1	rational	weight_558.json
558	72	2	39	7	5	1	28	1	1	rational	weight_558.json
558	72	2	42	7	5	1	29	1	1	rational	weight_558.json
558	72	2	39	7	5	1	30	1	1	rational	weight_558.json
558	72	2	201	7	5	1	31	1	1	rational	weight_558.json
558	72	2	123	7	5	1	32	1	1	rational	weight_558.json
558	72	2	39	7	5	1	33	1	1	rational	weight_558.json
558	72	2	42	7	5	1	34	1	1	rational	weight_558.json
558	72	2	39	7	5	1	35	1	1	rational	weight_558.json
558	72	2	228	7	167	1	36	1	1	rational	weight_558.json
558	72	2	228	7	167	1	37	1	1	rational	weight_558.json
558	72	2	15	7	167	1	38	1	1	rational	weight_558.json
558	72	2	15	7	167	1	39	1	1	rational	weight_558.json
558	72	2	120	7	5	1	40	1	1	rational	weight_558.json
558	72	2	204	7	5	1	41	1	1	rational	weight_558.json
558	72	2	228	7	167	1	42	1	1	rational	weight_558.json
558	72	2	42	7	5	1	43	1	1	rational	weight_558.json
558	72	2	15	7	167	1	44	1	1	rational	weight_558.json
558	72	2	123	7	5	1	45	1	2	rational	weight_558.json
560	74	2	51	7	197	1	1	1	1	rational	weight_560.json
560	74	2	111	7	197	1	2	1	1	rational	weight_560.json
560	74	2	213	7	197	1	3	1	1	rational	weight_560.json
560	74	2	186	7	116	1	4	1	1	rational	weight_560.json
560	74	2	57	7	116	1	5	1	1	rational	weight_560.json
560	74	2	192	7	197	1	6	1	1	rational	weight_560.json
560	74	2	186	7	116	1	7	1	1	rational	weight_560.json
560	74	2	51	7	197	1	8	1	1	rational	weight_560.json
560	74	2	51	7	197	1	9	1	1	rational	weight_560.json
560	74	2	111	7	197	1	10	1	1	rational	weight_560.json
560	74	2	57	7	116	1	11	1	1	rational	weight_560.json
560	74	2	57	7	116	1	12	1	1	rational	weight_560.json
560	74	2	186	7	116	1	13	1	1	rational	weight_560.json
560	74	2	213	7	197	1	14	1	1	rational	weight_560.json
560	74	2	132	7	197	1	15	1	1	rational	weight_560.json
560	74	2	57	7	116	1	16	1	1	rational	weight_560.json
560	74	2	57	7	116	1	17	1	1	rational	weight_560.json
560	74	2	51	7	197	1	18	1	1	rational	weight_560.json
560	74	2	192	7	197	1	19	1	1	rational	weight_560.json
560	74	2	213	7	197	1	20	1	1	rational	weight_560.json
560	74	2	186	7	116	1	21	1	1	rational	weight_560.json
560	74	2	57	7	116	1	22	1	1	rational	weight_560.json
560	74	2	111	7	197	1	23	1	1	rational	weight_560.json
560	74	2	30	7	197	1	24	1	1	rational	weight_560.json
560	74	2	111	7	197	1	25	1	1	rational	weight_560.json
560	74	2	186	7	116	1	26	1	1	rational	weight_560.json
560	74	2	192	7	197	1	27	1	1	rational	weight_560.json
560	74	2	30	7	197	1	28	1	1	rational	weight_560.json
560	74	2	57	7	116	1	29	1	1	rational	weight_560.json
560	74	2	132	7	197	1	30	1	1	rational	weight_560.json
560	74	2	51	7	197	1	31	1	1	rational	weight_560.json
560	74	2	30	7	197	1	32	1	1	rational	weight_560.json
560	74	2	51	7	197	1	33	1	1	rational	weight_560.json
560	74	2	132	7	197	1	34	1	1	rational	weight_560.json
560	74	2	213	7	197	1	35	1	1	rational	weight_560.json
560	74	2	186	7	116	1	36	1	1	rational	weight_560.json
560	74	2	192	7	197	1	37	1	1	rational	weight_560.json
560	74	2	132	7	197	1	38	1	1	rational	weight_560.json
560	74	2	192	7	197	1	39	1	1	rational	weight_560.json
560	74	2	186	7	116	1	40	1	1	rational	weight_560.json
560	74	2	186	7	116	1	41	1	1	rational	weight_560.json
560	74	2	30	7	197	1	42	1	1	rational	weight_560.json
560	74	2	132	7	197	1	43	1	1	rational	weight_560.json
560	74	2	111	7	197	1	44	1	1	rational	weight_560.json
560	74	2	30	7	197	1	45	1	2	rational	weight_560.json
562	76	2	0	7	209	1	1	1	1	rational	weight_562.json
562	76	2	81	7	209	1	2	1	1	rational	weight_562.json
562	76	2	81	7	209	1	3	1	1	rational	weight_562.json
562	76	2	162	7	209	1	4	1	1	rational	weight_562.json
562	76	2	162	7	209	1	5	1	1	rational	weight_562.json
562	76	2	108	7	209	1	6	1	1	rational	weight_562.json
562	76	2	27	7	209	1	7	1	1	rational	weight_562.json
562	76	2	189	7	209	1	8	1	1	rational	weight_562.json
562	76	2	189	7	209	1	9	1	1	rational	weight_562.json
562	76	2	216	7	209	1	10	1	1	rational	weight_562.json
562	76	2	54	7	209	1	11	1	1	rational	weight_562.json
562	76	2	216	7	209	1	12	1	1	rational	weight_562.json
562	76	2	108	7	209	1	13	1	1	rational	weight_562.json
562	76	2	27	7	209	1	14	1	1	rational	weight_562.json
562	76	2	135	7	209	1	15	1	1	rational	weight_562.json
562	76	2	180	7	47	1	16	1	1	rational	weight_562.json
562	76	2	45	7	47	1	17	1	1	rational	weight_562.json
562	76	2	207	7	47	1	18	1	1	rational	weight_562.json
562	76	2	99	7	47	1	19	1	1	rational	weight_562.json
562	76	2	198	7	47	1	20	1	1	rational	weight_562.json
562	76	2	180	7	47	1	21	1	1	rational	weight_562.json
562	76	2	144	7	47	1	22	1	1	rational	weight_562.json
562	76	2	144	7	47	1	23	1	1	rational	weight_562.json
562	76	2	36	7	47	1	24	1	1	rational	weight_562.json
562	76	2	63	7	47	1	25	1	1	rational	weight_562.json
562	76	2	171	7	47	1	26	1	1	rational	weight_562.json
562	76	2	99	7	47	1	27	1	1	rational	weight_562.json
562	76	2	36	7	47	1	28	1	1	rational	weight_562.json
562	76	2	126	7	47	1	29	1	1	rational	weight_562.json
562	76	2	63	7	47	1	30	1	1	rational	weight_562.json
562	76	2	72	7	47	1	31	1	1	rational	weight_562.json
562	76	2	126	7	47	1	32	1	1	rational	weight_562.json
562	76	2	225	7	47	1	33	1	1	rational	weight_562.json
562	76	2	153	7	47	1	34	1	1	rational	weight_562.json
562	76	2	45	7	47	1	35	1	1	rational	weight_562.json
562	76	2	18	7	47	1	36	1	1	rational	weight_562.json
562	76	2	117	7	47	1	37	1	1	rational	weight_562.json
562	76	2	90	7	47	1	38	1	1	rational	weight_562.json
562	76	2	198	7	47	1	39	1	1	rational	weight_562.json
562	76	2	117	7	47	1	40	1	1	rational	weight_562.json
562	76	2	weight_562.json#orbit=1,place=41,coordinate=0	7	weight_562.json#orbit=1,place=41,coordinate=1	1	41	1	2	algebraic	weight_562.json
562	76	2	weight_562.json#orbit=1,place=42,coordinate=0	7	weight_562.json#orbit=1,place=42,coordinate=1	1	42	1	2	algebraic	weight_562.json
562	76	2	weight_562.json#orbit=1,place=43,coordinate=0	7	weight_562.json#orbit=1,place=43,coordinate=1	1	43	1	2	algebraic	weight_562.json
564	78	2	222	7	230	1	1	1	1	rational	weight_564.json
564	78	2	6	7	68	1	2	1	1	rational	weight_564.json
564	78	2	87	7	68	1	3	1	1	rational	weight_564.json
564	78	2	6	7	68	1	4	1	1	rational	weight_564.json
564	78	2	156	7	68	1	5	1	1	rational	weight_564.json
564	78	2	6	7	68	1	6	1	1	rational	weight_564.json
564	78	2	75	7	68	1	7	1	1	rational	weight_564.json
564	78	2	156	7	68	1	8	1	1	rational	weight_564.json
564	78	2	6	7	68	1	9	1	1	rational	weight_564.json
564	78	2	222	7	230	1	10	1	1	rational	weight_564.json
564	78	2	75	7	68	1	11	1	1	rational	weight_564.json
564	78	2	222	7	230	1	12	1	1	rational	weight_564.json
564	78	2	87	7	68	1	13	1	1	rational	weight_564.json
564	78	2	75	7	68	1	14	1	1	rational	weight_564.json
564	78	2	87	7	68	1	15	1	1	rational	weight_564.json
564	78	2	156	7	68	1	16	1	1	rational	weight_564.json
564	78	2	168	7	68	1	17	1	1	rational	weight_564.json
564	78	2	222	7	230	1	18	1	1	rational	weight_564.json
564	78	2	237	7	68	1	19	1	1	rational	weight_564.json
564	78	2	237	7	68	1	20	1	1	rational	weight_564.json
564	78	2	21	7	230	1	21	1	1	rational	weight_564.json
564	78	2	21	7	230	1	22	1	1	rational	weight_564.json
564	78	2	168	7	68	1	23	1	1	rational	weight_564.json
564	78	2	222	7	230	1	24	1	1	rational	weight_564.json
564	78	2	87	7	68	1	25	1	1	rational	weight_564.json
564	78	2	75	7	68	1	26	1	1	rational	weight_564.json
564	78	2	21	7	230	1	27	1	1	rational	weight_564.json
564	78	2	21	7	230	1	28	1	1	rational	weight_564.json
564	78	2	21	7	230	1	29	1	1	rational	weight_564.json
564	78	2	168	7	68	1	30	1	1	rational	weight_564.json
564	78	2	75	7	68	1	31	1	1	rational	weight_564.json
564	78	2	237	7	68	1	32	1	1	rational	weight_564.json
564	78	2	156	7	68	1	33	1	1	rational	weight_564.json
564	78	2	237	7	68	1	34	1	1	rational	weight_564.json
564	78	2	87	7	68	1	35	1	1	rational	weight_564.json
564	78	2	21	7	230	1	36	1	1	rational	weight_564.json
564	78	2	222	7	230	1	37	1	1	rational	weight_564.json
564	78	2	168	7	68	1	38	1	1	rational	weight_564.json
564	78	2	21	7	230	1	39	1	1	rational	weight_564.json
564	78	2	21	7	230	1	40	1	1	rational	weight_564.json
564	78	2	222	7	230	1	41	1	1	rational	weight_564.json
564	78	2	87	7	68	1	42	1	1	rational	weight_564.json
564	78	2	156	7	68	1	43	1	1	rational	weight_564.json
564	78	2	168	7	68	1	44	1	1	rational	weight_564.json
564	78	2	222	7	230	1	45	1	1	rational	weight_564.json
564	78	2	237	7	68	1	46	1	2	rational	weight_564.json
566	80	2	210	7	44	1	1	1	1	rational	weight_566.json
566	80	2	60	7	125	1	2	1	1	rational	weight_566.json
566	80	2	33	7	44	1	3	1	1	rational	weight_566.json
566	80	2	21	7	125	1	4	1	1	rational	weight_566.json
566	80	2	210	7	44	1	5	1	1	rational	weight_566.json
566	80	2	210	7	44	1	6	1	1	rational	weight_566.json
566	80	2	141	7	125	1	7	1	1	rational	weight_566.json
566	80	2	183	7	125	1	8	1	1	rational	weight_566.json
566	80	2	60	7	125	1	9	1	1	rational	weight_566.json
566	80	2	33	7	44	1	10	1	1	rational	weight_566.json
566	80	2	183	7	125	1	11	1	1	rational	weight_566.json
566	80	2	141	7	125	1	12	1	1	rational	weight_566.json
566	80	2	222	7	125	1	13	1	1	rational	weight_566.json
566	80	2	141	7	125	1	14	1	1	rational	weight_566.json
566	80	2	222	7	125	1	15	1	1	rational	weight_566.json
566	80	2	33	7	44	1	16	1	1	rational	weight_566.json
566	80	2	33	7	44	1	17	1	1	rational	weight_566.json
566	80	2	33	7	44	1	18	1	1	rational	weight_566.json
566	80	2	141	7	125	1	19	1	1	rational	weight_566.json
566	80	2	183	7	125	1	20	1	1	rational	weight_566.json
566	80	2	102	7	125	1	21	1	1	rational	weight_566.json
566	80	2	183	7	125	1	22	1	1	rational	weight_566.json
566	80	2	141	7	125	1	23	1	1	rational	weight_566.json
566	80	2	210	7	44	1	24	1	1	rational	weight_566.json
566	80	2	222	7	125	1	25	1	1	rational	weight_566.json
566	80	2	21	7	125	1	26	1	1	rational	weight_566.json
566	80	2	33	7	44	1	27	1	1	rational	weight_566.json
566	80	2	60	7	125	1	28	1	1	rational	weight_566.json
566	80	2	102	7	125	1	29	1	1	rational	weight_566.json
566	80	2	222	7	125	1	30	1	1	rational	weight_566.json
566	80	2	60	7	125	1	31	1	1	rational	weight_566.json
566	80	2	21	7	125	1	32	1	1	rational	weight_566.json
566	80	2	183	7	125	1	33	1	1	rational	weight_566.json
566	80	2	33	7	44	1	34	1	1	rational	weight_566.json
566	80	2	21	7	125	1	35	1	1	rational	weight_566.json
566	80	2	210	7	44	1	36	1	1	rational	weight_566.json
566	80	2	210	7	44	1	37	1	1	rational	weight_566.json
566	80	2	21	7	125	1	38	1	1	rational	weight_566.json
566	80	2	60	7	125	1	39	1	1	rational	weight_566.json
566	80	2	33	7	44	1	40	1	1	rational	weight_566.json
566	80	2	21	7	125	1	41	1	1	rational	weight_566.json
566	80	2	210	7	44	1	42	1	1	rational	weight_566.json
566	80	2	210	7	44	1	43	1	1	rational	weight_566.json
566	80	2	141	7	125	1	44	1	1	rational	weight_566.json
566	80	2	102	7	125	1	45	1	2	rational	weight_566.json
568	82	2	0	7	2	1	1	1	1	rational	weight_568.json
568	82	2	162	7	2	1	2	1	1	rational	weight_568.json
568	82	2	162	7	2	1	3	1	1	rational	weight_568.json
568	82	2	81	7	2	1	4	1	1	rational	weight_568.json
568	82	2	81	7	2	1	5	1	1	rational	weight_568.json
568	82	2	216	7	2	1	6	1	1	rational	weight_568.json
568	82	2	54	7	2	1	7	1	1	rational	weight_568.json
568	82	2	135	7	2	1	8	1	1	rational	weight_568.json
568	82	2	216	7	2	1	9	1	1	rational	weight_568.json
568	82	2	135	7	2	1	10	1	1	rational	weight_568.json
568	82	2	108	7	2	1	11	1	1	rational	weight_568.json
568	82	2	189	7	2	1	12	1	1	rational	weight_568.json
568	82	2	54	7	2	1	13	1	1	rational	weight_568.json
568	82	2	27	7	2	1	14	1	1	rational	weight_568.json
568	82	2	27	7	2	1	15	1	1	rational	weight_568.json
568	82	2	225	7	83	1	16	1	1	rational	weight_568.json
568	82	2	36	7	83	1	17	1	1	rational	weight_568.json
568	82	2	225	7	83	1	18	1	1	rational	weight_568.json
568	82	2	225	7	83	1	19	1	1	rational	weight_568.json
568	82	2	18	7	83	1	20	1	1	rational	weight_568.json
568	82	2	207	7	83	1	21	1	1	rational	weight_568.json
568	82	2	207	7	83	1	22	1	1	rational	weight_568.json
568	82	2	36	7	83	1	23	1	1	rational	weight_568.json
568	82	2	18	7	83	1	24	1	1	rational	weight_568.json
568	82	2	36	7	83	1	25	1	1	rational	weight_568.json
568	82	2	weight_568.json#orbit=1,place=26,coordinate=0	7	weight_568.json#orbit=1,place=26,coordinate=1	1	26	1	2	algebraic	weight_568.json
568	82	2	weight_568.json#orbit=1,place=27,coordinate=0	7	weight_568.json#orbit=1,place=27,coordinate=1	1	27	1	2	algebraic	weight_568.json
568	82	2	weight_568.json#orbit=1,place=28,coordinate=0	7	weight_568.json#orbit=1,place=28,coordinate=1	1	28	1	2	algebraic	weight_568.json
568	82	2	weight_568.json#orbit=1,place=29,coordinate=0	7	weight_568.json#orbit=1,place=29,coordinate=1	1	29	1	2	algebraic	weight_568.json
568	82	2	weight_568.json#orbit=1,place=30,coordinate=0	7	weight_568.json#orbit=1,place=30,coordinate=1	1	30	1	2	algebraic	weight_568.json
568	82	2	weight_568.json#orbit=1,place=31,coordinate=0	7	weight_568.json#orbit=1,place=31,coordinate=1	1	31	1	2	algebraic	weight_568.json
568	82	2	weight_568.json#orbit=1,place=32,coordinate=0	7	weight_568.json#orbit=1,place=32,coordinate=1	1	32	1	2	algebraic	weight_568.json
568	82	2	weight_568.json#orbit=1,place=33,coordinate=0	7	weight_568.json#orbit=1,place=33,coordinate=1	1	33	1	2	algebraic	weight_568.json
568	82	2	weight_568.json#orbit=1,place=34,coordinate=0	7	weight_568.json#orbit=1,place=34,coordinate=1	1	34	1	2	algebraic	weight_568.json
568	82	2	weight_568.json#orbit=1,place=35,coordinate=0	7	weight_568.json#orbit=1,place=35,coordinate=1	1	35	1	2	algebraic	weight_568.json
568	82	2	weight_568.json#orbit=1,place=36,coordinate=0	7	weight_568.json#orbit=1,place=36,coordinate=1	1	36	1	2	algebraic	weight_568.json
570	84	2	159	7	50	1	1	1	1	rational	weight_570.json
570	84	2	111	7	212	1	2	1	1	rational	weight_570.json
570	84	2	240	7	50	1	3	1	1	rational	weight_570.json
570	84	2	159	7	50	1	4	1	1	rational	weight_570.json
570	84	2	84	7	50	1	5	1	1	rational	weight_570.json
570	84	2	84	7	50	1	6	1	1	rational	weight_570.json
570	84	2	78	7	50	1	7	1	1	rational	weight_570.json
570	84	2	84	7	50	1	8	1	1	rational	weight_570.json
570	84	2	3	7	50	1	9	1	1	rational	weight_570.json
570	84	2	132	7	212	1	10	1	1	rational	weight_570.json
570	84	2	165	7	50	1	11	1	1	rational	weight_570.json
570	84	2	3	7	50	1	12	1	1	rational	weight_570.json
570	84	2	78	7	50	1	13	1	1	rational	weight_570.json
570	84	2	78	7	50	1	14	1	1	rational	weight_570.json
570	84	2	111	7	212	1	15	1	1	rational	weight_570.json
570	84	2	111	7	212	1	16	1	1	rational	weight_570.json
570	84	2	3	7	50	1	17	1	1	rational	weight_570.json
570	84	2	3	7	50	1	18	1	1	rational	weight_570.json
570	84	2	165	7	50	1	19	1	1	rational	weight_570.json
570	84	2	132	7	212	1	20	1	1	rational	weight_570.json
570	84	2	111	7	212	1	21	1	1	rational	weight_570.json
570	84	2	78	7	50	1	22	1	1	rational	weight_570.json
570	84	2	132	7	212	1	23	1	1	rational	weight_570.json
570	84	2	240	7	50	1	24	1	1	rational	weight_570.json
570	84	2	111	7	212	1	25	1	1	rational	weight_570.json
570	84	2	111	7	212	1	26	1	1	rational	weight_570.json
570	84	2	78	7	50	1	27	1	1	rational	weight_570.json
570	84	2	78	7	50	1	28	1	1	rational	weight_570.json
570	84	2	3	7	50	1	29	1	1	rational	weight_570.json
570	84	2	132	7	212	1	30	1	1	rational	weight_570.json
570	84	2	84	7	50	1	31	1	1	rational	weight_570.json
570	84	2	240	7	50	1	32	1	1	rational	weight_570.json
570	84	2	3	7	50	1	33	1	1	rational	weight_570.json
570	84	2	159	7	50	1	34	1	1	rational	weight_570.json
570	84	2	111	7	212	1	35	1	1	rational	weight_570.json
570	84	2	132	7	212	1	36	1	1	rational	weight_570.json
570	84	2	240	7	50	1	37	1	1	rational	weight_570.json
570	84	2	159	7	50	1	38	1	1	rational	weight_570.json
570	84	2	84	7	50	1	39	1	1	rational	weight_570.json
570	84	2	240	7	50	1	40	1	1	rational	weight_570.json
570	84	2	132	7	212	1	41	1	1	rational	weight_570.json
570	84	2	84	7	50	1	42	1	1	rational	weight_570.json
570	84	2	111	7	212	1	43	1	1	rational	weight_570.json
570	84	2	132	7	212	1	44	1	1	rational	weight_570.json
570	84	2	132	7	212	1	45	1	1	rational	weight_570.json
570	84	2	165	7	50	1	46	1	2	rational	weight_570.json
572	86	2	150	7	134	1	1	1	1	rational	weight_572.json
572	86	2	150	7	134	1	2	1	1	rational	weight_572.json
572	86	2	15	7	215	1	3	1	1	rational	weight_572.json
572	86	2	96	7	215	1	4	1	1	rational	weight_572.json
572	86	2	228	7	215	1	5	1	1	rational	weight_572.json
572	86	2	66	7	215	1	6	1	1	rational	weight_572.json
572	86	2	66	7	215	1	7	1	1	rational	weight_572.json
572	86	2	177	7	215	1	8	1	1	rational	weight_572.json
572	86	2	93	7	134	1	9	1	1	rational	weight_572.json
572	86	2	93	7	134	1	10	1	1	rational	weight_572.json
572	86	2	66	7	215	1	11	1	1	rational	weight_572.json
572	86	2	177	7	215	1	12	1	1	rational	weight_572.json
572	86	2	177	7	215	1	13	1	1	rational	weight_572.json
572	86	2	93	7	134	1	14	1	1	rational	weight_572.json
572	86	2	15	7	215	1	15	1	1	rational	weight_572.json
572	86	2	15	7	215	1	16	1	1	rational	weight_572.json
572	86	2	150	7	134	1	17	1	1	rational	weight_572.json
572	86	2	228	7	215	1	18	1	1	rational	weight_572.json
572	86	2	93	7	134	1	19	1	1	rational	weight_572.json
572	86	2	15	7	215	1	20	1	1	rational	weight_572.json
572	86	2	96	7	215	1	21	1	1	rational	weight_572.json
572	86	2	93	7	134	1	22	1	1	rational	weight_572.json
572	86	2	15	7	215	1	23	1	1	rational	weight_572.json
572	86	2	147	7	215	1	24	1	1	rational	weight_572.json
572	86	2	228	7	215	1	25	1	1	rational	weight_572.json
572	86	2	150	7	134	1	26	1	1	rational	weight_572.json
572	86	2	93	7	134	1	27	1	1	rational	weight_572.json
572	86	2	228	7	215	1	28	1	1	rational	weight_572.json
572	86	2	93	7	134	1	29	1	1	rational	weight_572.json
572	86	2	66	7	215	1	30	1	1	rational	weight_572.json
572	86	2	93	7	134	1	31	1	1	rational	weight_572.json
572	86	2	147	7	215	1	32	1	1	rational	weight_572.json
572	86	2	147	7	215	1	33	1	1	rational	weight_572.json
572	86	2	15	7	215	1	34	1	1	rational	weight_572.json
572	86	2	96	7	215	1	35	1	1	rational	weight_572.json
572	86	2	147	7	215	1	36	1	1	rational	weight_572.json
572	86	2	228	7	215	1	37	1	1	rational	weight_572.json
572	86	2	150	7	134	1	38	1	1	rational	weight_572.json
572	86	2	177	7	215	1	39	1	1	rational	weight_572.json
572	86	2	177	7	215	1	40	1	1	rational	weight_572.json
572	86	2	96	7	215	1	41	1	1	rational	weight_572.json
572	86	2	177	7	215	1	42	1	1	rational	weight_572.json
572	86	2	150	7	134	1	43	1	1	rational	weight_572.json
572	86	2	150	7	134	1	44	1	1	rational	weight_572.json
572	86	2	150	7	134	1	45	1	1	rational	weight_572.json
572	86	2	147	7	215	1	46	1	2	rational	weight_572.json
574	88	2	0	7	200	1	1	1	1	rational	weight_574.json
574	88	2	0	7	200	1	2	1	1	rational	weight_574.json
574	88	2	162	7	200	1	3	1	1	rational	weight_574.json
574	88	2	81	7	200	1	4	1	1	rational	weight_574.json
574	88	2	162	7	200	1	5	1	1	rational	weight_574.json
574	88	2	81	7	200	1	6	1	1	rational	weight_574.json
574	88	2	216	7	200	1	7	1	1	rational	weight_574.json
574	88	2	108	7	200	1	8	1	1	rational	weight_574.json
574	88	2	27	7	200	1	9	1	1	rational	weight_574.json
574	88	2	54	7	200	1	10	1	1	rational	weight_574.json
574	88	2	108	7	200	1	11	1	1	rational	weight_574.json
574	88	2	189	7	200	1	12	1	1	rational	weight_574.json
574	88	2	135	7	200	1	13	1	1	rational	weight_574.json
574	88	2	27	7	200	1	14	1	1	rational	weight_574.json
574	88	2	189	7	200	1	15	1	1	rational	weight_574.json
574	88	2	216	7	200	1	16	1	1	rational	weight_574.json
574	88	2	63	7	38	1	17	1	1	rational	weight_574.json
574	88	2	171	7	38	1	18	1	1	rational	weight_574.json
574	88	2	117	7	38	1	19	1	1	rational	weight_574.json
574	88	2	180	7	38	1	20	1	1	rational	weight_574.json
574	88	2	63	7	38	1	21	1	1	rational	weight_574.json
574	88	2	126	7	38	1	22	1	1	rational	weight_574.json
574	88	2	18	7	38	1	23	1	1	rational	weight_574.json
574	88	2	18	7	38	1	24	1	1	rational	weight_574.json
574	88	2	234	7	38	1	25	1	1	rational	weight_574.json
574	88	2	198	7	38	1	26	1	1	rational	weight_574.json
574	88	2	207	7	38	1	27	1	1	rational	weight_574.json
574	88	2	225	7	38	1	28	1	1	rational	weight_574.json
574	88	2	36	7	38	1	29	1	1	rational	weight_574.json
574	88	2	99	7	38	1	30	1	1	rational	weight_574.json
574	88	2	207	7	38	1	31	1	1	rational	weight_574.json
574	88	2	198	7	38	1	32	1	1	rational	weight_574.json
574	88	2	36	7	38	1	33	1	1	rational	weight_574.json
574	88	2	144	7	38	1	34	1	1	rational	weight_574.json
574	88	2	144	7	38	1	35	1	1	rational	weight_574.json
574	88	2	72	7	38	1	36	1	1	rational	weight_574.json
574	88	2	99	7	38	1	37	1	1	rational	weight_574.json
574	88	2	225	7	38	1	38	1	1	rational	weight_574.json
574	88	2	117	7	38	1	39	1	1	rational	weight_574.json
574	88	2	45	7	38	1	40	1	1	rational	weight_574.json
574	88	2	9	7	38	1	41	1	1	rational	weight_574.json
574	88	2	weight_574.json#orbit=1,place=42,coordinate=0	7	weight_574.json#orbit=1,place=42,coordinate=1	1	42	1	2	algebraic	weight_574.json
574	88	2	weight_574.json#orbit=1,place=43,coordinate=0	7	weight_574.json#orbit=1,place=43,coordinate=1	1	43	1	2	algebraic	weight_574.json
574	88	2	weight_574.json#orbit=1,place=44,coordinate=0	7	weight_574.json#orbit=1,place=44,coordinate=1	1	44	1	2	algebraic	weight_574.json
576	90	2	177	7	194	1	1	1	1	rational	weight_576.json
576	90	2	12	7	113	1	2	1	1	rational	weight_576.json
576	90	2	12	7	113	1	3	1	1	rational	weight_576.json
576	90	2	177	7	194	1	4	1	1	rational	weight_576.json
576	90	2	147	7	194	1	5	1	1	rational	weight_576.json
576	90	2	231	7	113	1	6	1	1	rational	weight_576.json
576	90	2	96	7	194	1	7	1	1	rational	weight_576.json
576	90	2	96	7	194	1	8	1	1	rational	weight_576.json
576	90	2	15	7	194	1	9	1	1	rational	weight_576.json
576	90	2	15	7	194	1	10	1	1	rational	weight_576.json
576	90	2	66	7	194	1	11	1	1	rational	weight_576.json
576	90	2	147	7	194	1	12	1	1	rational	weight_576.json
576	90	2	66	7	194	1	13	1	1	rational	weight_576.json
576	90	2	15	7	194	1	14	1	1	rational	weight_576.json
576	90	2	177	7	194	1	15	1	1	rational	weight_576.json
576	90	2	12	7	113	1	16	1	1	rational	weight_576.json
576	90	2	177	7	194	1	17	1	1	rational	weight_576.json
576	90	2	96	7	194	1	18	1	1	rational	weight_576.json
576	90	2	231	7	113	1	19	1	1	rational	weight_576.json
576	90	2	12	7	113	1	20	1	1	rational	weight_576.json
576	90	2	12	7	113	1	21	1	1	rational	weight_576.json
576	90	2	96	7	194	1	22	1	1	rational	weight_576.json
576	90	2	15	7	194	1	23	1	1	rational	weight_576.json
576	90	2	231	7	113	1	24	1	1	rational	weight_576.json
576	90	2	228	7	194	1	25	1	1	rational	weight_576.json
576	90	2	66	7	194	1	26	1	1	rational	weight_576.json
576	90	2	228	7	194	1	27	1	1	rational	weight_576.json
576	90	2	228	7	194	1	28	1	1	rational	weight_576.json
576	90	2	12	7	113	1	29	1	1	rational	weight_576.json
576	90	2	177	7	194	1	30	1	1	rational	weight_576.json
576	90	2	15	7	194	1	31	1	1	rational	weight_576.json
576	90	2	12	7	113	1	32	1	1	rational	weight_576.json
576	90	2	231	7	113	1	33	1	1	rational	weight_576.json
576	90	2	228	7	194	1	34	1	1	rational	weight_576.json
576	90	2	231	7	113	1	35	1	1	rational	weight_576.json
576	90	2	228	7	194	1	36	1	1	rational	weight_576.json
576	90	2	66	7	194	1	37	1	1	rational	weight_576.json
576	90	2	177	7	194	1	38	1	1	rational	weight_576.json
576	90	2	231	7	113	1	39	1	1	rational	weight_576.json
576	90	2	12	7	113	1	40	1	1	rational	weight_576.json
576	90	2	15	7	194	1	41	1	1	rational	weight_576.json
576	90	2	147	7	194	1	42	1	1	rational	weight_576.json
576	90	2	231	7	113	1	43	1	1	rational	weight_576.json
576	90	2	147	7	194	1	44	1	1	rational	weight_576.json
576	90	2	228	7	194	1	45	1	1	rational	weight_576.json
576	90	2	231	7	113	1	46	1	1	rational	weight_576.json
576	90	2	147	7	194	1	47	1	2	rational	weight_576.json
578	92	2	51	7	143	1	1	1	1	rational	weight_578.json
578	92	2	3	7	224	1	2	1	1	rational	weight_578.json
578	92	2	51	7	143	1	3	1	1	rational	weight_578.json
578	92	2	78	7	224	1	4	1	1	rational	weight_578.json
578	92	2	84	7	224	1	5	1	1	rational	weight_578.json
578	92	2	240	7	224	1	6	1	1	rational	weight_578.json
578	92	2	192	7	143	1	7	1	1	rational	weight_578.json
578	92	2	159	7	224	1	8	1	1	rational	weight_578.json
578	92	2	84	7	224	1	9	1	1	rational	weight_578.json
578	92	2	240	7	224	1	10	1	1	rational	weight_578.json
578	92	2	192	7	143	1	11	1	1	rational	weight_578.json
578	92	2	240	7	224	1	12	1	1	rational	weight_578.json
578	92	2	84	7	224	1	13	1	1	rational	weight_578.json
578	92	2	51	7	143	1	14	1	1	rational	weight_578.json
578	92	2	165	7	224	1	15	1	1	rational	weight_578.json
578	92	2	84	7	224	1	16	1	1	rational	weight_578.json
578	92	2	192	7	143	1	17	1	1	rational	weight_578.json
578	92	2	3	7	224	1	18	1	1	rational	weight_578.json
578	92	2	240	7	224	1	19	1	1	rational	weight_578.json
578	92	2	78	7	224	1	20	1	1	rational	weight_578.json
578	92	2	3	7	224	1	21	1	1	rational	weight_578.json
578	92	2	51	7	143	1	22	1	1	rational	weight_578.json
578	92	2	84	7	224	1	23	1	1	rational	weight_578.json
578	92	2	192	7	143	1	24	1	1	rational	weight_578.json
578	92	2	84	7	224	1	25	1	1	rational	weight_578.json
578	92	2	192	7	143	1	26	1	1	rational	weight_578.json
578	92	2	192	7	143	1	27	1	1	rational	weight_578.json
578	92	2	3	7	224	1	28	1	1	rational	weight_578.json
578	92	2	51	7	143	1	29	1	1	rational	weight_578.json
578	92	2	165	7	224	1	30	1	1	rational	weight_578.json
578	92	2	159	7	224	1	31	1	1	rational	weight_578.json
578	92	2	159	7	224	1	32	1	1	rational	weight_578.json
578	92	2	165	7	224	1	33	1	1	rational	weight_578.json
578	92	2	159	7	224	1	34	1	1	rational	weight_578.json
578	92	2	240	7	224	1	35	1	1	rational	weight_578.json
578	92	2	78	7	224	1	36	1	1	rational	weight_578.json
578	92	2	51	7	143	1	37	1	1	rational	weight_578.json
578	92	2	3	7	224	1	38	1	1	rational	weight_578.json
578	92	2	165	7	224	1	39	1	1	rational	weight_578.json
578	92	2	240	7	224	1	40	1	1	rational	weight_578.json
578	92	2	51	7	143	1	41	1	1	rational	weight_578.json
578	92	2	51	7	143	1	42	1	1	rational	weight_578.json
578	92	2	78	7	224	1	43	1	1	rational	weight_578.json
578	92	2	3	7	224	1	44	1	1	rational	weight_578.json
578	92	2	192	7	143	1	45	1	1	rational	weight_578.json
578	92	2	78	7	224	1	46	1	2	rational	weight_578.json
580	94	2	0	7	74	1	1	1	1	rational	weight_580.json
580	94	2	0	7	74	1	2	1	1	rational	weight_580.json
580	94	2	81	7	74	1	3	1	1	rational	weight_580.json
580	94	2	162	7	74	1	4	1	1	rational	weight_580.json
580	94	2	81	7	74	1	5	1	1	rational	weight_580.json
580	94	2	162	7	74	1	6	1	1	rational	weight_580.json
580	94	2	216	7	74	1	7	1	1	rational	weight_580.json
580	94	2	27	7	74	1	8	1	1	rational	weight_580.json
580	94	2	54	7	74	1	9	1	1	rational	weight_580.json
580	94	2	216	7	74	1	10	1	1	rational	weight_580.json
580	94	2	27	7	74	1	11	1	1	rational	weight_580.json
580	94	2	135	7	74	1	12	1	1	rational	weight_580.json
580	94	2	54	7	74	1	13	1	1	rational	weight_580.json
580	94	2	108	7	74	1	14	1	1	rational	weight_580.json
580	94	2	135	7	74	1	15	1	1	rational	weight_580.json
580	94	2	189	7	74	1	16	1	1	rational	weight_580.json
580	94	2	63	7	155	1	17	1	1	rational	weight_580.json
580	94	2	144	7	155	1	18	1	1	rational	weight_580.json
580	94	2	180	7	155	1	19	1	1	rational	weight_580.json
580	94	2	225	7	155	1	20	1	1	rational	weight_580.json
580	94	2	198	7	155	1	21	1	1	rational	weight_580.json
580	94	2	45	7	155	1	22	1	1	rational	weight_580.json
580	94	2	153	7	155	1	23	1	1	rational	weight_580.json
580	94	2	117	7	155	1	24	1	1	rational	weight_580.json
580	94	2	171	7	155	1	25	1	1	rational	weight_580.json
580	94	2	180	7	155	1	26	1	1	rational	weight_580.json
580	94	2	144	7	155	1	27	1	1	rational	weight_580.json
580	94	2	99	7	155	1	28	1	1	rational	weight_580.json
580	94	2	126	7	155	1	29	1	1	rational	weight_580.json
580	94	2	63	7	155	1	30	1	1	rational	weight_580.json
580	94	2	18	7	155	1	31	1	1	rational	weight_580.json
580	94	2	99	7	155	1	32	1	1	rational	weight_580.json
580	94	2	207	7	155	1	33	1	1	rational	weight_580.json
580	94	2	225	7	155	1	34	1	1	rational	weight_580.json
580	94	2	126	7	155	1	35	1	1	rational	weight_580.json
580	94	2	90	7	155	1	36	1	1	rational	weight_580.json
580	94	2	198	7	155	1	37	1	1	rational	weight_580.json
580	94	2	207	7	155	1	38	1	1	rational	weight_580.json
580	94	2	72	7	155	1	39	1	1	rational	weight_580.json
580	94	2	18	7	155	1	40	1	1	rational	weight_580.json
580	94	2	45	7	155	1	41	1	1	rational	weight_580.json
580	94	2	36	7	155	1	42	1	1	rational	weight_580.json
580	94	2	weight_580.json#orbit=1,place=43,coordinate=0	7	weight_580.json#orbit=1,place=43,coordinate=1	1	43	1	2	algebraic	weight_580.json
580	94	2	weight_580.json#orbit=1,place=44,coordinate=0	7	weight_580.json#orbit=1,place=44,coordinate=1	1	44	1	2	algebraic	weight_580.json
580	94	2	weight_580.json#orbit=1,place=45,coordinate=0	7	weight_580.json#orbit=1,place=45,coordinate=1	1	45	1	2	algebraic	weight_580.json
582	96	2	21	7	14	1	1	1	1	rational	weight_582.json
582	96	2	33	7	176	1	2	1	1	rational	weight_582.json
582	96	2	210	7	176	1	3	1	1	rational	weight_582.json
582	96	2	102	7	14	1	4	1	1	rational	weight_582.json
582	96	2	21	7	14	1	5	1	1	rational	weight_582.json
582	96	2	210	7	176	1	6	1	1	rational	weight_582.json
582	96	2	60	7	14	1	7	1	1	rational	weight_582.json
582	96	2	141	7	14	1	8	1	1	rational	weight_582.json
582	96	2	183	7	14	1	9	1	1	rational	weight_582.json
582	96	2	222	7	14	1	10	1	1	rational	weight_582.json
582	96	2	210	7	176	1	11	1	1	rational	weight_582.json
582	96	2	222	7	14	1	12	1	1	rational	weight_582.json
582	96	2	60	7	14	1	13	1	1	rational	weight_582.json
582	96	2	21	7	14	1	14	1	1	rational	weight_582.json
582	96	2	183	7	14	1	15	1	1	rational	weight_582.json
582	96	2	183	7	14	1	16	1	1	rational	weight_582.json
582	96	2	33	7	176	1	17	1	1	rational	weight_582.json
582	96	2	102	7	14	1	18	1	1	rational	weight_582.json
582	96	2	21	7	14	1	19	1	1	rational	weight_582.json
582	96	2	210	7	176	1	20	1	1	rational	weight_582.json
582	96	2	60	7	14	1	21	1	1	rational	weight_582.json
582	96	2	60	7	14	1	22	1	1	rational	weight_582.json
582	96	2	102	7	14	1	23	1	1	rational	weight_582.json
582	96	2	222	7	14	1	24	1	1	rational	weight_582.json
582	96	2	33	7	176	1	25	1	1	rational	weight_582.json
582	96	2	102	7	14	1	26	1	1	rational	weight_582.json
582	96	2	141	7	14	1	27	1	1	rational	weight_582.json
582	96	2	210	7	176	1	28	1	1	rational	weight_582.json
582	96	2	222	7	14	1	29	1	1	rational	weight_582.json
582	96	2	21	7	14	1	30	1	1	rational	weight_582.json
582	96	2	33	7	176	1	31	1	1	rational	weight_582.json
582	96	2	141	7	14	1	32	1	1	rational	weight_582.json
582	96	2	210	7	176	1	33	1	1	rational	weight_582.json
582	96	2	141	7	14	1	34	1	1	rational	weight_582.json
582	96	2	33	7	176	1	35	1	1	rational	weight_582.json
582	96	2	33	7	176	1	36	1	1	rational	weight_582.json
582	96	2	33	7	176	1	37	1	1	rational	weight_582.json
582	96	2	222	7	14	1	38	1	1	rational	weight_582.json
582	96	2	222	7	14	1	39	1	1	rational	weight_582.json
582	96	2	102	7	14	1	40	1	1	rational	weight_582.json
582	96	2	210	7	176	1	41	1	1	rational	weight_582.json
582	96	2	183	7	14	1	42	1	1	rational	weight_582.json
582	96	2	210	7	176	1	43	1	1	rational	weight_582.json
582	96	2	102	7	14	1	44	1	1	rational	weight_582.json
582	96	2	21	7	14	1	45	1	1	rational	weight_582.json
582	96	2	33	7	176	1	46	1	1	rational	weight_582.json
582	96	2	60	7	14	1	47	1	2	rational	weight_582.json
584	98	2	237	7	152	1	1	1	1	rational	weight_584.json
584	98	2	156	7	152	1	2	1	1	rational	weight_584.json
584	98	2	21	7	71	1	3	1	1	rational	weight_584.json
584	98	2	222	7	71	1	4	1	1	rational	weight_584.json
584	98	2	222	7	71	1	5	1	1	rational	weight_584.json
584	98	2	6	7	152	1	6	1	1	rational	weight_584.json
584	98	2	87	7	152	1	7	1	1	rational	weight_584.json
584	98	2	156	7	152	1	8	1	1	rational	weight_584.json
584	98	2	237	7	152	1	9	1	1	rational	weight_584.json
584	98	2	87	7	152	1	10	1	1	rational	weight_584.json
584	98	2	222	7	71	1	11	1	1	rational	weight_584.json
584	98	2	168	7	152	1	12	1	1	rational	weight_584.json
584	98	2	156	7	152	1	13	1	1	rational	weight_584.json
584	98	2	6	7	152	1	14	1	1	rational	weight_584.json
584	98	2	21	7	71	1	15	1	1	rational	weight_584.json
584	98	2	21	7	71	1	16	1	1	rational	weight_584.json
584	98	2	75	7	152	1	17	1	1	rational	weight_584.json
584	98	2	237	7	152	1	18	1	1	rational	weight_584.json
584	98	2	87	7	152	1	19	1	1	rational	weight_584.json
584	98	2	156	7	152	1	20	1	1	rational	weight_584.json
584	98	2	6	7	152	1	21	1	1	rational	weight_584.json
584	98	2	168	7	152	1	22	1	1	rational	weight_584.json
584	98	2	6	7	152	1	23	1	1	rational	weight_584.json
584	98	2	222	7	71	1	24	1	1	rational	weight_584.json
584	98	2	168	7	152	1	25	1	1	rational	weight_584.json
584	98	2	75	7	152	1	26	1	1	rational	weight_584.json
584	98	2	156	7	152	1	27	1	1	rational	weight_584.json
584	98	2	21	7	71	1	28	1	1	rational	weight_584.json
584	98	2	21	7	71	1	29	1	1	rational	weight_584.json
584	98	2	21	7	71	1	30	1	1	rational	weight_584.json
584	98	2	75	7	152	1	31	1	1	rational	weight_584.json
584	98	2	6	7	152	1	32	1	1	rational	weight_584.json
584	98	2	6	7	152	1	33	1	1	rational	weight_584.json
584	98	2	75	7	152	1	34	1	1	rational	weight_584.json
584	98	2	237	7	152	1	35	1	1	rational	weight_584.json
584	98	2	21	7	71	1	36	1	1	rational	weight_584.json
584	98	2	21	7	71	1	37	1	1	rational	weight_584.json
584	98	2	222	7	71	1	38	1	1	rational	weight_584.json
584	98	2	87	7	152	1	39	1	1	rational	weight_584.json
584	98	2	222	7	71	1	40	1	1	rational	weight_584.json
584	98	2	156	7	152	1	41	1	1	rational	weight_584.json
584	98	2	168	7	152	1	42	1	1	rational	weight_584.json
584	98	2	237	7	152	1	43	1	1	rational	weight_584.json
584	98	2	222	7	71	1	44	1	1	rational	weight_584.json
584	98	2	222	7	71	1	45	1	1	rational	weight_584.json
584	98	2	168	7	152	1	46	1	1	rational	weight_584.json
584	98	2	168	7	152	1	47	1	1	rational	weight_584.json
584	98	2	237	7	152	1	48	1	1	rational	weight_584.json
586	100	2	0	7	110	1	1	1	1	rational	weight_586.json
586	100	2	0	7	110	1	2	1	1	rational	weight_586.json
586	100	2	162	7	110	1	3	1	1	rational	weight_586.json
586	100	2	81	7	110	1	4	1	1	rational	weight_586.json
586	100	2	81	7	110	1	5	1	1	rational	weight_586.json
586	100	2	162	7	110	1	6	1	1	rational	weight_586.json
586	100	2	189	7	110	1	7	1	1	rational	weight_586.json
586	100	2	135	7	110	1	8	1	1	rational	weight_586.json
586	100	2	216	7	110	1	9	1	1	rational	weight_586.json
586	100	2	108	7	110	1	10	1	1	rational	weight_586.json
586	100	2	108	7	110	1	11	1	1	rational	weight_586.json
586	100	2	54	7	110	1	12	1	1	rational	weight_586.json
586	100	2	189	7	110	1	13	1	1	rational	weight_586.json
586	100	2	216	7	110	1	14	1	1	rational	weight_586.json
586	100	2	27	7	110	1	15	1	1	rational	weight_586.json
586	100	2	27	7	110	1	16	1	1	rational	weight_586.json
586	100	2	207	7	191	1	17	1	1	rational	weight_586.json
586	100	2	18	7	191	1	18	1	1	rational	weight_586.json
586	100	2	36	7	191	1	19	1	1	rational	weight_586.json
586	100	2	207	7	191	1	20	1	1	rational	weight_586.json
586	100	2	36	7	191	1	21	1	1	rational	weight_586.json
586	100	2	207	7	191	1	22	1	1	rational	weight_586.json
586	100	2	225	7	191	1	23	1	1	rational	weight_586.json
586	100	2	18	7	191	1	24	1	1	rational	weight_586.json
586	100	2	18	7	191	1	25	1	1	rational	weight_586.json
586	100	2	225	7	191	1	26	1	1	rational	weight_586.json
586	100	2	weight_586.json#orbit=1,place=27,coordinate=0	7	weight_586.json#orbit=1,place=27,coordinate=1	1	27	1	2	algebraic	weight_586.json
586	100	2	weight_586.json#orbit=1,place=28,coordinate=0	7	weight_586.json#orbit=1,place=28,coordinate=1	1	28	1	2	algebraic	weight_586.json
586	100	2	weight_586.json#orbit=1,place=29,coordinate=0	7	weight_586.json#orbit=1,place=29,coordinate=1	1	29	1	2	algebraic	weight_586.json
586	100	2	weight_586.json#orbit=1,place=30,coordinate=0	7	weight_586.json#orbit=1,place=30,coordinate=1	1	30	1	2	algebraic	weight_586.json
586	100	2	weight_586.json#orbit=1,place=31,coordinate=0	7	weight_586.json#orbit=1,place=31,coordinate=1	1	31	1	2	algebraic	weight_586.json
586	100	2	weight_586.json#orbit=1,place=32,coordinate=0	7	weight_586.json#orbit=1,place=32,coordinate=1	1	32	1	2	algebraic	weight_586.json
586	100	2	weight_586.json#orbit=1,place=33,coordinate=0	7	weight_586.json#orbit=1,place=33,coordinate=1	1	33	1	2	algebraic	weight_586.json
586	100	2	weight_586.json#orbit=1,place=34,coordinate=0	7	weight_586.json#orbit=1,place=34,coordinate=1	1	34	1	2	algebraic	weight_586.json
586	100	2	weight_586.json#orbit=1,place=35,coordinate=0	7	weight_586.json#orbit=1,place=35,coordinate=1	1	35	1	2	algebraic	weight_586.json
586	100	2	weight_586.json#orbit=1,place=36,coordinate=0	7	weight_586.json#orbit=1,place=36,coordinate=1	1	36	1	2	algebraic	weight_586.json
586	100	2	weight_586.json#orbit=1,place=37,coordinate=0	7	weight_586.json#orbit=1,place=37,coordinate=1	1	37	1	2	algebraic	weight_586.json
588	102	2	30	7	239	1	1	1	1	rational	weight_588.json
588	102	2	219	7	158	1	2	1	1	rational	weight_588.json
588	102	2	51	7	239	1	3	1	1	rational	weight_588.json
588	102	2	132	7	239	1	4	1	1	rational	weight_588.json
588	102	2	192	7	239	1	5	1	1	rational	weight_588.json
588	102	2	219	7	158	1	6	1	1	rational	weight_588.json
588	102	2	30	7	239	1	7	1	1	rational	weight_588.json
588	102	2	132	7	239	1	8	1	1	rational	weight_588.json
588	102	2	213	7	239	1	9	1	1	rational	weight_588.json
588	102	2	51	7	239	1	10	1	1	rational	weight_588.json
588	102	2	24	7	158	1	11	1	1	rational	weight_588.json
588	102	2	24	7	158	1	12	1	1	rational	weight_588.json
588	102	2	24	7	158	1	13	1	1	rational	weight_588.json
588	102	2	219	7	158	1	14	1	1	rational	weight_588.json
588	102	2	219	7	158	1	15	1	1	rational	weight_588.json
588	102	2	192	7	239	1	16	1	1	rational	weight_588.json
588	102	2	24	7	158	1	17	1	1	rational	weight_588.json
588	102	2	30	7	239	1	18	1	1	rational	weight_588.json
588	102	2	132	7	239	1	19	1	1	rational	weight_588.json
588	102	2	111	7	239	1	20	1	1	rational	weight_588.json
588	102	2	24	7	158	1	21	1	1	rational	weight_588.json
588	102	2	192	7	239	1	22	1	1	rational	weight_588.json
588	102	2	30	7	239	1	23	1	1	rational	weight_588.json
588	102	2	111	7	239	1	24	1	1	rational	weight_588.json
588	102	2	213	7	239	1	25	1	1	rational	weight_588.json
588	102	2	132	7	239	1	26	1	1	rational	weight_588.json
588	102	2	219	7	158	1	27	1	1	rational	weight_588.json
588	102	2	192	7	239	1	28	1	1	rational	weight_588.json
588	102	2	219	7	158	1	29	1	1	rational	weight_588.json
588	102	2	111	7	239	1	30	1	1	rational	weight_588.json
588	102	2	111	7	239	1	31	1	1	rational	weight_588.json
588	102	2	24	7	158	1	32	1	1	rational	weight_588.json
588	102	2	132	7	239	1	33	1	1	rational	weight_588.json
588	102	2	51	7	239	1	34	1	1	rational	weight_588.json
588	102	2	111	7	239	1	35	1	1	rational	weight_588.json
588	102	2	51	7	239	1	36	1	1	rational	weight_588.json
588	102	2	51	7	239	1	37	1	1	rational	weight_588.json
588	102	2	30	7	239	1	38	1	1	rational	weight_588.json
588	102	2	24	7	158	1	39	1	1	rational	weight_588.json
588	102	2	219	7	158	1	40	1	1	rational	weight_588.json
588	102	2	111	7	239	1	41	1	1	rational	weight_588.json
588	102	2	192	7	239	1	42	1	1	rational	weight_588.json
588	102	2	213	7	239	1	43	1	1	rational	weight_588.json
588	102	2	30	7	239	1	44	1	1	rational	weight_588.json
588	102	2	24	7	158	1	45	1	1	rational	weight_588.json
588	102	2	51	7	239	1	46	1	1	rational	weight_588.json
588	102	2	132	7	239	1	47	1	1	rational	weight_588.json
588	102	2	213	7	239	1	48	1	1	rational	weight_588.json
588	102	2	219	7	158	1	49	1	1	rational	weight_588.json
590	104	2	204	7	242	1	1	1	1	rational	weight_590.json
590	104	2	123	7	242	1	2	1	1	rational	weight_590.json
590	104	2	120	7	242	1	3	1	1	rational	weight_590.json
590	104	2	123	7	242	1	4	1	1	rational	weight_590.json
590	104	2	42	7	242	1	5	1	1	rational	weight_590.json
590	104	2	42	7	242	1	6	1	1	rational	weight_590.json
590	104	2	66	7	161	1	7	1	1	rational	weight_590.json
590	104	2	177	7	161	1	8	1	1	rational	weight_590.json
590	104	2	201	7	242	1	9	1	1	rational	weight_590.json
590	104	2	39	7	242	1	10	1	1	rational	weight_590.json
590	104	2	177	7	161	1	11	1	1	rational	weight_590.json
590	104	2	39	7	242	1	12	1	1	rational	weight_590.json
590	104	2	201	7	242	1	13	1	1	rational	weight_590.json
590	104	2	66	7	161	1	14	1	1	rational	weight_590.json
590	104	2	120	7	242	1	15	1	1	rational	weight_590.json
590	104	2	66	7	161	1	16	1	1	rational	weight_590.json
590	104	2	201	7	242	1	17	1	1	rational	weight_590.json
590	104	2	39	7	242	1	18	1	1	rational	weight_590.json
590	104	2	66	7	161	1	19	1	1	rational	weight_590.json
590	104	2	201	7	242	1	20	1	1	rational	weight_590.json
590	104	2	177	7	161	1	21	1	1	rational	weight_590.json
590	104	2	177	7	161	1	22	1	1	rational	weight_590.json
590	104	2	177	7	161	1	23	1	1	rational	weight_590.json
590	104	2	123	7	242	1	24	1	1	rational	weight_590.json
590	104	2	42	7	242	1	25	1	1	rational	weight_590.json
590	104	2	39	7	242	1	26	1	1	rational	weight_590.json
590	104	2	66	7	161	1	27	1	1	rational	weight_590.json
590	104	2	201	7	242	1	28	1	1	rational	weight_590.json
590	104	2	123	7	242	1	29	1	1	rational	weight_590.json
590	104	2	123	7	242	1	30	1	1	rational	weight_590.json
590	104	2	66	7	161	1	31	1	1	rational	weight_590.json
590	104	2	66	7	161	1	32	1	1	rational	weight_590.json
590	104	2	204	7	242	1	33	1	1	rational	weight_590.json
590	104	2	204	7	242	1	34	1	1	rational	weight_590.json
590	104	2	123	7	242	1	35	1	1	rational	weight_590.json
590	104	2	201	7	242	1	36	1	1	rational	weight_590.json
590	104	2	204	7	242	1	37	1	1	rational	weight_590.json
590	104	2	39	7	242	1	38	1	1	rational	weight_590.json
590	104	2	177	7	161	1	39	1	1	rational	weight_590.json
590	104	2	42	7	242	1	40	1	1	rational	weight_590.json
590	104	2	39	7	242	1	41	1	1	rational	weight_590.json
590	104	2	42	7	242	1	42	1	1	rational	weight_590.json
590	104	2	177	7	161	1	43	1	1	rational	weight_590.json
590	104	2	66	7	161	1	44	1	1	rational	weight_590.json
590	104	2	177	7	161	1	45	1	1	rational	weight_590.json
590	104	2	204	7	242	1	46	1	1	rational	weight_590.json
590	104	2	120	7	242	1	47	1	2	rational	weight_590.json
592	106	2	0	7	65	1	1	1	1	rational	weight_592.json
592	106	2	0	7	65	1	2	1	1	rational	weight_592.json
592	106	2	81	7	65	1	3	1	1	rational	weight_592.json
592	106	2	162	7	65	1	4	1	1	rational	weight_592.json
592	106	2	81	7	65	1	5	1	1	rational	weight_592.json
592	106	2	162	7	65	1	6	1	1	rational	weight_592.json
592	106	2	54	7	65	1	7	1	1	rational	weight_592.json
592	106	2	27	7	65	1	8	1	1	rational	weight_592.json
592	106	2	108	7	65	1	9	1	1	rational	weight_592.json
592	106	2	216	7	65	1	10	1	1	rational	weight_592.json
592	106	2	135	7	65	1	11	1	1	rational	weight_592.json
592	106	2	135	7	65	1	12	1	1	rational	weight_592.json
592	106	2	189	7	65	1	13	1	1	rational	weight_592.json
592	106	2	189	7	65	1	14	1	1	rational	weight_592.json
592	106	2	54	7	65	1	15	1	1	rational	weight_592.json
592	106	2	216	7	65	1	16	1	1	rational	weight_592.json
592	106	2	27	7	65	1	17	1	1	rational	weight_592.json
592	106	2	63	7	146	1	18	1	1	rational	weight_592.json
592	106	2	198	7	146	1	19	1	1	rational	weight_592.json
592	106	2	144	7	146	1	20	1	1	rational	weight_592.json
592	106	2	45	7	146	1	21	1	1	rational	weight_592.json
592	106	2	207	7	146	1	22	1	1	rational	weight_592.json
592	106	2	207	7	146	1	23	1	1	rational	weight_592.json
592	106	2	36	7	146	1	24	1	1	rational	weight_592.json
592	106	2	225	7	146	1	25	1	1	rational	weight_592.json
592	106	2	9	7	146	1	26	1	1	rational	weight_592.json
592	106	2	234	7	146	1	27	1	1	rational	weight_592.json
592	106	2	153	7	146	1	28	1	1	rational	weight_592.json
592	106	2	99	7	146	1	29	1	1	rational	weight_592.json
592	106	2	63	7	146	1	30	1	1	rational	weight_592.json
592	106	2	45	7	146	1	31	1	1	rational	weight_592.json
592	106	2	72	7	146	1	32	1	1	rational	weight_592.json
592	106	2	18	7	146	1	33	1	1	rational	weight_592.json
592	106	2	171	7	146	1	34	1	1	rational	weight_592.json
592	106	2	117	7	146	1	35	1	1	rational	weight_592.json
592	106	2	18	7	146	1	36	1	1	rational	weight_592.json
592	106	2	126	7	146	1	37	1	1	rational	weight_592.json
592	106	2	153	7	146	1	38	1	1	rational	weight_592.json
592	106	2	117	7	146	1	39	1	1	rational	weight_592.json
592	106	2	180	7	146	1	40	1	1	rational	weight_592.json
592	106	2	9	7	146	1	41	1	1	rational	weight_592.json
592	106	2	36	7	146	1	42	1	1	rational	weight_592.json
592	106	2	144	7	146	1	43	1	1	rational	weight_592.json
592	106	2	99	7	146	1	44	1	1	rational	weight_592.json
592	106	2	126	7	146	1	45	1	1	rational	weight_592.json
592	106	2	171	7	146	1	46	1	1	rational	weight_592.json
592	106	2	180	7	146	1	47	1	1	rational	weight_592.json
592	106	2	90	7	146	1	48	1	2	rational	weight_592.json
594	108	2	204	7	59	1	1	1	1	rational	weight_594.json
594	108	2	39	7	59	1	2	1	1	rational	weight_594.json
594	108	2	39	7	59	1	3	1	1	rational	weight_594.json
594	108	2	231	7	140	1	4	1	1	rational	weight_594.json
594	108	2	12	7	140	1	5	1	1	rational	weight_594.json
594	108	2	69	7	140	1	6	1	1	rational	weight_594.json
594	108	2	150	7	140	1	7	1	1	rational	weight_594.json
594	108	2	39	7	59	1	8	1	1	rational	weight_594.json
594	108	2	204	7	59	1	9	1	1	rational	weight_594.json
594	108	2	150	7	140	1	10	1	1	rational	weight_594.json
594	108	2	39	7	59	1	11	1	1	rational	weight_594.json
594	108	2	204	7	59	1	12	1	1	rational	weight_594.json
594	108	2	93	7	140	1	13	1	1	rational	weight_594.json
594	108	2	39	7	59	1	14	1	1	rational	weight_594.json
594	108	2	231	7	140	1	15	1	1	rational	weight_594.json
594	108	2	204	7	59	1	16	1	1	rational	weight_594.json
594	108	2	150	7	140	1	17	1	1	rational	weight_594.json
594	108	2	174	7	140	1	18	1	1	rational	weight_594.json
594	108	2	12	7	140	1	19	1	1	rational	weight_594.json
594	108	2	204	7	59	1	20	1	1	rational	weight_594.json
594	108	2	93	7	140	1	21	1	1	rational	weight_594.json
594	108	2	93	7	140	1	22	1	1	rational	weight_594.json
594	108	2	204	7	59	1	23	1	1	rational	weight_594.json
594	108	2	39	7	59	1	24	1	1	rational	weight_594.json
594	108	2	39	7	59	1	25	1	1	rational	weight_594.json
594	108	2	93	7	140	1	26	1	1	rational	weight_594.json
594	108	2	69	7	140	1	27	1	1	rational	weight_594.json
594	108	2	93	7	140	1	28	1	1	rational	weight_594.json
594	108	2	12	7	140	1	29	1	1	rational	weight_594.json
594	108	2	12	7	140	1	30	1	1	rational	weight_594.json
594	108	2	69	7	140	1	31	1	1	rational	weight_594.json
594	108	2	69	7	140	1	32	1	1	rational	weight_594.json
594	108	2	69	7	140	1	33	1	1	rational	weight_594.json
594	108	2	204	7	59	1	34	1	1	rational	weight_594.json
594	108	2	204	7	59	1	35	1	1	rational	weight_594.json
594	108	2	231	7	140	1	36	1	1	rational	weight_594.json
594	108	2	174	7	140	1	37	1	1	rational	weight_594.json
594	108	2	93	7	140	1	38	1	1	rational	weight_594.json
594	108	2	69	7	140	1	39	1	1	rational	weight_594.json
594	108	2	39	7	59	1	40	1	1	rational	weight_594.json
594	108	2	231	7	140	1	41	1	1	rational	weight_594.json
594	108	2	150	7	140	1	42	1	1	rational	weight_594.json
594	108	2	231	7	140	1	43	1	1	rational	weight_594.json
594	108	2	12	7	140	1	44	1	1	rational	weight_594.json
594	108	2	12	7	140	1	45	1	1	rational	weight_594.json
594	108	2	174	7	140	1	46	1	1	rational	weight_594.json
594	108	2	150	7	140	1	47	1	1	rational	weight_594.json
594	108	2	174	7	140	1	48	1	2	rational	weight_594.json
596	110	2	84	7	170	1	1	1	1	rational	weight_596.json
596	110	2	159	7	170	1	2	1	1	rational	weight_596.json
596	110	2	84	7	170	1	3	1	1	rational	weight_596.json
596	110	2	24	7	8	1	4	1	1	rational	weight_596.json
596	110	2	84	7	170	1	5	1	1	rational	weight_596.json
596	110	2	159	7	170	1	6	1	1	rational	weight_596.json
596	110	2	57	7	8	1	7	1	1	rational	weight_596.json
596	110	2	159	7	170	1	8	1	1	rational	weight_596.json
596	110	2	159	7	170	1	9	1	1	rational	weight_596.json
596	110	2	138	7	8	1	10	1	1	rational	weight_596.json
596	110	2	219	7	8	1	11	1	1	rational	weight_596.json
596	110	2	84	7	170	1	12	1	1	rational	weight_596.json
596	110	2	84	7	170	1	13	1	1	rational	weight_596.json
596	110	2	57	7	8	1	14	1	1	rational	weight_596.json
596	110	2	219	7	8	1	15	1	1	rational	weight_596.json
596	110	2	159	7	170	1	16	1	1	rational	weight_596.json
596	110	2	186	7	8	1	17	1	1	rational	weight_596.json
596	110	2	159	7	170	1	18	1	1	rational	weight_596.json
596	110	2	57	7	8	1	19	1	1	rational	weight_596.json
596	110	2	84	7	170	1	20	1	1	rational	weight_596.json
596	110	2	105	7	8	1	21	1	1	rational	weight_596.json
596	110	2	159	7	170	1	22	1	1	rational	weight_596.json
596	110	2	105	7	8	1	23	1	1	rational	weight_596.json
596	110	2	57	7	8	1	24	1	1	rational	weight_596.json
596	110	2	57	7	8	1	25	1	1	rational	weight_596.json
596	110	2	105	7	8	1	26	1	1	rational	weight_596.json
596	110	2	138	7	8	1	27	1	1	rational	weight_596.json
596	110	2	105	7	8	1	28	1	1	rational	weight_596.json
596	110	2	84	7	170	1	29	1	1	rational	weight_596.json
596	110	2	219	7	8	1	30	1	1	rational	weight_596.json
596	110	2	159	7	170	1	31	1	1	rational	weight_596.json
596	110	2	105	7	8	1	32	1	1	rational	weight_596.json
596	110	2	24	7	8	1	33	1	1	rational	weight_596.json
596	110	2	138	7	8	1	34	1	1	rational	weight_596.json
596	110	2	186	7	8	1	35	1	1	rational	weight_596.json
596	110	2	219	7	8	1	36	1	1	rational	weight_596.json
596	110	2	138	7	8	1	37	1	1	rational	weight_596.json
596	110	2	84	7	170	1	38	1	1	rational	weight_596.json
596	110	2	105	7	8	1	39	1	1	rational	weight_596.json
596	110	2	24	7	8	1	40	1	1	rational	weight_596.json
596	110	2	24	7	8	1	41	1	1	rational	weight_596.json
596	110	2	24	7	8	1	42	1	1	rational	weight_596.json
596	110	2	219	7	8	1	43	1	1	rational	weight_596.json
596	110	2	57	7	8	1	44	1	1	rational	weight_596.json
596	110	2	138	7	8	1	45	1	1	rational	weight_596.json
596	110	2	186	7	8	1	46	1	1	rational	weight_596.json
596	110	2	24	7	8	1	47	1	1	rational	weight_596.json
596	110	2	186	7	8	1	48	1	2	rational	weight_596.json
598	112	2	0	7	182	1	1	1	1	rational	weight_598.json
598	112	2	0	7	182	1	2	1	1	rational	weight_598.json
598	112	2	81	7	182	1	3	1	1	rational	weight_598.json
598	112	2	81	7	182	1	4	1	1	rational	weight_598.json
598	112	2	162	7	182	1	5	1	1	rational	weight_598.json
598	112	2	108	7	182	1	6	1	1	rational	weight_598.json
598	112	2	135	7	182	1	7	1	1	rational	weight_598.json
598	112	2	27	7	182	1	8	1	1	rational	weight_598.json
598	112	2	216	7	182	1	9	1	1	rational	weight_598.json
598	112	2	216	7	182	1	10	1	1	rational	weight_598.json
598	112	2	108	7	182	1	11	1	1	rational	weight_598.json
598	112	2	189	7	182	1	12	1	1	rational	weight_598.json
598	112	2	189	7	182	1	13	1	1	rational	weight_598.json
598	112	2	54	7	182	1	14	1	1	rational	weight_598.json
598	112	2	54	7	182	1	15	1	1	rational	weight_598.json
598	112	2	27	7	182	1	16	1	1	rational	weight_598.json
598	112	2	171	7	20	1	17	1	1	rational	weight_598.json
598	112	2	198	7	20	1	18	1	1	rational	weight_598.json
598	112	2	171	7	20	1	19	1	1	rational	weight_598.json
598	112	2	36	7	20	1	20	1	1	rational	weight_598.json
598	112	2	36	7	20	1	21	1	1	rational	weight_598.json
598	112	2	72	7	20	1	22	1	1	rational	weight_598.json
598	112	2	45	7	20	1	23	1	1	rational	weight_598.json
598	112	2	99	7	20	1	24	1	1	rational	weight_598.json
598	112	2	18	7	20	1	25	1	1	rational	weight_598.json
598	112	2	180	7	20	1	26	1	1	rational	weight_598.json
598	112	2	117	7	20	1	27	1	1	rational	weight_598.json
598	112	2	9	7	20	1	28	1	1	rational	weight_598.json
598	112	2	144	7	20	1	29	1	1	rational	weight_598.json
598	112	2	225	7	20	1	30	1	1	rational	weight_598.json
598	112	2	198	7	20	1	31	1	1	rational	weight_598.json
598	112	2	207	7	20	1	32	1	1	rational	weight_598.json
598	112	2	18	7	20	1	33	1	1	rational	weight_598.json
598	112	2	63	7	20	1	34	1	1	rational	weight_598.json
598	112	2	72	7	20	1	35	1	1	rational	weight_598.json
598	112	2	225	7	20	1	36	1	1	rational	weight_598.json
598	112	2	90	7	20	1	37	1	1	rational	weight_598.json
598	112	2	117	7	20	1	38	1	1	rational	weight_598.json
598	112	2	45	7	20	1	39	1	1	rational	weight_598.json
598	112	2	144	7	20	1	40	1	1	rational	weight_598.json
598	112	2	63	7	20	1	41	1	1	rational	weight_598.json
598	112	2	207	7	20	1	42	1	1	rational	weight_598.json
598	112	2	153	7	20	1	43	1	1	rational	weight_598.json
598	112	2	153	7	20	1	44	1	1	rational	weight_598.json
598	112	2	9	7	20	1	45	1	1	rational	weight_598.json
598	112	2	180	7	20	1	46	1	1	rational	weight_598.json
598	112	2	126	7	20	1	47	1	1	rational	weight_598.json
598	112	2	234	7	20	1	48	1	2	rational	weight_598.json
600	114	2	87	7	122	1	1	1	1	rational	weight_600.json
600	114	2	33	7	203	1	2	1	1	rational	weight_600.json
600	114	2	156	7	122	1	3	1	1	rational	weight_600.json
600	114	2	210	7	203	1	4	1	1	rational	weight_600.json
600	114	2	156	7	122	1	5	1	1	rational	weight_600.json
600	114	2	195	7	203	1	6	1	1	rational	weight_600.json
600	114	2	129	7	203	1	7	1	1	rational	weight_600.json
600	114	2	87	7	122	1	8	1	1	rational	weight_600.json
600	114	2	129	7	203	1	9	1	1	rational	weight_600.json
600	114	2	156	7	122	1	10	1	1	rational	weight_600.json
600	114	2	87	7	122	1	11	1	1	rational	weight_600.json
600	114	2	33	7	203	1	12	1	1	rational	weight_600.json
600	114	2	210	7	203	1	13	1	1	rational	weight_600.json
600	114	2	33	7	203	1	14	1	1	rational	weight_600.json
600	114	2	210	7	203	1	15	1	1	rational	weight_600.json
600	114	2	156	7	122	1	16	1	1	rational	weight_600.json
600	114	2	195	7	203	1	17	1	1	rational	weight_600.json
600	114	2	156	7	122	1	18	1	1	rational	weight_600.json
600	114	2	48	7	203	1	19	1	1	rational	weight_600.json
600	114	2	156	7	122	1	20	1	1	rational	weight_600.json
600	114	2	129	7	203	1	21	1	1	rational	weight_600.json
600	114	2	48	7	203	1	22	1	1	rational	weight_600.json
600	114	2	210	7	203	1	23	1	1	rational	weight_600.json
600	114	2	156	7	122	1	24	1	1	rational	weight_600.json
600	114	2	156	7	122	1	25	1	1	rational	weight_600.json
600	114	2	195	7	203	1	26	1	1	rational	weight_600.json
600	114	2	87	7	122	1	27	1	1	rational	weight_600.json
600	114	2	33	7	203	1	28	1	1	rational	weight_600.json
600	114	2	129	7	203	1	29	1	1	rational	weight_600.json
600	114	2	114	7	203	1	30	1	1	rational	weight_600.json
600	114	2	129	7	203	1	31	1	1	rational	weight_600.json
600	114	2	195	7	203	1	32	1	1	rational	weight_600.json
600	114	2	33	7	203	1	33	1	1	rational	weight_600.json
600	114	2	210	7	203	1	34	1	1	rational	weight_600.json
600	114	2	129	7	203	1	35	1	1	rational	weight_600.json
600	114	2	87	7	122	1	36	1	1	rational	weight_600.json
600	114	2	114	7	203	1	37	1	1	rational	weight_600.json
600	114	2	48	7	203	1	38	1	1	rational	weight_600.json
600	114	2	195	7	203	1	39	1	1	rational	weight_600.json
600	114	2	114	7	203	1	40	1	1	rational	weight_600.json
600	114	2	48	7	203	1	41	1	1	rational	weight_600.json
600	114	2	87	7	122	1	42	1	1	rational	weight_600.json
600	114	2	156	7	122	1	43	1	1	rational	weight_600.json
600	114	2	48	7	203	1	44	1	1	rational	weight_600.json
600	114	2	87	7	122	1	45	1	1	rational	weight_600.json
600	114	2	87	7	122	1	46	1	1	rational	weight_600.json
600	114	2	33	7	203	1	47	1	1	rational	weight_600.json
600	114	2	195	7	203	1	48	1	1	rational	weight_600.json
600	114	2	114	7	203	1	49	1	2	rational	weight_600.json
602	116	2	33	7	179	1	1	1	1	rational	weight_602.json
602	116	2	129	7	179	1	2	1	1	rational	weight_602.json
602	116	2	48	7	179	1	3	1	1	rational	weight_602.json
602	116	2	129	7	179	1	4	1	1	rational	weight_602.json
602	116	2	75	7	98	1	5	1	1	rational	weight_602.json
602	116	2	114	7	179	1	6	1	1	rational	weight_602.json
602	116	2	168	7	98	1	7	1	1	rational	weight_602.json
602	116	2	195	7	179	1	8	1	1	rational	weight_602.json
602	116	2	48	7	179	1	9	1	1	rational	weight_602.json
602	116	2	75	7	98	1	10	1	1	rational	weight_602.json
602	116	2	114	7	179	1	11	1	1	rational	weight_602.json
602	116	2	129	7	179	1	12	1	1	rational	weight_602.json
602	116	2	168	7	98	1	13	1	1	rational	weight_602.json
602	116	2	48	7	179	1	14	1	1	rational	weight_602.json
602	116	2	195	7	179	1	15	1	1	rational	weight_602.json
602	116	2	210	7	179	1	16	1	1	rational	weight_602.json
602	116	2	129	7	179	1	17	1	1	rational	weight_602.json
602	116	2	75	7	98	1	18	1	1	rational	weight_602.json
602	116	2	75	7	98	1	19	1	1	rational	weight_602.json
602	116	2	114	7	179	1	20	1	1	rational	weight_602.json
602	116	2	33	7	179	1	21	1	1	rational	weight_602.json
602	116	2	48	7	179	1	22	1	1	rational	weight_602.json
602	116	2	168	7	98	1	23	1	1	rational	weight_602.json
602	116	2	48	7	179	1	24	1	1	rational	weight_602.json
602	116	2	75	7	98	1	25	1	1	rational	weight_602.json
602	116	2	168	7	98	1	26	1	1	rational	weight_602.json
602	116	2	195	7	179	1	27	1	1	rational	weight_602.json
602	116	2	114	7	179	1	28	1	1	rational	weight_602.json
602	116	2	210	7	179	1	29	1	1	rational	weight_602.json
602	116	2	210	7	179	1	30	1	1	rational	weight_602.json
602	116	2	168	7	98	1	31	1	1	rational	weight_602.json
602	116	2	168	7	98	1	32	1	1	rational	weight_602.json
602	116	2	168	7	98	1	33	1	1	rational	weight_602.json
602	116	2	210	7	179	1	34	1	1	rational	weight_602.json
602	116	2	33	7	179	1	35	1	1	rational	weight_602.json
602	116	2	75	7	98	1	36	1	1	rational	weight_602.json
602	116	2	33	7	179	1	37	1	1	rational	weight_602.json
602	116	2	75	7	98	1	38	1	1	rational	weight_602.json
602	116	2	195	7	179	1	39	1	1	rational	weight_602.json
602	116	2	129	7	179	1	40	1	1	rational	weight_602.json
602	116	2	33	7	179	1	41	1	1	rational	weight_602.json
602	116	2	114	7	179	1	42	1	1	rational	weight_602.json
602	116	2	168	7	98	1	43	1	1	rational	weight_602.json
602	116	2	195	7	179	1	44	1	1	rational	weight_602.json
602	116	2	129	7	179	1	45	1	1	rational	weight_602.json
602	116	2	168	7	98	1	46	1	1	rational	weight_602.json
602	116	2	33	7	179	1	47	1	1	rational	weight_602.json
602	116	2	210	7	179	1	48	1	1	rational	weight_602.json
602	116	2	75	7	98	1	49	1	1	rational	weight_602.json
604	118	2	0	7	218	1	1	1	1	rational	weight_604.json
604	118	2	0	7	218	1	2	1	1	rational	weight_604.json
604	118	2	162	7	218	1	3	1	1	rational	weight_604.json
604	118	2	162	7	218	1	4	1	1	rational	weight_604.json
604	118	2	81	7	218	1	5	1	1	rational	weight_604.json
604	118	2	216	7	218	1	6	1	1	rational	weight_604.json
604	118	2	216	7	218	1	7	1	1	rational	weight_604.json
604	118	2	54	7	218	1	8	1	1	rational	weight_604.json
604	118	2	108	7	218	1	9	1	1	rational	weight_604.json
604	118	2	54	7	218	1	10	1	1	rational	weight_604.json
604	118	2	135	7	218	1	11	1	1	rational	weight_604.json
604	118	2	27	7	218	1	12	1	1	rational	weight_604.json
604	118	2	27	7	218	1	13	1	1	rational	weight_604.json
604	118	2	189	7	218	1	14	1	1	rational	weight_604.json
604	118	2	135	7	218	1	15	1	1	rational	weight_604.json
604	118	2	189	7	218	1	16	1	1	rational	weight_604.json
604	118	2	207	7	56	1	17	1	1	rational	weight_604.json
604	118	2	207	7	56	1	18	1	1	rational	weight_604.json
604	118	2	36	7	56	1	19	1	1	rational	weight_604.json
604	118	2	18	7	56	1	20	1	1	rational	weight_604.json
604	118	2	36	7	56	1	21	1	1	rational	weight_604.json
604	118	2	36	7	56	1	22	1	1	rational	weight_604.json
604	118	2	225	7	56	1	23	1	1	rational	weight_604.json
604	118	2	225	7	56	1	24	1	1	rational	weight_604.json
604	118	2	18	7	56	1	25	1	1	rational	weight_604.json
604	118	2	18	7	56	1	26	1	1	rational	weight_604.json
604	118	2	207	7	56	1	27	1	1	rational	weight_604.json
604	118	2	225	7	56	1	28	1	1	rational	weight_604.json
604	118	2	weight_604.json#orbit=1,place=29,coordinate=0	7	weight_604.json#orbit=1,place=29,coordinate=1	1	29	1	2	algebraic	weight_604.json
604	118	2	weight_604.json#orbit=1,place=30,coordinate=0	7	weight_604.json#orbit=1,place=30,coordinate=1	1	30	1	2	algebraic	weight_604.json
604	118	2	weight_604.json#orbit=1,place=31,coordinate=0	7	weight_604.json#orbit=1,place=31,coordinate=1	1	31	1	2	algebraic	weight_604.json
604	118	2	weight_604.json#orbit=1,place=32,coordinate=0	7	weight_604.json#orbit=1,place=32,coordinate=1	1	32	1	2	algebraic	weight_604.json
604	118	2	weight_604.json#orbit=1,place=33,coordinate=0	7	weight_604.json#orbit=1,place=33,coordinate=1	1	33	1	2	algebraic	weight_604.json
604	118	2	weight_604.json#orbit=1,place=34,coordinate=0	7	weight_604.json#orbit=1,place=34,coordinate=1	1	34	1	2	algebraic	weight_604.json
604	118	2	weight_604.json#orbit=1,place=35,coordinate=0	7	weight_604.json#orbit=1,place=35,coordinate=1	1	35	1	2	algebraic	weight_604.json
604	118	2	weight_604.json#orbit=1,place=36,coordinate=0	7	weight_604.json#orbit=1,place=36,coordinate=1	1	36	1	2	algebraic	weight_604.json
604	118	2	weight_604.json#orbit=1,place=37,coordinate=0	7	weight_604.json#orbit=1,place=37,coordinate=1	1	37	1	2	algebraic	weight_604.json
604	118	2	weight_604.json#orbit=1,place=38,coordinate=0	7	weight_604.json#orbit=1,place=38,coordinate=1	1	38	1	2	algebraic	weight_604.json
604	118	2	weight_604.json#orbit=1,place=39,coordinate=0	7	weight_604.json#orbit=1,place=39,coordinate=1	1	39	1	2	algebraic	weight_604.json
606	120	2	105	7	185	1	1	1	1	rational	weight_606.json
606	120	2	219	7	185	1	2	1	1	rational	weight_606.json
606	120	2	57	7	185	1	3	1	1	rational	weight_606.json
606	120	2	138	7	185	1	4	1	1	rational	weight_606.json
606	120	2	159	7	104	1	5	1	1	rational	weight_606.json
606	120	2	159	7	104	1	6	1	1	rational	weight_606.json
606	120	2	159	7	104	1	7	1	1	rational	weight_606.json
606	120	2	84	7	104	1	8	1	1	rational	weight_606.json
606	120	2	57	7	185	1	9	1	1	rational	weight_606.json
606	120	2	159	7	104	1	10	1	1	rational	weight_606.json
606	120	2	84	7	104	1	11	1	1	rational	weight_606.json
606	120	2	24	7	185	1	12	1	1	rational	weight_606.json
606	120	2	105	7	185	1	13	1	1	rational	weight_606.json
606	120	2	24	7	185	1	14	1	1	rational	weight_606.json
606	120	2	84	7	104	1	15	1	1	rational	weight_606.json
606	120	2	138	7	185	1	16	1	1	rational	weight_606.json
606	120	2	159	7	104	1	17	1	1	rational	weight_606.json
606	120	2	159	7	104	1	18	1	1	rational	weight_606.json
606	120	2	84	7	104	1	19	1	1	rational	weight_606.json
606	120	2	186	7	185	1	20	1	1	rational	weight_606.json
606	120	2	57	7	185	1	21	1	1	rational	weight_606.json
606	120	2	219	7	185	1	22	1	1	rational	weight_606.json
606	120	2	138	7	185	1	23	1	1	rational	weight_606.json
606	120	2	24	7	185	1	24	1	1	rational	weight_606.json
606	120	2	159	7	104	1	25	1	1	rational	weight_606.json
606	120	2	105	7	185	1	26	1	1	rational	weight_606.json
606	120	2	138	7	185	1	27	1	1	rational	weight_606.json
606	120	2	186	7	185	1	28	1	1	rational	weight_606.json
606	120	2	105	7	185	1	29	1	1	rational	weight_606.json
606	120	2	84	7	104	1	30	1	1	rational	weight_606.json
606	120	2	24	7	185	1	31	1	1	rational	weight_606.json
606	120	2	219	7	185	1	32	1	1	rational	weight_606.json
606	120	2	105	7	185	1	33	1	1	rational	weight_606.json
606	120	2	84	7	104	1	34	1	1	rational	weight_606.json
606	120	2	24	7	185	1	35	1	1	rational	weight_606.json
606	120	2	138	7	185	1	36	1	1	rational	weight_606.json
606	120	2	186	7	185	1	37	1	1	rational	weight_606.json
606	120	2	219	7	185	1	38	1	1	rational	weight_606.json
606	120	2	159	7	104	1	39	1	1	rational	weight_606.json
606	120	2	105	7	185	1	40	1	1	rational	weight_606.json
606	120	2	138	7	185	1	41	1	1	rational	weight_606.json
606	120	2	84	7	104	1	42	1	1	rational	weight_606.json
606	120	2	57	7	185	1	43	1	1	rational	weight_606.json
606	120	2	159	7	104	1	44	1	1	rational	weight_606.json
606	120	2	84	7	104	1	45	1	1	rational	weight_606.json
606	120	2	57	7	185	1	46	1	1	rational	weight_606.json
606	120	2	186	7	185	1	47	1	1	rational	weight_606.json
606	120	2	186	7	185	1	48	1	1	rational	weight_606.json
606	120	2	219	7	185	1	49	1	1	rational	weight_606.json
606	120	2	57	7	185	1	50	1	1	rational	weight_606.json
608	122	2	204	7	188	1	1	1	1	rational	weight_608.json
608	122	2	39	7	188	1	2	1	1	rational	weight_608.json
608	122	2	204	7	188	1	3	1	1	rational	weight_608.json
608	122	2	204	7	188	1	4	1	1	rational	weight_608.json
608	122	2	93	7	26	1	5	1	1	rational	weight_608.json
608	122	2	150	7	26	1	6	1	1	rational	weight_608.json
608	122	2	231	7	26	1	7	1	1	rational	weight_608.json
608	122	2	204	7	188	1	8	1	1	rational	weight_608.json
608	122	2	204	7	188	1	9	1	1	rational	weight_608.json
608	122	2	93	7	26	1	10	1	1	rational	weight_608.json
608	122	2	69	7	26	1	11	1	1	rational	weight_608.json
608	122	2	39	7	188	1	12	1	1	rational	weight_608.json
608	122	2	39	7	188	1	13	1	1	rational	weight_608.json
608	122	2	69	7	26	1	14	1	1	rational	weight_608.json
608	122	2	150	7	26	1	15	1	1	rational	weight_608.json
608	122	2	231	7	26	1	16	1	1	rational	weight_608.json
608	122	2	39	7	188	1	17	1	1	rational	weight_608.json
608	122	2	150	7	26	1	18	1	1	rational	weight_608.json
608	122	2	231	7	26	1	19	1	1	rational	weight_608.json
608	122	2	69	7	26	1	20	1	1	rational	weight_608.json
608	122	2	12	7	26	1	21	1	1	rational	weight_608.json
608	122	2	174	7	26	1	22	1	1	rational	weight_608.json
608	122	2	39	7	188	1	23	1	1	rational	weight_608.json
608	122	2	174	7	26	1	24	1	1	rational	weight_608.json
608	122	2	69	7	26	1	25	1	1	rational	weight_608.json
608	122	2	231	7	26	1	26	1	1	rational	weight_608.json
608	122	2	150	7	26	1	27	1	1	rational	weight_608.json
608	122	2	204	7	188	1	28	1	1	rational	weight_608.json
608	122	2	174	7	26	1	29	1	1	rational	weight_608.json
608	122	2	12	7	26	1	30	1	1	rational	weight_608.json
608	122	2	39	7	188	1	31	1	1	rational	weight_608.json
608	122	2	231	7	26	1	32	1	1	rational	weight_608.json
608	122	2	12	7	26	1	33	1	1	rational	weight_608.json
608	122	2	204	7	188	1	34	1	1	rational	weight_608.json
608	122	2	204	7	188	1	35	1	1	rational	weight_608.json
608	122	2	12	7	26	1	36	1	1	rational	weight_608.json
608	122	2	93	7	26	1	37	1	1	rational	weight_608.json
608	122	2	12	7	26	1	38	1	1	rational	weight_608.json
608	122	2	150	7	26	1	39	1	1	rational	weight_608.json
608	122	2	231	7	26	1	40	1	1	rational	weight_608.json
608	122	2	39	7	188	1	41	1	1	rational	weight_608.json
608	122	2	39	7	188	1	42	1	1	rational	weight_608.json
608	122	2	93	7	26	1	43	1	1	rational	weight_608.json
608	122	2	174	7	26	1	44	1	1	rational	weight_608.json
608	122	2	69	7	26	1	45	1	1	rational	weight_608.json
608	122	2	174	7	26	1	46	1	1	rational	weight_608.json
608	122	2	150	7	26	1	47	1	1	rational	weight_608.json
608	122	2	39	7	188	1	48	1	1	rational	weight_608.json
608	122	2	93	7	26	1	49	1	2	rational	weight_608.json
610	124	2	0	7	173	1	1	1	1	rational	weight_610.json
610	124	2	0	7	173	1	2	1	1	rational	weight_610.json
610	124	2	81	7	173	1	3	1	1	rational	weight_610.json
610	124	2	162	7	173	1	4	1	1	rational	weight_610.json
610	124	2	81	7	173	1	5	1	1	rational	weight_610.json
610	124	2	135	7	173	1	6	1	1	rational	weight_610.json
610	124	2	54	7	173	1	7	1	1	rational	weight_610.json
610	124	2	108	7	173	1	8	1	1	rational	weight_610.json
610	124	2	27	7	173	1	9	1	1	rational	weight_610.json
610	124	2	27	7	173	1	10	1	1	rational	weight_610.json
610	124	2	135	7	173	1	11	1	1	rational	weight_610.json
610	124	2	189	7	173	1	12	1	1	rational	weight_610.json
610	124	2	216	7	173	1	13	1	1	rational	weight_610.json
610	124	2	54	7	173	1	14	1	1	rational	weight_610.json
610	124	2	189	7	173	1	15	1	1	rational	weight_610.json
610	124	2	108	7	173	1	16	1	1	rational	weight_610.json
610	124	2	216	7	173	1	17	1	1	rational	weight_610.json
610	124	2	180	7	11	1	18	1	1	rational	weight_610.json
610	124	2	207	7	11	1	19	1	1	rational	weight_610.json
610	124	2	117	7	11	1	20	1	1	rational	weight_610.json
610	124	2	36	7	11	1	21	1	1	rational	weight_610.json
610	124	2	36	7	11	1	22	1	1	rational	weight_610.json
610	124	2	207	7	11	1	23	1	1	rational	weight_610.json
610	124	2	198	7	11	1	24	1	1	rational	weight_610.json
610	124	2	234	7	11	1	25	1	1	rational	weight_610.json
610	124	2	99	7	11	1	26	1	1	rational	weight_610.json
610	124	2	18	7	11	1	27	1	1	rational	weight_610.json
610	124	2	225	7	11	1	28	1	1	rational	weight_610.json
610	124	2	126	7	11	1	29	1	1	rational	weight_610.json
610	124	2	198	7	11	1	30	1	1	rational	weight_610.json
610	124	2	63	7	11	1	31	1	1	rational	weight_610.json
610	124	2	117	7	11	1	32	1	1	rational	weight_610.json
610	124	2	171	7	11	1	33	1	1	rational	weight_610.json
610	124	2	99	7	11	1	34	1	1	rational	weight_610.json
610	124	2	144	7	11	1	35	1	1	rational	weight_610.json
610	124	2	9	7	11	1	36	1	1	rational	weight_610.json
610	124	2	72	7	11	1	37	1	1	rational	weight_610.json
610	124	2	126	7	11	1	38	1	1	rational	weight_610.json
610	124	2	180	7	11	1	39	1	1	rational	weight_610.json
610	124	2	45	7	11	1	40	1	1	rational	weight_610.json
610	124	2	225	7	11	1	41	1	1	rational	weight_610.json
610	124	2	63	7	11	1	42	1	1	rational	weight_610.json
610	124	2	weight_610.json#orbit=1,place=43,coordinate=0	7	weight_610.json#orbit=1,place=43,coordinate=1	1	43	1	2	algebraic	weight_610.json
610	124	2	weight_610.json#orbit=1,place=44,coordinate=0	7	weight_610.json#orbit=1,place=44,coordinate=1	1	44	1	2	algebraic	weight_610.json
610	124	2	weight_610.json#orbit=1,place=45,coordinate=0	7	weight_610.json#orbit=1,place=45,coordinate=1	1	45	1	2	algebraic	weight_610.json
610	124	2	weight_610.json#orbit=1,place=46,coordinate=0	7	weight_610.json#orbit=1,place=46,coordinate=1	1	46	1	2	algebraic	weight_610.json
612	126	2	201	7	86	1	1	1	1	rational	weight_612.json
612	126	2	201	7	86	1	2	1	1	rational	weight_612.json
612	126	2	66	7	5	1	3	1	1	rational	weight_612.json
612	126	2	204	7	86	1	4	1	1	rational	weight_612.json
612	126	2	39	7	86	1	5	1	1	rational	weight_612.json
612	126	2	177	7	5	1	6	1	1	rational	weight_612.json
612	126	2	177	7	5	1	7	1	1	rational	weight_612.json
612	126	2	123	7	86	1	8	1	1	rational	weight_612.json
612	126	2	177	7	5	1	9	1	1	rational	weight_612.json
612	126	2	123	7	86	1	10	1	1	rational	weight_612.json
612	126	2	177	7	5	1	11	1	1	rational	weight_612.json
612	126	2	66	7	5	1	12	1	1	rational	weight_612.json
612	126	2	204	7	86	1	13	1	1	rational	weight_612.json
612	126	2	120	7	86	1	14	1	1	rational	weight_612.json
612	126	2	204	7	86	1	15	1	1	rational	weight_612.json
612	126	2	120	7	86	1	16	1	1	rational	weight_612.json
612	126	2	120	7	86	1	17	1	1	rational	weight_612.json
612	126	2	177	7	5	1	18	1	1	rational	weight_612.json
612	126	2	177	7	5	1	19	1	1	rational	weight_612.json
612	126	2	123	7	86	1	20	1	1	rational	weight_612.json
612	126	2	66	7	5	1	21	1	1	rational	weight_612.json
612	126	2	66	7	5	1	22	1	1	rational	weight_612.json
612	126	2	201	7	86	1	23	1	1	rational	weight_612.json
612	126	2	66	7	5	1	24	1	1	rational	weight_612.json
612	126	2	120	7	86	1	25	1	1	rational	weight_612.json
612	126	2	42	7	86	1	26	1	1	rational	weight_612.json
612	126	2	39	7	86	1	27	1	1	rational	weight_612.json
612	126	2	42	7	86	1	28	1	1	rational	weight_612.json
612	126	2	39	7	86	1	29	1	1	rational	weight_612.json
612	126	2	42	7	86	1	30	1	1	rational	weight_612.json
612	126	2	123	7	86	1	31	1	1	rational	weight_612.json
612	126	2	66	7	5	1	32	1	1	rational	weight_612.json
612	126	2	204	7	86	1	33	1	1	rational	weight_612.json
612	126	2	204	7	86	1	34	1	1	rational	weight_612.json
612	126	2	66	7	5	1	35	1	1	rational	weight_612.json
612	126	2	201	7	86	1	36	1	1	rational	weight_612.json
612	126	2	123	7	86	1	37	1	1	rational	weight_612.json
612	126	2	66	7	5	1	38	1	1	rational	weight_612.json
612	126	2	39	7	86	1	39	1	1	rational	weight_612.json
612	126	2	39	7	86	1	40	1	1	rational	weight_612.json
612	126	2	177	7	5	1	41	1	1	rational	weight_612.json
612	126	2	42	7	86	1	42	1	1	rational	weight_612.json
612	126	2	120	7	86	1	43	1	1	rational	weight_612.json
612	126	2	120	7	86	1	44	1	1	rational	weight_612.json
612	126	2	123	7	86	1	45	1	1	rational	weight_612.json
612	126	2	42	7	86	1	46	1	1	rational	weight_612.json
612	126	2	66	7	5	1	47	1	1	rational	weight_612.json
612	126	2	177	7	5	1	48	1	1	rational	weight_612.json
612	126	2	42	7	86	1	49	1	1	rational	weight_612.json
612	126	2	201	7	86	1	50	1	2	rational	weight_612.json
614	128	2	24	7	197	1	1	1	1	rational	weight_614.json
614	128	2	213	7	35	1	2	1	1	rational	weight_614.json
614	128	2	219	7	197	1	3	1	1	rational	weight_614.json
614	128	2	51	7	35	1	4	1	1	rational	weight_614.json
614	128	2	192	7	35	1	5	1	1	rational	weight_614.json
614	128	2	219	7	197	1	6	1	1	rational	weight_614.json
614	128	2	24	7	197	1	7	1	1	rational	weight_614.json
614	128	2	219	7	197	1	8	1	1	rational	weight_614.json
614	128	2	192	7	35	1	9	1	1	rational	weight_614.json
614	128	2	111	7	35	1	10	1	1	rational	weight_614.json
614	128	2	132	7	35	1	11	1	1	rational	weight_614.json
614	128	2	132	7	35	1	12	1	1	rational	weight_614.json
614	128	2	219	7	197	1	13	1	1	rational	weight_614.json
614	128	2	30	7	35	1	14	1	1	rational	weight_614.json
614	128	2	132	7	35	1	15	1	1	rational	weight_614.json
614	128	2	24	7	197	1	16	1	1	rational	weight_614.json
614	128	2	111	7	35	1	17	1	1	rational	weight_614.json
614	128	2	51	7	35	1	18	1	1	rational	weight_614.json
614	128	2	213	7	35	1	19	1	1	rational	weight_614.json
614	128	2	213	7	35	1	20	1	1	rational	weight_614.json
614	128	2	24	7	197	1	21	1	1	rational	weight_614.json
614	128	2	219	7	197	1	22	1	1	rational	weight_614.json
614	128	2	30	7	35	1	23	1	1	rational	weight_614.json
614	128	2	219	7	197	1	24	1	1	rational	weight_614.json
614	128	2	219	7	197	1	25	1	1	rational	weight_614.json
614	128	2	219	7	197	1	26	1	1	rational	weight_614.json
614	128	2	24	7	197	1	27	1	1	rational	weight_614.json
614	128	2	30	7	35	1	28	1	1	rational	weight_614.json
614	128	2	192	7	35	1	29	1	1	rational	weight_614.json
614	128	2	111	7	35	1	30	1	1	rational	weight_614.json
614	128	2	51	7	35	1	31	1	1	rational	weight_614.json
614	128	2	111	7	35	1	32	1	1	rational	weight_614.json
614	128	2	24	7	197	1	33	1	1	rational	weight_614.json
614	128	2	132	7	35	1	34	1	1	rational	weight_614.json
614	128	2	192	7	35	1	35	1	1	rational	weight_614.json
614	128	2	213	7	35	1	36	1	1	rational	weight_614.json
614	128	2	132	7	35	1	37	1	1	rational	weight_614.json
614	128	2	24	7	197	1	38	1	1	rational	weight_614.json
614	128	2	111	7	35	1	39	1	1	rational	weight_614.json
614	128	2	132	7	35	1	40	1	1	rational	weight_614.json
614	128	2	213	7	35	1	41	1	1	rational	weight_614.json
614	128	2	192	7	35	1	42	1	1	rational	weight_614.json
614	128	2	51	7	35	1	43	1	1	rational	weight_614.json
614	128	2	24	7	197	1	44	1	1	rational	weight_614.json
614	128	2	192	7	35	1	45	1	1	rational	weight_614.json
614	128	2	30	7	35	1	46	1	1	rational	weight_614.json
614	128	2	30	7	35	1	47	1	1	rational	weight_614.json
614	128	2	111	7	35	1	48	1	1	rational	weight_614.json
614	128	2	51	7	35	1	49	1	2	rational	weight_614.json
616	130	2	0	7	47	1	1	1	1	rational	weight_616.json
616	130	2	0	7	47	1	2	1	1	rational	weight_616.json
616	130	2	162	7	47	1	3	1	1	rational	weight_616.json
616	130	2	162	7	47	1	4	1	1	rational	weight_616.json
616	130	2	81	7	47	1	5	1	1	rational	weight_616.json
616	130	2	135	7	47	1	6	1	1	rational	weight_616.json
616	130	2	216	7	47	1	7	1	1	rational	weight_616.json
616	130	2	54	7	47	1	8	1	1	rational	weight_616.json
616	130	2	135	7	47	1	9	1	1	rational	weight_616.json
616	130	2	189	7	47	1	10	1	1	rational	weight_616.json
616	130	2	27	7	47	1	11	1	1	rational	weight_616.json
616	130	2	27	7	47	1	12	1	1	rational	weight_616.json
616	130	2	216	7	47	1	13	1	1	rational	weight_616.json
616	130	2	189	7	47	1	14	1	1	rational	weight_616.json
616	130	2	54	7	47	1	15	1	1	rational	weight_616.json
616	130	2	108	7	47	1	16	1	1	rational	weight_616.json
616	130	2	108	7	47	1	17	1	1	rational	weight_616.json
616	130	2	225	7	128	1	18	1	1	rational	weight_616.json
616	130	2	171	7	128	1	19	1	1	rational	weight_616.json
616	130	2	198	7	128	1	20	1	1	rational	weight_616.json
616	130	2	117	7	128	1	21	1	1	rational	weight_616.json
616	130	2	99	7	128	1	22	1	1	rational	weight_616.json
616	130	2	63	7	128	1	23	1	1	rational	weight_616.json
616	130	2	18	7	128	1	24	1	1	rational	weight_616.json
616	130	2	36	7	128	1	25	1	1	rational	weight_616.json
616	130	2	63	7	128	1	26	1	1	rational	weight_616.json
616	130	2	45	7	128	1	27	1	1	rational	weight_616.json
616	130	2	207	7	128	1	28	1	1	rational	weight_616.json
616	130	2	18	7	128	1	29	1	1	rational	weight_616.json
616	130	2	90	7	128	1	30	1	1	rational	weight_616.json
616	130	2	126	7	128	1	31	1	1	rational	weight_616.json
616	130	2	180	7	128	1	32	1	1	rational	weight_616.json
616	130	2	207	7	128	1	33	1	1	rational	weight_616.json
616	130	2	126	7	128	1	34	1	1	rational	weight_616.json
616	130	2	117	7	128	1	35	1	1	rational	weight_616.json
616	130	2	153	7	128	1	36	1	1	rational	weight_616.json
616	130	2	36	7	128	1	37	1	1	rational	weight_616.json
616	130	2	225	7	128	1	38	1	1	rational	weight_616.json
616	130	2	45	7	128	1	39	1	1	rational	weight_616.json
616	130	2	198	7	128	1	40	1	1	rational	weight_616.json
616	130	2	99	7	128	1	41	1	1	rational	weight_616.json
616	130	2	144	7	128	1	42	1	1	rational	weight_616.json
616	130	2	72	7	128	1	43	1	1	rational	weight_616.json
616	130	2	weight_616.json#orbit=1,place=44,coordinate=0	7	weight_616.json#orbit=1,place=44,coordinate=1	1	44	1	2	algebraic	weight_616.json
616	130	2	weight_616.json#orbit=1,place=45,coordinate=0	7	weight_616.json#orbit=1,place=45,coordinate=1	1	45	1	2	algebraic	weight_616.json
616	130	2	weight_616.json#orbit=1,place=46,coordinate=0	7	weight_616.json#orbit=1,place=46,coordinate=1	1	46	1	2	algebraic	weight_616.json
616	130	2	weight_616.json#orbit=1,place=47,coordinate=0	7	weight_616.json#orbit=1,place=47,coordinate=1	1	47	1	2	algebraic	weight_616.json
618	132	2	237	7	149	1	1	1	1	rational	weight_618.json
618	132	2	6	7	149	1	2	1	1	rational	weight_618.json
618	132	2	141	7	68	1	3	1	1	rational	weight_618.json
618	132	2	75	7	149	1	4	1	1	rational	weight_618.json
618	132	2	102	7	68	1	5	1	1	rational	weight_618.json
618	132	2	168	7	149	1	6	1	1	rational	weight_618.json
618	132	2	87	7	149	1	7	1	1	rational	weight_618.json
618	132	2	102	7	68	1	8	1	1	rational	weight_618.json
618	132	2	237	7	149	1	9	1	1	rational	weight_618.json
618	132	2	156	7	149	1	10	1	1	rational	weight_618.json
618	132	2	6	7	149	1	11	1	1	rational	weight_618.json
618	132	2	102	7	68	1	12	1	1	rational	weight_618.json
618	132	2	237	7	149	1	13	1	1	rational	weight_618.json
618	132	2	156	7	149	1	14	1	1	rational	weight_618.json
618	132	2	168	7	149	1	15	1	1	rational	weight_618.json
618	132	2	141	7	68	1	16	1	1	rational	weight_618.json
618	132	2	102	7	68	1	17	1	1	rational	weight_618.json
618	132	2	102	7	68	1	18	1	1	rational	weight_618.json
618	132	2	87	7	149	1	19	1	1	rational	weight_618.json
618	132	2	87	7	149	1	20	1	1	rational	weight_618.json
618	132	2	156	7	149	1	21	1	1	rational	weight_618.json
618	132	2	168	7	149	1	22	1	1	rational	weight_618.json
618	132	2	6	7	149	1	23	1	1	rational	weight_618.json
618	132	2	141	7	68	1	24	1	1	rational	weight_618.json
618	132	2	75	7	149	1	25	1	1	rational	weight_618.json
618	132	2	75	7	149	1	26	1	1	rational	weight_618.json
618	132	2	237	7	149	1	27	1	1	rational	weight_618.json
618	132	2	141	7	68	1	28	1	1	rational	weight_618.json
618	132	2	75	7	149	1	29	1	1	rational	weight_618.json
618	132	2	141	7	68	1	30	1	1	rational	weight_618.json
618	132	2	102	7	68	1	31	1	1	rational	weight_618.json
618	132	2	75	7	149	1	32	1	1	rational	weight_618.json
618	132	2	102	7	68	1	33	1	1	rational	weight_618.json
618	132	2	141	7	68	1	34	1	1	rational	weight_618.json
618	132	2	102	7	68	1	35	1	1	rational	weight_618.json
618	132	2	102	7	68	1	36	1	1	rational	weight_618.json
618	132	2	168	7	149	1	37	1	1	rational	weight_618.json
618	132	2	141	7	68	1	38	1	1	rational	weight_618.json
618	132	2	75	7	149	1	39	1	1	rational	weight_618.json
618	132	2	87	7	149	1	40	1	1	rational	weight_618.json
618	132	2	237	7	149	1	41	1	1	rational	weight_618.json
618	132	2	237	7	149	1	42	1	1	rational	weight_618.json
618	132	2	156	7	149	1	43	1	1	rational	weight_618.json
618	132	2	156	7	149	1	44	1	1	rational	weight_618.json
618	132	2	6	7	149	1	45	1	1	rational	weight_618.json
618	132	2	6	7	149	1	46	1	1	rational	weight_618.json
618	132	2	87	7	149	1	47	1	1	rational	weight_618.json
618	132	2	141	7	68	1	48	1	1	rational	weight_618.json
618	132	2	6	7	149	1	49	1	1	rational	weight_618.json
618	132	2	168	7	149	1	50	1	2	rational	weight_618.json
620	134	2	21	7	206	1	1	1	1	rational	weight_620.json
620	134	2	183	7	206	1	2	1	1	rational	weight_620.json
620	134	2	141	7	206	1	3	1	1	rational	weight_620.json
620	134	2	114	7	125	1	4	1	1	rational	weight_620.json
620	134	2	129	7	125	1	5	1	1	rational	weight_620.json
620	134	2	141	7	206	1	6	1	1	rational	weight_620.json
620	134	2	129	7	125	1	7	1	1	rational	weight_620.json
620	134	2	114	7	125	1	8	1	1	rational	weight_620.json
620	134	2	114	7	125	1	9	1	1	rational	weight_620.json
620	134	2	60	7	206	1	10	1	1	rational	weight_620.json
620	134	2	21	7	206	1	11	1	1	rational	weight_620.json
620	134	2	129	7	125	1	12	1	1	rational	weight_620.json
620	134	2	114	7	125	1	13	1	1	rational	weight_620.json
620	134	2	114	7	125	1	14	1	1	rational	weight_620.json
620	134	2	114	7	125	1	15	1	1	rational	weight_620.json
620	134	2	114	7	125	1	16	1	1	rational	weight_620.json
620	134	2	21	7	206	1	17	1	1	rational	weight_620.json
620	134	2	21	7	206	1	18	1	1	rational	weight_620.json
620	134	2	129	7	125	1	19	1	1	rational	weight_620.json
620	134	2	60	7	206	1	20	1	1	rational	weight_620.json
620	134	2	222	7	206	1	21	1	1	rational	weight_620.json
620	134	2	141	7	206	1	22	1	1	rational	weight_620.json
620	134	2	102	7	206	1	23	1	1	rational	weight_620.json
620	134	2	183	7	206	1	24	1	1	rational	weight_620.json
620	134	2	60	7	206	1	25	1	1	rational	weight_620.json
620	134	2	183	7	206	1	26	1	1	rational	weight_620.json
620	134	2	102	7	206	1	27	1	1	rational	weight_620.json
620	134	2	141	7	206	1	28	1	1	rational	weight_620.json
620	134	2	114	7	125	1	29	1	1	rational	weight_620.json
620	134	2	222	7	206	1	30	1	1	rational	weight_620.json
620	134	2	60	7	206	1	31	1	1	rational	weight_620.json
620	134	2	102	7	206	1	32	1	1	rational	weight_620.json
620	134	2	102	7	206	1	33	1	1	rational	weight_620.json
620	134	2	102	7	206	1	34	1	1	rational	weight_620.json
620	134	2	129	7	125	1	35	1	1	rational	weight_620.json
620	134	2	129	7	125	1	36	1	1	rational	weight_620.json
620	134	2	183	7	206	1	37	1	1	rational	weight_620.json
620	134	2	222	7	206	1	38	1	1	rational	weight_620.json
620	134	2	60	7	206	1	39	1	1	rational	weight_620.json
620	134	2	183	7	206	1	40	1	1	rational	weight_620.json
620	134	2	129	7	125	1	41	1	1	rational	weight_620.json
620	134	2	183	7	206	1	42	1	1	rational	weight_620.json
620	134	2	21	7	206	1	43	1	1	rational	weight_620.json
620	134	2	60	7	206	1	44	1	1	rational	weight_620.json
620	134	2	114	7	125	1	45	1	1	rational	weight_620.json
620	134	2	222	7	206	1	46	1	1	rational	weight_620.json
620	134	2	129	7	125	1	47	1	1	rational	weight_620.json
620	134	2	21	7	206	1	48	1	1	rational	weight_620.json
620	134	2	141	7	206	1	49	1	1	rational	weight_620.json
620	134	2	222	7	206	1	50	1	2	rational	weight_620.json
622	136	2	0	7	83	1	1	1	1	rational	weight_622.json
622	136	2	0	7	83	1	2	1	1	rational	weight_622.json
622	136	2	162	7	83	1	3	1	1	rational	weight_622.json
622	136	2	81	7	83	1	4	1	1	rational	weight_622.json
622	136	2	81	7	83	1	5	1	1	rational	weight_622.json
622	136	2	27	7	83	1	6	1	1	rational	weight_622.json
622	136	2	135	7	83	1	7	1	1	rational	weight_622.json
622	136	2	108	7	83	1	8	1	1	rational	weight_622.json
622	136	2	27	7	83	1	9	1	1	rational	weight_622.json
622	136	2	189	7	83	1	10	1	1	rational	weight_622.json
622	136	2	135	7	83	1	11	1	1	rational	weight_622.json
622	136	2	216	7	83	1	12	1	1	rational	weight_622.json
622	136	2	216	7	83	1	13	1	1	rational	weight_622.json
622	136	2	189	7	83	1	14	1	1	rational	weight_622.json
622	136	2	108	7	83	1	15	1	1	rational	weight_622.json
622	136	2	54	7	83	1	16	1	1	rational	weight_622.json
622	136	2	54	7	83	1	17	1	1	rational	weight_622.json
622	136	2	36	7	164	1	18	1	1	rational	weight_622.json
622	136	2	225	7	164	1	19	1	1	rational	weight_622.json
622	136	2	207	7	164	1	20	1	1	rational	weight_622.json
622	136	2	36	7	164	1	21	1	1	rational	weight_622.json
622	136	2	18	7	164	1	22	1	1	rational	weight_622.json
622	136	2	225	7	164	1	23	1	1	rational	weight_622.json
622	136	2	207	7	164	1	24	1	1	rational	weight_622.json
622	136	2	18	7	164	1	25	1	1	rational	weight_622.json
622	136	2	225	7	164	1	26	1	1	rational	weight_622.json
622	136	2	18	7	164	1	27	1	1	rational	weight_622.json
622	136	2	207	7	164	1	28	1	1	rational	weight_622.json
622	136	2	36	7	164	1	29	1	1	rational	weight_622.json
622	136	2	weight_622.json#orbit=1,place=30,coordinate=0	7	weight_622.json#orbit=1,place=30,coordinate=1	1	30	1	2	algebraic	weight_622.json
622	136	2	weight_622.json#orbit=1,place=31,coordinate=0	7	weight_622.json#orbit=1,place=31,coordinate=1	1	31	1	2	algebraic	weight_622.json
622	136	2	weight_622.json#orbit=1,place=32,coordinate=0	7	weight_622.json#orbit=1,place=32,coordinate=1	1	32	1	2	algebraic	weight_622.json
622	136	2	weight_622.json#orbit=1,place=33,coordinate=0	7	weight_622.json#orbit=1,place=33,coordinate=1	1	33	1	2	algebraic	weight_622.json
622	136	2	weight_622.json#orbit=1,place=34,coordinate=0	7	weight_622.json#orbit=1,place=34,coordinate=1	1	34	1	2	algebraic	weight_622.json
622	136	2	weight_622.json#orbit=1,place=35,coordinate=0	7	weight_622.json#orbit=1,place=35,coordinate=1	1	35	1	2	algebraic	weight_622.json
622	136	2	weight_622.json#orbit=1,place=36,coordinate=0	7	weight_622.json#orbit=1,place=36,coordinate=1	1	36	1	2	algebraic	weight_622.json
622	136	2	weight_622.json#orbit=1,place=37,coordinate=0	7	weight_622.json#orbit=1,place=37,coordinate=1	1	37	1	2	algebraic	weight_622.json
622	136	2	weight_622.json#orbit=1,place=38,coordinate=0	7	weight_622.json#orbit=1,place=38,coordinate=1	1	38	1	2	algebraic	weight_622.json
622	136	2	weight_622.json#orbit=1,place=39,coordinate=0	7	weight_622.json#orbit=1,place=39,coordinate=1	1	39	1	2	algebraic	weight_622.json
622	136	2	weight_622.json#orbit=1,place=40,coordinate=0	7	weight_622.json#orbit=1,place=40,coordinate=1	1	40	1	2	algebraic	weight_622.json
624	138	2	84	7	131	1	1	1	1	rational	weight_624.json
624	138	2	84	7	131	1	2	1	1	rational	weight_624.json
624	138	2	165	7	131	1	3	1	1	rational	weight_624.json
624	138	2	3	7	131	1	4	1	1	rational	weight_624.json
624	138	2	3	7	131	1	5	1	1	rational	weight_624.json
624	138	2	78	7	131	1	6	1	1	rational	weight_624.json
624	138	2	192	7	50	1	7	1	1	rational	weight_624.json
624	138	2	78	7	131	1	8	1	1	rational	weight_624.json
624	138	2	192	7	50	1	9	1	1	rational	weight_624.json
624	138	2	159	7	131	1	10	1	1	rational	weight_624.json
624	138	2	159	7	131	1	11	1	1	rational	weight_624.json
624	138	2	192	7	50	1	12	1	1	rational	weight_624.json
624	138	2	240	7	131	1	13	1	1	rational	weight_624.json
624	138	2	159	7	131	1	14	1	1	rational	weight_624.json
624	138	2	3	7	131	1	15	1	1	rational	weight_624.json
624	138	2	165	7	131	1	16	1	1	rational	weight_624.json
624	138	2	78	7	131	1	17	1	1	rational	weight_624.json
624	138	2	192	7	50	1	18	1	1	rational	weight_624.json
624	138	2	165	7	131	1	19	1	1	rational	weight_624.json
624	138	2	51	7	50	1	20	1	1	rational	weight_624.json
624	138	2	3	7	131	1	21	1	1	rational	weight_624.json
624	138	2	51	7	50	1	22	1	1	rational	weight_624.json
624	138	2	3	7	131	1	23	1	1	rational	weight_624.json
624	138	2	192	7	50	1	24	1	1	rational	weight_624.json
624	138	2	192	7	50	1	25	1	1	rational	weight_624.json
624	138	2	78	7	131	1	26	1	1	rational	weight_624.json
624	138	2	240	7	131	1	27	1	1	rational	weight_624.json
624	138	2	51	7	50	1	28	1	1	rational	weight_624.json
624	138	2	78	7	131	1	29	1	1	rational	weight_624.json
624	138	2	84	7	131	1	30	1	1	rational	weight_624.json
624	138	2	159	7	131	1	31	1	1	rational	weight_624.json
624	138	2	84	7	131	1	32	1	1	rational	weight_624.json
624	138	2	51	7	50	1	33	1	1	rational	weight_624.json
624	138	2	51	7	50	1	34	1	1	rational	weight_624.json
624	138	2	159	7	131	1	35	1	1	rational	weight_624.json
624	138	2	192	7	50	1	36	1	1	rational	weight_624.json
624	138	2	240	7	131	1	37	1	1	rational	weight_624.json
624	138	2	165	7	131	1	38	1	1	rational	weight_624.json
624	138	2	51	7	50	1	39	1	1	rational	weight_624.json
624	138	2	51	7	50	1	40	1	1	rational	weight_624.json
624	138	2	51	7	50	1	41	1	1	rational	weight_624.json
624	138	2	84	7	131	1	42	1	1	rational	weight_624.json
624	138	2	3	7	131	1	43	1	1	rational	weight_624.json
624	138	2	165	7	131	1	44	1	1	rational	weight_624.json
624	138	2	165	7	131	1	45	1	1	rational	weight_624.json
624	138	2	84	7	131	1	46	1	1	rational	weight_624.json
624	138	2	240	7	131	1	47	1	1	rational	weight_624.json
624	138	2	51	7	50	1	48	1	1	rational	weight_624.json
624	138	2	78	7	131	1	49	1	1	rational	weight_624.json
624	138	2	192	7	50	1	50	1	1	rational	weight_624.json
624	138	2	240	7	131	1	51	1	2	rational	weight_624.json
626	140	2	12	7	215	1	1	1	1	rational	weight_626.json
626	140	2	15	7	53	1	2	1	1	rational	weight_626.json
626	140	2	15	7	53	1	3	1	1	rational	weight_626.json
626	140	2	231	7	215	1	4	1	1	rational	weight_626.json
626	140	2	231	7	215	1	5	1	1	rational	weight_626.json
626	140	2	66	7	53	1	6	1	1	rational	weight_626.json
626	140	2	66	7	53	1	7	1	1	rational	weight_626.json
626	140	2	147	7	53	1	8	1	1	rational	weight_626.json
626	140	2	147	7	53	1	9	1	1	rational	weight_626.json
626	140	2	12	7	215	1	10	1	1	rational	weight_626.json
626	140	2	66	7	53	1	11	1	1	rational	weight_626.json
626	140	2	147	7	53	1	12	1	1	rational	weight_626.json
626	140	2	228	7	53	1	13	1	1	rational	weight_626.json
626	140	2	12	7	215	1	14	1	1	rational	weight_626.json
626	140	2	231	7	215	1	15	1	1	rational	weight_626.json
626	140	2	12	7	215	1	16	1	1	rational	weight_626.json
626	140	2	15	7	53	1	17	1	1	rational	weight_626.json
626	140	2	147	7	53	1	18	1	1	rational	weight_626.json
626	140	2	96	7	53	1	19	1	1	rational	weight_626.json
626	140	2	231	7	215	1	20	1	1	rational	weight_626.json
626	140	2	15	7	53	1	21	1	1	rational	weight_626.json
626	140	2	12	7	215	1	22	1	1	rational	weight_626.json
626	140	2	231	7	215	1	23	1	1	rational	weight_626.json
626	140	2	12	7	215	1	24	1	1	rational	weight_626.json
626	140	2	66	7	53	1	25	1	1	rational	weight_626.json
626	140	2	228	7	53	1	26	1	1	rational	weight_626.json
626	140	2	66	7	53	1	27	1	1	rational	weight_626.json
626	140	2	177	7	53	1	28	1	1	rational	weight_626.json
626	140	2	15	7	53	1	29	1	1	rational	weight_626.json
626	140	2	231	7	215	1	30	1	1	rational	weight_626.json
626	140	2	12	7	215	1	31	1	1	rational	weight_626.json
626	140	2	96	7	53	1	32	1	1	rational	weight_626.json
626	140	2	96	7	53	1	33	1	1	rational	weight_626.json
626	140	2	96	7	53	1	34	1	1	rational	weight_626.json
626	140	2	12	7	215	1	35	1	1	rational	weight_626.json
626	140	2	96	7	53	1	36	1	1	rational	weight_626.json
626	140	2	228	7	53	1	37	1	1	rational	weight_626.json
626	140	2	228	7	53	1	38	1	1	rational	weight_626.json
626	140	2	228	7	53	1	39	1	1	rational	weight_626.json
626	140	2	231	7	215	1	40	1	1	rational	weight_626.json
626	140	2	147	7	53	1	41	1	1	rational	weight_626.json
626	140	2	177	7	53	1	42	1	1	rational	weight_626.json
626	140	2	15	7	53	1	43	1	1	rational	weight_626.json
626	140	2	96	7	53	1	44	1	1	rational	weight_626.json
626	140	2	177	7	53	1	45	1	1	rational	weight_626.json
626	140	2	12	7	215	1	46	1	1	rational	weight_626.json
626	140	2	231	7	215	1	47	1	1	rational	weight_626.json
626	140	2	177	7	53	1	48	1	1	rational	weight_626.json
626	140	2	66	7	53	1	49	1	1	rational	weight_626.json
626	140	2	177	7	53	1	50	1	2	rational	weight_626.json
628	142	2	0	7	38	1	1	1	1	rational	weight_628.json
628	142	2	0	7	38	1	2	1	1	rational	weight_628.json
628	142	2	81	7	38	1	3	1	1	rational	weight_628.json
628	142	2	162	7	38	1	4	1	1	rational	weight_628.json
628	142	2	81	7	38	1	5	1	1	rational	weight_628.json
628	142	2	162	7	38	1	6	1	1	rational	weight_628.json
628	142	2	135	7	38	1	7	1	1	rational	weight_628.json
628	142	2	108	7	38	1	8	1	1	rational	weight_628.json
628	142	2	135	7	38	1	9	1	1	rational	weight_628.json
628	142	2	189	7	38	1	10	1	1	rational	weight_628.json
628	142	2	189	7	38	1	11	1	1	rational	weight_628.json
628	142	2	27	7	38	1	12	1	1	rational	weight_628.json
628	142	2	54	7	38	1	13	1	1	rational	weight_628.json
628	142	2	54	7	38	1	14	1	1	rational	weight_628.json
628	142	2	216	7	38	1	15	1	1	rational	weight_628.json
628	142	2	27	7	38	1	16	1	1	rational	weight_628.json
628	142	2	216	7	38	1	17	1	1	rational	weight_628.json
628	142	2	108	7	38	1	18	1	1	rational	weight_628.json
628	142	2	126	7	119	1	19	1	1	rational	weight_628.json
628	142	2	99	7	119	1	20	1	1	rational	weight_628.json
628	142	2	117	7	119	1	21	1	1	rational	weight_628.json
628	142	2	36	7	119	1	22	1	1	rational	weight_628.json
628	142	2	72	7	119	1	23	1	1	rational	weight_628.json
628	142	2	225	7	119	1	24	1	1	rational	weight_628.json
628	142	2	144	7	119	1	25	1	1	rational	weight_628.json
628	142	2	45	7	119	1	26	1	1	rational	weight_628.json
628	142	2	63	7	119	1	27	1	1	rational	weight_628.json
628	142	2	117	7	119	1	28	1	1	rational	weight_628.json
628	142	2	171	7	119	1	29	1	1	rational	weight_628.json
628	142	2	180	7	119	1	30	1	1	rational	weight_628.json
628	142	2	63	7	119	1	31	1	1	rational	weight_628.json
628	142	2	207	7	119	1	32	1	1	rational	weight_628.json
628	142	2	234	7	119	1	33	1	1	rational	weight_628.json
628	142	2	9	7	119	1	34	1	1	rational	weight_628.json
628	142	2	144	7	119	1	35	1	1	rational	weight_628.json
628	142	2	45	7	119	1	36	1	1	rational	weight_628.json
628	142	2	198	7	119	1	37	1	1	rational	weight_628.json
628	142	2	180	7	119	1	38	1	1	rational	weight_628.json
628	142	2	126	7	119	1	39	1	1	rational	weight_628.json
628	142	2	36	7	119	1	40	1	1	rational	weight_628.json
628	142	2	18	7	119	1	41	1	1	rational	weight_628.json
628	142	2	225	7	119	1	42	1	1	rational	weight_628.json
628	142	2	198	7	119	1	43	1	1	rational	weight_628.json
628	142	2	18	7	119	1	44	1	1	rational	weight_628.json
628	142	2	weight_628.json#orbit=1,place=45,coordinate=0	7	weight_628.json#orbit=1,place=45,coordinate=1	1	45	1	2	algebraic	weight_628.json
628	142	2	weight_628.json#orbit=1,place=46,coordinate=0	7	weight_628.json#orbit=1,place=46,coordinate=1	1	46	1	2	algebraic	weight_628.json
628	142	2	weight_628.json#orbit=1,place=47,coordinate=0	7	weight_628.json#orbit=1,place=47,coordinate=1	1	47	1	2	algebraic	weight_628.json
628	142	2	weight_628.json#orbit=1,place=48,coordinate=0	7	weight_628.json#orbit=1,place=48,coordinate=1	1	48	1	2	algebraic	weight_628.json
630	144	2	147	7	32	1	1	1	1	rational	weight_630.json
630	144	2	150	7	194	1	2	1	1	rational	weight_630.json
630	144	2	177	7	32	1	3	1	1	rational	weight_630.json
630	144	2	96	7	32	1	4	1	1	rational	weight_630.json
630	144	2	66	7	32	1	5	1	1	rational	weight_630.json
630	144	2	93	7	194	1	6	1	1	rational	weight_630.json
630	144	2	66	7	32	1	7	1	1	rational	weight_630.json
630	144	2	177	7	32	1	8	1	1	rational	weight_630.json
630	144	2	96	7	32	1	9	1	1	rational	weight_630.json
630	144	2	15	7	32	1	10	1	1	rational	weight_630.json
630	144	2	150	7	194	1	11	1	1	rational	weight_630.json
630	144	2	150	7	194	1	12	1	1	rational	weight_630.json
630	144	2	93	7	194	1	13	1	1	rational	weight_630.json
630	144	2	66	7	32	1	14	1	1	rational	weight_630.json
630	144	2	150	7	194	1	15	1	1	rational	weight_630.json
630	144	2	96	7	32	1	16	1	1	rational	weight_630.json
630	144	2	93	7	194	1	17	1	1	rational	weight_630.json
630	144	2	66	7	32	1	18	1	1	rational	weight_630.json
630	144	2	93	7	194	1	19	1	1	rational	weight_630.json
630	144	2	228	7	32	1	20	1	1	rational	weight_630.json
630	144	2	15	7	32	1	21	1	1	rational	weight_630.json
630	144	2	150	7	194	1	22	1	1	rational	weight_630.json
630	144	2	147	7	32	1	23	1	1	rational	weight_630.json
630	144	2	228	7	32	1	24	1	1	rational	weight_630.json
630	144	2	147	7	32	1	25	1	1	rational	weight_630.json
630	144	2	96	7	32	1	26	1	1	rational	weight_630.json
630	144	2	66	7	32	1	27	1	1	rational	weight_630.json
630	144	2	147	7	32	1	28	1	1	rational	weight_630.json
630	144	2	177	7	32	1	29	1	1	rational	weight_630.json
630	144	2	66	7	32	1	30	1	1	rational	weight_630.json
630	144	2	228	7	32	1	31	1	1	rational	weight_630.json
630	144	2	15	7	32	1	32	1	1	rational	weight_630.json
630	144	2	93	7	194	1	33	1	1	rational	weight_630.json
630	144	2	150	7	194	1	34	1	1	rational	weight_630.json
630	144	2	228	7	32	1	35	1	1	rational	weight_630.json
630	144	2	15	7	32	1	36	1	1	rational	weight_630.json
630	144	2	93	7	194	1	37	1	1	rational	weight_630.json
630	144	2	150	7	194	1	38	1	1	rational	weight_630.json
630	144	2	228	7	32	1	39	1	1	rational	weight_630.json
630	144	2	96	7	32	1	40	1	1	rational	weight_630.json
630	144	2	147	7	32	1	41	1	1	rational	weight_630.json
630	144	2	177	7	32	1	42	1	1	rational	weight_630.json
630	144	2	150	7	194	1	43	1	1	rational	weight_630.json
630	144	2	177	7	32	1	44	1	1	rational	weight_630.json
630	144	2	93	7	194	1	45	1	1	rational	weight_630.json
630	144	2	93	7	194	1	46	1	1	rational	weight_630.json
630	144	2	93	7	194	1	47	1	1	rational	weight_630.json
630	144	2	96	7	32	1	48	1	1	rational	weight_630.json
630	144	2	177	7	32	1	49	1	1	rational	weight_630.json
630	144	2	228	7	32	1	50	1	1	rational	weight_630.json
630	144	2	15	7	32	1	51	1	2	rational	weight_630.json
632	146	2	159	7	62	1	1	1	1	rational	weight_632.json
632	146	2	111	7	224	1	2	1	1	rational	weight_632.json
632	146	2	132	7	224	1	3	1	1	rational	weight_632.json
632	146	2	165	7	62	1	4	1	1	rational	weight_632.json
632	146	2	111	7	224	1	5	1	1	rational	weight_632.json
632	146	2	132	7	224	1	6	1	1	rational	weight_632.json
632	146	2	159	7	62	1	7	1	1	rational	weight_632.json
632	146	2	3	7	62	1	8	1	1	rational	weight_632.json
632	146	2	3	7	62	1	9	1	1	rational	weight_632.json
632	146	2	165	7	62	1	10	1	1	rational	weight_632.json
632	146	2	240	7	62	1	11	1	1	rational	weight_632.json
632	146	2	78	7	62	1	12	1	1	rational	weight_632.json
632	146	2	240	7	62	1	13	1	1	rational	weight_632.json
632	146	2	78	7	62	1	14	1	1	rational	weight_632.json
632	146	2	78	7	62	1	15	1	1	rational	weight_632.json
632	146	2	3	7	62	1	16	1	1	rational	weight_632.json
632	146	2	159	7	62	1	17	1	1	rational	weight_632.json
632	146	2	132	7	224	1	18	1	1	rational	weight_632.json
632	146	2	78	7	62	1	19	1	1	rational	weight_632.json
632	146	2	132	7	224	1	20	1	1	rational	weight_632.json
632	146	2	84	7	62	1	21	1	1	rational	weight_632.json
632	146	2	132	7	224	1	22	1	1	rational	weight_632.json
632	146	2	132	7	224	1	23	1	1	rational	weight_632.json
632	146	2	165	7	62	1	24	1	1	rational	weight_632.json
632	146	2	3	7	62	1	25	1	1	rational	weight_632.json
632	146	2	78	7	62	1	26	1	1	rational	weight_632.json
632	146	2	111	7	224	1	27	1	1	rational	weight_632.json
632	146	2	84	7	62	1	28	1	1	rational	weight_632.json
632	146	2	240	7	62	1	29	1	1	rational	weight_632.json
632	146	2	84	7	62	1	30	1	1	rational	weight_632.json
632	146	2	111	7	224	1	31	1	1	rational	weight_632.json
632	146	2	3	7	62	1	32	1	1	rational	weight_632.json
632	146	2	111	7	224	1	33	1	1	rational	weight_632.json
632	146	2	111	7	224	1	34	1	1	rational	weight_632.json
632	146	2	159	7	62	1	35	1	1	rational	weight_632.json
632	146	2	111	7	224	1	36	1	1	rational	weight_632.json
632	146	2	165	7	62	1	37	1	1	rational	weight_632.json
632	146	2	165	7	62	1	38	1	1	rational	weight_632.json
632	146	2	111	7	224	1	39	1	1	rational	weight_632.json
632	146	2	3	7	62	1	40	1	1	rational	weight_632.json
632	146	2	159	7	62	1	41	1	1	rational	weight_632.json
632	146	2	78	7	62	1	42	1	1	rational	weight_632.json
632	146	2	240	7	62	1	43	1	1	rational	weight_632.json
632	146	2	165	7	62	1	44	1	1	rational	weight_632.json
632	146	2	240	7	62	1	45	1	1	rational	weight_632.json
632	146	2	159	7	62	1	46	1	1	rational	weight_632.json
632	146	2	84	7	62	1	47	1	1	rational	weight_632.json
632	146	2	132	7	224	1	48	1	1	rational	weight_632.json
632	146	2	132	7	224	1	49	1	1	rational	weight_632.json
632	146	2	132	7	224	1	50	1	1	rational	weight_632.json
632	146	2	84	7	62	1	51	1	2	rational	weight_632.json
634	148	2	0	7	155	1	1	1	1	rational	weight_634.json
634	148	2	0	7	155	1	2	1	1	rational	weight_634.json
634	148	2	162	7	155	1	3	1	1	rational	weight_634.json
634	148	2	81	7	155	1	4	1	1	rational	weight_634.json
634	148	2	81	7	155	1	5	1	1	rational	weight_634.json
634	148	2	162	7	155	1	6	1	1	rational	weight_634.json
634	148	2	135	7	155	1	7	1	1	rational	weight_634.json
634	148	2	27	7	155	1	8	1	1	rational	weight_634.json
634	148	2	54	7	155	1	9	1	1	rational	weight_634.json
634	148	2	216	7	155	1	10	1	1	rational	weight_634.json
634	148	2	216	7	155	1	11	1	1	rational	weight_634.json
634	148	2	135	7	155	1	12	1	1	rational	weight_634.json
634	148	2	189	7	155	1	13	1	1	rational	weight_634.json
634	148	2	54	7	155	1	14	1	1	rational	weight_634.json
634	148	2	108	7	155	1	15	1	1	rational	weight_634.json
634	148	2	108	7	155	1	16	1	1	rational	weight_634.json
634	148	2	189	7	155	1	17	1	1	rational	weight_634.json
634	148	2	207	7	236	1	18	1	1	rational	weight_634.json
634	148	2	45	7	236	1	19	1	1	rational	weight_634.json
634	148	2	144	7	236	1	20	1	1	rational	weight_634.json
634	148	2	225	7	236	1	21	1	1	rational	weight_634.json
634	148	2	18	7	236	1	22	1	1	rational	weight_634.json
634	148	2	126	7	236	1	23	1	1	rational	weight_634.json
634	148	2	63	7	236	1	24	1	1	rational	weight_634.json
634	148	2	117	7	236	1	25	1	1	rational	weight_634.json
634	148	2	207	7	236	1	26	1	1	rational	weight_634.json
634	148	2	72	7	236	1	27	1	1	rational	weight_634.json
634	148	2	63	7	236	1	28	1	1	rational	weight_634.json
634	148	2	126	7	236	1	29	1	1	rational	weight_634.json
634	148	2	117	7	236	1	30	1	1	rational	weight_634.json
634	148	2	36	7	236	1	31	1	1	rational	weight_634.json
634	148	2	198	7	236	1	32	1	1	rational	weight_634.json
634	148	2	90	7	236	1	33	1	1	rational	weight_634.json
634	148	2	45	7	236	1	34	1	1	rational	weight_634.json
634	148	2	180	7	236	1	35	1	1	rational	weight_634.json
634	148	2	99	7	236	1	36	1	1	rational	weight_634.json
634	148	2	36	7	236	1	37	1	1	rational	weight_634.json
634	148	2	144	7	236	1	38	1	1	rational	weight_634.json
634	148	2	99	7	236	1	39	1	1	rational	weight_634.json
634	148	2	225	7	236	1	40	1	1	rational	weight_634.json
634	148	2	18	7	236	1	41	1	1	rational	weight_634.json
634	148	2	153	7	236	1	42	1	1	rational	weight_634.json
634	148	2	171	7	236	1	43	1	1	rational	weight_634.json
634	148	2	180	7	236	1	44	1	1	rational	weight_634.json
634	148	2	weight_634.json#orbit=1,place=45,coordinate=0	7	weight_634.json#orbit=1,place=45,coordinate=1	1	45	1	2	algebraic	weight_634.json
634	148	2	weight_634.json#orbit=1,place=46,coordinate=0	7	weight_634.json#orbit=1,place=46,coordinate=1	1	46	1	2	algebraic	weight_634.json
634	148	2	weight_634.json#orbit=1,place=47,coordinate=0	7	weight_634.json#orbit=1,place=47,coordinate=1	1	47	1	2	algebraic	weight_634.json
634	148	2	weight_634.json#orbit=1,place=48,coordinate=0	7	weight_634.json#orbit=1,place=48,coordinate=1	1	48	1	2	algebraic	weight_634.json
636	150	2	195	7	14	1	1	1	1	rational	weight_636.json
636	150	2	48	7	14	1	2	1	1	rational	weight_636.json
636	150	2	222	7	95	1	3	1	1	rational	weight_636.json
636	150	2	60	7	95	1	4	1	1	rational	weight_636.json
636	150	2	21	7	95	1	5	1	1	rational	weight_636.json
636	150	2	48	7	14	1	6	1	1	rational	weight_636.json
636	150	2	195	7	14	1	7	1	1	rational	weight_636.json
636	150	2	222	7	95	1	8	1	1	rational	weight_636.json
636	150	2	222	7	95	1	9	1	1	rational	weight_636.json
636	150	2	21	7	95	1	10	1	1	rational	weight_636.json
636	150	2	195	7	14	1	11	1	1	rational	weight_636.json
636	150	2	222	7	95	1	12	1	1	rational	weight_636.json
636	150	2	21	7	95	1	13	1	1	rational	weight_636.json
636	150	2	48	7	14	1	14	1	1	rational	weight_636.json
636	150	2	183	7	95	1	15	1	1	rational	weight_636.json
636	150	2	48	7	14	1	16	1	1	rational	weight_636.json
636	150	2	141	7	95	1	17	1	1	rational	weight_636.json
636	150	2	21	7	95	1	18	1	1	rational	weight_636.json
636	150	2	48	7	14	1	19	1	1	rational	weight_636.json
636	150	2	195	7	14	1	20	1	1	rational	weight_636.json
636	150	2	222	7	95	1	21	1	1	rational	weight_636.json
636	150	2	195	7	14	1	22	1	1	rational	weight_636.json
636	150	2	102	7	95	1	23	1	1	rational	weight_636.json
636	150	2	102	7	95	1	24	1	1	rational	weight_636.json
636	150	2	48	7	14	1	25	1	1	rational	weight_636.json
636	150	2	141	7	95	1	26	1	1	rational	weight_636.json
636	150	2	183	7	95	1	27	1	1	rational	weight_636.json
636	150	2	102	7	95	1	28	1	1	rational	weight_636.json
636	150	2	102	7	95	1	29	1	1	rational	weight_636.json
636	150	2	60	7	95	1	30	1	1	rational	weight_636.json
636	150	2	195	7	14	1	31	1	1	rational	weight_636.json
636	150	2	48	7	14	1	32	1	1	rational	weight_636.json
636	150	2	183	7	95	1	33	1	1	rational	weight_636.json
636	150	2	195	7	14	1	34	1	1	rational	weight_636.json
636	150	2	183	7	95	1	35	1	1	rational	weight_636.json
636	150	2	48	7	14	1	36	1	1	rational	weight_636.json
636	150	2	102	7	95	1	37	1	1	rational	weight_636.json
636	150	2	183	7	95	1	38	1	1	rational	weight_636.json
636	150	2	195	7	14	1	39	1	1	rational	weight_636.json
636	150	2	141	7	95	1	40	1	1	rational	weight_636.json
636	150	2	60	7	95	1	41	1	1	rational	weight_636.json
636	150	2	141	7	95	1	42	1	1	rational	weight_636.json
636	150	2	183	7	95	1	43	1	1	rational	weight_636.json
636	150	2	102	7	95	1	44	1	1	rational	weight_636.json
636	150	2	222	7	95	1	45	1	1	rational	weight_636.json
636	150	2	60	7	95	1	46	1	1	rational	weight_636.json
636	150	2	60	7	95	1	47	1	1	rational	weight_636.json
636	150	2	141	7	95	1	48	1	1	rational	weight_636.json
636	150	2	48	7	14	1	49	1	1	rational	weight_636.json
636	150	2	195	7	14	1	50	1	1	rational	weight_636.json
636	150	2	141	7	95	1	51	1	1	rational	weight_636.json
636	150	2	21	7	95	1	52	1	2	rational	weight_636.json
638	152	2	60	7	152	1	1	1	1	rational	weight_638.json
638	152	2	60	7	152	1	2	1	1	rational	weight_638.json
638	152	2	87	7	233	1	3	1	1	rational	weight_638.json
638	152	2	168	7	233	1	4	1	1	rational	weight_638.json
638	152	2	75	7	233	1	5	1	1	rational	weight_638.json
638	152	2	183	7	152	1	6	1	1	rational	weight_638.json
638	152	2	60	7	152	1	7	1	1	rational	weight_638.json
638	152	2	237	7	233	1	8	1	1	rational	weight_638.json
638	152	2	237	7	233	1	9	1	1	rational	weight_638.json
638	152	2	156	7	233	1	10	1	1	rational	weight_638.json
638	152	2	156	7	233	1	11	1	1	rational	weight_638.json
638	152	2	75	7	233	1	12	1	1	rational	weight_638.json
638	152	2	6	7	233	1	13	1	1	rational	weight_638.json
638	152	2	87	7	233	1	14	1	1	rational	weight_638.json
638	152	2	183	7	152	1	15	1	1	rational	weight_638.json
638	152	2	183	7	152	1	16	1	1	rational	weight_638.json
638	152	2	75	7	233	1	17	1	1	rational	weight_638.json
638	152	2	60	7	152	1	18	1	1	rational	weight_638.json
638	152	2	183	7	152	1	19	1	1	rational	weight_638.json
638	152	2	237	7	233	1	20	1	1	rational	weight_638.json
638	152	2	183	7	152	1	21	1	1	rational	weight_638.json
638	152	2	87	7	233	1	22	1	1	rational	weight_638.json
638	152	2	60	7	152	1	23	1	1	rational	weight_638.json
638	152	2	237	7	233	1	24	1	1	rational	weight_638.json
638	152	2	75	7	233	1	25	1	1	rational	weight_638.json
638	152	2	168	7	233	1	26	1	1	rational	weight_638.json
638	152	2	87	7	233	1	27	1	1	rational	weight_638.json
638	152	2	156	7	233	1	28	1	1	rational	weight_638.json
638	152	2	60	7	152	1	29	1	1	rational	weight_638.json
638	152	2	156	7	233	1	30	1	1	rational	weight_638.json
638	152	2	183	7	152	1	31	1	1	rational	weight_638.json
638	152	2	183	7	152	1	32	1	1	rational	weight_638.json
638	152	2	6	7	233	1	33	1	1	rational	weight_638.json
638	152	2	6	7	233	1	34	1	1	rational	weight_638.json
638	152	2	156	7	233	1	35	1	1	rational	weight_638.json
638	152	2	168	7	233	1	36	1	1	rational	weight_638.json
638	152	2	6	7	233	1	37	1	1	rational	weight_638.json
638	152	2	6	7	233	1	38	1	1	rational	weight_638.json
638	152	2	183	7	152	1	39	1	1	rational	weight_638.json
638	152	2	168	7	233	1	40	1	1	rational	weight_638.json
638	152	2	87	7	233	1	41	1	1	rational	weight_638.json
638	152	2	87	7	233	1	42	1	1	rational	weight_638.json
638	152	2	60	7	152	1	43	1	1	rational	weight_638.json
638	152	2	237	7	233	1	44	1	1	rational	weight_638.json
638	152	2	75	7	233	1	45	1	1	rational	weight_638.json
638	152	2	168	7	233	1	46	1	1	rational	weight_638.json
638	152	2	75	7	233	1	47	1	1	rational	weight_638.json
638	152	2	156	7	233	1	48	1	1	rational	weight_638.json
638	152	2	60	7	152	1	49	1	1	rational	weight_638.json
638	152	2	183	7	152	1	50	1	1	rational	weight_638.json
638	152	2	60	7	152	1	51	1	1	rational	weight_638.json
638	152	2	6	7	233	1	52	1	1	rational	weight_638.json
640	154	2	0	7	191	1	1	1	1	rational	weight_640.json
640	154	2	0	7	191	1	2	1	1	rational	weight_640.json
640	154	2	81	7	191	1	3	1	1	rational	weight_640.json
640	154	2	81	7	191	1	4	1	1	rational	weight_640.json
640	154	2	162	7	191	1	5	1	1	rational	weight_640.json
640	154	2	162	7	191	1	6	1	1	rational	weight_640.json
640	154	2	27	7	191	1	7	1	1	rational	weight_640.json
640	154	2	135	7	191	1	8	1	1	rational	weight_640.json
640	154	2	54	7	191	1	9	1	1	rational	weight_640.json
640	154	2	108	7	191	1	10	1	1	rational	weight_640.json
640	154	2	189	7	191	1	11	1	1	rational	weight_640.json
640	154	2	135	7	191	1	12	1	1	rational	weight_640.json
640	154	2	108	7	191	1	13	1	1	rational	weight_640.json
640	154	2	54	7	191	1	14	1	1	rational	weight_640.json
640	154	2	216	7	191	1	15	1	1	rational	weight_640.json
640	154	2	189	7	191	1	16	1	1	rational	weight_640.json
640	154	2	27	7	191	1	17	1	1	rational	weight_640.json
640	154	2	18	7	29	1	18	1	1	rational	weight_640.json
640	154	2	207	7	29	1	19	1	1	rational	weight_640.json
640	154	2	18	7	29	1	20	1	1	rational	weight_640.json
640	154	2	225	7	29	1	21	1	1	rational	weight_640.json
640	154	2	18	7	29	1	22	1	1	rational	weight_640.json
640	154	2	207	7	29	1	23	1	1	rational	weight_640.json
640	154	2	225	7	29	1	24	1	1	rational	weight_640.json
640	154	2	36	7	29	1	25	1	1	rational	weight_640.json
640	154	2	207	7	29	1	26	1	1	rational	weight_640.json
640	154	2	36	7	29	1	27	1	1	rational	weight_640.json
640	154	2	36	7	29	1	28	1	1	rational	weight_640.json
640	154	2	225	7	29	1	29	1	1	rational	weight_640.json
640	154	2	weight_640.json#orbit=1,place=30,coordinate=0	7	weight_640.json#orbit=1,place=30,coordinate=1	1	30	1	2	algebraic	weight_640.json
640	154	2	weight_640.json#orbit=1,place=31,coordinate=0	7	weight_640.json#orbit=1,place=31,coordinate=1	1	31	1	2	algebraic	weight_640.json
640	154	2	weight_640.json#orbit=1,place=32,coordinate=0	7	weight_640.json#orbit=1,place=32,coordinate=1	1	32	1	2	algebraic	weight_640.json
640	154	2	weight_640.json#orbit=1,place=33,coordinate=0	7	weight_640.json#orbit=1,place=33,coordinate=1	1	33	1	2	algebraic	weight_640.json
640	154	2	weight_640.json#orbit=1,place=34,coordinate=0	7	weight_640.json#orbit=1,place=34,coordinate=1	1	34	1	2	algebraic	weight_640.json
640	154	2	weight_640.json#orbit=1,place=35,coordinate=0	7	weight_640.json#orbit=1,place=35,coordinate=1	1	35	1	2	algebraic	weight_640.json
640	154	2	weight_640.json#orbit=1,place=36,coordinate=0	7	weight_640.json#orbit=1,place=36,coordinate=1	1	36	1	2	algebraic	weight_640.json
640	154	2	weight_640.json#orbit=1,place=37,coordinate=0	7	weight_640.json#orbit=1,place=37,coordinate=1	1	37	1	2	algebraic	weight_640.json
640	154	2	weight_640.json#orbit=1,place=38,coordinate=0	7	weight_640.json#orbit=1,place=38,coordinate=1	1	38	1	2	algebraic	weight_640.json
640	154	2	weight_640.json#orbit=1,place=39,coordinate=0	7	weight_640.json#orbit=1,place=39,coordinate=1	1	39	1	2	algebraic	weight_640.json
640	154	2	weight_640.json#orbit=1,place=40,coordinate=0	7	weight_640.json#orbit=1,place=40,coordinate=1	1	40	1	2	algebraic	weight_640.json
640	154	2	weight_640.json#orbit=1,place=41,coordinate=0	7	weight_640.json#orbit=1,place=41,coordinate=1	1	41	1	2	algebraic	weight_640.json
642	156	2	111	7	77	1	1	1	1	rational	weight_642.json
642	156	2	213	7	77	1	2	1	1	rational	weight_642.json
642	156	2	192	7	77	1	3	1	1	rational	weight_642.json
642	156	2	51	7	77	1	4	1	1	rational	weight_642.json
642	156	2	51	7	77	1	5	1	1	rational	weight_642.json
642	156	2	186	7	239	1	6	1	1	rational	weight_642.json
642	156	2	186	7	239	1	7	1	1	rational	weight_642.json
642	156	2	30	7	77	1	8	1	1	rational	weight_642.json
642	156	2	57	7	239	1	9	1	1	rational	weight_642.json
642	156	2	57	7	239	1	10	1	1	rational	weight_642.json
642	156	2	111	7	77	1	11	1	1	rational	weight_642.json
642	156	2	192	7	77	1	12	1	1	rational	weight_642.json
642	156	2	186	7	239	1	13	1	1	rational	weight_642.json
642	156	2	51	7	77	1	14	1	1	rational	weight_642.json
642	156	2	57	7	239	1	15	1	1	rational	weight_642.json
642	156	2	51	7	77	1	16	1	1	rational	weight_642.json
642	156	2	132	7	77	1	17	1	1	rational	weight_642.json
642	156	2	213	7	77	1	18	1	1	rational	weight_642.json
642	156	2	132	7	77	1	19	1	1	rational	weight_642.json
642	156	2	57	7	239	1	20	1	1	rational	weight_642.json
642	156	2	111	7	77	1	21	1	1	rational	weight_642.json
642	156	2	132	7	77	1	22	1	1	rational	weight_642.json
642	156	2	30	7	77	1	23	1	1	rational	weight_642.json
642	156	2	30	7	77	1	24	1	1	rational	weight_642.json
642	156	2	192	7	77	1	25	1	1	rational	weight_642.json
642	156	2	51	7	77	1	26	1	1	rational	weight_642.json
642	156	2	192	7	77	1	27	1	1	rational	weight_642.json
642	156	2	213	7	77	1	28	1	1	rational	weight_642.json
642	156	2	111	7	77	1	29	1	1	rational	weight_642.json
642	156	2	213	7	77	1	30	1	1	rational	weight_642.json
642	156	2	57	7	239	1	31	1	1	rational	weight_642.json
642	156	2	186	7	239	1	32	1	1	rational	weight_642.json
642	156	2	192	7	77	1	33	1	1	rational	weight_642.json
642	156	2	57	7	239	1	34	1	1	rational	weight_642.json
642	156	2	111	7	77	1	35	1	1	rational	weight_642.json
642	156	2	57	7	239	1	36	1	1	rational	weight_642.json
642	156	2	192	7	77	1	37	1	1	rational	weight_642.json
642	156	2	30	7	77	1	38	1	1	rational	weight_642.json
642	156	2	186	7	239	1	39	1	1	rational	weight_642.json
642	156	2	30	7	77	1	40	1	1	rational	weight_642.json
642	156	2	186	7	239	1	41	1	1	rational	weight_642.json
642	156	2	132	7	77	1	42	1	1	rational	weight_642.json
642	156	2	186	7	239	1	43	1	1	rational	weight_642.json
642	156	2	111	7	77	1	44	1	1	rational	weight_642.json
642	156	2	51	7	77	1	45	1	1	rational	weight_642.json
642	156	2	213	7	77	1	46	1	1	rational	weight_642.json
642	156	2	213	7	77	1	47	1	1	rational	weight_642.json
642	156	2	57	7	239	1	48	1	1	rational	weight_642.json
642	156	2	57	7	239	1	49	1	1	rational	weight_642.json
642	156	2	132	7	77	1	50	1	1	rational	weight_642.json
642	156	2	30	7	77	1	51	1	1	rational	weight_642.json
642	156	2	186	7	239	1	52	1	1	rational	weight_642.json
642	156	2	186	7	239	1	53	1	1	rational	weight_642.json
644	158	2	15	7	242	1	1	1	1	rational	weight_644.json
644	158	2	42	7	80	1	2	1	1	rational	weight_644.json
644	158	2	228	7	242	1	3	1	1	rational	weight_644.json
644	158	2	123	7	80	1	4	1	1	rational	weight_644.json
644	158	2	39	7	80	1	5	1	1	rational	weight_644.json
644	158	2	201	7	80	1	6	1	1	rational	weight_644.json
644	158	2	15	7	242	1	7	1	1	rational	weight_644.json
644	158	2	201	7	80	1	8	1	1	rational	weight_644.json
644	158	2	15	7	242	1	9	1	1	rational	weight_644.json
644	158	2	123	7	80	1	10	1	1	rational	weight_644.json
644	158	2	120	7	80	1	11	1	1	rational	weight_644.json
644	158	2	42	7	80	1	12	1	1	rational	weight_644.json
644	158	2	15	7	242	1	13	1	1	rational	weight_644.json
644	158	2	201	7	80	1	14	1	1	rational	weight_644.json
644	158	2	39	7	80	1	15	1	1	rational	weight_644.json
644	158	2	228	7	242	1	16	1	1	rational	weight_644.json
644	158	2	123	7	80	1	17	1	1	rational	weight_644.json
644	158	2	120	7	80	1	18	1	1	rational	weight_644.json
644	158	2	204	7	80	1	19	1	1	rational	weight_644.json
644	158	2	228	7	242	1	20	1	1	rational	weight_644.json
644	158	2	201	7	80	1	21	1	1	rational	weight_644.json
644	158	2	228	7	242	1	22	1	1	rational	weight_644.json
644	158	2	228	7	242	1	23	1	1	rational	weight_644.json
644	158	2	120	7	80	1	24	1	1	rational	weight_644.json
644	158	2	228	7	242	1	25	1	1	rational	weight_644.json
644	158	2	123	7	80	1	26	1	1	rational	weight_644.json
644	158	2	15	7	242	1	27	1	1	rational	weight_644.json
644	158	2	201	7	80	1	28	1	1	rational	weight_644.json
644	158	2	15	7	242	1	29	1	1	rational	weight_644.json
644	158	2	204	7	80	1	30	1	1	rational	weight_644.json
644	158	2	120	7	80	1	31	1	1	rational	weight_644.json
644	158	2	204	7	80	1	32	1	1	rational	weight_644.json
644	158	2	120	7	80	1	33	1	1	rational	weight_644.json
644	158	2	39	7	80	1	34	1	1	rational	weight_644.json
644	158	2	201	7	80	1	35	1	1	rational	weight_644.json
644	158	2	42	7	80	1	36	1	1	rational	weight_644.json
644	158	2	39	7	80	1	37	1	1	rational	weight_644.json
644	158	2	204	7	80	1	38	1	1	rational	weight_644.json
644	158	2	39	7	80	1	39	1	1	rational	weight_644.json
644	158	2	228	7	242	1	40	1	1	rational	weight_644.json
644	158	2	15	7	242	1	41	1	1	rational	weight_644.json
644	158	2	204	7	80	1	42	1	1	rational	weight_644.json
644	158	2	42	7	80	1	43	1	1	rational	weight_644.json
644	158	2	120	7	80	1	44	1	1	rational	weight_644.json
644	158	2	228	7	242	1	45	1	1	rational	weight_644.json
644	158	2	228	7	242	1	46	1	1	rational	weight_644.json
644	158	2	42	7	80	1	47	1	1	rational	weight_644.json
644	158	2	123	7	80	1	48	1	1	rational	weight_644.json
644	158	2	15	7	242	1	49	1	1	rational	weight_644.json
644	158	2	42	7	80	1	50	1	1	rational	weight_644.json
644	158	2	15	7	242	1	51	1	1	rational	weight_644.json
644	158	2	123	7	80	1	52	1	1	rational	weight_644.json
644	158	2	204	7	80	1	53	1	1	rational	weight_644.json
646	160	2	0	7	146	1	1	1	1	rational	weight_646.json
646	160	2	0	7	146	1	2	1	1	rational	weight_646.json
646	160	2	162	7	146	1	3	1	1	rational	weight_646.json
646	160	2	81	7	146	1	4	1	1	rational	weight_646.json
646	160	2	81	7	146	1	5	1	1	rational	weight_646.json
646	160	2	162	7	146	1	6	1	1	rational	weight_646.json
646	160	2	135	7	146	1	7	1	1	rational	weight_646.json
646	160	2	27	7	146	1	8	1	1	rational	weight_646.json
646	160	2	135	7	146	1	9	1	1	rational	weight_646.json
646	160	2	216	7	146	1	10	1	1	rational	weight_646.json
646	160	2	216	7	146	1	11	1	1	rational	weight_646.json
646	160	2	189	7	146	1	12	1	1	rational	weight_646.json
646	160	2	108	7	146	1	13	1	1	rational	weight_646.json
646	160	2	108	7	146	1	14	1	1	rational	weight_646.json
646	160	2	54	7	146	1	15	1	1	rational	weight_646.json
646	160	2	54	7	146	1	16	1	1	rational	weight_646.json
646	160	2	27	7	146	1	17	1	1	rational	weight_646.json
646	160	2	189	7	146	1	18	1	1	rational	weight_646.json
646	160	2	45	7	227	1	19	1	1	rational	weight_646.json
646	160	2	144	7	227	1	20	1	1	rational	weight_646.json
646	160	2	45	7	227	1	21	1	1	rational	weight_646.json
646	160	2	225	7	227	1	22	1	1	rational	weight_646.json
646	160	2	126	7	227	1	23	1	1	rational	weight_646.json
646	160	2	171	7	227	1	24	1	1	rational	weight_646.json
646	160	2	18	7	227	1	25	1	1	rational	weight_646.json
646	160	2	207	7	227	1	26	1	1	rational	weight_646.json
646	160	2	36	7	227	1	27	1	1	rational	weight_646.json
646	160	2	63	7	227	1	28	1	1	rational	weight_646.json
646	160	2	36	7	227	1	29	1	1	rational	weight_646.json
646	160	2	9	7	227	1	30	1	1	rational	weight_646.json
646	160	2	117	7	227	1	31	1	1	rational	weight_646.json
646	160	2	225	7	227	1	32	1	1	rational	weight_646.json
646	160	2	234	7	227	1	33	1	1	rational	weight_646.json
646	160	2	171	7	227	1	34	1	1	rational	weight_646.json
646	160	2	144	7	227	1	35	1	1	rational	weight_646.json
646	160	2	126	7	227	1	36	1	1	rational	weight_646.json
646	160	2	198	7	227	1	37	1	1	rational	weight_646.json
646	160	2	117	7	227	1	38	1	1	rational	weight_646.json
646	160	2	99	7	227	1	39	1	1	rational	weight_646.json
646	160	2	198	7	227	1	40	1	1	rational	weight_646.json
646	160	2	153	7	227	1	41	1	1	rational	weight_646.json
646	160	2	63	7	227	1	42	1	1	rational	weight_646.json
646	160	2	9	7	227	1	43	1	1	rational	weight_646.json
646	160	2	207	7	227	1	44	1	1	rational	weight_646.json
646	160	2	18	7	227	1	45	1	1	rational	weight_646.json
646	160	2	234	7	227	1	46	1	1	rational	weight_646.json
646	160	2	180	7	227	1	47	1	1	rational	weight_646.json
646	160	2	72	7	227	1	48	1	1	rational	weight_646.json
646	160	2	72	7	227	1	49	1	1	rational	weight_646.json
646	160	2	99	7	227	1	50	1	1	rational	weight_646.json
646	160	2	180	7	227	1	51	1	1	rational	weight_646.json
646	160	2	90	7	227	1	52	1	2	rational	weight_646.json
648	0	2	231	7	221	1	1	1	1	rational	weight_648.json
648	0	2	120	7	140	1	2	1	1	rational	weight_648.json
648	0	2	93	7	221	1	3	1	1	rational	weight_648.json
648	0	2	123	7	140	1	4	1	1	rational	weight_648.json
648	0	2	174	7	221	1	5	1	1	rational	weight_648.json
648	0	2	150	7	221	1	6	1	1	rational	weight_648.json
648	0	2	123	7	140	1	7	1	1	rational	weight_648.json
648	0	2	123	7	140	1	8	1	1	rational	weight_648.json
648	0	2	123	7	140	1	9	1	1	rational	weight_648.json
648	0	2	123	7	140	1	10	1	1	rational	weight_648.json
648	0	2	69	7	221	1	11	1	1	rational	weight_648.json
648	0	2	93	7	221	1	12	1	1	rational	weight_648.json
648	0	2	150	7	221	1	13	1	1	rational	weight_648.json
648	0	2	231	7	221	1	14	1	1	rational	weight_648.json
648	0	2	150	7	221	1	15	1	1	rational	weight_648.json
648	0	2	231	7	221	1	16	1	1	rational	weight_648.json
648	0	2	120	7	140	1	17	1	1	rational	weight_648.json
648	0	2	120	7	140	1	18	1	1	rational	weight_648.json
648	0	2	123	7	140	1	19	1	1	rational	weight_648.json
648	0	2	12	7	221	1	20	1	1	rational	weight_648.json
648	0	2	69	7	221	1	21	1	1	rational	weight_648.json
648	0	2	120	7	140	1	22	1	1	rational	weight_648.json
648	0	2	174	7	221	1	23	1	1	rational	weight_648.json
648	0	2	174	7	221	1	24	1	1	rational	weight_648.json
648	0	2	174	7	221	1	25	1	1	rational	weight_648.json
648	0	2	231	7	221	1	26	1	1	rational	weight_648.json
648	0	2	93	7	221	1	27	1	1	rational	weight_648.json
648	0	2	12	7	221	1	28	1	1	rational	weight_648.json
648	0	2	12	7	221	1	29	1	1	rational	weight_648.json
648	0	2	123	7	140	1	30	1	1	rational	weight_648.json
648	0	2	69	7	221	1	31	1	1	rational	weight_648.json
648	0	2	150	7	221	1	32	1	1	rational	weight_648.json
648	0	2	123	7	140	1	33	1	1	rational	weight_648.json
648	0	2	123	7	140	1	34	1	1	rational	weight_648.json
648	0	2	120	7	140	1	35	1	1	rational	weight_648.json
648	0	2	174	7	221	1	36	1	1	rational	weight_648.json
648	0	2	120	7	140	1	37	1	1	rational	weight_648.json
648	0	2	231	7	221	1	38	1	1	rational	weight_648.json
648	0	2	12	7	221	1	39	1	1	rational	weight_648.json
648	0	2	174	7	221	1	40	1	1	rational	weight_648.json
648	0	2	231	7	221	1	41	1	1	rational	weight_648.json
648	0	2	120	7	140	1	42	1	1	rational	weight_648.json
648	0	2	93	7	221	1	43	1	1	rational	weight_648.json
648	0	2	120	7	140	1	44	1	1	rational	weight_648.json
648	0	2	120	7	140	1	45	1	1	rational	weight_648.json
648	0	2	93	7	221	1	46	1	1	rational	weight_648.json
648	0	2	12	7	221	1	47	1	1	rational	weight_648.json
648	0	2	93	7	221	1	48	1	1	rational	weight_648.json
648	0	2	69	7	221	1	49	1	1	rational	weight_648.json
648	0	2	69	7	221	1	50	1	1	rational	weight_648.json
648	0	2	150	7	221	1	51	1	1	rational	weight_648.json
648	0	2	12	7	221	1	52	1	1	rational	weight_648.json
648	0	2	69	7	221	1	53	1	1	rational	weight_648.json
648	0	2	150	7	221	1	54	1	1	rational	weight_648.json
650	2	2	3	7	8	1	1	1	1	rational	weight_650.json
650	2	2	240	7	8	1	2	1	1	rational	weight_650.json
650	2	2	105	7	89	1	3	1	1	rational	weight_650.json
650	2	2	186	7	89	1	4	1	1	rational	weight_650.json
650	2	2	240	7	8	1	5	1	1	rational	weight_650.json
650	2	2	186	7	89	1	6	1	1	rational	weight_650.json
650	2	2	240	7	8	1	7	1	1	rational	weight_650.json
650	2	2	3	7	8	1	8	1	1	rational	weight_650.json
650	2	2	3	7	8	1	9	1	1	rational	weight_650.json
650	2	2	219	7	89	1	10	1	1	rational	weight_650.json
650	2	2	138	7	89	1	11	1	1	rational	weight_650.json
650	2	2	219	7	89	1	12	1	1	rational	weight_650.json
650	2	2	219	7	89	1	13	1	1	rational	weight_650.json
650	2	2	3	7	8	1	14	1	1	rational	weight_650.json
650	2	2	57	7	89	1	15	1	1	rational	weight_650.json
650	2	2	24	7	89	1	16	1	1	rational	weight_650.json
650	2	2	105	7	89	1	17	1	1	rational	weight_650.json
650	2	2	138	7	89	1	18	1	1	rational	weight_650.json
650	2	2	57	7	89	1	19	1	1	rational	weight_650.json
650	2	2	186	7	89	1	20	1	1	rational	weight_650.json
650	2	2	24	7	89	1	21	1	1	rational	weight_650.json
650	2	2	105	7	89	1	22	1	1	rational	weight_650.json
650	2	2	240	7	8	1	23	1	1	rational	weight_650.json
650	2	2	219	7	89	1	24	1	1	rational	weight_650.json
650	2	2	3	7	8	1	25	1	1	rational	weight_650.json
650	2	2	57	7	89	1	26	1	1	rational	weight_650.json
650	2	2	240	7	8	1	27	1	1	rational	weight_650.json
650	2	2	186	7	89	1	28	1	1	rational	weight_650.json
650	2	2	240	7	8	1	29	1	1	rational	weight_650.json
650	2	2	105	7	89	1	30	1	1	rational	weight_650.json
650	2	2	3	7	8	1	31	1	1	rational	weight_650.json
650	2	2	57	7	89	1	32	1	1	rational	weight_650.json
650	2	2	24	7	89	1	33	1	1	rational	weight_650.json
650	2	2	186	7	89	1	34	1	1	rational	weight_650.json
650	2	2	3	7	8	1	35	1	1	rational	weight_650.json
650	2	2	240	7	8	1	36	1	1	rational	weight_650.json
650	2	2	3	7	8	1	37	1	1	rational	weight_650.json
650	2	2	24	7	89	1	38	1	1	rational	weight_650.json
650	2	2	138	7	89	1	39	1	1	rational	weight_650.json
650	2	2	240	7	8	1	40	1	1	rational	weight_650.json
650	2	2	240	7	8	1	41	1	1	rational	weight_650.json
650	2	2	105	7	89	1	42	1	1	rational	weight_650.json
650	2	2	138	7	89	1	43	1	1	rational	weight_650.json
650	2	2	219	7	89	1	44	1	1	rational	weight_650.json
650	2	2	57	7	89	1	45	1	1	rational	weight_650.json
650	2	2	138	7	89	1	46	1	1	rational	weight_650.json
650	2	2	24	7	89	1	47	1	1	rational	weight_650.json
650	2	2	105	7	89	1	48	1	1	rational	weight_650.json
650	2	2	186	7	89	1	49	1	1	rational	weight_650.json
650	2	2	24	7	89	1	50	1	1	rational	weight_650.json
650	2	2	57	7	89	1	51	1	1	rational	weight_650.json
650	2	2	219	7	89	1	52	1	1	rational	weight_650.json
650	2	2	138	7	89	1	53	1	1	rational	weight_650.json
652	4	2	0	7	20	1	1	1	1	rational	weight_652.json
652	4	2	0	7	20	1	2	1	1	rational	weight_652.json
652	4	2	162	7	20	1	3	1	1	rational	weight_652.json
652	4	2	81	7	20	1	4	1	1	rational	weight_652.json
652	4	2	162	7	20	1	5	1	1	rational	weight_652.json
652	4	2	81	7	20	1	6	1	1	rational	weight_652.json
652	4	2	108	7	20	1	7	1	1	rational	weight_652.json
652	4	2	135	7	20	1	8	1	1	rational	weight_652.json
652	4	2	54	7	20	1	9	1	1	rational	weight_652.json
652	4	2	108	7	20	1	10	1	1	rational	weight_652.json
652	4	2	54	7	20	1	11	1	1	rational	weight_652.json
652	4	2	27	7	20	1	12	1	1	rational	weight_652.json
652	4	2	189	7	20	1	13	1	1	rational	weight_652.json
652	4	2	135	7	20	1	14	1	1	rational	weight_652.json
652	4	2	189	7	20	1	15	1	1	rational	weight_652.json
652	4	2	216	7	20	1	16	1	1	rational	weight_652.json
652	4	2	216	7	20	1	17	1	1	rational	weight_652.json
652	4	2	27	7	20	1	18	1	1	rational	weight_652.json
652	4	2	225	7	101	1	19	1	1	rational	weight_652.json
652	4	2	45	7	101	1	20	1	1	rational	weight_652.json
652	4	2	117	7	101	1	21	1	1	rational	weight_652.json
652	4	2	45	7	101	1	22	1	1	rational	weight_652.json
652	4	2	198	7	101	1	23	1	1	rational	weight_652.json
652	4	2	126	7	101	1	24	1	1	rational	weight_652.json
652	4	2	117	7	101	1	25	1	1	rational	weight_652.json
652	4	2	72	7	101	1	26	1	1	rational	weight_652.json
652	4	2	90	7	101	1	27	1	1	rational	weight_652.json
652	4	2	9	7	101	1	28	1	1	rational	weight_652.json
652	4	2	9	7	101	1	29	1	1	rational	weight_652.json
652	4	2	90	7	101	1	30	1	1	rational	weight_652.json
652	4	2	180	7	101	1	31	1	1	rational	weight_652.json
652	4	2	207	7	101	1	32	1	1	rational	weight_652.json
652	4	2	99	7	101	1	33	1	1	rational	weight_652.json
652	4	2	126	7	101	1	34	1	1	rational	weight_652.json
652	4	2	153	7	101	1	35	1	1	rational	weight_652.json
652	4	2	144	7	101	1	36	1	1	rational	weight_652.json
652	4	2	36	7	101	1	37	1	1	rational	weight_652.json
652	4	2	171	7	101	1	38	1	1	rational	weight_652.json
652	4	2	18	7	101	1	39	1	1	rational	weight_652.json
652	4	2	72	7	101	1	40	1	1	rational	weight_652.json
652	4	2	153	7	101	1	41	1	1	rational	weight_652.json
652	4	2	144	7	101	1	42	1	1	rational	weight_652.json
652	4	2	198	7	101	1	43	1	1	rational	weight_652.json
652	4	2	36	7	101	1	44	1	1	rational	weight_652.json
652	4	2	63	7	101	1	45	1	1	rational	weight_652.json
652	4	2	99	7	101	1	46	1	1	rational	weight_652.json
652	4	2	225	7	101	1	47	1	1	rational	weight_652.json
652	4	2	171	7	101	1	48	1	1	rational	weight_652.json
652	4	2	18	7	101	1	49	1	1	rational	weight_652.json
652	4	2	207	7	101	1	50	1	1	rational	weight_652.json
652	4	2	63	7	101	1	51	1	1	rational	weight_652.json
652	4	2	180	7	101	1	52	1	1	rational	weight_652.json
652	4	2	234	7	101	1	53	1	2	rational	weight_652.json
654	6	2	48	7	41	1	1	1	1	rational	weight_654.json
654	6	2	129	7	41	1	2	1	1	rational	weight_654.json
654	6	2	195	7	41	1	3	1	1	rational	weight_654.json
654	6	2	48	7	41	1	4	1	1	rational	weight_654.json
654	6	2	237	7	203	1	5	1	1	rational	weight_654.json
654	6	2	210	7	41	1	6	1	1	rational	weight_654.json
654	6	2	6	7	203	1	7	1	1	rational	weight_654.json
654	6	2	237	7	203	1	8	1	1	rational	weight_654.json
654	6	2	33	7	41	1	9	1	1	rational	weight_654.json
654	6	2	210	7	41	1	10	1	1	rational	weight_654.json
654	6	2	237	7	203	1	11	1	1	rational	weight_654.json
654	6	2	114	7	41	1	12	1	1	rational	weight_654.json
654	6	2	6	7	203	1	13	1	1	rational	weight_654.json
654	6	2	237	7	203	1	14	1	1	rational	weight_654.json
654	6	2	6	7	203	1	15	1	1	rational	weight_654.json
654	6	2	6	7	203	1	16	1	1	rational	weight_654.json
654	6	2	114	7	41	1	17	1	1	rational	weight_654.json
654	6	2	195	7	41	1	18	1	1	rational	weight_654.json
654	6	2	195	7	41	1	19	1	1	rational	weight_654.json
654	6	2	48	7	41	1	20	1	1	rational	weight_654.json
654	6	2	6	7	203	1	21	1	1	rational	weight_654.json
654	6	2	48	7	41	1	22	1	1	rational	weight_654.json
654	6	2	129	7	41	1	23	1	1	rational	weight_654.json
654	6	2	33	7	41	1	24	1	1	rational	weight_654.json
654	6	2	6	7	203	1	25	1	1	rational	weight_654.json
654	6	2	195	7	41	1	26	1	1	rational	weight_654.json
654	6	2	210	7	41	1	27	1	1	rational	weight_654.json
654	6	2	237	7	203	1	28	1	1	rational	weight_654.json
654	6	2	195	7	41	1	29	1	1	rational	weight_654.json
654	6	2	114	7	41	1	30	1	1	rational	weight_654.json
654	6	2	33	7	41	1	31	1	1	rational	weight_654.json
654	6	2	129	7	41	1	32	1	1	rational	weight_654.json
654	6	2	210	7	41	1	33	1	1	rational	weight_654.json
654	6	2	33	7	41	1	34	1	1	rational	weight_654.json
654	6	2	237	7	203	1	35	1	1	rational	weight_654.json
654	6	2	33	7	41	1	36	1	1	rational	weight_654.json
654	6	2	114	7	41	1	37	1	1	rational	weight_654.json
654	6	2	33	7	41	1	38	1	1	rational	weight_654.json
654	6	2	210	7	41	1	39	1	1	rational	weight_654.json
654	6	2	210	7	41	1	40	1	1	rational	weight_654.json
654	6	2	195	7	41	1	41	1	1	rational	weight_654.json
654	6	2	114	7	41	1	42	1	1	rational	weight_654.json
654	6	2	237	7	203	1	43	1	1	rational	weight_654.json
654	6	2	6	7	203	1	44	1	1	rational	weight_654.json
654	6	2	129	7	41	1	45	1	1	rational	weight_654.json
654	6	2	129	7	41	1	46	1	1	rational	weight_654.json
654	6	2	6	7	203	1	47	1	1	rational	weight_654.json
654	6	2	237	7	203	1	48	1	1	rational	weight_654.json
654	6	2	48	7	41	1	49	1	1	rational	weight_654.json
654	6	2	237	7	203	1	50	1	1	rational	weight_654.json
654	6	2	129	7	41	1	51	1	1	rational	weight_654.json
654	6	2	48	7	41	1	52	1	1	rational	weight_654.json
654	6	2	114	7	41	1	53	1	1	rational	weight_654.json
654	6	2	6	7	203	1	54	1	1	rational	weight_654.json
656	8	2	237	7	179	1	1	1	1	rational	weight_656.json
656	8	2	33	7	17	1	2	1	1	rational	weight_656.json
656	8	2	114	7	17	1	3	1	1	rational	weight_656.json
656	8	2	6	7	179	1	4	1	1	rational	weight_656.json
656	8	2	6	7	179	1	5	1	1	rational	weight_656.json
656	8	2	210	7	17	1	6	1	1	rational	weight_656.json
656	8	2	6	7	179	1	7	1	1	rational	weight_656.json
656	8	2	129	7	17	1	8	1	1	rational	weight_656.json
656	8	2	6	7	179	1	9	1	1	rational	weight_656.json
656	8	2	114	7	17	1	10	1	1	rational	weight_656.json
656	8	2	237	7	179	1	11	1	1	rational	weight_656.json
656	8	2	48	7	17	1	12	1	1	rational	weight_656.json
656	8	2	237	7	179	1	13	1	1	rational	weight_656.json
656	8	2	6	7	179	1	14	1	1	rational	weight_656.json
656	8	2	210	7	17	1	15	1	1	rational	weight_656.json
656	8	2	195	7	17	1	16	1	1	rational	weight_656.json
656	8	2	114	7	17	1	17	1	1	rational	weight_656.json
656	8	2	33	7	17	1	18	1	1	rational	weight_656.json
656	8	2	6	7	179	1	19	1	1	rational	weight_656.json
656	8	2	237	7	179	1	20	1	1	rational	weight_656.json
656	8	2	48	7	17	1	21	1	1	rational	weight_656.json
656	8	2	114	7	17	1	22	1	1	rational	weight_656.json
656	8	2	33	7	17	1	23	1	1	rational	weight_656.json
656	8	2	195	7	17	1	24	1	1	rational	weight_656.json
656	8	2	129	7	17	1	25	1	1	rational	weight_656.json
656	8	2	237	7	179	1	26	1	1	rational	weight_656.json
656	8	2	210	7	17	1	27	1	1	rational	weight_656.json
656	8	2	6	7	179	1	28	1	1	rational	weight_656.json
656	8	2	237	7	179	1	29	1	1	rational	weight_656.json
656	8	2	210	7	17	1	30	1	1	rational	weight_656.json
656	8	2	195	7	17	1	31	1	1	rational	weight_656.json
656	8	2	237	7	179	1	32	1	1	rational	weight_656.json
656	8	2	48	7	17	1	33	1	1	rational	weight_656.json
656	8	2	237	7	179	1	34	1	1	rational	weight_656.json
656	8	2	195	7	17	1	35	1	1	rational	weight_656.json
656	8	2	48	7	17	1	36	1	1	rational	weight_656.json
656	8	2	129	7	17	1	37	1	1	rational	weight_656.json
656	8	2	48	7	17	1	38	1	1	rational	weight_656.json
656	8	2	237	7	179	1	39	1	1	rational	weight_656.json
656	8	2	114	7	17	1	40	1	1	rational	weight_656.json
656	8	2	6	7	179	1	41	1	1	rational	weight_656.json
656	8	2	129	7	17	1	42	1	1	rational	weight_656.json
656	8	2	33	7	17	1	43	1	1	rational	weight_656.json
656	8	2	48	7	17	1	44	1	1	rational	weight_656.json
656	8	2	210	7	17	1	45	1	1	rational	weight_656.json
656	8	2	129	7	17	1	46	1	1	rational	weight_656.json
656	8	2	33	7	17	1	47	1	1	rational	weight_656.json
656	8	2	6	7	179	1	48	1	1	rational	weight_656.json
656	8	2	129	7	17	1	49	1	1	rational	weight_656.json
656	8	2	210	7	17	1	50	1	1	rational	weight_656.json
656	8	2	195	7	17	1	51	1	1	rational	weight_656.json
656	8	2	114	7	17	1	52	1	1	rational	weight_656.json
656	8	2	195	7	17	1	53	1	1	rational	weight_656.json
656	8	2	33	7	17	1	54	1	1	rational	weight_656.json
658	10	2	0	7	56	1	1	1	1	rational	weight_658.json
658	10	2	0	7	56	1	2	1	1	rational	weight_658.json
658	10	2	81	7	56	1	3	1	1	rational	weight_658.json
658	10	2	81	7	56	1	4	1	1	rational	weight_658.json
658	10	2	162	7	56	1	5	1	1	rational	weight_658.json
658	10	2	162	7	56	1	6	1	1	rational	weight_658.json
658	10	2	27	7	56	1	7	1	1	rational	weight_658.json
658	10	2	108	7	56	1	8	1	1	rational	weight_658.json
658	10	2	216	7	56	1	9	1	1	rational	weight_658.json
658	10	2	27	7	56	1	10	1	1	rational	weight_658.json
658	10	2	189	7	56	1	11	1	1	rational	weight_658.json
658	10	2	135	7	56	1	12	1	1	rational	weight_658.json
658	10	2	54	7	56	1	13	1	1	rational	weight_658.json
658	10	2	216	7	56	1	14	1	1	rational	weight_658.json
658	10	2	135	7	56	1	15	1	1	rational	weight_658.json
658	10	2	54	7	56	1	16	1	1	rational	weight_658.json
658	10	2	108	7	56	1	17	1	1	rational	weight_658.json
658	10	2	189	7	56	1	18	1	1	rational	weight_658.json
658	10	2	36	7	137	1	19	1	1	rational	weight_658.json
658	10	2	36	7	137	1	20	1	1	rational	weight_658.json
658	10	2	225	7	137	1	21	1	1	rational	weight_658.json
658	10	2	36	7	137	1	22	1	1	rational	weight_658.json
658	10	2	225	7	137	1	23	1	1	rational	weight_658.json
658	10	2	207	7	137	1	24	1	1	rational	weight_658.json
658	10	2	225	7	137	1	25	1	1	rational	weight_658.json
658	10	2	207	7	137	1	26	1	1	rational	weight_658.json
658	10	2	18	7	137	1	27	1	1	rational	weight_658.json
658	10	2	207	7	137	1	28	1	1	rational	weight_658.json
658	10	2	18	7	137	1	29	1	1	rational	weight_658.json
658	10	2	18	7	137	1	30	1	1	rational	weight_658.json
658	10	2	weight_658.json#orbit=1,place=31,coordinate=0	7	weight_658.json#orbit=1,place=31,coordinate=1	1	31	1	2	algebraic	weight_658.json
658	10	2	weight_658.json#orbit=1,place=32,coordinate=0	7	weight_658.json#orbit=1,place=32,coordinate=1	1	32	1	2	algebraic	weight_658.json
658	10	2	weight_658.json#orbit=1,place=33,coordinate=0	7	weight_658.json#orbit=1,place=33,coordinate=1	1	33	1	2	algebraic	weight_658.json
658	10	2	weight_658.json#orbit=1,place=34,coordinate=0	7	weight_658.json#orbit=1,place=34,coordinate=1	1	34	1	2	algebraic	weight_658.json
658	10	2	weight_658.json#orbit=1,place=35,coordinate=0	7	weight_658.json#orbit=1,place=35,coordinate=1	1	35	1	2	algebraic	weight_658.json
658	10	2	weight_658.json#orbit=1,place=36,coordinate=0	7	weight_658.json#orbit=1,place=36,coordinate=1	1	36	1	2	algebraic	weight_658.json
658	10	2	weight_658.json#orbit=1,place=37,coordinate=0	7	weight_658.json#orbit=1,place=37,coordinate=1	1	37	1	2	algebraic	weight_658.json
658	10	2	weight_658.json#orbit=1,place=38,coordinate=0	7	weight_658.json#orbit=1,place=38,coordinate=1	1	38	1	2	algebraic	weight_658.json
658	10	2	weight_658.json#orbit=1,place=39,coordinate=0	7	weight_658.json#orbit=1,place=39,coordinate=1	1	39	1	2	algebraic	weight_658.json
658	10	2	weight_658.json#orbit=1,place=40,coordinate=0	7	weight_658.json#orbit=1,place=40,coordinate=1	1	40	1	2	algebraic	weight_658.json
658	10	2	weight_658.json#orbit=1,place=41,coordinate=0	7	weight_658.json#orbit=1,place=41,coordinate=1	1	41	1	2	algebraic	weight_658.json
658	10	2	weight_658.json#orbit=1,place=42,coordinate=0	7	weight_658.json#orbit=1,place=42,coordinate=1	1	42	1	2	algebraic	weight_658.json
660	12	2	186	7	23	1	1	1	1	rational	weight_660.json
660	12	2	219	7	23	1	2	1	1	rational	weight_660.json
660	12	2	78	7	185	1	3	1	1	rational	weight_660.json
660	12	2	78	7	185	1	4	1	1	rational	weight_660.json
660	12	2	24	7	23	1	5	1	1	rational	weight_660.json
660	12	2	57	7	23	1	6	1	1	rational	weight_660.json
660	12	2	165	7	185	1	7	1	1	rational	weight_660.json
660	12	2	165	7	185	1	8	1	1	rational	weight_660.json
660	12	2	24	7	23	1	9	1	1	rational	weight_660.json
660	12	2	165	7	185	1	10	1	1	rational	weight_660.json
660	12	2	24	7	23	1	11	1	1	rational	weight_660.json
660	12	2	138	7	23	1	12	1	1	rational	weight_660.json
660	12	2	57	7	23	1	13	1	1	rational	weight_660.json
660	12	2	78	7	185	1	14	1	1	rational	weight_660.json
660	12	2	57	7	23	1	15	1	1	rational	weight_660.json
660	12	2	57	7	23	1	16	1	1	rational	weight_660.json
660	12	2	219	7	23	1	17	1	1	rational	weight_660.json
660	12	2	165	7	185	1	18	1	1	rational	weight_660.json
660	12	2	138	7	23	1	19	1	1	rational	weight_660.json
660	12	2	219	7	23	1	20	1	1	rational	weight_660.json
660	12	2	105	7	23	1	21	1	1	rational	weight_660.json
660	12	2	138	7	23	1	22	1	1	rational	weight_660.json
660	12	2	78	7	185	1	23	1	1	rational	weight_660.json
660	12	2	138	7	23	1	24	1	1	rational	weight_660.json
660	12	2	186	7	23	1	25	1	1	rational	weight_660.json
660	12	2	138	7	23	1	26	1	1	rational	weight_660.json
660	12	2	57	7	23	1	27	1	1	rational	weight_660.json
660	12	2	78	7	185	1	28	1	1	rational	weight_660.json
660	12	2	165	7	185	1	29	1	1	rational	weight_660.json
660	12	2	24	7	23	1	30	1	1	rational	weight_660.json
660	12	2	105	7	23	1	31	1	1	rational	weight_660.json
660	12	2	186	7	23	1	32	1	1	rational	weight_660.json
660	12	2	57	7	23	1	33	1	1	rational	weight_660.json
660	12	2	186	7	23	1	34	1	1	rational	weight_660.json
660	12	2	78	7	185	1	35	1	1	rational	weight_660.json
660	12	2	165	7	185	1	36	1	1	rational	weight_660.json
660	12	2	165	7	185	1	37	1	1	rational	weight_660.json
660	12	2	219	7	23	1	38	1	1	rational	weight_660.json
660	12	2	186	7	23	1	39	1	1	rational	weight_660.json
660	12	2	165	7	185	1	40	1	1	rational	weight_660.json
660	12	2	186	7	23	1	41	1	1	rational	weight_660.json
660	12	2	78	7	185	1	42	1	1	rational	weight_660.json
660	12	2	105	7	23	1	43	1	1	rational	weight_660.json
660	12	2	78	7	185	1	44	1	1	rational	weight_660.json
660	12	2	219	7	23	1	45	1	1	rational	weight_660.json
660	12	2	165	7	185	1	46	1	1	rational	weight_660.json
660	12	2	105	7	23	1	47	1	1	rational	weight_660.json
660	12	2	219	7	23	1	48	1	1	rational	weight_660.json
660	12	2	24	7	23	1	49	1	1	rational	weight_660.json
660	12	2	138	7	23	1	50	1	1	rational	weight_660.json
660	12	2	105	7	23	1	51	1	1	rational	weight_660.json
660	12	2	105	7	23	1	52	1	1	rational	weight_660.json
660	12	2	78	7	185	1	53	1	1	rational	weight_660.json
660	12	2	219	7	23	1	54	1	1	rational	weight_660.json
660	12	2	24	7	23	1	55	1	1	rational	weight_660.json
662	14	2	174	7	107	1	1	1	1	rational	weight_662.json
662	14	2	231	7	107	1	2	1	1	rational	weight_662.json
662	14	2	93	7	107	1	3	1	1	rational	weight_662.json
662	14	2	231	7	107	1	4	1	1	rational	weight_662.json
662	14	2	93	7	107	1	5	1	1	rational	weight_662.json
662	14	2	231	7	107	1	6	1	1	rational	weight_662.json
662	14	2	201	7	26	1	7	1	1	rational	weight_662.json
662	14	2	93	7	107	1	8	1	1	rational	weight_662.json
662	14	2	150	7	107	1	9	1	1	rational	weight_662.json
662	14	2	69	7	107	1	10	1	1	rational	weight_662.json
662	14	2	174	7	107	1	11	1	1	rational	weight_662.json
662	14	2	12	7	107	1	12	1	1	rational	weight_662.json
662	14	2	231	7	107	1	13	1	1	rational	weight_662.json
662	14	2	42	7	26	1	14	1	1	rational	weight_662.json
662	14	2	201	7	26	1	15	1	1	rational	weight_662.json
662	14	2	150	7	107	1	16	1	1	rational	weight_662.json
662	14	2	201	7	26	1	17	1	1	rational	weight_662.json
662	14	2	42	7	26	1	18	1	1	rational	weight_662.json
662	14	2	69	7	107	1	19	1	1	rational	weight_662.json
662	14	2	201	7	26	1	20	1	1	rational	weight_662.json
662	14	2	12	7	107	1	21	1	1	rational	weight_662.json
662	14	2	42	7	26	1	22	1	1	rational	weight_662.json
662	14	2	69	7	107	1	23	1	1	rational	weight_662.json
662	14	2	201	7	26	1	24	1	1	rational	weight_662.json
662	14	2	93	7	107	1	25	1	1	rational	weight_662.json
662	14	2	93	7	107	1	26	1	1	rational	weight_662.json
662	14	2	174	7	107	1	27	1	1	rational	weight_662.json
662	14	2	201	7	26	1	28	1	1	rational	weight_662.json
662	14	2	69	7	107	1	29	1	1	rational	weight_662.json
662	14	2	174	7	107	1	30	1	1	rational	weight_662.json
662	14	2	12	7	107	1	31	1	1	rational	weight_662.json
662	14	2	69	7	107	1	32	1	1	rational	weight_662.json
662	14	2	12	7	107	1	33	1	1	rational	weight_662.json
662	14	2	12	7	107	1	34	1	1	rational	weight_662.json
662	14	2	150	7	107	1	35	1	1	rational	weight_662.json
662	14	2	42	7	26	1	36	1	1	rational	weight_662.json
662	14	2	174	7	107	1	37	1	1	rational	weight_662.json
662	14	2	42	7	26	1	38	1	1	rational	weight_662.json
662	14	2	150	7	107	1	39	1	1	rational	weight_662.json
662	14	2	201	7	26	1	40	1	1	rational	weight_662.json
662	14	2	12	7	107	1	41	1	1	rational	weight_662.json
662	14	2	93	7	107	1	42	1	1	rational	weight_662.json
662	14	2	42	7	26	1	43	1	1	rational	weight_662.json
662	14	2	69	7	107	1	44	1	1	rational	weight_662.json
662	14	2	42	7	26	1	45	1	1	rational	weight_662.json
662	14	2	174	7	107	1	46	1	1	rational	weight_662.json
662	14	2	42	7	26	1	47	1	1	rational	weight_662.json
662	14	2	150	7	107	1	48	1	1	rational	weight_662.json
662	14	2	42	7	26	1	49	1	1	rational	weight_662.json
662	14	2	201	7	26	1	50	1	1	rational	weight_662.json
662	14	2	150	7	107	1	51	1	1	rational	weight_662.json
662	14	2	201	7	26	1	52	1	1	rational	weight_662.json
662	14	2	231	7	107	1	53	1	2	rational	weight_662.json
664	16	2	0	7	11	1	1	1	1	rational	weight_664.json
664	16	2	0	7	11	1	2	1	1	rational	weight_664.json
664	16	2	81	7	11	1	3	1	1	rational	weight_664.json
664	16	2	81	7	11	1	4	1	1	rational	weight_664.json
664	16	2	162	7	11	1	5	1	1	rational	weight_664.json
664	16	2	162	7	11	1	6	1	1	rational	weight_664.json
664	16	2	108	7	11	1	7	1	1	rational	weight_664.json
664	16	2	216	7	11	1	8	1	1	rational	weight_664.json
664	16	2	108	7	11	1	9	1	1	rational	weight_664.json
664	16	2	27	7	11	1	10	1	1	rational	weight_664.json
664	16	2	216	7	11	1	11	1	1	rational	weight_664.json
664	16	2	27	7	11	1	12	1	1	rational	weight_664.json
664	16	2	135	7	11	1	13	1	1	rational	weight_664.json
664	16	2	135	7	11	1	14	1	1	rational	weight_664.json
664	16	2	54	7	11	1	15	1	1	rational	weight_664.json
664	16	2	54	7	11	1	16	1	1	rational	weight_664.json
664	16	2	216	7	11	1	17	1	1	rational	weight_664.json
664	16	2	189	7	11	1	18	1	1	rational	weight_664.json
664	16	2	189	7	11	1	19	1	1	rational	weight_664.json
664	16	2	234	7	92	1	20	1	1	rational	weight_664.json
664	16	2	207	7	92	1	21	1	1	rational	weight_664.json
664	16	2	198	7	92	1	22	1	1	rational	weight_664.json
664	16	2	225	7	92	1	23	1	1	rational	weight_664.json
664	16	2	126	7	92	1	24	1	1	rational	weight_664.json
664	16	2	18	7	92	1	25	1	1	rational	weight_664.json
664	16	2	99	7	92	1	26	1	1	rational	weight_664.json
664	16	2	117	7	92	1	27	1	1	rational	weight_664.json
664	16	2	180	7	92	1	28	1	1	rational	weight_664.json
664	16	2	207	7	92	1	29	1	1	rational	weight_664.json
664	16	2	45	7	92	1	30	1	1	rational	weight_664.json
664	16	2	72	7	92	1	31	1	1	rational	weight_664.json
664	16	2	63	7	92	1	32	1	1	rational	weight_664.json
664	16	2	9	7	92	1	33	1	1	rational	weight_664.json
664	16	2	144	7	92	1	34	1	1	rational	weight_664.json
664	16	2	225	7	92	1	35	1	1	rational	weight_664.json
664	16	2	117	7	92	1	36	1	1	rational	weight_664.json
664	16	2	180	7	92	1	37	1	1	rational	weight_664.json
664	16	2	144	7	92	1	38	1	1	rational	weight_664.json
664	16	2	36	7	92	1	39	1	1	rational	weight_664.json
664	16	2	198	7	92	1	40	1	1	rational	weight_664.json
664	16	2	45	7	92	1	41	1	1	rational	weight_664.json
664	16	2	171	7	92	1	42	1	1	rational	weight_664.json
664	16	2	18	7	92	1	43	1	1	rational	weight_664.json
664	16	2	36	7	92	1	44	1	1	rational	weight_664.json
664	16	2	99	7	92	1	45	1	1	rational	weight_664.json
664	16	2	126	7	92	1	46	1	1	rational	weight_664.json
664	16	2	63	7	92	1	47	1	1	rational	weight_664.json
664	16	2	weight_664.json#orbit=1,place=48,coordinate=0	7	weight_664.json#orbit=1,place=48,coordinate=1	1	48	1	2	algebraic	weight_664.json
664	16	2	weight_664.json#orbit=1,place=49,coordinate=0	7	weight_664.json#orbit=1,place=49,coordinate=1	1	49	1	2	algebraic	weight_664.json
664	16	2	weight_664.json#orbit=1,place=50,coordinate=0	7	weight_664.json#orbit=1,place=50,coordinate=1	1	50	1	2	algebraic	weight_664.json
664	16	2	weight_664.json#orbit=1,place=51,coordinate=0	7	weight_664.json#orbit=1,place=51,coordinate=1	1	51	1	2	algebraic	weight_664.json
666	18	2	147	7	86	1	1	1	1	rational	weight_666.json
666	18	2	147	7	86	1	2	1	1	rational	weight_666.json
666	18	2	42	7	167	1	3	1	1	rational	weight_666.json
666	18	2	123	7	167	1	4	1	1	rational	weight_666.json
666	18	2	42	7	167	1	5	1	1	rational	weight_666.json
666	18	2	42	7	167	1	6	1	1	rational	weight_666.json
666	18	2	120	7	167	1	7	1	1	rational	weight_666.json
666	18	2	96	7	86	1	8	1	1	rational	weight_666.json
666	18	2	123	7	167	1	9	1	1	rational	weight_666.json
666	18	2	147	7	86	1	10	1	1	rational	weight_666.json
666	18	2	96	7	86	1	11	1	1	rational	weight_666.json
666	18	2	147	7	86	1	12	1	1	rational	weight_666.json
666	18	2	96	7	86	1	13	1	1	rational	weight_666.json
666	18	2	123	7	167	1	14	1	1	rational	weight_666.json
666	18	2	204	7	167	1	15	1	1	rational	weight_666.json
666	18	2	96	7	86	1	16	1	1	rational	weight_666.json
666	18	2	201	7	167	1	17	1	1	rational	weight_666.json
666	18	2	147	7	86	1	18	1	1	rational	weight_666.json
666	18	2	96	7	86	1	19	1	1	rational	weight_666.json
666	18	2	147	7	86	1	20	1	1	rational	weight_666.json
666	18	2	96	7	86	1	21	1	1	rational	weight_666.json
666	18	2	42	7	167	1	22	1	1	rational	weight_666.json
666	18	2	120	7	167	1	23	1	1	rational	weight_666.json
666	18	2	201	7	167	1	24	1	1	rational	weight_666.json
666	18	2	39	7	167	1	25	1	1	rational	weight_666.json
666	18	2	39	7	167	1	26	1	1	rational	weight_666.json
666	18	2	96	7	86	1	27	1	1	rational	weight_666.json
666	18	2	201	7	167	1	28	1	1	rational	weight_666.json
666	18	2	204	7	167	1	29	1	1	rational	weight_666.json
666	18	2	204	7	167	1	30	1	1	rational	weight_666.json
666	18	2	123	7	167	1	31	1	1	rational	weight_666.json
666	18	2	147	7	86	1	32	1	1	rational	weight_666.json
666	18	2	42	7	167	1	33	1	1	rational	weight_666.json
666	18	2	201	7	167	1	34	1	1	rational	weight_666.json
666	18	2	120	7	167	1	35	1	1	rational	weight_666.json
666	18	2	147	7	86	1	36	1	1	rational	weight_666.json
666	18	2	96	7	86	1	37	1	1	rational	weight_666.json
666	18	2	201	7	167	1	38	1	1	rational	weight_666.json
666	18	2	204	7	167	1	39	1	1	rational	weight_666.json
666	18	2	123	7	167	1	40	1	1	rational	weight_666.json
666	18	2	120	7	167	1	41	1	1	rational	weight_666.json
666	18	2	147	7	86	1	42	1	1	rational	weight_666.json
666	18	2	39	7	167	1	43	1	1	rational	weight_666.json
666	18	2	201	7	167	1	44	1	1	rational	weight_666.json
666	18	2	42	7	167	1	45	1	1	rational	weight_666.json
666	18	2	39	7	167	1	46	1	1	rational	weight_666.json
666	18	2	96	7	86	1	47	1	1	rational	weight_666.json
666	18	2	39	7	167	1	48	1	1	rational	weight_666.json
666	18	2	120	7	167	1	49	1	1	rational	weight_666.json
666	18	2	39	7	167	1	50	1	1	rational	weight_666.json
666	18	2	201	7	167	1	51	1	1	rational	weight_666.json
666	18	2	120	7	167	1	52	1	1	rational	weight_666.json
666	18	2	123	7	167	1	53	1	1	rational	weight_666.json
666	18	2	204	7	167	1	54	1	2	rational	weight_666.json
668	20	2	132	7	116	1	1	1	1	rational	weight_668.json
668	20	2	192	7	116	1	2	1	1	rational	weight_668.json
668	20	2	132	7	116	1	3	1	1	rational	weight_668.json
668	20	2	132	7	116	1	4	1	1	rational	weight_668.json
668	20	2	138	7	35	1	5	1	1	rational	weight_668.json
668	20	2	30	7	116	1	6	1	1	rational	weight_668.json
668	20	2	105	7	35	1	7	1	1	rational	weight_668.json
668	20	2	138	7	35	1	8	1	1	rational	weight_668.json
668	20	2	138	7	35	1	9	1	1	rational	weight_668.json
668	20	2	51	7	116	1	10	1	1	rational	weight_668.json
668	20	2	111	7	116	1	11	1	1	rational	weight_668.json
668	20	2	138	7	35	1	12	1	1	rational	weight_668.json
668	20	2	213	7	116	1	13	1	1	rational	weight_668.json
668	20	2	192	7	116	1	14	1	1	rational	weight_668.json
668	20	2	192	7	116	1	15	1	1	rational	weight_668.json
668	20	2	192	7	116	1	16	1	1	rational	weight_668.json
668	20	2	51	7	116	1	17	1	1	rational	weight_668.json
668	20	2	105	7	35	1	18	1	1	rational	weight_668.json
668	20	2	30	7	116	1	19	1	1	rational	weight_668.json
668	20	2	213	7	116	1	20	1	1	rational	weight_668.json
668	20	2	213	7	116	1	21	1	1	rational	weight_668.json
668	20	2	30	7	116	1	22	1	1	rational	weight_668.json
668	20	2	192	7	116	1	23	1	1	rational	weight_668.json
668	20	2	132	7	116	1	24	1	1	rational	weight_668.json
668	20	2	105	7	35	1	25	1	1	rational	weight_668.json
668	20	2	105	7	35	1	26	1	1	rational	weight_668.json
668	20	2	105	7	35	1	27	1	1	rational	weight_668.json
668	20	2	30	7	116	1	28	1	1	rational	weight_668.json
668	20	2	138	7	35	1	29	1	1	rational	weight_668.json
668	20	2	192	7	116	1	30	1	1	rational	weight_668.json
668	20	2	111	7	116	1	31	1	1	rational	weight_668.json
668	20	2	138	7	35	1	32	1	1	rational	weight_668.json
668	20	2	51	7	116	1	33	1	1	rational	weight_668.json
668	20	2	30	7	116	1	34	1	1	rational	weight_668.json
668	20	2	111	7	116	1	35	1	1	rational	weight_668.json
668	20	2	138	7	35	1	36	1	1	rational	weight_668.json
668	20	2	30	7	116	1	37	1	1	rational	weight_668.json
668	20	2	105	7	35	1	38	1	1	rational	weight_668.json
668	20	2	132	7	116	1	39	1	1	rational	weight_668.json
668	20	2	132	7	116	1	40	1	1	rational	weight_668.json
668	20	2	51	7	116	1	41	1	1	rational	weight_668.json
668	20	2	213	7	116	1	42	1	1	rational	weight_668.json
668	20	2	105	7	35	1	43	1	1	rational	weight_668.json
668	20	2	105	7	35	1	44	1	1	rational	weight_668.json
668	20	2	138	7	35	1	45	1	1	rational	weight_668.json
668	20	2	51	7	116	1	46	1	1	rational	weight_668.json
668	20	2	213	7	116	1	47	1	1	rational	weight_668.json
668	20	2	213	7	116	1	48	1	1	rational	weight_668.json
668	20	2	51	7	116	1	49	1	1	rational	weight_668.json
668	20	2	105	7	35	1	50	1	1	rational	weight_668.json
668	20	2	138	7	35	1	51	1	1	rational	weight_668.json
668	20	2	111	7	116	1	52	1	1	rational	weight_668.json
668	20	2	213	7	116	1	53	1	1	rational	weight_668.json
668	20	2	111	7	116	1	54	1	2	rational	weight_668.json
670	22	2	0	7	128	1	1	1	1	rational	weight_670.json
670	22	2	0	7	128	1	2	1	1	rational	weight_670.json
670	22	2	81	7	128	1	3	1	1	rational	weight_670.json
670	22	2	162	7	128	1	4	1	1	rational	weight_670.json
670	22	2	81	7	128	1	5	1	1	rational	weight_670.json
670	22	2	162	7	128	1	6	1	1	rational	weight_670.json
670	22	2	27	7	128	1	7	1	1	rational	weight_670.json
670	22	2	54	7	128	1	8	1	1	rational	weight_670.json
670	22	2	135	7	128	1	9	1	1	rational	weight_670.json
670	22	2	216	7	128	1	10	1	1	rational	weight_670.json
670	22	2	216	7	128	1	11	1	1	rational	weight_670.json
670	22	2	108	7	128	1	12	1	1	rational	weight_670.json
670	22	2	108	7	128	1	13	1	1	rational	weight_670.json
670	22	2	27	7	128	1	14	1	1	rational	weight_670.json
670	22	2	135	7	128	1	15	1	1	rational	weight_670.json
670	22	2	189	7	128	1	16	1	1	rational	weight_670.json
670	22	2	54	7	128	1	17	1	1	rational	weight_670.json
670	22	2	189	7	128	1	18	1	1	rational	weight_670.json
670	22	2	207	7	209	1	19	1	1	rational	weight_670.json
670	22	2	36	7	209	1	20	1	1	rational	weight_670.json
670	22	2	99	7	209	1	21	1	1	rational	weight_670.json
670	22	2	153	7	209	1	22	1	1	rational	weight_670.json
670	22	2	144	7	209	1	23	1	1	rational	weight_670.json
670	22	2	90	7	209	1	24	1	1	rational	weight_670.json
670	22	2	63	7	209	1	25	1	1	rational	weight_670.json
670	22	2	198	7	209	1	26	1	1	rational	weight_670.json
670	22	2	117	7	209	1	27	1	1	rational	weight_670.json
670	22	2	18	7	209	1	28	1	1	rational	weight_670.json
670	22	2	198	7	209	1	29	1	1	rational	weight_670.json
670	22	2	180	7	209	1	30	1	1	rational	weight_670.json
670	22	2	207	7	209	1	31	1	1	rational	weight_670.json
670	22	2	72	7	209	1	32	1	1	rational	weight_670.json
670	22	2	126	7	209	1	33	1	1	rational	weight_670.json
670	22	2	63	7	209	1	34	1	1	rational	weight_670.json
670	22	2	225	7	209	1	35	1	1	rational	weight_670.json
670	22	2	45	7	209	1	36	1	1	rational	weight_670.json
670	22	2	18	7	209	1	37	1	1	rational	weight_670.json
670	22	2	45	7	209	1	38	1	1	rational	weight_670.json
670	22	2	117	7	209	1	39	1	1	rational	weight_670.json
670	22	2	180	7	209	1	40	1	1	rational	weight_670.json
670	22	2	171	7	209	1	41	1	1	rational	weight_670.json
670	22	2	99	7	209	1	42	1	1	rational	weight_670.json
670	22	2	198	7	209	1	43	1	1	rational	weight_670.json
670	22	2	225	7	209	1	44	1	1	rational	weight_670.json
670	22	2	144	7	209	1	45	1	1	rational	weight_670.json
670	22	2	126	7	209	1	46	1	1	rational	weight_670.json
670	22	2	36	7	209	1	47	1	1	rational	weight_670.json
670	22	2	weight_670.json#orbit=1,place=48,coordinate=0	7	weight_670.json#orbit=1,place=48,coordinate=1	1	48	1	2	algebraic	weight_670.json
670	22	2	weight_670.json#orbit=1,place=49,coordinate=0	7	weight_670.json#orbit=1,place=49,coordinate=1	1	49	1	2	algebraic	weight_670.json
670	22	2	weight_670.json#orbit=1,place=50,coordinate=0	7	weight_670.json#orbit=1,place=50,coordinate=1	1	50	1	2	algebraic	weight_670.json
670	22	2	weight_670.json#orbit=1,place=51,coordinate=0	7	weight_670.json#orbit=1,place=51,coordinate=1	1	51	1	2	algebraic	weight_670.json
672	24	2	168	7	230	1	1	1	1	rational	weight_672.json
672	24	2	60	7	149	1	2	1	1	rational	weight_672.json
672	24	2	237	7	230	1	3	1	1	rational	weight_672.json
672	24	2	183	7	149	1	4	1	1	rational	weight_672.json
672	24	2	6	7	230	1	5	1	1	rational	weight_672.json
672	24	2	168	7	230	1	6	1	1	rational	weight_672.json
672	24	2	87	7	230	1	7	1	1	rational	weight_672.json
672	24	2	168	7	230	1	8	1	1	rational	weight_672.json
672	24	2	60	7	149	1	9	1	1	rational	weight_672.json
672	24	2	156	7	230	1	10	1	1	rational	weight_672.json
672	24	2	60	7	149	1	11	1	1	rational	weight_672.json
672	24	2	87	7	230	1	12	1	1	rational	weight_672.json
672	24	2	6	7	230	1	13	1	1	rational	weight_672.json
672	24	2	60	7	149	1	14	1	1	rational	weight_672.json
672	24	2	60	7	149	1	15	1	1	rational	weight_672.json
672	24	2	183	7	149	1	16	1	1	rational	weight_672.json
672	24	2	183	7	149	1	17	1	1	rational	weight_672.json
672	24	2	87	7	230	1	18	1	1	rational	weight_672.json
672	24	2	60	7	149	1	19	1	1	rational	weight_672.json
672	24	2	6	7	230	1	20	1	1	rational	weight_672.json
672	24	2	60	7	149	1	21	1	1	rational	weight_672.json
672	24	2	6	7	230	1	22	1	1	rational	weight_672.json
672	24	2	75	7	230	1	23	1	1	rational	weight_672.json
672	24	2	183	7	149	1	24	1	1	rational	weight_672.json
672	24	2	237	7	230	1	25	1	1	rational	weight_672.json
672	24	2	87	7	230	1	26	1	1	rational	weight_672.json
672	24	2	60	7	149	1	27	1	1	rational	weight_672.json
672	24	2	183	7	149	1	28	1	1	rational	weight_672.json
672	24	2	237	7	230	1	29	1	1	rational	weight_672.json
672	24	2	75	7	230	1	30	1	1	rational	weight_672.json
672	24	2	156	7	230	1	31	1	1	rational	weight_672.json
672	24	2	168	7	230	1	32	1	1	rational	weight_672.json
672	24	2	237	7	230	1	33	1	1	rational	weight_672.json
672	24	2	75	7	230	1	34	1	1	rational	weight_672.json
672	24	2	237	7	230	1	35	1	1	rational	weight_672.json
672	24	2	168	7	230	1	36	1	1	rational	weight_672.json
672	24	2	183	7	149	1	37	1	1	rational	weight_672.json
672	24	2	87	7	230	1	38	1	1	rational	weight_672.json
672	24	2	237	7	230	1	39	1	1	rational	weight_672.json
672	24	2	183	7	149	1	40	1	1	rational	weight_672.json
672	24	2	168	7	230	1	41	1	1	rational	weight_672.json
672	24	2	75	7	230	1	42	1	1	rational	weight_672.json
672	24	2	60	7	149	1	43	1	1	rational	weight_672.json
672	24	2	183	7	149	1	44	1	1	rational	weight_672.json
672	24	2	183	7	149	1	45	1	1	rational	weight_672.json
672	24	2	168	7	230	1	46	1	1	rational	weight_672.json
672	24	2	156	7	230	1	47	1	1	rational	weight_672.json
672	24	2	75	7	230	1	48	1	1	rational	weight_672.json
672	24	2	75	7	230	1	49	1	1	rational	weight_672.json
672	24	2	6	7	230	1	50	1	1	rational	weight_672.json
672	24	2	6	7	230	1	51	1	1	rational	weight_672.json
672	24	2	156	7	230	1	52	1	1	rational	weight_672.json
672	24	2	183	7	149	1	53	1	1	rational	weight_672.json
672	24	2	87	7	230	1	54	1	1	rational	weight_672.json
672	24	2	156	7	230	1	55	1	2	rational	weight_672.json
674	26	2	183	7	44	1	1	1	1	rational	weight_674.json
674	26	2	141	7	44	1	2	1	1	rational	weight_674.json
674	26	2	102	7	44	1	3	1	1	rational	weight_674.json
674	26	2	21	7	44	1	4	1	1	rational	weight_674.json
674	26	2	48	7	206	1	5	1	1	rational	weight_674.json
674	26	2	21	7	44	1	6	1	1	rational	weight_674.json
674	26	2	21	7	44	1	7	1	1	rational	weight_674.json
674	26	2	102	7	44	1	8	1	1	rational	weight_674.json
674	26	2	222	7	44	1	9	1	1	rational	weight_674.json
674	26	2	183	7	44	1	10	1	1	rational	weight_674.json
674	26	2	222	7	44	1	11	1	1	rational	weight_674.json
674	26	2	60	7	44	1	12	1	1	rational	weight_674.json
674	26	2	48	7	206	1	13	1	1	rational	weight_674.json
674	26	2	195	7	206	1	14	1	1	rational	weight_674.json
674	26	2	48	7	206	1	15	1	1	rational	weight_674.json
674	26	2	195	7	206	1	16	1	1	rational	weight_674.json
674	26	2	195	7	206	1	17	1	1	rational	weight_674.json
674	26	2	195	7	206	1	18	1	1	rational	weight_674.json
674	26	2	222	7	44	1	19	1	1	rational	weight_674.json
674	26	2	183	7	44	1	20	1	1	rational	weight_674.json
674	26	2	222	7	44	1	21	1	1	rational	weight_674.json
674	26	2	60	7	44	1	22	1	1	rational	weight_674.json
674	26	2	141	7	44	1	23	1	1	rational	weight_674.json
674	26	2	195	7	206	1	24	1	1	rational	weight_674.json
674	26	2	195	7	206	1	25	1	1	rational	weight_674.json
674	26	2	141	7	44	1	26	1	1	rational	weight_674.json
674	26	2	102	7	44	1	27	1	1	rational	weight_674.json
674	26	2	48	7	206	1	28	1	1	rational	weight_674.json
674	26	2	183	7	44	1	29	1	1	rational	weight_674.json
674	26	2	195	7	206	1	30	1	1	rational	weight_674.json
674	26	2	21	7	44	1	31	1	1	rational	weight_674.json
674	26	2	195	7	206	1	32	1	1	rational	weight_674.json
674	26	2	48	7	206	1	33	1	1	rational	weight_674.json
674	26	2	222	7	44	1	34	1	1	rational	weight_674.json
674	26	2	48	7	206	1	35	1	1	rational	weight_674.json
674	26	2	102	7	44	1	36	1	1	rational	weight_674.json
674	26	2	141	7	44	1	37	1	1	rational	weight_674.json
674	26	2	222	7	44	1	38	1	1	rational	weight_674.json
674	26	2	60	7	44	1	39	1	1	rational	weight_674.json
674	26	2	48	7	206	1	40	1	1	rational	weight_674.json
674	26	2	48	7	206	1	41	1	1	rational	weight_674.json
674	26	2	60	7	44	1	42	1	1	rational	weight_674.json
674	26	2	102	7	44	1	43	1	1	rational	weight_674.json
674	26	2	141	7	44	1	44	1	1	rational	weight_674.json
674	26	2	21	7	44	1	45	1	1	rational	weight_674.json
674	26	2	195	7	206	1	46	1	1	rational	weight_674.json
674	26	2	60	7	44	1	47	1	1	rational	weight_674.json
674	26	2	141	7	44	1	48	1	1	rational	weight_674.json
674	26	2	102	7	44	1	49	1	1	rational	weight_674.json
674	26	2	60	7	44	1	50	1	1	rational	weight_674.json
674	26	2	48	7	206	1	51	1	1	rational	weight_674.json
674	26	2	195	7	206	1	52	1	1	rational	weight_674.json
674	26	2	21	7	44	1	53	1	1	rational	weight_674.json
674	26	2	183	7	44	1	54	1	2	rational	weight_674.json
676	28	2	0	7	164	1	1	1	1	rational	weight_676.json
676	28	2	0	7	164	1	2	1	1	rational	weight_676.json
676	28	2	162	7	164	1	3	1	1	rational	weight_676.json
676	28	2	162	7	164	1	4	1	1	rational	weight_676.json
676	28	2	81	7	164	1	5	1	1	rational	weight_676.json
676	28	2	81	7	164	1	6	1	1	rational	weight_676.json
676	28	2	189	7	164	1	7	1	1	rational	weight_676.json
676	28	2	135	7	164	1	8	1	1	rational	weight_676.json
676	28	2	27	7	164	1	9	1	1	rational	weight_676.json
676	28	2	27	7	164	1	10	1	1	rational	weight_676.json
676	28	2	54	7	164	1	11	1	1	rational	weight_676.json
676	28	2	108	7	164	1	12	1	1	rational	weight_676.json
676	28	2	216	7	164	1	13	1	1	rational	weight_676.json
676	28	2	54	7	164	1	14	1	1	rational	weight_676.json
676	28	2	135	7	164	1	15	1	1	rational	weight_676.json
676	28	2	189	7	164	1	16	1	1	rational	weight_676.json
676	28	2	108	7	164	1	17	1	1	rational	weight_676.json
676	28	2	216	7	164	1	18	1	1	rational	weight_676.json
676	28	2	225	7	2	1	19	1	1	rational	weight_676.json
676	28	2	18	7	2	1	20	1	1	rational	weight_676.json
676	28	2	18	7	2	1	21	1	1	rational	weight_676.json
676	28	2	18	7	2	1	22	1	1	rational	weight_676.json
676	28	2	36	7	2	1	23	1	1	rational	weight_676.json
676	28	2	225	7	2	1	24	1	1	rational	weight_676.json
676	28	2	207	7	2	1	25	1	1	rational	weight_676.json
676	28	2	207	7	2	1	26	1	1	rational	weight_676.json
676	28	2	36	7	2	1	27	1	1	rational	weight_676.json
676	28	2	207	7	2	1	28	1	1	rational	weight_676.json
676	28	2	225	7	2	1	29	1	1	rational	weight_676.json
676	28	2	36	7	2	1	30	1	1	rational	weight_676.json
676	28	2	weight_676.json#orbit=1,place=31,coordinate=0	7	weight_676.json#orbit=1,place=31,coordinate=1	1	31	1	2	algebraic	weight_676.json
676	28	2	weight_676.json#orbit=1,place=32,coordinate=0	7	weight_676.json#orbit=1,place=32,coordinate=1	1	32	1	2	algebraic	weight_676.json
676	28	2	weight_676.json#orbit=1,place=33,coordinate=0	7	weight_676.json#orbit=1,place=33,coordinate=1	1	33	1	2	algebraic	weight_676.json
676	28	2	weight_676.json#orbit=1,place=34,coordinate=0	7	weight_676.json#orbit=1,place=34,coordinate=1	1	34	1	2	algebraic	weight_676.json
676	28	2	weight_676.json#orbit=1,place=35,coordinate=0	7	weight_676.json#orbit=1,place=35,coordinate=1	1	35	1	2	algebraic	weight_676.json
676	28	2	weight_676.json#orbit=1,place=36,coordinate=0	7	weight_676.json#orbit=1,place=36,coordinate=1	1	36	1	2	algebraic	weight_676.json
676	28	2	weight_676.json#orbit=1,place=37,coordinate=0	7	weight_676.json#orbit=1,place=37,coordinate=1	1	37	1	2	algebraic	weight_676.json
676	28	2	weight_676.json#orbit=1,place=38,coordinate=0	7	weight_676.json#orbit=1,place=38,coordinate=1	1	38	1	2	algebraic	weight_676.json
676	28	2	weight_676.json#orbit=1,place=39,coordinate=0	7	weight_676.json#orbit=1,place=39,coordinate=1	1	39	1	2	algebraic	weight_676.json
676	28	2	weight_676.json#orbit=1,place=40,coordinate=0	7	weight_676.json#orbit=1,place=40,coordinate=1	1	40	1	2	algebraic	weight_676.json
676	28	2	weight_676.json#orbit=1,place=41,coordinate=0	7	weight_676.json#orbit=1,place=41,coordinate=1	1	41	1	2	algebraic	weight_676.json
676	28	2	weight_676.json#orbit=1,place=42,coordinate=0	7	weight_676.json#orbit=1,place=42,coordinate=1	1	42	1	2	algebraic	weight_676.json
676	28	2	weight_676.json#orbit=1,place=43,coordinate=0	7	weight_676.json#orbit=1,place=43,coordinate=1	1	43	1	2	algebraic	weight_676.json
678	30	2	30	7	131	1	1	1	1	rational	weight_678.json
678	30	2	213	7	131	1	2	1	1	rational	weight_678.json
678	30	2	213	7	131	1	3	1	1	rational	weight_678.json
678	30	2	165	7	212	1	4	1	1	rational	weight_678.json
678	30	2	240	7	212	1	5	1	1	rational	weight_678.json
678	30	2	240	7	212	1	6	1	1	rational	weight_678.json
678	30	2	78	7	212	1	7	1	1	rational	weight_678.json
678	30	2	30	7	131	1	8	1	1	rational	weight_678.json
678	30	2	159	7	212	1	9	1	1	rational	weight_678.json
678	30	2	213	7	131	1	10	1	1	rational	weight_678.json
678	30	2	240	7	212	1	11	1	1	rational	weight_678.json
678	30	2	78	7	212	1	12	1	1	rational	weight_678.json
678	30	2	3	7	212	1	13	1	1	rational	weight_678.json
678	30	2	165	7	212	1	14	1	1	rational	weight_678.json
678	30	2	3	7	212	1	15	1	1	rational	weight_678.json
678	30	2	30	7	131	1	16	1	1	rational	weight_678.json
678	30	2	30	7	131	1	17	1	1	rational	weight_678.json
678	30	2	84	7	212	1	18	1	1	rational	weight_678.json
678	30	2	240	7	212	1	19	1	1	rational	weight_678.json
678	30	2	213	7	131	1	20	1	1	rational	weight_678.json
678	30	2	213	7	131	1	21	1	1	rational	weight_678.json
678	30	2	3	7	212	1	22	1	1	rational	weight_678.json
678	30	2	78	7	212	1	23	1	1	rational	weight_678.json
678	30	2	84	7	212	1	24	1	1	rational	weight_678.json
678	30	2	84	7	212	1	25	1	1	rational	weight_678.json
678	30	2	165	7	212	1	26	1	1	rational	weight_678.json
678	30	2	3	7	212	1	27	1	1	rational	weight_678.json
678	30	2	213	7	131	1	28	1	1	rational	weight_678.json
678	30	2	165	7	212	1	29	1	1	rational	weight_678.json
678	30	2	84	7	212	1	30	1	1	rational	weight_678.json
678	30	2	30	7	131	1	31	1	1	rational	weight_678.json
678	30	2	240	7	212	1	32	1	1	rational	weight_678.json
678	30	2	78	7	212	1	33	1	1	rational	weight_678.json
678	30	2	159	7	212	1	34	1	1	rational	weight_678.json
678	30	2	30	7	131	1	35	1	1	rational	weight_678.json
678	30	2	159	7	212	1	36	1	1	rational	weight_678.json
678	30	2	213	7	131	1	37	1	1	rational	weight_678.json
678	30	2	159	7	212	1	38	1	1	rational	weight_678.json
678	30	2	3	7	212	1	39	1	1	rational	weight_678.json
678	30	2	165	7	212	1	40	1	1	rational	weight_678.json
678	30	2	213	7	131	1	41	1	1	rational	weight_678.json
678	30	2	30	7	131	1	42	1	1	rational	weight_678.json
678	30	2	159	7	212	1	43	1	1	rational	weight_678.json
678	30	2	165	7	212	1	44	1	1	rational	weight_678.json
678	30	2	213	7	131	1	45	1	1	rational	weight_678.json
678	30	2	3	7	212	1	46	1	1	rational	weight_678.json
678	30	2	30	7	131	1	47	1	1	rational	weight_678.json
678	30	2	165	7	212	1	48	1	1	rational	weight_678.json
678	30	2	78	7	212	1	49	1	1	rational	weight_678.json
678	30	2	159	7	212	1	50	1	1	rational	weight_678.json
678	30	2	213	7	131	1	51	1	1	rational	weight_678.json
678	30	2	78	7	212	1	52	1	1	rational	weight_678.json
678	30	2	240	7	212	1	53	1	1	rational	weight_678.json
678	30	2	30	7	131	1	54	1	1	rational	weight_678.json
678	30	2	84	7	212	1	55	1	2	rational	weight_678.json
680	32	2	66	7	134	1	1	1	1	rational	weight_680.json
680	32	2	96	7	134	1	2	1	1	rational	weight_680.json
680	32	2	15	7	134	1	3	1	1	rational	weight_680.json
680	32	2	177	7	134	1	4	1	1	rational	weight_680.json
680	32	2	147	7	134	1	5	1	1	rational	weight_680.json
680	32	2	69	7	53	1	6	1	1	rational	weight_680.json
680	32	2	69	7	53	1	7	1	1	rational	weight_680.json
680	32	2	174	7	53	1	8	1	1	rational	weight_680.json
680	32	2	15	7	134	1	9	1	1	rational	weight_680.json
680	32	2	96	7	134	1	10	1	1	rational	weight_680.json
680	32	2	69	7	53	1	11	1	1	rational	weight_680.json
680	32	2	174	7	53	1	12	1	1	rational	weight_680.json
680	32	2	96	7	134	1	13	1	1	rational	weight_680.json
680	32	2	69	7	53	1	14	1	1	rational	weight_680.json
680	32	2	147	7	134	1	15	1	1	rational	weight_680.json
680	32	2	147	7	134	1	16	1	1	rational	weight_680.json
680	32	2	177	7	134	1	17	1	1	rational	weight_680.json
680	32	2	69	7	53	1	18	1	1	rational	weight_680.json
680	32	2	228	7	134	1	19	1	1	rational	weight_680.json
680	32	2	15	7	134	1	20	1	1	rational	weight_680.json
680	32	2	174	7	53	1	21	1	1	rational	weight_680.json
680	32	2	174	7	53	1	22	1	1	rational	weight_680.json
680	32	2	174	7	53	1	23	1	1	rational	weight_680.json
680	32	2	177	7	134	1	24	1	1	rational	weight_680.json
680	32	2	177	7	134	1	25	1	1	rational	weight_680.json
680	32	2	228	7	134	1	26	1	1	rational	weight_680.json
680	32	2	147	7	134	1	27	1	1	rational	weight_680.json
680	32	2	66	7	134	1	28	1	1	rational	weight_680.json
680	32	2	69	7	53	1	29	1	1	rational	weight_680.json
680	32	2	174	7	53	1	30	1	1	rational	weight_680.json
680	32	2	66	7	134	1	31	1	1	rational	weight_680.json
680	32	2	174	7	53	1	32	1	1	rational	weight_680.json
680	32	2	228	7	134	1	33	1	1	rational	weight_680.json
680	32	2	177	7	134	1	34	1	1	rational	weight_680.json
680	32	2	174	7	53	1	35	1	1	rational	weight_680.json
680	32	2	147	7	134	1	36	1	1	rational	weight_680.json
680	32	2	69	7	53	1	37	1	1	rational	weight_680.json
680	32	2	66	7	134	1	38	1	1	rational	weight_680.json
680	32	2	69	7	53	1	39	1	1	rational	weight_680.json
680	32	2	96	7	134	1	40	1	1	rational	weight_680.json
680	32	2	66	7	134	1	41	1	1	rational	weight_680.json
680	32	2	96	7	134	1	42	1	1	rational	weight_680.json
680	32	2	228	7	134	1	43	1	1	rational	weight_680.json
680	32	2	15	7	134	1	44	1	1	rational	weight_680.json
680	32	2	15	7	134	1	45	1	1	rational	weight_680.json
680	32	2	174	7	53	1	46	1	1	rational	weight_680.json
680	32	2	177	7	134	1	47	1	1	rational	weight_680.json
680	32	2	66	7	134	1	48	1	1	rational	weight_680.json
680	32	2	177	7	134	1	49	1	1	rational	weight_680.json
680	32	2	174	7	53	1	50	1	1	rational	weight_680.json
680	32	2	69	7	53	1	51	1	1	rational	weight_680.json
680	32	2	147	7	134	1	52	1	1	rational	weight_680.json
680	32	2	15	7	134	1	53	1	1	rational	weight_680.json
680	32	2	96	7	134	1	54	1	1	rational	weight_680.json
680	32	2	228	7	134	1	55	1	2	rational	weight_680.json
682	34	2	0	7	119	1	1	1	1	rational	weight_682.json
682	34	2	0	7	119	1	2	1	1	rational	weight_682.json
682	34	2	81	7	119	1	3	1	1	rational	weight_682.json
682	34	2	162	7	119	1	4	1	1	rational	weight_682.json
682	34	2	81	7	119	1	5	1	1	rational	weight_682.json
682	34	2	162	7	119	1	6	1	1	rational	weight_682.json
682	34	2	162	7	119	1	7	1	1	rational	weight_682.json
682	34	2	108	7	119	1	8	1	1	rational	weight_682.json
682	34	2	135	7	119	1	9	1	1	rational	weight_682.json
682	34	2	108	7	119	1	10	1	1	rational	weight_682.json
682	34	2	27	7	119	1	11	1	1	rational	weight_682.json
682	34	2	216	7	119	1	12	1	1	rational	weight_682.json
682	34	2	216	7	119	1	13	1	1	rational	weight_682.json
682	34	2	135	7	119	1	14	1	1	rational	weight_682.json
682	34	2	189	7	119	1	15	1	1	rational	weight_682.json
682	34	2	27	7	119	1	16	1	1	rational	weight_682.json
682	34	2	54	7	119	1	17	1	1	rational	weight_682.json
682	34	2	189	7	119	1	18	1	1	rational	weight_682.json
682	34	2	54	7	119	1	19	1	1	rational	weight_682.json
682	34	2	45	7	200	1	20	1	1	rational	weight_682.json
682	34	2	45	7	200	1	21	1	1	rational	weight_682.json
682	34	2	225	7	200	1	22	1	1	rational	weight_682.json
682	34	2	63	7	200	1	23	1	1	rational	weight_682.json
682	34	2	63	7	200	1	24	1	1	rational	weight_682.json
682	34	2	126	7	200	1	25	1	1	rational	weight_682.json
682	34	2	36	7	200	1	26	1	1	rational	weight_682.json
682	34	2	171	7	200	1	27	1	1	rational	weight_682.json
682	34	2	198	7	200	1	28	1	1	rational	weight_682.json
682	34	2	18	7	200	1	29	1	1	rational	weight_682.json
682	34	2	144	7	200	1	30	1	1	rational	weight_682.json
682	34	2	225	7	200	1	31	1	1	rational	weight_682.json
682	34	2	207	7	200	1	32	1	1	rational	weight_682.json
682	34	2	117	7	200	1	33	1	1	rational	weight_682.json
682	34	2	207	7	200	1	34	1	1	rational	weight_682.json
682	34	2	144	7	200	1	35	1	1	rational	weight_682.json
682	34	2	180	7	200	1	36	1	1	rational	weight_682.json
682	34	2	36	7	200	1	37	1	1	rational	weight_682.json
682	34	2	18	7	200	1	38	1	1	rational	weight_682.json
682	34	2	180	7	200	1	39	1	1	rational	weight_682.json
682	34	2	144	7	200	1	40	1	1	rational	weight_682.json
682	34	2	99	7	200	1	41	1	1	rational	weight_682.json
682	34	2	117	7	200	1	42	1	1	rational	weight_682.json
682	34	2	234	7	200	1	43	1	1	rational	weight_682.json
682	34	2	9	7	200	1	44	1	1	rational	weight_682.json
682	34	2	99	7	200	1	45	1	1	rational	weight_682.json
682	34	2	198	7	200	1	46	1	1	rational	weight_682.json
682	34	2	126	7	200	1	47	1	1	rational	weight_682.json
682	34	2	72	7	200	1	48	1	1	rational	weight_682.json
682	34	2	weight_682.json#orbit=1,place=49,coordinate=0	7	weight_682.json#orbit=1,place=49,coordinate=1	1	49	1	2	algebraic	weight_682.json
682	34	2	weight_682.json#orbit=1,place=50,coordinate=0	7	weight_682.json#orbit=1,place=50,coordinate=1	1	50	1	2	algebraic	weight_682.json
682	34	2	weight_682.json#orbit=1,place=51,coordinate=0	7	weight_682.json#orbit=1,place=51,coordinate=1	1	51	1	2	algebraic	weight_682.json
682	34	2	weight_682.json#orbit=1,place=52,coordinate=0	7	weight_682.json#orbit=1,place=52,coordinate=1	1	52	1	2	algebraic	weight_682.json
684	36	2	15	7	113	1	1	1	1	rational	weight_684.json
684	36	2	177	7	113	1	2	1	1	rational	weight_684.json
684	36	2	15	7	113	1	3	1	1	rational	weight_684.json
684	36	2	96	7	113	1	4	1	1	rational	weight_684.json
684	36	2	96	7	113	1	5	1	1	rational	weight_684.json
684	36	2	69	7	32	1	6	1	1	rational	weight_684.json
684	36	2	66	7	113	1	7	1	1	rational	weight_684.json
684	36	2	96	7	113	1	8	1	1	rational	weight_684.json
684	36	2	147	7	113	1	9	1	1	rational	weight_684.json
684	36	2	147	7	113	1	10	1	1	rational	weight_684.json
684	36	2	228	7	113	1	11	1	1	rational	weight_684.json
684	36	2	66	7	113	1	12	1	1	rational	weight_684.json
684	36	2	174	7	32	1	13	1	1	rational	weight_684.json
684	36	2	69	7	32	1	14	1	1	rational	weight_684.json
684	36	2	69	7	32	1	15	1	1	rational	weight_684.json
684	36	2	96	7	113	1	16	1	1	rational	weight_684.json
684	36	2	228	7	113	1	17	1	1	rational	weight_684.json
684	36	2	69	7	32	1	18	1	1	rational	weight_684.json
684	36	2	69	7	32	1	19	1	1	rational	weight_684.json
684	36	2	174	7	32	1	20	1	1	rational	weight_684.json
684	36	2	96	7	113	1	21	1	1	rational	weight_684.json
684	36	2	174	7	32	1	22	1	1	rational	weight_684.json
684	36	2	15	7	113	1	23	1	1	rational	weight_684.json
684	36	2	69	7	32	1	24	1	1	rational	weight_684.json
684	36	2	174	7	32	1	25	1	1	rational	weight_684.json
684	36	2	147	7	113	1	26	1	1	rational	weight_684.json
684	36	2	177	7	113	1	27	1	1	rational	weight_684.json
684	36	2	177	7	113	1	28	1	1	rational	weight_684.json
684	36	2	66	7	113	1	29	1	1	rational	weight_684.json
684	36	2	174	7	32	1	30	1	1	rational	weight_684.json
684	36	2	177	7	113	1	31	1	1	rational	weight_684.json
684	36	2	69	7	32	1	32	1	1	rational	weight_684.json
684	36	2	96	7	113	1	33	1	1	rational	weight_684.json
684	36	2	228	7	113	1	34	1	1	rational	weight_684.json
684	36	2	174	7	32	1	35	1	1	rational	weight_684.json
684	36	2	174	7	32	1	36	1	1	rational	weight_684.json
684	36	2	15	7	113	1	37	1	1	rational	weight_684.json
684	36	2	15	7	113	1	38	1	1	rational	weight_684.json
684	36	2	147	7	113	1	39	1	1	rational	weight_684.json
684	36	2	69	7	32	1	40	1	1	rational	weight_684.json
684	36	2	228	7	113	1	41	1	1	rational	weight_684.json
684	36	2	174	7	32	1	42	1	1	rational	weight_684.json
684	36	2	15	7	113	1	43	1	1	rational	weight_684.json
684	36	2	147	7	113	1	44	1	1	rational	weight_684.json
684	36	2	66	7	113	1	45	1	1	rational	weight_684.json
684	36	2	228	7	113	1	46	1	1	rational	weight_684.json
684	36	2	228	7	113	1	47	1	1	rational	weight_684.json
684	36	2	96	7	113	1	48	1	1	rational	weight_684.json
684	36	2	147	7	113	1	49	1	1	rational	weight_684.json
684	36	2	177	7	113	1	50	1	1	rational	weight_684.json
684	36	2	174	7	32	1	51	1	1	rational	weight_684.json
684	36	2	174	7	32	1	52	1	1	rational	weight_684.json
684	36	2	147	7	113	1	53	1	1	rational	weight_684.json
684	36	2	177	7	113	1	54	1	1	rational	weight_684.json
684	36	2	69	7	32	1	55	1	1	rational	weight_684.json
684	36	2	66	7	113	1	56	1	2	rational	weight_684.json
686	38	2	84	7	143	1	1	1	1	rational	weight_686.json
686	38	2	3	7	143	1	2	1	1	rational	weight_686.json
686	38	2	165	7	143	1	3	1	1	rational	weight_686.json
686	38	2	213	7	62	1	4	1	1	rational	weight_686.json
686	38	2	30	7	62	1	5	1	1	rational	weight_686.json
686	38	2	213	7	62	1	6	1	1	rational	weight_686.json
686	38	2	3	7	143	1	7	1	1	rational	weight_686.json
686	38	2	84	7	143	1	8	1	1	rational	weight_686.json
686	38	2	78	7	143	1	9	1	1	rational	weight_686.json
686	38	2	30	7	62	1	10	1	1	rational	weight_686.json
686	38	2	159	7	143	1	11	1	1	rational	weight_686.json
686	38	2	165	7	143	1	12	1	1	rational	weight_686.json
686	38	2	3	7	143	1	13	1	1	rational	weight_686.json
686	38	2	30	7	62	1	14	1	1	rational	weight_686.json
686	38	2	84	7	143	1	15	1	1	rational	weight_686.json
686	38	2	159	7	143	1	16	1	1	rational	weight_686.json
686	38	2	240	7	143	1	17	1	1	rational	weight_686.json
686	38	2	159	7	143	1	18	1	1	rational	weight_686.json
686	38	2	30	7	62	1	19	1	1	rational	weight_686.json
686	38	2	30	7	62	1	20	1	1	rational	weight_686.json
686	38	2	84	7	143	1	21	1	1	rational	weight_686.json
686	38	2	159	7	143	1	22	1	1	rational	weight_686.json
686	38	2	213	7	62	1	23	1	1	rational	weight_686.json
686	38	2	240	7	143	1	24	1	1	rational	weight_686.json
686	38	2	159	7	143	1	25	1	1	rational	weight_686.json
686	38	2	165	7	143	1	26	1	1	rational	weight_686.json
686	38	2	78	7	143	1	27	1	1	rational	weight_686.json
686	38	2	3	7	143	1	28	1	1	rational	weight_686.json
686	38	2	84	7	143	1	29	1	1	rational	weight_686.json
686	38	2	159	7	143	1	30	1	1	rational	weight_686.json
686	38	2	30	7	62	1	31	1	1	rational	weight_686.json
686	38	2	240	7	143	1	32	1	1	rational	weight_686.json
686	38	2	30	7	62	1	33	1	1	rational	weight_686.json
686	38	2	78	7	143	1	34	1	1	rational	weight_686.json
686	38	2	78	7	143	1	35	1	1	rational	weight_686.json
686	38	2	213	7	62	1	36	1	1	rational	weight_686.json
686	38	2	3	7	143	1	37	1	1	rational	weight_686.json
686	38	2	165	7	143	1	38	1	1	rational	weight_686.json
686	38	2	30	7	62	1	39	1	1	rational	weight_686.json
686	38	2	3	7	143	1	40	1	1	rational	weight_686.json
686	38	2	30	7	62	1	41	1	1	rational	weight_686.json
686	38	2	213	7	62	1	42	1	1	rational	weight_686.json
686	38	2	213	7	62	1	43	1	1	rational	weight_686.json
686	38	2	213	7	62	1	44	1	1	rational	weight_686.json
686	38	2	84	7	143	1	45	1	1	rational	weight_686.json
686	38	2	78	7	143	1	46	1	1	rational	weight_686.json
686	38	2	78	7	143	1	47	1	1	rational	weight_686.json
686	38	2	165	7	143	1	48	1	1	rational	weight_686.json
686	38	2	84	7	143	1	49	1	1	rational	weight_686.json
686	38	2	159	7	143	1	50	1	1	rational	weight_686.json
686	38	2	165	7	143	1	51	1	1	rational	weight_686.json
686	38	2	213	7	62	1	52	1	1	rational	weight_686.json
686	38	2	213	7	62	1	53	1	1	rational	weight_686.json
686	38	2	240	7	143	1	54	1	1	rational	weight_686.json
686	38	2	240	7	143	1	55	1	2	rational	weight_686.json
688	40	2	0	7	236	1	1	1	1	rational	weight_688.json
688	40	2	0	7	236	1	2	1	1	rational	weight_688.json
688	40	2	162	7	236	1	3	1	1	rational	weight_688.json
688	40	2	81	7	236	1	4	1	1	rational	weight_688.json
688	40	2	81	7	236	1	5	1	1	rational	weight_688.json
688	40	2	81	7	236	1	6	1	1	rational	weight_688.json
688	40	2	162	7	236	1	7	1	1	rational	weight_688.json
688	40	2	189	7	236	1	8	1	1	rational	weight_688.json
688	40	2	216	7	236	1	9	1	1	rational	weight_688.json
688	40	2	135	7	236	1	10	1	1	rational	weight_688.json
688	40	2	216	7	236	1	11	1	1	rational	weight_688.json
688	40	2	54	7	236	1	12	1	1	rational	weight_688.json
688	40	2	27	7	236	1	13	1	1	rational	weight_688.json
688	40	2	108	7	236	1	14	1	1	rational	weight_688.json
688	40	2	27	7	236	1	15	1	1	rational	weight_688.json
688	40	2	135	7	236	1	16	1	1	rational	weight_688.json
688	40	2	189	7	236	1	17	1	1	rational	weight_688.json
688	40	2	108	7	236	1	18	1	1	rational	weight_688.json
688	40	2	54	7	236	1	19	1	1	rational	weight_688.json
688	40	2	171	7	74	1	20	1	1	rational	weight_688.json
688	40	2	45	7	74	1	21	1	1	rational	weight_688.json
688	40	2	18	7	74	1	22	1	1	rational	weight_688.json
688	40	2	99	7	74	1	23	1	1	rational	weight_688.json
688	40	2	180	7	74	1	24	1	1	rational	weight_688.json
688	40	2	180	7	74	1	25	1	1	rational	weight_688.json
688	40	2	36	7	74	1	26	1	1	rational	weight_688.json
688	40	2	18	7	74	1	27	1	1	rational	weight_688.json
688	40	2	144	7	74	1	28	1	1	rational	weight_688.json
688	40	2	144	7	74	1	29	1	1	rational	weight_688.json
688	40	2	63	7	74	1	30	1	1	rational	weight_688.json
688	40	2	207	7	74	1	31	1	1	rational	weight_688.json
688	40	2	90	7	74	1	32	1	1	rational	weight_688.json
688	40	2	45	7	74	1	33	1	1	rational	weight_688.json
688	40	2	198	7	74	1	34	1	1	rational	weight_688.json
688	40	2	99	7	74	1	35	1	1	rational	weight_688.json
688	40	2	72	7	74	1	36	1	1	rational	weight_688.json
688	40	2	63	7	74	1	37	1	1	rational	weight_688.json
688	40	2	180	7	74	1	38	1	1	rational	weight_688.json
688	40	2	126	7	74	1	39	1	1	rational	weight_688.json
688	40	2	126	7	74	1	40	1	1	rational	weight_688.json
688	40	2	198	7	74	1	41	1	1	rational	weight_688.json
688	40	2	36	7	74	1	42	1	1	rational	weight_688.json
688	40	2	117	7	74	1	43	1	1	rational	weight_688.json
688	40	2	144	7	74	1	44	1	1	rational	weight_688.json
688	40	2	153	7	74	1	45	1	1	rational	weight_688.json
688	40	2	225	7	74	1	46	1	1	rational	weight_688.json
688	40	2	207	7	74	1	47	1	1	rational	weight_688.json
688	40	2	225	7	74	1	48	1	1	rational	weight_688.json
688	40	2	117	7	74	1	49	1	1	rational	weight_688.json
688	40	2	weight_688.json#orbit=1,place=50,coordinate=0	7	weight_688.json#orbit=1,place=50,coordinate=1	1	50	1	2	algebraic	weight_688.json
688	40	2	weight_688.json#orbit=1,place=51,coordinate=0	7	weight_688.json#orbit=1,place=51,coordinate=1	1	51	1	2	algebraic	weight_688.json
688	40	2	weight_688.json#orbit=1,place=52,coordinate=0	7	weight_688.json#orbit=1,place=52,coordinate=1	1	52	1	2	algebraic	weight_688.json
688	40	2	weight_688.json#orbit=1,place=53,coordinate=0	7	weight_688.json#orbit=1,place=53,coordinate=1	1	53	1	2	algebraic	weight_688.json
690	42	2	114	7	95	1	1	1	1	rational	weight_690.json
690	42	2	114	7	95	1	2	1	1	rational	weight_690.json
690	42	2	60	7	176	1	3	1	1	rational	weight_690.json
690	42	2	21	7	176	1	4	1	1	rational	weight_690.json
690	42	2	129	7	95	1	5	1	1	rational	weight_690.json
690	42	2	129	7	95	1	6	1	1	rational	weight_690.json
690	42	2	102	7	176	1	7	1	1	rational	weight_690.json
690	42	2	183	7	176	1	8	1	1	rational	weight_690.json
690	42	2	129	7	95	1	9	1	1	rational	weight_690.json
690	42	2	21	7	176	1	10	1	1	rational	weight_690.json
690	42	2	114	7	95	1	11	1	1	rational	weight_690.json
690	42	2	141	7	176	1	12	1	1	rational	weight_690.json
690	42	2	222	7	176	1	13	1	1	rational	weight_690.json
690	42	2	102	7	176	1	14	1	1	rational	weight_690.json
690	42	2	129	7	95	1	15	1	1	rational	weight_690.json
690	42	2	183	7	176	1	16	1	1	rational	weight_690.json
690	42	2	60	7	176	1	17	1	1	rational	weight_690.json
690	42	2	102	7	176	1	18	1	1	rational	weight_690.json
690	42	2	222	7	176	1	19	1	1	rational	weight_690.json
690	42	2	222	7	176	1	20	1	1	rational	weight_690.json
690	42	2	183	7	176	1	21	1	1	rational	weight_690.json
690	42	2	129	7	95	1	22	1	1	rational	weight_690.json
690	42	2	141	7	176	1	23	1	1	rational	weight_690.json
690	42	2	21	7	176	1	24	1	1	rational	weight_690.json
690	42	2	183	7	176	1	25	1	1	rational	weight_690.json
690	42	2	60	7	176	1	26	1	1	rational	weight_690.json
690	42	2	129	7	95	1	27	1	1	rational	weight_690.json
690	42	2	222	7	176	1	28	1	1	rational	weight_690.json
690	42	2	222	7	176	1	29	1	1	rational	weight_690.json
690	42	2	129	7	95	1	30	1	1	rational	weight_690.json
690	42	2	129	7	95	1	31	1	1	rational	weight_690.json
690	42	2	60	7	176	1	32	1	1	rational	weight_690.json
690	42	2	60	7	176	1	33	1	1	rational	weight_690.json
690	42	2	114	7	95	1	34	1	1	rational	weight_690.json
690	42	2	102	7	176	1	35	1	1	rational	weight_690.json
690	42	2	141	7	176	1	36	1	1	rational	weight_690.json
690	42	2	222	7	176	1	37	1	1	rational	weight_690.json
690	42	2	60	7	176	1	38	1	1	rational	weight_690.json
690	42	2	183	7	176	1	39	1	1	rational	weight_690.json
690	42	2	114	7	95	1	40	1	1	rational	weight_690.json
690	42	2	141	7	176	1	41	1	1	rational	weight_690.json
690	42	2	102	7	176	1	42	1	1	rational	weight_690.json
690	42	2	21	7	176	1	43	1	1	rational	weight_690.json
690	42	2	129	7	95	1	44	1	1	rational	weight_690.json
690	42	2	102	7	176	1	45	1	1	rational	weight_690.json
690	42	2	114	7	95	1	46	1	1	rational	weight_690.json
690	42	2	21	7	176	1	47	1	1	rational	weight_690.json
690	42	2	114	7	95	1	48	1	1	rational	weight_690.json
690	42	2	21	7	176	1	49	1	1	rational	weight_690.json
690	42	2	114	7	95	1	50	1	1	rational	weight_690.json
690	42	2	114	7	95	1	51	1	1	rational	weight_690.json
690	42	2	60	7	176	1	52	1	1	rational	weight_690.json
690	42	2	183	7	176	1	53	1	1	rational	weight_690.json
690	42	2	129	7	95	1	54	1	1	rational	weight_690.json
690	42	2	183	7	176	1	55	1	1	rational	weight_690.json
690	42	2	141	7	176	1	56	1	2	rational	weight_690.json
692	44	2	141	7	233	1	1	1	1	rational	weight_692.json
692	44	2	168	7	71	1	2	1	1	rational	weight_692.json
692	44	2	6	7	71	1	3	1	1	rational	weight_692.json
692	44	2	237	7	71	1	4	1	1	rational	weight_692.json
692	44	2	87	7	71	1	5	1	1	rational	weight_692.json
692	44	2	141	7	233	1	6	1	1	rational	weight_692.json
692	44	2	87	7	71	1	7	1	1	rational	weight_692.json
692	44	2	102	7	233	1	8	1	1	rational	weight_692.json
692	44	2	75	7	71	1	9	1	1	rational	weight_692.json
692	44	2	168	7	71	1	10	1	1	rational	weight_692.json
692	44	2	87	7	71	1	11	1	1	rational	weight_692.json
692	44	2	168	7	71	1	12	1	1	rational	weight_692.json
692	44	2	237	7	71	1	13	1	1	rational	weight_692.json
692	44	2	102	7	233	1	14	1	1	rational	weight_692.json
692	44	2	156	7	71	1	15	1	1	rational	weight_692.json
692	44	2	156	7	71	1	16	1	1	rational	weight_692.json
692	44	2	141	7	233	1	17	1	1	rational	weight_692.json
692	44	2	75	7	71	1	18	1	1	rational	weight_692.json
692	44	2	156	7	71	1	19	1	1	rational	weight_692.json
692	44	2	141	7	233	1	20	1	1	rational	weight_692.json
692	44	2	237	7	71	1	21	1	1	rational	weight_692.json
692	44	2	141	7	233	1	22	1	1	rational	weight_692.json
692	44	2	141	7	233	1	23	1	1	rational	weight_692.json
692	44	2	156	7	71	1	24	1	1	rational	weight_692.json
692	44	2	102	7	233	1	25	1	1	rational	weight_692.json
692	44	2	87	7	71	1	26	1	1	rational	weight_692.json
692	44	2	75	7	71	1	27	1	1	rational	weight_692.json
692	44	2	141	7	233	1	28	1	1	rational	weight_692.json
692	44	2	168	7	71	1	29	1	1	rational	weight_692.json
692	44	2	237	7	71	1	30	1	1	rational	weight_692.json
692	44	2	102	7	233	1	31	1	1	rational	weight_692.json
692	44	2	102	7	233	1	32	1	1	rational	weight_692.json
692	44	2	6	7	71	1	33	1	1	rational	weight_692.json
692	44	2	168	7	71	1	34	1	1	rational	weight_692.json
692	44	2	168	7	71	1	35	1	1	rational	weight_692.json
692	44	2	168	7	71	1	36	1	1	rational	weight_692.json
692	44	2	75	7	71	1	37	1	1	rational	weight_692.json
692	44	2	6	7	71	1	38	1	1	rational	weight_692.json
692	44	2	156	7	71	1	39	1	1	rational	weight_692.json
692	44	2	75	7	71	1	40	1	1	rational	weight_692.json
692	44	2	237	7	71	1	41	1	1	rational	weight_692.json
692	44	2	6	7	71	1	42	1	1	rational	weight_692.json
692	44	2	87	7	71	1	43	1	1	rational	weight_692.json
692	44	2	156	7	71	1	44	1	1	rational	weight_692.json
692	44	2	141	7	233	1	45	1	1	rational	weight_692.json
692	44	2	141	7	233	1	46	1	1	rational	weight_692.json
692	44	2	141	7	233	1	47	1	1	rational	weight_692.json
692	44	2	6	7	71	1	48	1	1	rational	weight_692.json
692	44	2	102	7	233	1	49	1	1	rational	weight_692.json
692	44	2	237	7	71	1	50	1	1	rational	weight_692.json
692	44	2	87	7	71	1	51	1	1	rational	weight_692.json
692	44	2	102	7	233	1	52	1	1	rational	weight_692.json
692	44	2	6	7	71	1	53	1	1	rational	weight_692.json
692	44	2	75	7	71	1	54	1	1	rational	weight_692.json
692	44	2	102	7	233	1	55	1	1	rational	weight_692.json
692	44	2	75	7	71	1	56	1	1	rational	weight_692.json
692	44	2	102	7	233	1	57	1	1	rational	weight_692.json
694	46	2	0	7	29	1	1	1	1	rational	weight_694.json
694	46	2	0	7	29	1	2	1	1	rational	weight_694.json
694	46	2	162	7	29	1	3	1	1	rational	weight_694.json
694	46	2	81	7	29	1	4	1	1	rational	weight_694.json
694	46	2	162	7	29	1	5	1	1	rational	weight_694.json
694	46	2	81	7	29	1	6	1	1	rational	weight_694.json
694	46	2	162	7	29	1	7	1	1	rational	weight_694.json
694	46	2	27	7	29	1	8	1	1	rational	weight_694.json
694	46	2	216	7	29	1	9	1	1	rational	weight_694.json
694	46	2	216	7	29	1	10	1	1	rational	weight_694.json
694	46	2	135	7	29	1	11	1	1	rational	weight_694.json
694	46	2	108	7	29	1	12	1	1	rational	weight_694.json
694	46	2	54	7	29	1	13	1	1	rational	weight_694.json
694	46	2	189	7	29	1	14	1	1	rational	weight_694.json
694	46	2	189	7	29	1	15	1	1	rational	weight_694.json
694	46	2	135	7	29	1	16	1	1	rational	weight_694.json
694	46	2	108	7	29	1	17	1	1	rational	weight_694.json
694	46	2	27	7	29	1	18	1	1	rational	weight_694.json
694	46	2	54	7	29	1	19	1	1	rational	weight_694.json
694	46	2	225	7	110	1	20	1	1	rational	weight_694.json
694	46	2	36	7	110	1	21	1	1	rational	weight_694.json
694	46	2	207	7	110	1	22	1	1	rational	weight_694.json
694	46	2	225	7	110	1	23	1	1	rational	weight_694.json
694	46	2	36	7	110	1	24	1	1	rational	weight_694.json
694	46	2	18	7	110	1	25	1	1	rational	weight_694.json
694	46	2	18	7	110	1	26	1	1	rational	weight_694.json
694	46	2	225	7	110	1	27	1	1	rational	weight_694.json
694	46	2	207	7	110	1	28	1	1	rational	weight_694.json
694	46	2	36	7	110	1	29	1	1	rational	weight_694.json
694	46	2	18	7	110	1	30	1	1	rational	weight_694.json
694	46	2	207	7	110	1	31	1	1	rational	weight_694.json
694	46	2	weight_694.json#orbit=1,place=32,coordinate=0	7	weight_694.json#orbit=1,place=32,coordinate=1	1	32	1	2	algebraic	weight_694.json
694	46	2	weight_694.json#orbit=1,place=33,coordinate=0	7	weight_694.json#orbit=1,place=33,coordinate=1	1	33	1	2	algebraic	weight_694.json
694	46	2	weight_694.json#orbit=1,place=34,coordinate=0	7	weight_694.json#orbit=1,place=34,coordinate=1	1	34	1	2	algebraic	weight_694.json
694	46	2	weight_694.json#orbit=1,place=35,coordinate=0	7	weight_694.json#orbit=1,place=35,coordinate=1	1	35	1	2	algebraic	weight_694.json
694	46	2	weight_694.json#orbit=1,place=36,coordinate=0	7	weight_694.json#orbit=1,place=36,coordinate=1	1	36	1	2	algebraic	weight_694.json
694	46	2	weight_694.json#orbit=1,place=37,coordinate=0	7	weight_694.json#orbit=1,place=37,coordinate=1	1	37	1	2	algebraic	weight_694.json
694	46	2	weight_694.json#orbit=1,place=38,coordinate=0	7	weight_694.json#orbit=1,place=38,coordinate=1	1	38	1	2	algebraic	weight_694.json
694	46	2	weight_694.json#orbit=1,place=39,coordinate=0	7	weight_694.json#orbit=1,place=39,coordinate=1	1	39	1	2	algebraic	weight_694.json
694	46	2	weight_694.json#orbit=1,place=40,coordinate=0	7	weight_694.json#orbit=1,place=40,coordinate=1	1	40	1	2	algebraic	weight_694.json
694	46	2	weight_694.json#orbit=1,place=41,coordinate=0	7	weight_694.json#orbit=1,place=41,coordinate=1	1	41	1	2	algebraic	weight_694.json
694	46	2	weight_694.json#orbit=1,place=42,coordinate=0	7	weight_694.json#orbit=1,place=42,coordinate=1	1	42	1	2	algebraic	weight_694.json
694	46	2	weight_694.json#orbit=1,place=43,coordinate=0	7	weight_694.json#orbit=1,place=43,coordinate=1	1	43	1	2	algebraic	weight_694.json
694	46	2	weight_694.json#orbit=1,place=44,coordinate=0	7	weight_694.json#orbit=1,place=44,coordinate=1	1	44	1	2	algebraic	weight_694.json
696	48	2	30	7	158	1	1	1	1	rational	weight_696.json
696	48	2	105	7	77	1	2	1	1	rational	weight_696.json
696	48	2	138	7	77	1	3	1	1	rational	weight_696.json
696	48	2	111	7	158	1	4	1	1	rational	weight_696.json
696	48	2	213	7	158	1	5	1	1	rational	weight_696.json
696	48	2	132	7	158	1	6	1	1	rational	weight_696.json
696	48	2	105	7	77	1	7	1	1	rational	weight_696.json
696	48	2	51	7	158	1	8	1	1	rational	weight_696.json
696	48	2	105	7	77	1	9	1	1	rational	weight_696.json
696	48	2	192	7	158	1	10	1	1	rational	weight_696.json
696	48	2	51	7	158	1	11	1	1	rational	weight_696.json
696	48	2	138	7	77	1	12	1	1	rational	weight_696.json
696	48	2	105	7	77	1	13	1	1	rational	weight_696.json
696	48	2	213	7	158	1	14	1	1	rational	weight_696.json
696	48	2	192	7	158	1	15	1	1	rational	weight_696.json
696	48	2	111	7	158	1	16	1	1	rational	weight_696.json
696	48	2	30	7	158	1	17	1	1	rational	weight_696.json
696	48	2	51	7	158	1	18	1	1	rational	weight_696.json
696	48	2	138	7	77	1	19	1	1	rational	weight_696.json
696	48	2	192	7	158	1	20	1	1	rational	weight_696.json
696	48	2	138	7	77	1	21	1	1	rational	weight_696.json
696	48	2	30	7	158	1	22	1	1	rational	weight_696.json
696	48	2	213	7	158	1	23	1	1	rational	weight_696.json
696	48	2	192	7	158	1	24	1	1	rational	weight_696.json
696	48	2	132	7	158	1	25	1	1	rational	weight_696.json
696	48	2	111	7	158	1	26	1	1	rational	weight_696.json
696	48	2	111	7	158	1	27	1	1	rational	weight_696.json
696	48	2	30	7	158	1	28	1	1	rational	weight_696.json
696	48	2	111	7	158	1	29	1	1	rational	weight_696.json
696	48	2	192	7	158	1	30	1	1	rational	weight_696.json
696	48	2	51	7	158	1	31	1	1	rational	weight_696.json
696	48	2	213	7	158	1	32	1	1	rational	weight_696.json
696	48	2	51	7	158	1	33	1	1	rational	weight_696.json
696	48	2	132	7	158	1	34	1	1	rational	weight_696.json
696	48	2	138	7	77	1	35	1	1	rational	weight_696.json
696	48	2	105	7	77	1	36	1	1	rational	weight_696.json
696	48	2	213	7	158	1	37	1	1	rational	weight_696.json
696	48	2	111	7	158	1	38	1	1	rational	weight_696.json
696	48	2	30	7	158	1	39	1	1	rational	weight_696.json
696	48	2	111	7	158	1	40	1	1	rational	weight_696.json
696	48	2	105	7	77	1	41	1	1	rational	weight_696.json
696	48	2	105	7	77	1	42	1	1	rational	weight_696.json
696	48	2	30	7	158	1	43	1	1	rational	weight_696.json
696	48	2	132	7	158	1	44	1	1	rational	weight_696.json
696	48	2	51	7	158	1	45	1	1	rational	weight_696.json
696	48	2	105	7	77	1	46	1	1	rational	weight_696.json
696	48	2	138	7	77	1	47	1	1	rational	weight_696.json
696	48	2	138	7	77	1	48	1	1	rational	weight_696.json
696	48	2	213	7	158	1	49	1	1	rational	weight_696.json
696	48	2	138	7	77	1	50	1	1	rational	weight_696.json
696	48	2	105	7	77	1	51	1	1	rational	weight_696.json
696	48	2	138	7	77	1	52	1	1	rational	weight_696.json
696	48	2	132	7	158	1	53	1	1	rational	weight_696.json
696	48	2	192	7	158	1	54	1	1	rational	weight_696.json
696	48	2	30	7	158	1	55	1	1	rational	weight_696.json
696	48	2	213	7	158	1	56	1	1	rational	weight_696.json
696	48	2	105	7	77	1	57	1	1	rational	weight_696.json
696	48	2	132	7	158	1	58	1	1	rational	weight_696.json
698	50	2	204	7	161	1	1	1	1	rational	weight_698.json
698	50	2	123	7	161	1	2	1	1	rational	weight_698.json
698	50	2	147	7	80	1	3	1	1	rational	weight_698.json
698	50	2	39	7	161	1	4	1	1	rational	weight_698.json
698	50	2	96	7	80	1	5	1	1	rational	weight_698.json
698	50	2	147	7	80	1	6	1	1	rational	weight_698.json
698	50	2	96	7	80	1	7	1	1	rational	weight_698.json
698	50	2	123	7	161	1	8	1	1	rational	weight_698.json
698	50	2	147	7	80	1	9	1	1	rational	weight_698.json
698	50	2	39	7	161	1	10	1	1	rational	weight_698.json
698	50	2	123	7	161	1	11	1	1	rational	weight_698.json
698	50	2	96	7	80	1	12	1	1	rational	weight_698.json
698	50	2	201	7	161	1	13	1	1	rational	weight_698.json
698	50	2	42	7	161	1	14	1	1	rational	weight_698.json
698	50	2	96	7	80	1	15	1	1	rational	weight_698.json
698	50	2	96	7	80	1	16	1	1	rational	weight_698.json
698	50	2	147	7	80	1	17	1	1	rational	weight_698.json
698	50	2	96	7	80	1	18	1	1	rational	weight_698.json
698	50	2	201	7	161	1	19	1	1	rational	weight_698.json
698	50	2	42	7	161	1	20	1	1	rational	weight_698.json
698	50	2	147	7	80	1	21	1	1	rational	weight_698.json
698	50	2	204	7	161	1	22	1	1	rational	weight_698.json
698	50	2	39	7	161	1	23	1	1	rational	weight_698.json
698	50	2	123	7	161	1	24	1	1	rational	weight_698.json
698	50	2	204	7	161	1	25	1	1	rational	weight_698.json
698	50	2	123	7	161	1	26	1	1	rational	weight_698.json
698	50	2	147	7	80	1	27	1	1	rational	weight_698.json
698	50	2	204	7	161	1	28	1	1	rational	weight_698.json
698	50	2	201	7	161	1	29	1	1	rational	weight_698.json
698	50	2	96	7	80	1	30	1	1	rational	weight_698.json
698	50	2	120	7	161	1	31	1	1	rational	weight_698.json
698	50	2	204	7	161	1	32	1	1	rational	weight_698.json
698	50	2	42	7	161	1	33	1	1	rational	weight_698.json
698	50	2	120	7	161	1	34	1	1	rational	weight_698.json
698	50	2	96	7	80	1	35	1	1	rational	weight_698.json
698	50	2	147	7	80	1	36	1	1	rational	weight_698.json
698	50	2	39	7	161	1	37	1	1	rational	weight_698.json
698	50	2	147	7	80	1	38	1	1	rational	weight_698.json
698	50	2	42	7	161	1	39	1	1	rational	weight_698.json
698	50	2	42	7	161	1	40	1	1	rational	weight_698.json
698	50	2	120	7	161	1	41	1	1	rational	weight_698.json
698	50	2	42	7	161	1	42	1	1	rational	weight_698.json
698	50	2	147	7	80	1	43	1	1	rational	weight_698.json
698	50	2	39	7	161	1	44	1	1	rational	weight_698.json
698	50	2	120	7	161	1	45	1	1	rational	weight_698.json
698	50	2	204	7	161	1	46	1	1	rational	weight_698.json
698	50	2	201	7	161	1	47	1	1	rational	weight_698.json
698	50	2	120	7	161	1	48	1	1	rational	weight_698.json
698	50	2	147	7	80	1	49	1	1	rational	weight_698.json
698	50	2	204	7	161	1	50	1	1	rational	weight_698.json
698	50	2	96	7	80	1	51	1	1	rational	weight_698.json
698	50	2	39	7	161	1	52	1	1	rational	weight_698.json
698	50	2	123	7	161	1	53	1	1	rational	weight_698.json
698	50	2	120	7	161	1	54	1	1	rational	weight_698.json
698	50	2	123	7	161	1	55	1	1	rational	weight_698.json
698	50	2	201	7	161	1	56	1	2	rational	weight_698.json
700	52	2	0	7	227	1	1	1	1	rational	weight_700.json
700	52	2	0	7	227	1	2	1	1	rational	weight_700.json
700	52	2	81	7	227	1	3	1	1	rational	weight_700.json
700	52	2	162	7	227	1	4	1	1	rational	weight_700.json
700	52	2	162	7	227	1	5	1	1	rational	weight_700.json
700	52	2	81	7	227	1	6	1	1	rational	weight_700.json
700	52	2	81	7	227	1	7	1	1	rational	weight_700.json
700	52	2	135	7	227	1	8	1	1	rational	weight_700.json
700	52	2	108	7	227	1	9	1	1	rational	weight_700.json
700	52	2	216	7	227	1	10	1	1	rational	weight_700.json
700	52	2	54	7	227	1	11	1	1	rational	weight_700.json
700	52	2	108	7	227	1	12	1	1	rational	weight_700.json
700	52	2	189	7	227	1	13	1	1	rational	weight_700.json
700	52	2	189	7	227	1	14	1	1	rational	weight_700.json
700	52	2	27	7	227	1	15	1	1	rational	weight_700.json
700	52	2	216	7	227	1	16	1	1	rational	weight_700.json
700	52	2	135	7	227	1	17	1	1	rational	weight_700.json
700	52	2	108	7	227	1	18	1	1	rational	weight_700.json
700	52	2	27	7	227	1	19	1	1	rational	weight_700.json
700	52	2	54	7	227	1	20	1	1	rational	weight_700.json
700	52	2	63	7	65	1	21	1	1	rational	weight_700.json
700	52	2	225	7	65	1	22	1	1	rational	weight_700.json
700	52	2	198	7	65	1	23	1	1	rational	weight_700.json
700	52	2	45	7	65	1	24	1	1	rational	weight_700.json
700	52	2	171	7	65	1	25	1	1	rational	weight_700.json
700	52	2	99	7	65	1	26	1	1	rational	weight_700.json
700	52	2	72	7	65	1	27	1	1	rational	weight_700.json
700	52	2	207	7	65	1	28	1	1	rational	weight_700.json
700	52	2	126	7	65	1	29	1	1	rational	weight_700.json
700	52	2	144	7	65	1	30	1	1	rational	weight_700.json
700	52	2	18	7	65	1	31	1	1	rational	weight_700.json
700	52	2	126	7	65	1	32	1	1	rational	weight_700.json
700	52	2	180	7	65	1	33	1	1	rational	weight_700.json
700	52	2	63	7	65	1	34	1	1	rational	weight_700.json
700	52	2	198	7	65	1	35	1	1	rational	weight_700.json
700	52	2	225	7	65	1	36	1	1	rational	weight_700.json
700	52	2	18	7	65	1	37	1	1	rational	weight_700.json
700	52	2	207	7	65	1	38	1	1	rational	weight_700.json
700	52	2	180	7	65	1	39	1	1	rational	weight_700.json
700	52	2	9	7	65	1	40	1	1	rational	weight_700.json
700	52	2	171	7	65	1	41	1	1	rational	weight_700.json
700	52	2	45	7	65	1	42	1	1	rational	weight_700.json
700	52	2	36	7	65	1	43	1	1	rational	weight_700.json
700	52	2	234	7	65	1	44	1	1	rational	weight_700.json
700	52	2	99	7	65	1	45	1	1	rational	weight_700.json
700	52	2	117	7	65	1	46	1	1	rational	weight_700.json
700	52	2	117	7	65	1	47	1	1	rational	weight_700.json
700	52	2	234	7	65	1	48	1	1	rational	weight_700.json
700	52	2	225	7	65	1	49	1	1	rational	weight_700.json
700	52	2	144	7	65	1	50	1	1	rational	weight_700.json
700	52	2	9	7	65	1	51	1	1	rational	weight_700.json
700	52	2	153	7	65	1	52	1	1	rational	weight_700.json
700	52	2	153	7	65	1	53	1	1	rational	weight_700.json
700	52	2	198	7	65	1	54	1	1	rational	weight_700.json
700	52	2	72	7	65	1	55	1	1	rational	weight_700.json
700	52	2	36	7	65	1	56	1	1	rational	weight_700.json
700	52	2	90	7	65	1	57	1	2	rational	weight_700.json
702	54	2	69	7	59	1	1	1	1	rational	weight_702.json
702	54	2	93	7	59	1	2	1	1	rational	weight_702.json
702	54	2	201	7	221	1	3	1	1	rational	weight_702.json
702	54	2	12	7	59	1	4	1	1	rational	weight_702.json
702	54	2	12	7	59	1	5	1	1	rational	weight_702.json
702	54	2	42	7	221	1	6	1	1	rational	weight_702.json
702	54	2	69	7	59	1	7	1	1	rational	weight_702.json
702	54	2	201	7	221	1	8	1	1	rational	weight_702.json
702	54	2	201	7	221	1	9	1	1	rational	weight_702.json
702	54	2	174	7	59	1	10	1	1	rational	weight_702.json
702	54	2	174	7	59	1	11	1	1	rational	weight_702.json
702	54	2	42	7	221	1	12	1	1	rational	weight_702.json
702	54	2	231	7	59	1	13	1	1	rational	weight_702.json
702	54	2	150	7	59	1	14	1	1	rational	weight_702.json
702	54	2	69	7	59	1	15	1	1	rational	weight_702.json
702	54	2	231	7	59	1	16	1	1	rational	weight_702.json
702	54	2	174	7	59	1	17	1	1	rational	weight_702.json
702	54	2	69	7	59	1	18	1	1	rational	weight_702.json
702	54	2	201	7	221	1	19	1	1	rational	weight_702.json
702	54	2	231	7	59	1	20	1	1	rational	weight_702.json
702	54	2	69	7	59	1	21	1	1	rational	weight_702.json
702	54	2	201	7	221	1	22	1	1	rational	weight_702.json
702	54	2	42	7	221	1	23	1	1	rational	weight_702.json
702	54	2	150	7	59	1	24	1	1	rational	weight_702.json
702	54	2	231	7	59	1	25	1	1	rational	weight_702.json
702	54	2	201	7	221	1	26	1	1	rational	weight_702.json
702	54	2	12	7	59	1	27	1	1	rational	weight_702.json
702	54	2	12	7	59	1	28	1	1	rational	weight_702.json
702	54	2	201	7	221	1	29	1	1	rational	weight_702.json
702	54	2	93	7	59	1	30	1	1	rational	weight_702.json
702	54	2	93	7	59	1	31	1	1	rational	weight_702.json
702	54	2	150	7	59	1	32	1	1	rational	weight_702.json
702	54	2	174	7	59	1	33	1	1	rational	weight_702.json
702	54	2	69	7	59	1	34	1	1	rational	weight_702.json
702	54	2	150	7	59	1	35	1	1	rational	weight_702.json
702	54	2	42	7	221	1	36	1	1	rational	weight_702.json
702	54	2	42	7	221	1	37	1	1	rational	weight_702.json
702	54	2	42	7	221	1	38	1	1	rational	weight_702.json
702	54	2	231	7	59	1	39	1	1	rational	weight_702.json
702	54	2	42	7	221	1	40	1	1	rational	weight_702.json
702	54	2	69	7	59	1	41	1	1	rational	weight_702.json
702	54	2	12	7	59	1	42	1	1	rational	weight_702.json
702	54	2	150	7	59	1	43	1	1	rational	weight_702.json
702	54	2	93	7	59	1	44	1	1	rational	weight_702.json
702	54	2	150	7	59	1	45	1	1	rational	weight_702.json
702	54	2	231	7	59	1	46	1	1	rational	weight_702.json
702	54	2	174	7	59	1	47	1	1	rational	weight_702.json
702	54	2	231	7	59	1	48	1	1	rational	weight_702.json
702	54	2	12	7	59	1	49	1	1	rational	weight_702.json
702	54	2	42	7	221	1	50	1	1	rational	weight_702.json
702	54	2	174	7	59	1	51	1	1	rational	weight_702.json
702	54	2	42	7	221	1	52	1	1	rational	weight_702.json
702	54	2	93	7	59	1	53	1	1	rational	weight_702.json
702	54	2	201	7	221	1	54	1	1	rational	weight_702.json
702	54	2	201	7	221	1	55	1	1	rational	weight_702.json
702	54	2	201	7	221	1	56	1	1	rational	weight_702.json
702	54	2	93	7	59	1	57	1	2	rational	weight_702.json
704	56	2	105	7	170	1	1	1	1	rational	weight_704.json
704	56	2	165	7	89	1	2	1	1	rational	weight_704.json
704	56	2	24	7	170	1	3	1	1	rational	weight_704.json
704	56	2	78	7	89	1	4	1	1	rational	weight_704.json
704	56	2	219	7	170	1	5	1	1	rational	weight_704.json
704	56	2	57	7	170	1	6	1	1	rational	weight_704.json
704	56	2	165	7	89	1	7	1	1	rational	weight_704.json
704	56	2	165	7	89	1	8	1	1	rational	weight_704.json
704	56	2	138	7	170	1	9	1	1	rational	weight_704.json
704	56	2	186	7	170	1	10	1	1	rational	weight_704.json
704	56	2	138	7	170	1	11	1	1	rational	weight_704.json
704	56	2	78	7	89	1	12	1	1	rational	weight_704.json
704	56	2	78	7	89	1	13	1	1	rational	weight_704.json
704	56	2	138	7	170	1	14	1	1	rational	weight_704.json
704	56	2	186	7	170	1	15	1	1	rational	weight_704.json
704	56	2	57	7	170	1	16	1	1	rational	weight_704.json
704	56	2	186	7	170	1	17	1	1	rational	weight_704.json
704	56	2	57	7	170	1	18	1	1	rational	weight_704.json
704	56	2	105	7	170	1	19	1	1	rational	weight_704.json
704	56	2	186	7	170	1	20	1	1	rational	weight_704.json
704	56	2	24	7	170	1	21	1	1	rational	weight_704.json
704	56	2	57	7	170	1	22	1	1	rational	weight_704.json
704	56	2	219	7	170	1	23	1	1	rational	weight_704.json
704	56	2	165	7	89	1	24	1	1	rational	weight_704.json
704	56	2	24	7	170	1	25	1	1	rational	weight_704.json
704	56	2	138	7	170	1	26	1	1	rational	weight_704.json
704	56	2	78	7	89	1	27	1	1	rational	weight_704.json
704	56	2	24	7	170	1	28	1	1	rational	weight_704.json
704	56	2	165	7	89	1	29	1	1	rational	weight_704.json
704	56	2	57	7	170	1	30	1	1	rational	weight_704.json
704	56	2	78	7	89	1	31	1	1	rational	weight_704.json
704	56	2	78	7	89	1	32	1	1	rational	weight_704.json
704	56	2	165	7	89	1	33	1	1	rational	weight_704.json
704	56	2	78	7	89	1	34	1	1	rational	weight_704.json
704	56	2	78	7	89	1	35	1	1	rational	weight_704.json
704	56	2	105	7	170	1	36	1	1	rational	weight_704.json
704	56	2	165	7	89	1	37	1	1	rational	weight_704.json
704	56	2	78	7	89	1	38	1	1	rational	weight_704.json
704	56	2	138	7	170	1	39	1	1	rational	weight_704.json
704	56	2	57	7	170	1	40	1	1	rational	weight_704.json
704	56	2	219	7	170	1	41	1	1	rational	weight_704.json
704	56	2	24	7	170	1	42	1	1	rational	weight_704.json
704	56	2	165	7	89	1	43	1	1	rational	weight_704.json
704	56	2	24	7	170	1	44	1	1	rational	weight_704.json
704	56	2	57	7	170	1	45	1	1	rational	weight_704.json
704	56	2	219	7	170	1	46	1	1	rational	weight_704.json
704	56	2	219	7	170	1	47	1	1	rational	weight_704.json
704	56	2	219	7	170	1	48	1	1	rational	weight_704.json
704	56	2	165	7	89	1	49	1	1	rational	weight_704.json
704	56	2	186	7	170	1	50	1	1	rational	weight_704.json
704	56	2	138	7	170	1	51	1	1	rational	weight_704.json
704	56	2	219	7	170	1	52	1	1	rational	weight_704.json
704	56	2	78	7	89	1	53	1	1	rational	weight_704.json
704	56	2	105	7	170	1	54	1	1	rational	weight_704.json
704	56	2	105	7	170	1	55	1	1	rational	weight_704.json
704	56	2	186	7	170	1	56	1	1	rational	weight_704.json
704	56	2	105	7	170	1	57	1	2	rational	weight_704.json
706	58	2	0	7	101	1	1	1	1	rational	weight_706.json
706	58	2	0	7	101	1	2	1	1	rational	weight_706.json
706	58	2	162	7	101	1	3	1	1	rational	weight_706.json
706	58	2	81	7	101	1	4	1	1	rational	weight_706.json
706	58	2	162	7	101	1	5	1	1	rational	weight_706.json
706	58	2	81	7	101	1	6	1	1	rational	weight_706.json
706	58	2	135	7	101	1	7	1	1	rational	weight_706.json
706	58	2	189	7	101	1	8	1	1	rational	weight_706.json
706	58	2	135	7	101	1	9	1	1	rational	weight_706.json
706	58	2	54	7	101	1	10	1	1	rational	weight_706.json
706	58	2	27	7	101	1	11	1	1	rational	weight_706.json
706	58	2	108	7	101	1	12	1	1	rational	weight_706.json
706	58	2	216	7	101	1	13	1	1	rational	weight_706.json
706	58	2	54	7	101	1	14	1	1	rational	weight_706.json
706	58	2	216	7	101	1	15	1	1	rational	weight_706.json
706	58	2	135	7	101	1	16	1	1	rational	weight_706.json
706	58	2	108	7	101	1	17	1	1	rational	weight_706.json
706	58	2	27	7	101	1	18	1	1	rational	weight_706.json
706	58	2	189	7	101	1	19	1	1	rational	weight_706.json
706	58	2	72	7	182	1	20	1	1	rational	weight_706.json
706	58	2	126	7	182	1	21	1	1	rational	weight_706.json
706	58	2	63	7	182	1	22	1	1	rational	weight_706.json
706	58	2	99	7	182	1	23	1	1	rational	weight_706.json
706	58	2	144	7	182	1	24	1	1	rational	weight_706.json
706	58	2	45	7	182	1	25	1	1	rational	weight_706.json
706	58	2	153	7	182	1	26	1	1	rational	weight_706.json
706	58	2	117	7	182	1	27	1	1	rational	weight_706.json
706	58	2	171	7	182	1	28	1	1	rational	weight_706.json
706	58	2	45	7	182	1	29	1	1	rational	weight_706.json
706	58	2	36	7	182	1	30	1	1	rational	weight_706.json
706	58	2	9	7	182	1	31	1	1	rational	weight_706.json
706	58	2	153	7	182	1	32	1	1	rational	weight_706.json
706	58	2	99	7	182	1	33	1	1	rational	weight_706.json
706	58	2	9	7	182	1	34	1	1	rational	weight_706.json
706	58	2	171	7	182	1	35	1	1	rational	weight_706.json
706	58	2	90	7	182	1	36	1	1	rational	weight_706.json
706	58	2	72	7	182	1	37	1	1	rational	weight_706.json
706	58	2	144	7	182	1	38	1	1	rational	weight_706.json
706	58	2	180	7	182	1	39	1	1	rational	weight_706.json
706	58	2	180	7	182	1	40	1	1	rational	weight_706.json
706	58	2	18	7	182	1	41	1	1	rational	weight_706.json
706	58	2	117	7	182	1	42	1	1	rational	weight_706.json
706	58	2	198	7	182	1	43	1	1	rational	weight_706.json
706	58	2	18	7	182	1	44	1	1	rational	weight_706.json
706	58	2	99	7	182	1	45	1	1	rational	weight_706.json
706	58	2	225	7	182	1	46	1	1	rational	weight_706.json
706	58	2	207	7	182	1	47	1	1	rational	weight_706.json
706	58	2	207	7	182	1	48	1	1	rational	weight_706.json
706	58	2	90	7	182	1	49	1	1	rational	weight_706.json
706	58	2	63	7	182	1	50	1	1	rational	weight_706.json
706	58	2	90	7	182	1	51	1	1	rational	weight_706.json
706	58	2	126	7	182	1	52	1	1	rational	weight_706.json
706	58	2	36	7	182	1	53	1	1	rational	weight_706.json
706	58	2	126	7	182	1	54	1	1	rational	weight_706.json
706	58	2	225	7	182	1	55	1	1	rational	weight_706.json
706	58	2	198	7	182	1	56	1	1	rational	weight_706.json
706	58	2	234	7	182	1	57	1	2	rational	weight_706.json
708	60	2	33	7	122	1	1	1	1	rational	weight_708.json
708	60	2	168	7	41	1	2	1	1	rational	weight_708.json
708	60	2	168	7	41	1	3	1	1	rational	weight_708.json
708	60	2	114	7	122	1	4	1	1	rational	weight_708.json
708	60	2	114	7	122	1	5	1	1	rational	weight_708.json
708	60	2	129	7	122	1	6	1	1	rational	weight_708.json
708	60	2	75	7	41	1	7	1	1	rational	weight_708.json
708	60	2	195	7	122	1	8	1	1	rational	weight_708.json
708	60	2	33	7	122	1	9	1	1	rational	weight_708.json
708	60	2	75	7	41	1	10	1	1	rational	weight_708.json
708	60	2	168	7	41	1	11	1	1	rational	weight_708.json
708	60	2	210	7	122	1	12	1	1	rational	weight_708.json
708	60	2	195	7	122	1	13	1	1	rational	weight_708.json
708	60	2	33	7	122	1	14	1	1	rational	weight_708.json
708	60	2	210	7	122	1	15	1	1	rational	weight_708.json
708	60	2	168	7	41	1	16	1	1	rational	weight_708.json
708	60	2	48	7	122	1	17	1	1	rational	weight_708.json
708	60	2	114	7	122	1	18	1	1	rational	weight_708.json
708	60	2	168	7	41	1	19	1	1	rational	weight_708.json
708	60	2	168	7	41	1	20	1	1	rational	weight_708.json
708	60	2	114	7	122	1	21	1	1	rational	weight_708.json
708	60	2	33	7	122	1	22	1	1	rational	weight_708.json
708	60	2	210	7	122	1	23	1	1	rational	weight_708.json
708	60	2	75	7	41	1	24	1	1	rational	weight_708.json
708	60	2	48	7	122	1	25	1	1	rational	weight_708.json
708	60	2	48	7	122	1	26	1	1	rational	weight_708.json
708	60	2	114	7	122	1	27	1	1	rational	weight_708.json
708	60	2	48	7	122	1	28	1	1	rational	weight_708.json
708	60	2	168	7	41	1	29	1	1	rational	weight_708.json
708	60	2	48	7	122	1	30	1	1	rational	weight_708.json
708	60	2	195	7	122	1	31	1	1	rational	weight_708.json
708	60	2	114	7	122	1	32	1	1	rational	weight_708.json
708	60	2	129	7	122	1	33	1	1	rational	weight_708.json
708	60	2	33	7	122	1	34	1	1	rational	weight_708.json
708	60	2	75	7	41	1	35	1	1	rational	weight_708.json
708	60	2	129	7	122	1	36	1	1	rational	weight_708.json
708	60	2	129	7	122	1	37	1	1	rational	weight_708.json
708	60	2	210	7	122	1	38	1	1	rational	weight_708.json
708	60	2	75	7	41	1	39	1	1	rational	weight_708.json
708	60	2	195	7	122	1	40	1	1	rational	weight_708.json
708	60	2	195	7	122	1	41	1	1	rational	weight_708.json
708	60	2	48	7	122	1	42	1	1	rational	weight_708.json
708	60	2	129	7	122	1	43	1	1	rational	weight_708.json
708	60	2	129	7	122	1	44	1	1	rational	weight_708.json
708	60	2	168	7	41	1	45	1	1	rational	weight_708.json
708	60	2	210	7	122	1	46	1	1	rational	weight_708.json
708	60	2	75	7	41	1	47	1	1	rational	weight_708.json
708	60	2	75	7	41	1	48	1	1	rational	weight_708.json
708	60	2	75	7	41	1	49	1	1	rational	weight_708.json
708	60	2	210	7	122	1	50	1	1	rational	weight_708.json
708	60	2	75	7	41	1	51	1	1	rational	weight_708.json
708	60	2	210	7	122	1	52	1	1	rational	weight_708.json
708	60	2	168	7	41	1	53	1	1	rational	weight_708.json
708	60	2	75	7	41	1	54	1	1	rational	weight_708.json
708	60	2	129	7	122	1	55	1	1	rational	weight_708.json
708	60	2	168	7	41	1	56	1	1	rational	weight_708.json
708	60	2	33	7	122	1	57	1	1	rational	weight_708.json
708	60	2	195	7	122	1	58	1	2	rational	weight_708.json
710	62	2	114	7	98	1	1	1	1	rational	weight_710.json
710	62	2	48	7	98	1	2	1	1	rational	weight_710.json
710	62	2	156	7	17	1	3	1	1	rational	weight_710.json
710	62	2	87	7	17	1	4	1	1	rational	weight_710.json
710	62	2	87	7	17	1	5	1	1	rational	weight_710.json
710	62	2	156	7	17	1	6	1	1	rational	weight_710.json
710	62	2	210	7	98	1	7	1	1	rational	weight_710.json
710	62	2	33	7	98	1	8	1	1	rational	weight_710.json
710	62	2	87	7	17	1	9	1	1	rational	weight_710.json
710	62	2	87	7	17	1	10	1	1	rational	weight_710.json
710	62	2	210	7	98	1	11	1	1	rational	weight_710.json
710	62	2	210	7	98	1	12	1	1	rational	weight_710.json
710	62	2	48	7	98	1	13	1	1	rational	weight_710.json
710	62	2	129	7	98	1	14	1	1	rational	weight_710.json
710	62	2	33	7	98	1	15	1	1	rational	weight_710.json
710	62	2	156	7	17	1	16	1	1	rational	weight_710.json
710	62	2	48	7	98	1	17	1	1	rational	weight_710.json
710	62	2	48	7	98	1	18	1	1	rational	weight_710.json
710	62	2	195	7	98	1	19	1	1	rational	weight_710.json
710	62	2	210	7	98	1	20	1	1	rational	weight_710.json
710	62	2	129	7	98	1	21	1	1	rational	weight_710.json
710	62	2	87	7	17	1	22	1	1	rational	weight_710.json
710	62	2	195	7	98	1	23	1	1	rational	weight_710.json
710	62	2	156	7	17	1	24	1	1	rational	weight_710.json
710	62	2	48	7	98	1	25	1	1	rational	weight_710.json
710	62	2	129	7	98	1	26	1	1	rational	weight_710.json
710	62	2	114	7	98	1	27	1	1	rational	weight_710.json
710	62	2	156	7	17	1	28	1	1	rational	weight_710.json
710	62	2	33	7	98	1	29	1	1	rational	weight_710.json
710	62	2	114	7	98	1	30	1	1	rational	weight_710.json
710	62	2	33	7	98	1	31	1	1	rational	weight_710.json
710	62	2	156	7	17	1	32	1	1	rational	weight_710.json
710	62	2	114	7	98	1	33	1	1	rational	weight_710.json
710	62	2	87	7	17	1	34	1	1	rational	weight_710.json
710	62	2	114	7	98	1	35	1	1	rational	weight_710.json
710	62	2	195	7	98	1	36	1	1	rational	weight_710.json
710	62	2	48	7	98	1	37	1	1	rational	weight_710.json
710	62	2	156	7	17	1	38	1	1	rational	weight_710.json
710	62	2	156	7	17	1	39	1	1	rational	weight_710.json
710	62	2	129	7	98	1	40	1	1	rational	weight_710.json
710	62	2	48	7	98	1	41	1	1	rational	weight_710.json
710	62	2	87	7	17	1	42	1	1	rational	weight_710.json
710	62	2	33	7	98	1	43	1	1	rational	weight_710.json
710	62	2	87	7	17	1	44	1	1	rational	weight_710.json
710	62	2	129	7	98	1	45	1	1	rational	weight_710.json
710	62	2	210	7	98	1	46	1	1	rational	weight_710.json
710	62	2	156	7	17	1	47	1	1	rational	weight_710.json
710	62	2	156	7	17	1	48	1	1	rational	weight_710.json
710	62	2	87	7	17	1	49	1	1	rational	weight_710.json
710	62	2	33	7	98	1	50	1	1	rational	weight_710.json
710	62	2	87	7	17	1	51	1	1	rational	weight_710.json
710	62	2	33	7	98	1	52	1	1	rational	weight_710.json
710	62	2	195	7	98	1	53	1	1	rational	weight_710.json
710	62	2	129	7	98	1	54	1	1	rational	weight_710.json
710	62	2	195	7	98	1	55	1	1	rational	weight_710.json
710	62	2	195	7	98	1	56	1	1	rational	weight_710.json
710	62	2	210	7	98	1	57	1	1	rational	weight_710.json
710	62	2	114	7	98	1	58	1	1	rational	weight_710.json
712	64	2	0	7	137	1	1	1	1	rational	weight_712.json
712	64	2	0	7	137	1	2	1	1	rational	weight_712.json
712	64	2	162	7	137	1	3	1	1	rational	weight_712.json
712	64	2	162	7	137	1	4	1	1	rational	weight_712.json
712	64	2	81	7	137	1	5	1	1	rational	weight_712.json
712	64	2	81	7	137	1	6	1	1	rational	weight_712.json
712	64	2	27	7	137	1	7	1	1	rational	weight_712.json
712	64	2	135	7	137	1	8	1	1	rational	weight_712.json
712	64	2	108	7	137	1	9	1	1	rational	weight_712.json
712	64	2	189	7	137	1	10	1	1	rational	weight_712.json
712	64	2	216	7	137	1	11	1	1	rational	weight_712.json
712	64	2	54	7	137	1	12	1	1	rational	weight_712.json
712	64	2	216	7	137	1	13	1	1	rational	weight_712.json
712	64	2	189	7	137	1	14	1	1	rational	weight_712.json
712	64	2	108	7	137	1	15	1	1	rational	weight_712.json
712	64	2	27	7	137	1	16	1	1	rational	weight_712.json
712	64	2	108	7	137	1	17	1	1	rational	weight_712.json
712	64	2	54	7	137	1	18	1	1	rational	weight_712.json
712	64	2	135	7	137	1	19	1	1	rational	weight_712.json
712	64	2	207	7	218	1	20	1	1	rational	weight_712.json
712	64	2	207	7	218	1	21	1	1	rational	weight_712.json
712	64	2	36	7	218	1	22	1	1	rational	weight_712.json
712	64	2	18	7	218	1	23	1	1	rational	weight_712.json
712	64	2	18	7	218	1	24	1	1	rational	weight_712.json
712	64	2	36	7	218	1	25	1	1	rational	weight_712.json
712	64	2	225	7	218	1	26	1	1	rational	weight_712.json
712	64	2	36	7	218	1	27	1	1	rational	weight_712.json
712	64	2	207	7	218	1	28	1	1	rational	weight_712.json
712	64	2	225	7	218	1	29	1	1	rational	weight_712.json
712	64	2	225	7	218	1	30	1	1	rational	weight_712.json
712	64	2	207	7	218	1	31	1	1	rational	weight_712.json
712	64	2	18	7	218	1	32	1	1	rational	weight_712.json
712	64	2	18	7	218	1	33	1	1	rational	weight_712.json
712	64	2	weight_712.json#orbit=1,place=34,coordinate=0	7	weight_712.json#orbit=1,place=34,coordinate=1	1	34	1	2	algebraic	weight_712.json
712	64	2	weight_712.json#orbit=1,place=35,coordinate=0	7	weight_712.json#orbit=1,place=35,coordinate=1	1	35	1	2	algebraic	weight_712.json
712	64	2	weight_712.json#orbit=1,place=36,coordinate=0	7	weight_712.json#orbit=1,place=36,coordinate=1	1	36	1	2	algebraic	weight_712.json
712	64	2	weight_712.json#orbit=1,place=37,coordinate=0	7	weight_712.json#orbit=1,place=37,coordinate=1	1	37	1	2	algebraic	weight_712.json
712	64	2	weight_712.json#orbit=1,place=38,coordinate=0	7	weight_712.json#orbit=1,place=38,coordinate=1	1	38	1	2	algebraic	weight_712.json
712	64	2	weight_712.json#orbit=1,place=39,coordinate=0	7	weight_712.json#orbit=1,place=39,coordinate=1	1	39	1	2	algebraic	weight_712.json
712	64	2	weight_712.json#orbit=1,place=40,coordinate=0	7	weight_712.json#orbit=1,place=40,coordinate=1	1	40	1	2	algebraic	weight_712.json
712	64	2	weight_712.json#orbit=1,place=41,coordinate=0	7	weight_712.json#orbit=1,place=41,coordinate=1	1	41	1	2	algebraic	weight_712.json
712	64	2	weight_712.json#orbit=1,place=42,coordinate=0	7	weight_712.json#orbit=1,place=42,coordinate=1	1	42	1	2	algebraic	weight_712.json
712	64	2	weight_712.json#orbit=1,place=43,coordinate=0	7	weight_712.json#orbit=1,place=43,coordinate=1	1	43	1	2	algebraic	weight_712.json
712	64	2	weight_712.json#orbit=1,place=44,coordinate=0	7	weight_712.json#orbit=1,place=44,coordinate=1	1	44	1	2	algebraic	weight_712.json
712	64	2	weight_712.json#orbit=1,place=45,coordinate=0	7	weight_712.json#orbit=1,place=45,coordinate=1	1	45	1	2	algebraic	weight_712.json
712	64	2	weight_712.json#orbit=1,place=46,coordinate=0	7	weight_712.json#orbit=1,place=46,coordinate=1	1	46	1	2	algebraic	weight_712.json
714	66	2	3	7	23	1	1	1	1	rational	weight_714.json
714	66	2	240	7	23	1	2	1	1	rational	weight_714.json
714	66	2	105	7	104	1	3	1	1	rational	weight_714.json
714	66	2	24	7	104	1	4	1	1	rational	weight_714.json
714	66	2	219	7	104	1	5	1	1	rational	weight_714.json
714	66	2	138	7	104	1	6	1	1	rational	weight_714.json
714	66	2	105	7	104	1	7	1	1	rational	weight_714.json
714	66	2	57	7	104	1	8	1	1	rational	weight_714.json
714	66	2	219	7	104	1	9	1	1	rational	weight_714.json
714	66	2	24	7	104	1	10	1	1	rational	weight_714.json
714	66	2	186	7	104	1	11	1	1	rational	weight_714.json
714	66	2	138	7	104	1	12	1	1	rational	weight_714.json
714	66	2	3	7	23	1	13	1	1	rational	weight_714.json
714	66	2	240	7	23	1	14	1	1	rational	weight_714.json
714	66	2	186	7	104	1	15	1	1	rational	weight_714.json
714	66	2	186	7	104	1	16	1	1	rational	weight_714.json
714	66	2	138	7	104	1	17	1	1	rational	weight_714.json
714	66	2	138	7	104	1	18	1	1	rational	weight_714.json
714	66	2	105	7	104	1	19	1	1	rational	weight_714.json
714	66	2	24	7	104	1	20	1	1	rational	weight_714.json
714	66	2	57	7	104	1	21	1	1	rational	weight_714.json
714	66	2	57	7	104	1	22	1	1	rational	weight_714.json
714	66	2	219	7	104	1	23	1	1	rational	weight_714.json
714	66	2	240	7	23	1	24	1	1	rational	weight_714.json
714	66	2	138	7	104	1	25	1	1	rational	weight_714.json
714	66	2	24	7	104	1	26	1	1	rational	weight_714.json
714	66	2	219	7	104	1	27	1	1	rational	weight_714.json
714	66	2	3	7	23	1	28	1	1	rational	weight_714.json
714	66	2	57	7	104	1	29	1	1	rational	weight_714.json
714	66	2	105	7	104	1	30	1	1	rational	weight_714.json
714	66	2	186	7	104	1	31	1	1	rational	weight_714.json
714	66	2	240	7	23	1	32	1	1	rational	weight_714.json
714	66	2	57	7	104	1	33	1	1	rational	weight_714.json
714	66	2	3	7	23	1	34	1	1	rational	weight_714.json
714	66	2	105	7	104	1	35	1	1	rational	weight_714.json
714	66	2	3	7	23	1	36	1	1	rational	weight_714.json
714	66	2	240	7	23	1	37	1	1	rational	weight_714.json
714	66	2	186	7	104	1	38	1	1	rational	weight_714.json
714	66	2	3	7	23	1	39	1	1	rational	weight_714.json
714	66	2	24	7	104	1	40	1	1	rational	weight_714.json
714	66	2	24	7	104	1	41	1	1	rational	weight_714.json
714	66	2	3	7	23	1	42	1	1	rational	weight_714.json
714	66	2	3	7	23	1	43	1	1	rational	weight_714.json
714	66	2	186	7	104	1	44	1	1	rational	weight_714.json
714	66	2	138	7	104	1	45	1	1	rational	weight_714.json
714	66	2	240	7	23	1	46	1	1	rational	weight_714.json
714	66	2	57	7	104	1	47	1	1	rational	weight_714.json
714	66	2	3	7	23	1	48	1	1	rational	weight_714.json
714	66	2	219	7	104	1	49	1	1	rational	weight_714.json
714	66	2	240	7	23	1	50	1	1	rational	weight_714.json
714	66	2	3	7	23	1	51	1	1	rational	weight_714.json
714	66	2	240	7	23	1	52	1	1	rational	weight_714.json
714	66	2	24	7	104	1	53	1	1	rational	weight_714.json
714	66	2	219	7	104	1	54	1	1	rational	weight_714.json
714	66	2	57	7	104	1	55	1	1	rational	weight_714.json
714	66	2	240	7	23	1	56	1	1	rational	weight_714.json
714	66	2	57	7	104	1	57	1	1	rational	weight_714.json
714	66	2	105	7	104	1	58	1	1	rational	weight_714.json
714	66	2	240	7	23	1	59	1	1	rational	weight_714.json
716	68	2	123	7	107	1	1	1	1	rational	weight_716.json
716	68	2	231	7	188	1	2	1	1	rational	weight_716.json
716	68	2	123	7	107	1	3	1	1	rational	weight_716.json
716	68	2	120	7	107	1	4	1	1	rational	weight_716.json
716	68	2	69	7	188	1	5	1	1	rational	weight_716.json
716	68	2	123	7	107	1	6	1	1	rational	weight_716.json
716	68	2	174	7	188	1	7	1	1	rational	weight_716.json
716	68	2	174	7	188	1	8	1	1	rational	weight_716.json
716	68	2	12	7	188	1	9	1	1	rational	weight_716.json
716	68	2	231	7	188	1	10	1	1	rational	weight_716.json
716	68	2	150	7	188	1	11	1	1	rational	weight_716.json
716	68	2	93	7	188	1	12	1	1	rational	weight_716.json
716	68	2	150	7	188	1	13	1	1	rational	weight_716.json
716	68	2	12	7	188	1	14	1	1	rational	weight_716.json
716	68	2	123	7	107	1	15	1	1	rational	weight_716.json
716	68	2	120	7	107	1	16	1	1	rational	weight_716.json
716	68	2	150	7	188	1	17	1	1	rational	weight_716.json
716	68	2	12	7	188	1	18	1	1	rational	weight_716.json
716	68	2	120	7	107	1	19	1	1	rational	weight_716.json
716	68	2	150	7	188	1	20	1	1	rational	weight_716.json
716	68	2	120	7	107	1	21	1	1	rational	weight_716.json
716	68	2	12	7	188	1	22	1	1	rational	weight_716.json
716	68	2	120	7	107	1	23	1	1	rational	weight_716.json
716	68	2	93	7	188	1	24	1	1	rational	weight_716.json
716	68	2	123	7	107	1	25	1	1	rational	weight_716.json
716	68	2	123	7	107	1	26	1	1	rational	weight_716.json
716	68	2	120	7	107	1	27	1	1	rational	weight_716.json
716	68	2	120	7	107	1	28	1	1	rational	weight_716.json
716	68	2	231	7	188	1	29	1	1	rational	weight_716.json
716	68	2	93	7	188	1	30	1	1	rational	weight_716.json
716	68	2	231	7	188	1	31	1	1	rational	weight_716.json
716	68	2	93	7	188	1	32	1	1	rational	weight_716.json
716	68	2	123	7	107	1	33	1	1	rational	weight_716.json
716	68	2	174	7	188	1	34	1	1	rational	weight_716.json
716	68	2	174	7	188	1	35	1	1	rational	weight_716.json
716	68	2	93	7	188	1	36	1	1	rational	weight_716.json
716	68	2	123	7	107	1	37	1	1	rational	weight_716.json
716	68	2	123	7	107	1	38	1	1	rational	weight_716.json
716	68	2	120	7	107	1	39	1	1	rational	weight_716.json
716	68	2	120	7	107	1	40	1	1	rational	weight_716.json
716	68	2	123	7	107	1	41	1	1	rational	weight_716.json
716	68	2	120	7	107	1	42	1	1	rational	weight_716.json
716	68	2	12	7	188	1	43	1	1	rational	weight_716.json
716	68	2	69	7	188	1	44	1	1	rational	weight_716.json
716	68	2	93	7	188	1	45	1	1	rational	weight_716.json
716	68	2	69	7	188	1	46	1	1	rational	weight_716.json
716	68	2	93	7	188	1	47	1	1	rational	weight_716.json
716	68	2	150	7	188	1	48	1	1	rational	weight_716.json
716	68	2	231	7	188	1	49	1	1	rational	weight_716.json
716	68	2	69	7	188	1	50	1	1	rational	weight_716.json
716	68	2	150	7	188	1	51	1	1	rational	weight_716.json
716	68	2	69	7	188	1	52	1	1	rational	weight_716.json
716	68	2	69	7	188	1	53	1	1	rational	weight_716.json
716	68	2	69	7	188	1	54	1	1	rational	weight_716.json
716	68	2	69	7	188	1	55	1	1	rational	weight_716.json
716	68	2	231	7	188	1	56	1	1	rational	weight_716.json
716	68	2	12	7	188	1	57	1	1	rational	weight_716.json
716	68	2	174	7	188	1	58	1	2	rational	weight_716.json
718	70	2	0	7	92	1	1	1	1	rational	weight_718.json
718	70	2	0	7	92	1	2	1	1	rational	weight_718.json
718	70	2	162	7	92	1	3	1	1	rational	weight_718.json
718	70	2	162	7	92	1	4	1	1	rational	weight_718.json
718	70	2	81	7	92	1	5	1	1	rational	weight_718.json
718	70	2	81	7	92	1	6	1	1	rational	weight_718.json
718	70	2	27	7	92	1	7	1	1	rational	weight_718.json
718	70	2	54	7	92	1	8	1	1	rational	weight_718.json
718	70	2	54	7	92	1	9	1	1	rational	weight_718.json
718	70	2	189	7	92	1	10	1	1	rational	weight_718.json
718	70	2	216	7	92	1	11	1	1	rational	weight_718.json
718	70	2	108	7	92	1	12	1	1	rational	weight_718.json
718	70	2	27	7	92	1	13	1	1	rational	weight_718.json
718	70	2	189	7	92	1	14	1	1	rational	weight_718.json
718	70	2	135	7	92	1	15	1	1	rational	weight_718.json
718	70	2	108	7	92	1	16	1	1	rational	weight_718.json
718	70	2	135	7	92	1	17	1	1	rational	weight_718.json
718	70	2	54	7	92	1	18	1	1	rational	weight_718.json
718	70	2	216	7	92	1	19	1	1	rational	weight_718.json
718	70	2	135	7	92	1	20	1	1	rational	weight_718.json
718	70	2	45	7	173	1	21	1	1	rational	weight_718.json
718	70	2	99	7	173	1	22	1	1	rational	weight_718.json
718	70	2	99	7	173	1	23	1	1	rational	weight_718.json
718	70	2	180	7	173	1	24	1	1	rational	weight_718.json
718	70	2	36	7	173	1	25	1	1	rational	weight_718.json
718	70	2	63	7	173	1	26	1	1	rational	weight_718.json
718	70	2	9	7	173	1	27	1	1	rational	weight_718.json
718	70	2	18	7	173	1	28	1	1	rational	weight_718.json
718	70	2	198	7	173	1	29	1	1	rational	weight_718.json
718	70	2	45	7	173	1	30	1	1	rational	weight_718.json
718	70	2	72	7	173	1	31	1	1	rational	weight_718.json
718	70	2	180	7	173	1	32	1	1	rational	weight_718.json
718	70	2	234	7	173	1	33	1	1	rational	weight_718.json
718	70	2	144	7	173	1	34	1	1	rational	weight_718.json
718	70	2	117	7	173	1	35	1	1	rational	weight_718.json
718	70	2	18	7	173	1	36	1	1	rational	weight_718.json
718	70	2	144	7	173	1	37	1	1	rational	weight_718.json
718	70	2	207	7	173	1	38	1	1	rational	weight_718.json
718	70	2	126	7	173	1	39	1	1	rational	weight_718.json
718	70	2	36	7	173	1	40	1	1	rational	weight_718.json
718	70	2	207	7	173	1	41	1	1	rational	weight_718.json
718	70	2	171	7	173	1	42	1	1	rational	weight_718.json
718	70	2	117	7	173	1	43	1	1	rational	weight_718.json
718	70	2	126	7	173	1	44	1	1	rational	weight_718.json
718	70	2	63	7	173	1	45	1	1	rational	weight_718.json
718	70	2	45	7	173	1	46	1	1	rational	weight_718.json
718	70	2	225	7	173	1	47	1	1	rational	weight_718.json
718	70	2	198	7	173	1	48	1	1	rational	weight_718.json
718	70	2	225	7	173	1	49	1	1	rational	weight_718.json
718	70	2	weight_718.json#orbit=1,place=50,coordinate=0	7	weight_718.json#orbit=1,place=50,coordinate=1	1	50	1	2	algebraic	weight_718.json
718	70	2	weight_718.json#orbit=1,place=51,coordinate=0	7	weight_718.json#orbit=1,place=51,coordinate=1	1	51	1	2	algebraic	weight_718.json
718	70	2	weight_718.json#orbit=1,place=52,coordinate=0	7	weight_718.json#orbit=1,place=52,coordinate=1	1	52	1	2	algebraic	weight_718.json
718	70	2	weight_718.json#orbit=1,place=53,coordinate=0	7	weight_718.json#orbit=1,place=53,coordinate=1	1	53	1	2	algebraic	weight_718.json
718	70	2	weight_718.json#orbit=1,place=54,coordinate=0	7	weight_718.json#orbit=1,place=54,coordinate=1	1	54	1	2	algebraic	weight_718.json
720	72	2	201	7	5	1	1	1	1	rational	weight_720.json
720	72	2	228	7	167	1	2	1	1	rational	weight_720.json
720	72	2	120	7	5	1	3	1	1	rational	weight_720.json
720	72	2	39	7	5	1	4	1	1	rational	weight_720.json
720	72	2	123	7	5	1	5	1	1	rational	weight_720.json
720	72	2	201	7	5	1	6	1	1	rational	weight_720.json
720	72	2	120	7	5	1	7	1	1	rational	weight_720.json
720	72	2	39	7	5	1	8	1	1	rational	weight_720.json
720	72	2	228	7	167	1	9	1	1	rational	weight_720.json
720	72	2	228	7	167	1	10	1	1	rational	weight_720.json
720	72	2	15	7	167	1	11	1	1	rational	weight_720.json
720	72	2	228	7	167	1	12	1	1	rational	weight_720.json
720	72	2	42	7	5	1	13	1	1	rational	weight_720.json
720	72	2	228	7	167	1	14	1	1	rational	weight_720.json
720	72	2	15	7	167	1	15	1	1	rational	weight_720.json
720	72	2	201	7	5	1	16	1	1	rational	weight_720.json
720	72	2	123	7	5	1	17	1	1	rational	weight_720.json
720	72	2	39	7	5	1	18	1	1	rational	weight_720.json
720	72	2	204	7	5	1	19	1	1	rational	weight_720.json
720	72	2	123	7	5	1	20	1	1	rational	weight_720.json
720	72	2	201	7	5	1	21	1	1	rational	weight_720.json
720	72	2	123	7	5	1	22	1	1	rational	weight_720.json
720	72	2	42	7	5	1	23	1	1	rational	weight_720.json
720	72	2	123	7	5	1	24	1	1	rational	weight_720.json
720	72	2	123	7	5	1	25	1	1	rational	weight_720.json
720	72	2	42	7	5	1	26	1	1	rational	weight_720.json
720	72	2	201	7	5	1	27	1	1	rational	weight_720.json
720	72	2	201	7	5	1	28	1	1	rational	weight_720.json
720	72	2	39	7	5	1	29	1	1	rational	weight_720.json
720	72	2	15	7	167	1	30	1	1	rational	weight_720.json
720	72	2	204	7	5	1	31	1	1	rational	weight_720.json
720	72	2	39	7	5	1	32	1	1	rational	weight_720.json
720	72	2	204	7	5	1	33	1	1	rational	weight_720.json
720	72	2	39	7	5	1	34	1	1	rational	weight_720.json
720	72	2	228	7	167	1	35	1	1	rational	weight_720.json
720	72	2	15	7	167	1	36	1	1	rational	weight_720.json
720	72	2	39	7	5	1	37	1	1	rational	weight_720.json
720	72	2	123	7	5	1	38	1	1	rational	weight_720.json
720	72	2	204	7	5	1	39	1	1	rational	weight_720.json
720	72	2	15	7	167	1	40	1	1	rational	weight_720.json
720	72	2	42	7	5	1	41	1	1	rational	weight_720.json
720	72	2	15	7	167	1	42	1	1	rational	weight_720.json
720	72	2	120	7	5	1	43	1	1	rational	weight_720.json
720	72	2	204	7	5	1	44	1	1	rational	weight_720.json
720	72	2	228	7	167	1	45	1	1	rational	weight_720.json
720	72	2	42	7	5	1	46	1	1	rational	weight_720.json
720	72	2	204	7	5	1	47	1	1	rational	weight_720.json
720	72	2	15	7	167	1	48	1	1	rational	weight_720.json
720	72	2	228	7	167	1	49	1	1	rational	weight_720.json
720	72	2	42	7	5	1	50	1	1	rational	weight_720.json
720	72	2	15	7	167	1	51	1	1	rational	weight_720.json
720	72	2	228	7	167	1	52	1	1	rational	weight_720.json
720	72	2	120	7	5	1	53	1	1	rational	weight_720.json
720	72	2	39	7	5	1	54	1	1	rational	weight_720.json
720	72	2	15	7	167	1	55	1	1	rational	weight_720.json
720	72	2	15	7	167	1	56	1	1	rational	weight_720.json
720	72	2	123	7	5	1	57	1	1	rational	weight_720.json
720	72	2	228	7	167	1	58	1	1	rational	weight_720.json
720	72	2	120	7	5	1	59	1	2	rational	weight_720.json
722	74	2	111	7	197	1	1	1	1	rational	weight_722.json
722	74	2	30	7	197	1	2	1	1	rational	weight_722.json
722	74	2	111	7	197	1	3	1	1	rational	weight_722.json
722	74	2	213	7	197	1	4	1	1	rational	weight_722.json
722	74	2	186	7	116	1	5	1	1	rational	weight_722.json
722	74	2	186	7	116	1	6	1	1	rational	weight_722.json
722	74	2	111	7	197	1	7	1	1	rational	weight_722.json
722	74	2	57	7	116	1	8	1	1	rational	weight_722.json
722	74	2	186	7	116	1	9	1	1	rational	weight_722.json
722	74	2	192	7	197	1	10	1	1	rational	weight_722.json
722	74	2	186	7	116	1	11	1	1	rational	weight_722.json
722	74	2	186	7	116	1	12	1	1	rational	weight_722.json
722	74	2	192	7	197	1	13	1	1	rational	weight_722.json
722	74	2	132	7	197	1	14	1	1	rational	weight_722.json
722	74	2	192	7	197	1	15	1	1	rational	weight_722.json
722	74	2	30	7	197	1	16	1	1	rational	weight_722.json
722	74	2	213	7	197	1	17	1	1	rational	weight_722.json
722	74	2	51	7	197	1	18	1	1	rational	weight_722.json
722	74	2	111	7	197	1	19	1	1	rational	weight_722.json
722	74	2	186	7	116	1	20	1	1	rational	weight_722.json
722	74	2	57	7	116	1	21	1	1	rational	weight_722.json
722	74	2	30	7	197	1	22	1	1	rational	weight_722.json
722	74	2	57	7	116	1	23	1	1	rational	weight_722.json
722	74	2	30	7	197	1	24	1	1	rational	weight_722.json
722	74	2	213	7	197	1	25	1	1	rational	weight_722.json
722	74	2	57	7	116	1	26	1	1	rational	weight_722.json
722	74	2	192	7	197	1	27	1	1	rational	weight_722.json
722	74	2	213	7	197	1	28	1	1	rational	weight_722.json
722	74	2	111	7	197	1	29	1	1	rational	weight_722.json
722	74	2	132	7	197	1	30	1	1	rational	weight_722.json
722	74	2	51	7	197	1	31	1	1	rational	weight_722.json
722	74	2	51	7	197	1	32	1	1	rational	weight_722.json
722	74	2	57	7	116	1	33	1	1	rational	weight_722.json
722	74	2	132	7	197	1	34	1	1	rational	weight_722.json
722	74	2	51	7	197	1	35	1	1	rational	weight_722.json
722	74	2	57	7	116	1	36	1	1	rational	weight_722.json
722	74	2	186	7	116	1	37	1	1	rational	weight_722.json
722	74	2	186	7	116	1	38	1	1	rational	weight_722.json
722	74	2	186	7	116	1	39	1	1	rational	weight_722.json
722	74	2	57	7	116	1	40	1	1	rational	weight_722.json
722	74	2	51	7	197	1	41	1	1	rational	weight_722.json
722	74	2	57	7	116	1	42	1	1	rational	weight_722.json
722	74	2	111	7	197	1	43	1	1	rational	weight_722.json
722	74	2	192	7	197	1	44	1	1	rational	weight_722.json
722	74	2	30	7	197	1	45	1	1	rational	weight_722.json
722	74	2	51	7	197	1	46	1	1	rational	weight_722.json
722	74	2	192	7	197	1	47	1	1	rational	weight_722.json
722	74	2	132	7	197	1	48	1	1	rational	weight_722.json
722	74	2	132	7	197	1	49	1	1	rational	weight_722.json
722	74	2	51	7	197	1	50	1	1	rational	weight_722.json
722	74	2	186	7	116	1	51	1	1	rational	weight_722.json
722	74	2	30	7	197	1	52	1	1	rational	weight_722.json
722	74	2	51	7	197	1	53	1	1	rational	weight_722.json
722	74	2	30	7	197	1	54	1	1	rational	weight_722.json
722	74	2	132	7	197	1	55	1	1	rational	weight_722.json
722	74	2	57	7	116	1	56	1	1	rational	weight_722.json
722	74	2	30	7	197	1	57	1	1	rational	weight_722.json
722	74	2	213	7	197	1	58	1	2	rational	weight_722.json
724	76	2	0	7	209	1	1	1	1	rational	weight_724.json
724	76	2	0	7	209	1	2	1	1	rational	weight_724.json
724	76	2	162	7	209	1	3	1	1	rational	weight_724.json
724	76	2	81	7	209	1	4	1	1	rational	weight_724.json
724	76	2	81	7	209	1	5	1	1	rational	weight_724.json
724	76	2	162	7	209	1	6	1	1	rational	weight_724.json
724	76	2	54	7	209	1	7	1	1	rational	weight_724.json
724	76	2	27	7	209	1	8	1	1	rational	weight_724.json
724	76	2	216	7	209	1	9	1	1	rational	weight_724.json
724	76	2	27	7	209	1	10	1	1	rational	weight_724.json
724	76	2	189	7	209	1	11	1	1	rational	weight_724.json
724	76	2	54	7	209	1	12	1	1	rational	weight_724.json
724	76	2	108	7	209	1	13	1	1	rational	weight_724.json
724	76	2	216	7	209	1	14	1	1	rational	weight_724.json
724	76	2	108	7	209	1	15	1	1	rational	weight_724.json
724	76	2	189	7	209	1	16	1	1	rational	weight_724.json
724	76	2	108	7	209	1	17	1	1	rational	weight_724.json
724	76	2	189	7	209	1	18	1	1	rational	weight_724.json
724	76	2	135	7	209	1	19	1	1	rational	weight_724.json
724	76	2	135	7	209	1	20	1	1	rational	weight_724.json
724	76	2	180	7	47	1	21	1	1	rational	weight_724.json
724	76	2	144	7	47	1	22	1	1	rational	weight_724.json
724	76	2	99	7	47	1	23	1	1	rational	weight_724.json
724	76	2	126	7	47	1	24	1	1	rational	weight_724.json
724	76	2	18	7	47	1	25	1	1	rational	weight_724.json
724	76	2	198	7	47	1	26	1	1	rational	weight_724.json
724	76	2	63	7	47	1	27	1	1	rational	weight_724.json
724	76	2	36	7	47	1	28	1	1	rational	weight_724.json
724	76	2	63	7	47	1	29	1	1	rational	weight_724.json
724	76	2	126	7	47	1	30	1	1	rational	weight_724.json
724	76	2	207	7	47	1	31	1	1	rational	weight_724.json
724	76	2	153	7	47	1	32	1	1	rational	weight_724.json
724	76	2	171	7	47	1	33	1	1	rational	weight_724.json
724	76	2	72	7	47	1	34	1	1	rational	weight_724.json
724	76	2	45	7	47	1	35	1	1	rational	weight_724.json
724	76	2	117	7	47	1	36	1	1	rational	weight_724.json
724	76	2	90	7	47	1	37	1	1	rational	weight_724.json
724	76	2	144	7	47	1	38	1	1	rational	weight_724.json
724	76	2	225	7	47	1	39	1	1	rational	weight_724.json
724	76	2	18	7	47	1	40	1	1	rational	weight_724.json
724	76	2	45	7	47	1	41	1	1	rational	weight_724.json
724	76	2	198	7	47	1	42	1	1	rational	weight_724.json
724	76	2	117	7	47	1	43	1	1	rational	weight_724.json
724	76	2	99	7	47	1	44	1	1	rational	weight_724.json
724	76	2	180	7	47	1	45	1	1	rational	weight_724.json
724	76	2	225	7	47	1	46	1	1	rational	weight_724.json
724	76	2	207	7	47	1	47	1	1	rational	weight_724.json
724	76	2	36	7	47	1	48	1	1	rational	weight_724.json
724	76	2	36	7	47	1	49	1	1	rational	weight_724.json
724	76	2	117	7	47	1	50	1	1	rational	weight_724.json
724	76	2	weight_724.json#orbit=1,place=51,coordinate=0	7	weight_724.json#orbit=1,place=51,coordinate=1	1	51	1	2	algebraic	weight_724.json
724	76	2	weight_724.json#orbit=1,place=52,coordinate=0	7	weight_724.json#orbit=1,place=52,coordinate=1	1	52	1	2	algebraic	weight_724.json
724	76	2	weight_724.json#orbit=1,place=53,coordinate=0	7	weight_724.json#orbit=1,place=53,coordinate=1	1	53	1	2	algebraic	weight_724.json
724	76	2	weight_724.json#orbit=1,place=54,coordinate=0	7	weight_724.json#orbit=1,place=54,coordinate=1	1	54	1	2	algebraic	weight_724.json
724	76	2	weight_724.json#orbit=1,place=55,coordinate=0	7	weight_724.json#orbit=1,place=55,coordinate=1	1	55	1	2	algebraic	weight_724.json
726	78	2	237	7	68	1	1	1	1	rational	weight_726.json
726	78	2	237	7	68	1	2	1	1	rational	weight_726.json
726	78	2	87	7	68	1	3	1	1	rational	weight_726.json
726	78	2	237	7	68	1	4	1	1	rational	weight_726.json
726	78	2	21	7	230	1	5	1	1	rational	weight_726.json
726	78	2	237	7	68	1	6	1	1	rational	weight_726.json
726	78	2	21	7	230	1	7	1	1	rational	weight_726.json
726	78	2	75	7	68	1	8	1	1	rational	weight_726.json
726	78	2	75	7	68	1	9	1	1	rational	weight_726.json
726	78	2	21	7	230	1	10	1	1	rational	weight_726.json
726	78	2	237	7	68	1	11	1	1	rational	weight_726.json
726	78	2	156	7	68	1	12	1	1	rational	weight_726.json
726	78	2	21	7	230	1	13	1	1	rational	weight_726.json
726	78	2	222	7	230	1	14	1	1	rational	weight_726.json
726	78	2	87	7	68	1	15	1	1	rational	weight_726.json
726	78	2	222	7	230	1	16	1	1	rational	weight_726.json
726	78	2	222	7	230	1	17	1	1	rational	weight_726.json
726	78	2	222	7	230	1	18	1	1	rational	weight_726.json
726	78	2	21	7	230	1	19	1	1	rational	weight_726.json
726	78	2	237	7	68	1	20	1	1	rational	weight_726.json
726	78	2	222	7	230	1	21	1	1	rational	weight_726.json
726	78	2	237	7	68	1	22	1	1	rational	weight_726.json
726	78	2	156	7	68	1	23	1	1	rational	weight_726.json
726	78	2	21	7	230	1	24	1	1	rational	weight_726.json
726	78	2	87	7	68	1	25	1	1	rational	weight_726.json
726	78	2	6	7	68	1	26	1	1	rational	weight_726.json
726	78	2	75	7	68	1	27	1	1	rational	weight_726.json
726	78	2	222	7	230	1	28	1	1	rational	weight_726.json
726	78	2	21	7	230	1	29	1	1	rational	weight_726.json
726	78	2	87	7	68	1	30	1	1	rational	weight_726.json
726	78	2	6	7	68	1	31	1	1	rational	weight_726.json
726	78	2	75	7	68	1	32	1	1	rational	weight_726.json
726	78	2	21	7	230	1	33	1	1	rational	weight_726.json
726	78	2	87	7	68	1	34	1	1	rational	weight_726.json
726	78	2	156	7	68	1	35	1	1	rational	weight_726.json
726	78	2	168	7	68	1	36	1	1	rational	weight_726.json
726	78	2	222	7	230	1	37	1	1	rational	weight_726.json
726	78	2	21	7	230	1	38	1	1	rational	weight_726.json
726	78	2	156	7	68	1	39	1	1	rational	weight_726.json
726	78	2	75	7	68	1	40	1	1	rational	weight_726.json
726	78	2	168	7	68	1	41	1	1	rational	weight_726.json
726	78	2	87	7	68	1	42	1	1	rational	weight_726.json
726	78	2	222	7	230	1	43	1	1	rational	weight_726.json
726	78	2	87	7	68	1	44	1	1	rational	weight_726.json
726	78	2	168	7	68	1	45	1	1	rational	weight_726.json
726	78	2	168	7	68	1	46	1	1	rational	weight_726.json
726	78	2	237	7	68	1	47	1	1	rational	weight_726.json
726	78	2	222	7	230	1	48	1	1	rational	weight_726.json
726	78	2	21	7	230	1	49	1	1	rational	weight_726.json
726	78	2	6	7	68	1	50	1	1	rational	weight_726.json
726	78	2	6	7	68	1	51	1	1	rational	weight_726.json
726	78	2	168	7	68	1	52	1	1	rational	weight_726.json
726	78	2	156	7	68	1	53	1	1	rational	weight_726.json
726	78	2	156	7	68	1	54	1	1	rational	weight_726.json
726	78	2	75	7	68	1	55	1	1	rational	weight_726.json
726	78	2	222	7	230	1	56	1	1	rational	weight_726.json
726	78	2	168	7	68	1	57	1	1	rational	weight_726.json
726	78	2	87	7	68	1	58	1	1	rational	weight_726.json
726	78	2	6	7	68	1	59	1	2	rational	weight_726.json
728	80	2	141	7	125	1	1	1	1	rational	weight_728.json
728	80	2	210	7	44	1	2	1	1	rational	weight_728.json
728	80	2	102	7	125	1	3	1	1	rational	weight_728.json
728	80	2	210	7	44	1	4	1	1	rational	weight_728.json
728	80	2	33	7	44	1	5	1	1	rational	weight_728.json
728	80	2	210	7	44	1	6	1	1	rational	weight_728.json
728	80	2	210	7	44	1	7	1	1	rational	weight_728.json
728	80	2	210	7	44	1	8	1	1	rational	weight_728.json
728	80	2	210	7	44	1	9	1	1	rational	weight_728.json
728	80	2	102	7	125	1	10	1	1	rational	weight_728.json
728	80	2	222	7	125	1	11	1	1	rational	weight_728.json
728	80	2	60	7	125	1	12	1	1	rational	weight_728.json
728	80	2	21	7	125	1	13	1	1	rational	weight_728.json
728	80	2	141	7	125	1	14	1	1	rational	weight_728.json
728	80	2	102	7	125	1	15	1	1	rational	weight_728.json
728	80	2	141	7	125	1	16	1	1	rational	weight_728.json
728	80	2	210	7	44	1	17	1	1	rational	weight_728.json
728	80	2	21	7	125	1	18	1	1	rational	weight_728.json
728	80	2	21	7	125	1	19	1	1	rational	weight_728.json
728	80	2	183	7	125	1	20	1	1	rational	weight_728.json
728	80	2	183	7	125	1	21	1	1	rational	weight_728.json
728	80	2	33	7	44	1	22	1	1	rational	weight_728.json
728	80	2	141	7	125	1	23	1	1	rational	weight_728.json
728	80	2	33	7	44	1	24	1	1	rational	weight_728.json
728	80	2	222	7	125	1	25	1	1	rational	weight_728.json
728	80	2	210	7	44	1	26	1	1	rational	weight_728.json
728	80	2	210	7	44	1	27	1	1	rational	weight_728.json
728	80	2	141	7	125	1	28	1	1	rational	weight_728.json
728	80	2	102	7	125	1	29	1	1	rational	weight_728.json
728	80	2	102	7	125	1	30	1	1	rational	weight_728.json
728	80	2	21	7	125	1	31	1	1	rational	weight_728.json
728	80	2	60	7	125	1	32	1	1	rational	weight_728.json
728	80	2	21	7	125	1	33	1	1	rational	weight_728.json
728	80	2	33	7	44	1	34	1	1	rational	weight_728.json
728	80	2	183	7	125	1	35	1	1	rational	weight_728.json
728	80	2	222	7	125	1	36	1	1	rational	weight_728.json
728	80	2	33	7	44	1	37	1	1	rational	weight_728.json
728	80	2	33	7	44	1	38	1	1	rational	weight_728.json
728	80	2	21	7	125	1	39	1	1	rational	weight_728.json
728	80	2	102	7	125	1	40	1	1	rational	weight_728.json
728	80	2	222	7	125	1	41	1	1	rational	weight_728.json
728	80	2	33	7	44	1	42	1	1	rational	weight_728.json
728	80	2	141	7	125	1	43	1	1	rational	weight_728.json
728	80	2	60	7	125	1	44	1	1	rational	weight_728.json
728	80	2	33	7	44	1	45	1	1	rational	weight_728.json
728	80	2	21	7	125	1	46	1	1	rational	weight_728.json
728	80	2	60	7	125	1	47	1	1	rational	weight_728.json
728	80	2	33	7	44	1	48	1	1	rational	weight_728.json
728	80	2	210	7	44	1	49	1	1	rational	weight_728.json
728	80	2	21	7	125	1	50	1	1	rational	weight_728.json
728	80	2	183	7	125	1	51	1	1	rational	weight_728.json
728	80	2	222	7	125	1	52	1	1	rational	weight_728.json
728	80	2	183	7	125	1	53	1	1	rational	weight_728.json
728	80	2	33	7	44	1	54	1	1	rational	weight_728.json
728	80	2	60	7	125	1	55	1	1	rational	weight_728.json
728	80	2	60	7	125	1	56	1	1	rational	weight_728.json
728	80	2	183	7	125	1	57	1	1	rational	weight_728.json
728	80	2	222	7	125	1	58	1	1	rational	weight_728.json
728	80	2	141	7	125	1	59	1	2	rational	weight_728.json
730	82	2	0	7	2	1	1	1	1	rational	weight_730.json
730	82	2	0	7	2	1	2	1	1	rational	weight_730.json
730	82	2	81	7	2	1	3	1	1	rational	weight_730.json
730	82	2	162	7	2	1	4	1	1	rational	weight_730.json
730	82	2	81	7	2	1	5	1	1	rational	weight_730.json
730	82	2	162	7	2	1	6	1	1	rational	weight_730.json
730	82	2	54	7	2	1	7	1	1	rational	weight_730.json
730	82	2	108	7	2	1	8	1	1	rational	weight_730.json
730	82	2	27	7	2	1	9	1	1	rational	weight_730.json
730	82	2	54	7	2	1	10	1	1	rational	weight_730.json
730	82	2	135	7	2	1	11	1	1	rational	weight_730.json
730	82	2	189	7	2	1	12	1	1	rational	weight_730.json
730	82	2	216	7	2	1	13	1	1	rational	weight_730.json
730	82	2	135	7	2	1	14	1	1	rational	weight_730.json
730	82	2	135	7	2	1	15	1	1	rational	weight_730.json
730	82	2	216	7	2	1	16	1	1	rational	weight_730.json
730	82	2	189	7	2	1	17	1	1	rational	weight_730.json
730	82	2	27	7	2	1	18	1	1	rational	weight_730.json
730	82	2	108	7	2	1	19	1	1	rational	weight_730.json
730	82	2	54	7	2	1	20	1	1	rational	weight_730.json
730	82	2	225	7	83	1	21	1	1	rational	weight_730.json
730	82	2	18	7	83	1	22	1	1	rational	weight_730.json
730	82	2	36	7	83	1	23	1	1	rational	weight_730.json
730	82	2	207	7	83	1	24	1	1	rational	weight_730.json
730	82	2	36	7	83	1	25	1	1	rational	weight_730.json
730	82	2	225	7	83	1	26	1	1	rational	weight_730.json
730	82	2	18	7	83	1	27	1	1	rational	weight_730.json
730	82	2	225	7	83	1	28	1	1	rational	weight_730.json
730	82	2	207	7	83	1	29	1	1	rational	weight_730.json
730	82	2	18	7	83	1	30	1	1	rational	weight_730.json
730	82	2	36	7	83	1	31	1	1	rational	weight_730.json
730	82	2	225	7	83	1	32	1	1	rational	weight_730.json
730	82	2	207	7	83	1	33	1	1	rational	weight_730.json
730	82	2	36	7	83	1	34	1	1	rational	weight_730.json
730	82	2	weight_730.json#orbit=1,place=35,coordinate=0	7	weight_730.json#orbit=1,place=35,coordinate=1	1	35	1	2	algebraic	weight_730.json
730	82	2	weight_730.json#orbit=1,place=36,coordinate=0	7	weight_730.json#orbit=1,place=36,coordinate=1	1	36	1	2	algebraic	weight_730.json
730	82	2	weight_730.json#orbit=1,place=37,coordinate=0	7	weight_730.json#orbit=1,place=37,coordinate=1	1	37	1	2	algebraic	weight_730.json
730	82	2	weight_730.json#orbit=1,place=38,coordinate=0	7	weight_730.json#orbit=1,place=38,coordinate=1	1	38	1	2	algebraic	weight_730.json
730	82	2	weight_730.json#orbit=1,place=39,coordinate=0	7	weight_730.json#orbit=1,place=39,coordinate=1	1	39	1	2	algebraic	weight_730.json
730	82	2	weight_730.json#orbit=1,place=40,coordinate=0	7	weight_730.json#orbit=1,place=40,coordinate=1	1	40	1	2	algebraic	weight_730.json
730	82	2	weight_730.json#orbit=1,place=41,coordinate=0	7	weight_730.json#orbit=1,place=41,coordinate=1	1	41	1	2	algebraic	weight_730.json
730	82	2	weight_730.json#orbit=1,place=42,coordinate=0	7	weight_730.json#orbit=1,place=42,coordinate=1	1	42	1	2	algebraic	weight_730.json
730	82	2	weight_730.json#orbit=1,place=43,coordinate=0	7	weight_730.json#orbit=1,place=43,coordinate=1	1	43	1	2	algebraic	weight_730.json
730	82	2	weight_730.json#orbit=1,place=44,coordinate=0	7	weight_730.json#orbit=1,place=44,coordinate=1	1	44	1	2	algebraic	weight_730.json
730	82	2	weight_730.json#orbit=1,place=45,coordinate=0	7	weight_730.json#orbit=1,place=45,coordinate=1	1	45	1	2	algebraic	weight_730.json
730	82	2	weight_730.json#orbit=1,place=46,coordinate=0	7	weight_730.json#orbit=1,place=46,coordinate=1	1	46	1	2	algebraic	weight_730.json
730	82	2	weight_730.json#orbit=1,place=47,coordinate=0	7	weight_730.json#orbit=1,place=47,coordinate=1	1	47	1	2	algebraic	weight_730.json
732	84	2	84	7	50	1	1	1	1	rational	weight_732.json
732	84	2	240	7	50	1	2	1	1	rational	weight_732.json
732	84	2	3	7	50	1	3	1	1	rational	weight_732.json
732	84	2	111	7	212	1	4	1	1	rational	weight_732.json
732	84	2	78	7	50	1	5	1	1	rational	weight_732.json
732	84	2	132	7	212	1	6	1	1	rational	weight_732.json
732	84	2	78	7	50	1	7	1	1	rational	weight_732.json
732	84	2	84	7	50	1	8	1	1	rational	weight_732.json
732	84	2	78	7	50	1	9	1	1	rational	weight_732.json
732	84	2	240	7	50	1	10	1	1	rational	weight_732.json
732	84	2	3	7	50	1	11	1	1	rational	weight_732.json
732	84	2	132	7	212	1	12	1	1	rational	weight_732.json
732	84	2	84	7	50	1	13	1	1	rational	weight_732.json
732	84	2	132	7	212	1	14	1	1	rational	weight_732.json
732	84	2	132	7	212	1	15	1	1	rational	weight_732.json
732	84	2	3	7	50	1	16	1	1	rational	weight_732.json
732	84	2	240	7	50	1	17	1	1	rational	weight_732.json
732	84	2	3	7	50	1	18	1	1	rational	weight_732.json
732	84	2	165	7	50	1	19	1	1	rational	weight_732.json
732	84	2	240	7	50	1	20	1	1	rational	weight_732.json
732	84	2	111	7	212	1	21	1	1	rational	weight_732.json
732	84	2	132	7	212	1	22	1	1	rational	weight_732.json
732	84	2	84	7	50	1	23	1	1	rational	weight_732.json
732	84	2	132	7	212	1	24	1	1	rational	weight_732.json
732	84	2	165	7	50	1	25	1	1	rational	weight_732.json
732	84	2	3	7	50	1	26	1	1	rational	weight_732.json
732	84	2	159	7	50	1	27	1	1	rational	weight_732.json
732	84	2	240	7	50	1	28	1	1	rational	weight_732.json
732	84	2	84	7	50	1	29	1	1	rational	weight_732.json
732	84	2	132	7	212	1	30	1	1	rational	weight_732.json
732	84	2	111	7	212	1	31	1	1	rational	weight_732.json
732	84	2	111	7	212	1	32	1	1	rational	weight_732.json
732	84	2	165	7	50	1	33	1	1	rational	weight_732.json
732	84	2	84	7	50	1	34	1	1	rational	weight_732.json
732	84	2	132	7	212	1	35	1	1	rational	weight_732.json
732	84	2	159	7	50	1	36	1	1	rational	weight_732.json
732	84	2	240	7	50	1	37	1	1	rational	weight_732.json
732	84	2	132	7	212	1	38	1	1	rational	weight_732.json
732	84	2	159	7	50	1	39	1	1	rational	weight_732.json
732	84	2	159	7	50	1	40	1	1	rational	weight_732.json
732	84	2	132	7	212	1	41	1	1	rational	weight_732.json
732	84	2	165	7	50	1	42	1	1	rational	weight_732.json
732	84	2	84	7	50	1	43	1	1	rational	weight_732.json
732	84	2	78	7	50	1	44	1	1	rational	weight_732.json
732	84	2	165	7	50	1	45	1	1	rational	weight_732.json
732	84	2	111	7	212	1	46	1	1	rational	weight_732.json
732	84	2	3	7	50	1	47	1	1	rational	weight_732.json
732	84	2	111	7	212	1	48	1	1	rational	weight_732.json
732	84	2	78	7	50	1	49	1	1	rational	weight_732.json
732	84	2	3	7	50	1	50	1	1	rational	weight_732.json
732	84	2	111	7	212	1	51	1	1	rational	weight_732.json
732	84	2	111	7	212	1	52	1	1	rational	weight_732.json
732	84	2	111	7	212	1	53	1	1	rational	weight_732.json
732	84	2	159	7	50	1	54	1	1	rational	weight_732.json
732	84	2	159	7	50	1	55	1	1	rational	weight_732.json
732	84	2	111	7	212	1	56	1	1	rational	weight_732.json
732	84	2	165	7	50	1	57	1	1	rational	weight_732.json
732	84	2	84	7	50	1	58	1	1	rational	weight_732.json
732	84	2	78	7	50	1	59	1	1	rational	weight_732.json
732	84	2	78	7	50	1	60	1	2	rational	weight_732.json
734	86	2	150	7	134	1	1	1	1	rational	weight_734.json
734	86	2	93	7	134	1	2	1	1	rational	weight_734.json
734	86	2	177	7	215	1	3	1	1	rational	weight_734.json
734	86	2	15	7	215	1	4	1	1	rational	weight_734.json
734	86	2	15	7	215	1	5	1	1	rational	weight_734.json
734	86	2	93	7	134	1	6	1	1	rational	weight_734.json
734	86	2	147	7	215	1	7	1	1	rational	weight_734.json
734	86	2	66	7	215	1	8	1	1	rational	weight_734.json
734	86	2	150	7	134	1	9	1	1	rational	weight_734.json
734	86	2	93	7	134	1	10	1	1	rational	weight_734.json
734	86	2	93	7	134	1	11	1	1	rational	weight_734.json
734	86	2	150	7	134	1	12	1	1	rational	weight_734.json
734	86	2	177	7	215	1	13	1	1	rational	weight_734.json
734	86	2	15	7	215	1	14	1	1	rational	weight_734.json
734	86	2	93	7	134	1	15	1	1	rational	weight_734.json
734	86	2	93	7	134	1	16	1	1	rational	weight_734.json
734	86	2	147	7	215	1	17	1	1	rational	weight_734.json
734	86	2	177	7	215	1	18	1	1	rational	weight_734.json
734	86	2	66	7	215	1	19	1	1	rational	weight_734.json
734	86	2	147	7	215	1	20	1	1	rational	weight_734.json
734	86	2	150	7	134	1	21	1	1	rational	weight_734.json
734	86	2	15	7	215	1	22	1	1	rational	weight_734.json
734	86	2	150	7	134	1	23	1	1	rational	weight_734.json
734	86	2	96	7	215	1	24	1	1	rational	weight_734.json
734	86	2	228	7	215	1	25	1	1	rational	weight_734.json
734	86	2	93	7	134	1	26	1	1	rational	weight_734.json
734	86	2	228	7	215	1	27	1	1	rational	weight_734.json
734	86	2	66	7	215	1	28	1	1	rational	weight_734.json
734	86	2	15	7	215	1	29	1	1	rational	weight_734.json
734	86	2	147	7	215	1	30	1	1	rational	weight_734.json
734	86	2	177	7	215	1	31	1	1	rational	weight_734.json
734	86	2	150	7	134	1	32	1	1	rational	weight_734.json
734	86	2	96	7	215	1	33	1	1	rational	weight_734.json
734	86	2	177	7	215	1	34	1	1	rational	weight_734.json
734	86	2	150	7	134	1	35	1	1	rational	weight_734.json
734	86	2	147	7	215	1	36	1	1	rational	weight_734.json
734	86	2	150	7	134	1	37	1	1	rational	weight_734.json
734	86	2	150	7	134	1	38	1	1	rational	weight_734.json
734	86	2	66	7	215	1	39	1	1	rational	weight_734.json
734	86	2	228	7	215	1	40	1	1	rational	weight_734.json
734	86	2	66	7	215	1	41	1	1	rational	weight_734.json
734	86	2	66	7	215	1	42	1	1	rational	weight_734.json
734	86	2	177	7	215	1	43	1	1	rational	weight_734.json
734	86	2	147	7	215	1	44	1	1	rational	weight_734.json
734	86	2	15	7	215	1	45	1	1	rational	weight_734.json
734	86	2	150	7	134	1	46	1	1	rational	weight_734.json
734	86	2	96	7	215	1	47	1	1	rational	weight_734.json
734	86	2	93	7	134	1	48	1	1	rational	weight_734.json
734	86	2	228	7	215	1	49	1	1	rational	weight_734.json
734	86	2	147	7	215	1	50	1	1	rational	weight_734.json
734	86	2	228	7	215	1	51	1	1	rational	weight_734.json
734	86	2	15	7	215	1	52	1	1	rational	weight_734.json
734	86	2	93	7	134	1	53	1	1	rational	weight_734.json
734	86	2	93	7	134	1	54	1	1	rational	weight_734.json
734	86	2	228	7	215	1	55	1	1	rational	weight_734.json
734	86	2	147	7	215	1	56	1	1	rational	weight_734.json
734	86	2	177	7	215	1	57	1	1	rational	weight_734.json
734	86	2	96	7	215	1	58	1	1	rational	weight_734.json
734	86	2	96	7	215	1	59	1	2	rational	weight_734.json
736	88	2	0	7	200	1	1	1	1	rational	weight_736.json
736	88	2	0	7	200	1	2	1	1	rational	weight_736.json
736	88	2	0	7	200	1	3	1	1	rational	weight_736.json
736	88	2	162	7	200	1	4	1	1	rational	weight_736.json
736	88	2	81	7	200	1	5	1	1	rational	weight_736.json
736	88	2	162	7	200	1	6	1	1	rational	weight_736.json
736	88	2	81	7	200	1	7	1	1	rational	weight_736.json
736	88	2	189	7	200	1	8	1	1	rational	weight_736.json
736	88	2	189	7	200	1	9	1	1	rational	weight_736.json
736	88	2	216	7	200	1	10	1	1	rational	weight_736.json
736	88	2	108	7	200	1	11	1	1	rational	weight_736.json
736	88	2	27	7	200	1	12	1	1	rational	weight_736.json
736	88	2	216	7	200	1	13	1	1	rational	weight_736.json
736	88	2	54	7	200	1	14	1	1	rational	weight_736.json
736	88	2	27	7	200	1	15	1	1	rational	weight_736.json
736	88	2	54	7	200	1	16	1	1	rational	weight_736.json
736	88	2	189	7	200	1	17	1	1	rational	weight_736.json
736	88	2	108	7	200	1	18	1	1	rational	weight_736.json
736	88	2	108	7	200	1	19	1	1	rational	weight_736.json
736	88	2	135	7	200	1	20	1	1	rational	weight_736.json
736	88	2	135	7	200	1	21	1	1	rational	weight_736.json
736	88	2	117	7	38	1	22	1	1	rational	weight_736.json
736	88	2	63	7	38	1	23	1	1	rational	weight_736.json
736	88	2	18	7	38	1	24	1	1	rational	weight_736.json
736	88	2	180	7	38	1	25	1	1	rational	weight_736.json
736	88	2	198	7	38	1	26	1	1	rational	weight_736.json
736	88	2	9	7	38	1	27	1	1	rational	weight_736.json
736	88	2	45	7	38	1	28	1	1	rational	weight_736.json
736	88	2	225	7	38	1	29	1	1	rational	weight_736.json
736	88	2	117	7	38	1	30	1	1	rational	weight_736.json
736	88	2	234	7	38	1	31	1	1	rational	weight_736.json
736	88	2	207	7	38	1	32	1	1	rational	weight_736.json
736	88	2	72	7	38	1	33	1	1	rational	weight_736.json
736	88	2	126	7	38	1	34	1	1	rational	weight_736.json
736	88	2	117	7	38	1	35	1	1	rational	weight_736.json
736	88	2	207	7	38	1	36	1	1	rational	weight_736.json
736	88	2	126	7	38	1	37	1	1	rational	weight_736.json
736	88	2	36	7	38	1	38	1	1	rational	weight_736.json
736	88	2	225	7	38	1	39	1	1	rational	weight_736.json
736	88	2	36	7	38	1	40	1	1	rational	weight_736.json
736	88	2	63	7	38	1	41	1	1	rational	weight_736.json
736	88	2	144	7	38	1	42	1	1	rational	weight_736.json
736	88	2	45	7	38	1	43	1	1	rational	weight_736.json
736	88	2	144	7	38	1	44	1	1	rational	weight_736.json
736	88	2	198	7	38	1	45	1	1	rational	weight_736.json
736	88	2	99	7	38	1	46	1	1	rational	weight_736.json
736	88	2	171	7	38	1	47	1	1	rational	weight_736.json
736	88	2	180	7	38	1	48	1	1	rational	weight_736.json
736	88	2	99	7	38	1	49	1	1	rational	weight_736.json
736	88	2	18	7	38	1	50	1	1	rational	weight_736.json
736	88	2	63	7	38	1	51	1	1	rational	weight_736.json
736	88	2	weight_736.json#orbit=1,place=52,coordinate=0	7	weight_736.json#orbit=1,place=52,coordinate=1	1	52	1	2	algebraic	weight_736.json
736	88	2	weight_736.json#orbit=1,place=53,coordinate=0	7	weight_736.json#orbit=1,place=53,coordinate=1	1	53	1	2	algebraic	weight_736.json
736	88	2	weight_736.json#orbit=1,place=54,coordinate=0	7	weight_736.json#orbit=1,place=54,coordinate=1	1	54	1	2	algebraic	weight_736.json
736	88	2	weight_736.json#orbit=1,place=55,coordinate=0	7	weight_736.json#orbit=1,place=55,coordinate=1	1	55	1	2	algebraic	weight_736.json
736	88	2	weight_736.json#orbit=1,place=56,coordinate=0	7	weight_736.json#orbit=1,place=56,coordinate=1	1	56	1	2	algebraic	weight_736.json
738	90	2	66	7	194	1	1	1	1	rational	weight_738.json
738	90	2	96	7	194	1	2	1	1	rational	weight_738.json
738	90	2	147	7	194	1	3	1	1	rational	weight_738.json
738	90	2	96	7	194	1	4	1	1	rational	weight_738.json
738	90	2	12	7	113	1	5	1	1	rational	weight_738.json
738	90	2	177	7	194	1	6	1	1	rational	weight_738.json
738	90	2	231	7	113	1	7	1	1	rational	weight_738.json
738	90	2	177	7	194	1	8	1	1	rational	weight_738.json
738	90	2	15	7	194	1	9	1	1	rational	weight_738.json
738	90	2	12	7	113	1	10	1	1	rational	weight_738.json
738	90	2	147	7	194	1	11	1	1	rational	weight_738.json
738	90	2	12	7	113	1	12	1	1	rational	weight_738.json
738	90	2	231	7	113	1	13	1	1	rational	weight_738.json
738	90	2	231	7	113	1	14	1	1	rational	weight_738.json
738	90	2	12	7	113	1	15	1	1	rational	weight_738.json
738	90	2	231	7	113	1	16	1	1	rational	weight_738.json
738	90	2	66	7	194	1	17	1	1	rational	weight_738.json
738	90	2	15	7	194	1	18	1	1	rational	weight_738.json
738	90	2	66	7	194	1	19	1	1	rational	weight_738.json
738	90	2	177	7	194	1	20	1	1	rational	weight_738.json
738	90	2	147	7	194	1	21	1	1	rational	weight_738.json
738	90	2	66	7	194	1	22	1	1	rational	weight_738.json
738	90	2	96	7	194	1	23	1	1	rational	weight_738.json
738	90	2	228	7	194	1	24	1	1	rational	weight_738.json
738	90	2	228	7	194	1	25	1	1	rational	weight_738.json
738	90	2	231	7	113	1	26	1	1	rational	weight_738.json
738	90	2	12	7	113	1	27	1	1	rational	weight_738.json
738	90	2	228	7	194	1	28	1	1	rational	weight_738.json
738	90	2	147	7	194	1	29	1	1	rational	weight_738.json
738	90	2	12	7	113	1	30	1	1	rational	weight_738.json
738	90	2	228	7	194	1	31	1	1	rational	weight_738.json
738	90	2	147	7	194	1	32	1	1	rational	weight_738.json
738	90	2	177	7	194	1	33	1	1	rational	weight_738.json
738	90	2	177	7	194	1	34	1	1	rational	weight_738.json
738	90	2	147	7	194	1	35	1	1	rational	weight_738.json
738	90	2	228	7	194	1	36	1	1	rational	weight_738.json
738	90	2	15	7	194	1	37	1	1	rational	weight_738.json
738	90	2	66	7	194	1	38	1	1	rational	weight_738.json
738	90	2	15	7	194	1	39	1	1	rational	weight_738.json
738	90	2	15	7	194	1	40	1	1	rational	weight_738.json
738	90	2	12	7	113	1	41	1	1	rational	weight_738.json
738	90	2	177	7	194	1	42	1	1	rational	weight_738.json
738	90	2	12	7	113	1	43	1	1	rational	weight_738.json
738	90	2	177	7	194	1	44	1	1	rational	weight_738.json
738	90	2	231	7	113	1	45	1	1	rational	weight_738.json
738	90	2	231	7	113	1	46	1	1	rational	weight_738.json
738	90	2	228	7	194	1	47	1	1	rational	weight_738.json
738	90	2	12	7	113	1	48	1	1	rational	weight_738.json
738	90	2	147	7	194	1	49	1	1	rational	weight_738.json
738	90	2	15	7	194	1	50	1	1	rational	weight_738.json
738	90	2	231	7	113	1	51	1	1	rational	weight_738.json
738	90	2	66	7	194	1	52	1	1	rational	weight_738.json
738	90	2	15	7	194	1	53	1	1	rational	weight_738.json
738	90	2	12	7	113	1	54	1	1	rational	weight_738.json
738	90	2	147	7	194	1	55	1	1	rational	weight_738.json
738	90	2	231	7	113	1	56	1	1	rational	weight_738.json
738	90	2	228	7	194	1	57	1	1	rational	weight_738.json
738	90	2	96	7	194	1	58	1	1	rational	weight_738.json
738	90	2	231	7	113	1	59	1	1	rational	weight_738.json
738	90	2	96	7	194	1	60	1	2	rational	weight_738.json
740	92	2	3	7	224	1	1	1	1	rational	weight_740.json
740	92	2	51	7	143	1	2	1	1	rational	weight_740.json
740	92	2	192	7	143	1	3	1	1	rational	weight_740.json
740	92	2	192	7	143	1	4	1	1	rational	weight_740.json
740	92	2	240	7	224	1	5	1	1	rational	weight_740.json
740	92	2	192	7	143	1	6	1	1	rational	weight_740.json
740	92	2	84	7	224	1	7	1	1	rational	weight_740.json
740	92	2	78	7	224	1	8	1	1	rational	weight_740.json
740	92	2	51	7	143	1	9	1	1	rational	weight_740.json
740	92	2	78	7	224	1	10	1	1	rational	weight_740.json
740	92	2	192	7	143	1	11	1	1	rational	weight_740.json
740	92	2	192	7	143	1	12	1	1	rational	weight_740.json
740	92	2	192	7	143	1	13	1	1	rational	weight_740.json
740	92	2	165	7	224	1	14	1	1	rational	weight_740.json
740	92	2	51	7	143	1	15	1	1	rational	weight_740.json
740	92	2	240	7	224	1	16	1	1	rational	weight_740.json
740	92	2	51	7	143	1	17	1	1	rational	weight_740.json
740	92	2	165	7	224	1	18	1	1	rational	weight_740.json
740	92	2	78	7	224	1	19	1	1	rational	weight_740.json
740	92	2	84	7	224	1	20	1	1	rational	weight_740.json
740	92	2	192	7	143	1	21	1	1	rational	weight_740.json
740	92	2	159	7	224	1	22	1	1	rational	weight_740.json
740	92	2	78	7	224	1	23	1	1	rational	weight_740.json
740	92	2	3	7	224	1	24	1	1	rational	weight_740.json
740	92	2	84	7	224	1	25	1	1	rational	weight_740.json
740	92	2	240	7	224	1	26	1	1	rational	weight_740.json
740	92	2	3	7	224	1	27	1	1	rational	weight_740.json
740	92	2	84	7	224	1	28	1	1	rational	weight_740.json
740	92	2	51	7	143	1	29	1	1	rational	weight_740.json
740	92	2	192	7	143	1	30	1	1	rational	weight_740.json
740	92	2	3	7	224	1	31	1	1	rational	weight_740.json
740	92	2	159	7	224	1	32	1	1	rational	weight_740.json
740	92	2	159	7	224	1	33	1	1	rational	weight_740.json
740	92	2	78	7	224	1	34	1	1	rational	weight_740.json
740	92	2	51	7	143	1	35	1	1	rational	weight_740.json
740	92	2	240	7	224	1	36	1	1	rational	weight_740.json
740	92	2	78	7	224	1	37	1	1	rational	weight_740.json
740	92	2	165	7	224	1	38	1	1	rational	weight_740.json
740	92	2	78	7	224	1	39	1	1	rational	weight_740.json
740	92	2	159	7	224	1	40	1	1	rational	weight_740.json
740	92	2	78	7	224	1	41	1	1	rational	weight_740.json
740	92	2	84	7	224	1	42	1	1	rational	weight_740.json
740	92	2	3	7	224	1	43	1	1	rational	weight_740.json
740	92	2	84	7	224	1	44	1	1	rational	weight_740.json
740	92	2	84	7	224	1	45	1	1	rational	weight_740.json
740	92	2	3	7	224	1	46	1	1	rational	weight_740.json
740	92	2	192	7	143	1	47	1	1	rational	weight_740.json
740	92	2	51	7	143	1	48	1	1	rational	weight_740.json
740	92	2	51	7	143	1	49	1	1	rational	weight_740.json
740	92	2	51	7	143	1	50	1	1	rational	weight_740.json
740	92	2	240	7	224	1	51	1	1	rational	weight_740.json
740	92	2	51	7	143	1	52	1	1	rational	weight_740.json
740	92	2	192	7	143	1	53	1	1	rational	weight_740.json
740	92	2	240	7	224	1	54	1	1	rational	weight_740.json
740	92	2	3	7	224	1	55	1	1	rational	weight_740.json
740	92	2	159	7	224	1	56	1	1	rational	weight_740.json
740	92	2	240	7	224	1	57	1	1	rational	weight_740.json
740	92	2	165	7	224	1	58	1	1	rational	weight_740.json
740	92	2	159	7	224	1	59	1	1	rational	weight_740.json
740	92	2	165	7	224	1	60	1	2	rational	weight_740.json
742	94	2	0	7	74	1	1	1	1	rational	weight_742.json
742	94	2	0	7	74	1	2	1	1	rational	weight_742.json
742	94	2	0	7	74	1	3	1	1	rational	weight_742.json
742	94	2	162	7	74	1	4	1	1	rational	weight_742.json
742	94	2	81	7	74	1	5	1	1	rational	weight_742.json
742	94	2	162	7	74	1	6	1	1	rational	weight_742.json
742	94	2	81	7	74	1	7	1	1	rational	weight_742.json
742	94	2	135	7	74	1	8	1	1	rational	weight_742.json
742	94	2	108	7	74	1	9	1	1	rational	weight_742.json
742	94	2	189	7	74	1	10	1	1	rational	weight_742.json
742	94	2	135	7	74	1	11	1	1	rational	weight_742.json
742	94	2	216	7	74	1	12	1	1	rational	weight_742.json
742	94	2	216	7	74	1	13	1	1	rational	weight_742.json
742	94	2	54	7	74	1	14	1	1	rational	weight_742.json
742	94	2	27	7	74	1	15	1	1	rational	weight_742.json
742	94	2	54	7	74	1	16	1	1	rational	weight_742.json
742	94	2	54	7	74	1	17	1	1	rational	weight_742.json
742	94	2	27	7	74	1	18	1	1	rational	weight_742.json
742	94	2	189	7	74	1	19	1	1	rational	weight_742.json
742	94	2	108	7	74	1	20	1	1	rational	weight_742.json
742	94	2	99	7	155	1	21	1	1	rational	weight_742.json
742	94	2	72	7	155	1	22	1	1	rational	weight_742.json
742	94	2	225	7	155	1	23	1	1	rational	weight_742.json
742	94	2	117	7	155	1	24	1	1	rational	weight_742.json
742	94	2	90	7	155	1	25	1	1	rational	weight_742.json
742	94	2	225	7	155	1	26	1	1	rational	weight_742.json
742	94	2	63	7	155	1	27	1	1	rational	weight_742.json
742	94	2	126	7	155	1	28	1	1	rational	weight_742.json
742	94	2	126	7	155	1	29	1	1	rational	weight_742.json
742	94	2	171	7	155	1	30	1	1	rational	weight_742.json
742	94	2	225	7	155	1	31	1	1	rational	weight_742.json
742	94	2	63	7	155	1	32	1	1	rational	weight_742.json
742	94	2	45	7	155	1	33	1	1	rational	weight_742.json
742	94	2	99	7	155	1	34	1	1	rational	weight_742.json
742	94	2	18	7	155	1	35	1	1	rational	weight_742.json
742	94	2	180	7	155	1	36	1	1	rational	weight_742.json
742	94	2	117	7	155	1	37	1	1	rational	weight_742.json
742	94	2	180	7	155	1	38	1	1	rational	weight_742.json
742	94	2	207	7	155	1	39	1	1	rational	weight_742.json
742	94	2	207	7	155	1	40	1	1	rational	weight_742.json
742	94	2	198	7	155	1	41	1	1	rational	weight_742.json
742	94	2	18	7	155	1	42	1	1	rational	weight_742.json
742	94	2	45	7	155	1	43	1	1	rational	weight_742.json
742	94	2	36	7	155	1	44	1	1	rational	weight_742.json
742	94	2	153	7	155	1	45	1	1	rational	weight_742.json
742	94	2	36	7	155	1	46	1	1	rational	weight_742.json
742	94	2	198	7	155	1	47	1	1	rational	weight_742.json
742	94	2	144	7	155	1	48	1	1	rational	weight_742.json
742	94	2	144	7	155	1	49	1	1	rational	weight_742.json
742	94	2	18	7	155	1	50	1	1	rational	weight_742.json
742	94	2	207	7	155	1	51	1	1	rational	weight_742.json
742	94	2	weight_742.json#orbit=1,place=52,coordinate=0	7	weight_742.json#orbit=1,place=52,coordinate=1	1	52	1	2	algebraic	weight_742.json
742	94	2	weight_742.json#orbit=1,place=53,coordinate=0	7	weight_742.json#orbit=1,place=53,coordinate=1	1	53	1	2	algebraic	weight_742.json
742	94	2	weight_742.json#orbit=1,place=54,coordinate=0	7	weight_742.json#orbit=1,place=54,coordinate=1	1	54	1	2	algebraic	weight_742.json
742	94	2	weight_742.json#orbit=1,place=55,coordinate=0	7	weight_742.json#orbit=1,place=55,coordinate=1	1	55	1	2	algebraic	weight_742.json
742	94	2	weight_742.json#orbit=1,place=56,coordinate=0	7	weight_742.json#orbit=1,place=56,coordinate=1	1	56	1	2	algebraic	weight_742.json
744	96	2	210	7	176	1	1	1	1	rational	weight_744.json
744	96	2	33	7	176	1	2	1	1	rational	weight_744.json
744	96	2	21	7	14	1	3	1	1	rational	weight_744.json
744	96	2	141	7	14	1	4	1	1	rational	weight_744.json
744	96	2	183	7	14	1	5	1	1	rational	weight_744.json
744	96	2	102	7	14	1	6	1	1	rational	weight_744.json
744	96	2	60	7	14	1	7	1	1	rational	weight_744.json
744	96	2	141	7	14	1	8	1	1	rational	weight_744.json
744	96	2	141	7	14	1	9	1	1	rational	weight_744.json
744	96	2	33	7	176	1	10	1	1	rational	weight_744.json
744	96	2	210	7	176	1	11	1	1	rational	weight_744.json
744	96	2	33	7	176	1	12	1	1	rational	weight_744.json
744	96	2	102	7	14	1	13	1	1	rational	weight_744.json
744	96	2	183	7	14	1	14	1	1	rational	weight_744.json
744	96	2	183	7	14	1	15	1	1	rational	weight_744.json
744	96	2	210	7	176	1	16	1	1	rational	weight_744.json
744	96	2	21	7	14	1	17	1	1	rational	weight_744.json
744	96	2	222	7	14	1	18	1	1	rational	weight_744.json
744	96	2	210	7	176	1	19	1	1	rational	weight_744.json
744	96	2	60	7	14	1	20	1	1	rational	weight_744.json
744	96	2	60	7	14	1	21	1	1	rational	weight_744.json
744	96	2	60	7	14	1	22	1	1	rational	weight_744.json
744	96	2	210	7	176	1	23	1	1	rational	weight_744.json
744	96	2	33	7	176	1	24	1	1	rational	weight_744.json
744	96	2	222	7	14	1	25	1	1	rational	weight_744.json
744	96	2	33	7	176	1	26	1	1	rational	weight_744.json
744	96	2	33	7	176	1	27	1	1	rational	weight_744.json
744	96	2	102	7	14	1	28	1	1	rational	weight_744.json
744	96	2	222	7	14	1	29	1	1	rational	weight_744.json
744	96	2	21	7	14	1	30	1	1	rational	weight_744.json
744	96	2	222	7	14	1	31	1	1	rational	weight_744.json
744	96	2	102	7	14	1	32	1	1	rational	weight_744.json
744	96	2	183	7	14	1	33	1	1	rational	weight_744.json
744	96	2	210	7	176	1	34	1	1	rational	weight_744.json
744	96	2	210	7	176	1	35	1	1	rational	weight_744.json
744	96	2	21	7	14	1	36	1	1	rational	weight_744.json
744	96	2	210	7	176	1	37	1	1	rational	weight_744.json
744	96	2	102	7	14	1	38	1	1	rational	weight_744.json
744	96	2	33	7	176	1	39	1	1	rational	weight_744.json
744	96	2	102	7	14	1	40	1	1	rational	weight_744.json
744	96	2	141	7	14	1	41	1	1	rational	weight_744.json
744	96	2	21	7	14	1	42	1	1	rational	weight_744.json
744	96	2	60	7	14	1	43	1	1	rational	weight_744.json
744	96	2	210	7	176	1	44	1	1	rational	weight_744.json
744	96	2	222	7	14	1	45	1	1	rational	weight_744.json
744	96	2	210	7	176	1	46	1	1	rational	weight_744.json
744	96	2	102	7	14	1	47	1	1	rational	weight_744.json
744	96	2	60	7	14	1	48	1	1	rational	weight_744.json
744	96	2	210	7	176	1	49	1	1	rational	weight_744.json
744	96	2	21	7	14	1	50	1	1	rational	weight_744.json
744	96	2	33	7	176	1	51	1	1	rational	weight_744.json
744	96	2	222	7	14	1	52	1	1	rational	weight_744.json
744	96	2	21	7	14	1	53	1	1	rational	weight_744.json
744	96	2	141	7	14	1	54	1	1	rational	weight_744.json
744	96	2	60	7	14	1	55	1	1	rational	weight_744.json
744	96	2	60	7	14	1	56	1	1	rational	weight_744.json
744	96	2	33	7	176	1	57	1	1	rational	weight_744.json
744	96	2	141	7	14	1	58	1	1	rational	weight_744.json
744	96	2	33	7	176	1	59	1	1	rational	weight_744.json
744	96	2	222	7	14	1	60	1	1	rational	weight_744.json
744	96	2	183	7	14	1	61	1	2	rational	weight_744.json
746	98	2	21	7	71	1	1	1	1	rational	weight_746.json
746	98	2	222	7	71	1	2	1	1	rational	weight_746.json
746	98	2	75	7	152	1	3	1	1	rational	weight_746.json
746	98	2	156	7	152	1	4	1	1	rational	weight_746.json
746	98	2	237	7	152	1	5	1	1	rational	weight_746.json
746	98	2	168	7	152	1	6	1	1	rational	weight_746.json
746	98	2	222	7	71	1	7	1	1	rational	weight_746.json
746	98	2	6	7	152	1	8	1	1	rational	weight_746.json
746	98	2	222	7	71	1	9	1	1	rational	weight_746.json
746	98	2	87	7	152	1	10	1	1	rational	weight_746.json
746	98	2	222	7	71	1	11	1	1	rational	weight_746.json
746	98	2	6	7	152	1	12	1	1	rational	weight_746.json
746	98	2	75	7	152	1	13	1	1	rational	weight_746.json
746	98	2	222	7	71	1	14	1	1	rational	weight_746.json
746	98	2	87	7	152	1	15	1	1	rational	weight_746.json
746	98	2	237	7	152	1	16	1	1	rational	weight_746.json
746	98	2	237	7	152	1	17	1	1	rational	weight_746.json
746	98	2	75	7	152	1	18	1	1	rational	weight_746.json
746	98	2	75	7	152	1	19	1	1	rational	weight_746.json
746	98	2	156	7	152	1	20	1	1	rational	weight_746.json
746	98	2	168	7	152	1	21	1	1	rational	weight_746.json
746	98	2	75	7	152	1	22	1	1	rational	weight_746.json
746	98	2	222	7	71	1	23	1	1	rational	weight_746.json
746	98	2	87	7	152	1	24	1	1	rational	weight_746.json
746	98	2	156	7	152	1	25	1	1	rational	weight_746.json
746	98	2	168	7	152	1	26	1	1	rational	weight_746.json
746	98	2	6	7	152	1	27	1	1	rational	weight_746.json
746	98	2	237	7	152	1	28	1	1	rational	weight_746.json
746	98	2	21	7	71	1	29	1	1	rational	weight_746.json
746	98	2	87	7	152	1	30	1	1	rational	weight_746.json
746	98	2	237	7	152	1	31	1	1	rational	weight_746.json
746	98	2	168	7	152	1	32	1	1	rational	weight_746.json
746	98	2	168	7	152	1	33	1	1	rational	weight_746.json
746	98	2	21	7	71	1	34	1	1	rational	weight_746.json
746	98	2	21	7	71	1	35	1	1	rational	weight_746.json
746	98	2	21	7	71	1	36	1	1	rational	weight_746.json
746	98	2	21	7	71	1	37	1	1	rational	weight_746.json
746	98	2	156	7	152	1	38	1	1	rational	weight_746.json
746	98	2	168	7	152	1	39	1	1	rational	weight_746.json
746	98	2	6	7	152	1	40	1	1	rational	weight_746.json
746	98	2	222	7	71	1	41	1	1	rational	weight_746.json
746	98	2	237	7	152	1	42	1	1	rational	weight_746.json
746	98	2	21	7	71	1	43	1	1	rational	weight_746.json
746	98	2	87	7	152	1	44	1	1	rational	weight_746.json
746	98	2	21	7	71	1	45	1	1	rational	weight_746.json
746	98	2	21	7	71	1	46	1	1	rational	weight_746.json
746	98	2	156	7	152	1	47	1	1	rational	weight_746.json
746	98	2	222	7	71	1	48	1	1	rational	weight_746.json
746	98	2	6	7	152	1	49	1	1	rational	weight_746.json
746	98	2	87	7	152	1	50	1	1	rational	weight_746.json
746	98	2	156	7	152	1	51	1	1	rational	weight_746.json
746	98	2	6	7	152	1	52	1	1	rational	weight_746.json
746	98	2	222	7	71	1	53	1	1	rational	weight_746.json
746	98	2	156	7	152	1	54	1	1	rational	weight_746.json
746	98	2	222	7	71	1	55	1	1	rational	weight_746.json
746	98	2	75	7	152	1	56	1	1	rational	weight_746.json
746	98	2	6	7	152	1	57	1	1	rational	weight_746.json
746	98	2	21	7	71	1	58	1	1	rational	weight_746.json
746	98	2	237	7	152	1	59	1	1	rational	weight_746.json
746	98	2	222	7	71	1	60	1	1	rational	weight_746.json
746	98	2	168	7	152	1	61	1	1	rational	weight_746.json
748	100	2	0	7	110	1	1	1	1	rational	weight_748.json
748	100	2	0	7	110	1	2	1	1	rational	weight_748.json
748	100	2	0	7	110	1	3	1	1	rational	weight_748.json
748	100	2	81	7	110	1	4	1	1	rational	weight_748.json
748	100	2	81	7	110	1	5	1	1	rational	weight_748.json
748	100	2	162	7	110	1	6	1	1	rational	weight_748.json
748	100	2	162	7	110	1	7	1	1	rational	weight_748.json
748	100	2	135	7	110	1	8	1	1	rational	weight_748.json
748	100	2	135	7	110	1	9	1	1	rational	weight_748.json
748	100	2	108	7	110	1	10	1	1	rational	weight_748.json
748	100	2	216	7	110	1	11	1	1	rational	weight_748.json
748	100	2	27	7	110	1	12	1	1	rational	weight_748.json
748	100	2	108	7	110	1	13	1	1	rational	weight_748.json
748	100	2	216	7	110	1	14	1	1	rational	weight_748.json
748	100	2	54	7	110	1	15	1	1	rational	weight_748.json
748	100	2	27	7	110	1	16	1	1	rational	weight_748.json
748	100	2	54	7	110	1	17	1	1	rational	weight_748.json
748	100	2	189	7	110	1	18	1	1	rational	weight_748.json
748	100	2	189	7	110	1	19	1	1	rational	weight_748.json
748	100	2	189	7	110	1	20	1	1	rational	weight_748.json
748	100	2	36	7	191	1	21	1	1	rational	weight_748.json
748	100	2	18	7	191	1	22	1	1	rational	weight_748.json
748	100	2	207	7	191	1	23	1	1	rational	weight_748.json
748	100	2	36	7	191	1	24	1	1	rational	weight_748.json
748	100	2	207	7	191	1	25	1	1	rational	weight_748.json
748	100	2	18	7	191	1	26	1	1	rational	weight_748.json
748	100	2	225	7	191	1	27	1	1	rational	weight_748.json
748	100	2	36	7	191	1	28	1	1	rational	weight_748.json
748	100	2	225	7	191	1	29	1	1	rational	weight_748.json
748	100	2	18	7	191	1	30	1	1	rational	weight_748.json
748	100	2	207	7	191	1	31	1	1	rational	weight_748.json
748	100	2	225	7	191	1	32	1	1	rational	weight_748.json
748	100	2	207	7	191	1	33	1	1	rational	weight_748.json
748	100	2	18	7	191	1	34	1	1	rational	weight_748.json
748	100	2	weight_748.json#orbit=1,place=35,coordinate=0	7	weight_748.json#orbit=1,place=35,coordinate=1	1	35	1	2	algebraic	weight_748.json
748	100	2	weight_748.json#orbit=1,place=36,coordinate=0	7	weight_748.json#orbit=1,place=36,coordinate=1	1	36	1	2	algebraic	weight_748.json
748	100	2	weight_748.json#orbit=1,place=37,coordinate=0	7	weight_748.json#orbit=1,place=37,coordinate=1	1	37	1	2	algebraic	weight_748.json
748	100	2	weight_748.json#orbit=1,place=38,coordinate=0	7	weight_748.json#orbit=1,place=38,coordinate=1	1	38	1	2	algebraic	weight_748.json
748	100	2	weight_748.json#orbit=1,place=39,coordinate=0	7	weight_748.json#orbit=1,place=39,coordinate=1	1	39	1	2	algebraic	weight_748.json
748	100	2	weight_748.json#orbit=1,place=40,coordinate=0	7	weight_748.json#orbit=1,place=40,coordinate=1	1	40	1	2	algebraic	weight_748.json
748	100	2	weight_748.json#orbit=1,place=41,coordinate=0	7	weight_748.json#orbit=1,place=41,coordinate=1	1	41	1	2	algebraic	weight_748.json
748	100	2	weight_748.json#orbit=1,place=42,coordinate=0	7	weight_748.json#orbit=1,place=42,coordinate=1	1	42	1	2	algebraic	weight_748.json
748	100	2	weight_748.json#orbit=1,place=43,coordinate=0	7	weight_748.json#orbit=1,place=43,coordinate=1	1	43	1	2	algebraic	weight_748.json
748	100	2	weight_748.json#orbit=1,place=44,coordinate=0	7	weight_748.json#orbit=1,place=44,coordinate=1	1	44	1	2	algebraic	weight_748.json
748	100	2	weight_748.json#orbit=1,place=45,coordinate=0	7	weight_748.json#orbit=1,place=45,coordinate=1	1	45	1	2	algebraic	weight_748.json
748	100	2	weight_748.json#orbit=1,place=46,coordinate=0	7	weight_748.json#orbit=1,place=46,coordinate=1	1	46	1	2	algebraic	weight_748.json
748	100	2	weight_748.json#orbit=1,place=47,coordinate=0	7	weight_748.json#orbit=1,place=47,coordinate=1	1	47	1	2	algebraic	weight_748.json
748	100	2	weight_748.json#orbit=1,place=48,coordinate=0	7	weight_748.json#orbit=1,place=48,coordinate=1	1	48	1	2	algebraic	weight_748.json
750	102	2	132	7	239	1	1	1	1	rational	weight_750.json
750	102	2	219	7	158	1	2	1	1	rational	weight_750.json
750	102	2	111	7	239	1	3	1	1	rational	weight_750.json
750	102	2	219	7	158	1	4	1	1	rational	weight_750.json
750	102	2	219	7	158	1	5	1	1	rational	weight_750.json
750	102	2	192	7	239	1	6	1	1	rational	weight_750.json
750	102	2	30	7	239	1	7	1	1	rational	weight_750.json
750	102	2	219	7	158	1	8	1	1	rational	weight_750.json
750	102	2	219	7	158	1	9	1	1	rational	weight_750.json
750	102	2	24	7	158	1	10	1	1	rational	weight_750.json
750	102	2	51	7	239	1	11	1	1	rational	weight_750.json
750	102	2	213	7	239	1	12	1	1	rational	weight_750.json
750	102	2	192	7	239	1	13	1	1	rational	weight_750.json
750	102	2	24	7	158	1	14	1	1	rational	weight_750.json
750	102	2	132	7	239	1	15	1	1	rational	weight_750.json
750	102	2	219	7	158	1	16	1	1	rational	weight_750.json
750	102	2	213	7	239	1	17	1	1	rational	weight_750.json
750	102	2	24	7	158	1	18	1	1	rational	weight_750.json
750	102	2	24	7	158	1	19	1	1	rational	weight_750.json
750	102	2	24	7	158	1	20	1	1	rational	weight_750.json
750	102	2	51	7	239	1	21	1	1	rational	weight_750.json
750	102	2	132	7	239	1	22	1	1	rational	weight_750.json
750	102	2	111	7	239	1	23	1	1	rational	weight_750.json
750	102	2	132	7	239	1	24	1	1	rational	weight_750.json
750	102	2	30	7	239	1	25	1	1	rational	weight_750.json
750	102	2	51	7	239	1	26	1	1	rational	weight_750.json
750	102	2	111	7	239	1	27	1	1	rational	weight_750.json
750	102	2	30	7	239	1	28	1	1	rational	weight_750.json
750	102	2	213	7	239	1	29	1	1	rational	weight_750.json
750	102	2	111	7	239	1	30	1	1	rational	weight_750.json
750	102	2	192	7	239	1	31	1	1	rational	weight_750.json
750	102	2	24	7	158	1	32	1	1	rational	weight_750.json
750	102	2	24	7	158	1	33	1	1	rational	weight_750.json
750	102	2	30	7	239	1	34	1	1	rational	weight_750.json
750	102	2	51	7	239	1	35	1	1	rational	weight_750.json
750	102	2	51	7	239	1	36	1	1	rational	weight_750.json
750	102	2	30	7	239	1	37	1	1	rational	weight_750.json
750	102	2	213	7	239	1	38	1	1	rational	weight_750.json
750	102	2	30	7	239	1	39	1	1	rational	weight_750.json
750	102	2	132	7	239	1	40	1	1	rational	weight_750.json
750	102	2	192	7	239	1	41	1	1	rational	weight_750.json
750	102	2	192	7	239	1	42	1	1	rational	weight_750.json
750	102	2	192	7	239	1	43	1	1	rational	weight_750.json
750	102	2	111	7	239	1	44	1	1	rational	weight_750.json
750	102	2	219	7	158	1	45	1	1	rational	weight_750.json
750	102	2	132	7	239	1	46	1	1	rational	weight_750.json
750	102	2	24	7	158	1	47	1	1	rational	weight_750.json
750	102	2	219	7	158	1	48	1	1	rational	weight_750.json
750	102	2	219	7	158	1	49	1	1	rational	weight_750.json
750	102	2	30	7	239	1	50	1	1	rational	weight_750.json
750	102	2	213	7	239	1	51	1	1	rational	weight_750.json
750	102	2	111	7	239	1	52	1	1	rational	weight_750.json
750	102	2	219	7	158	1	53	1	1	rational	weight_750.json
750	102	2	51	7	239	1	54	1	1	rational	weight_750.json
750	102	2	24	7	158	1	55	1	1	rational	weight_750.json
750	102	2	51	7	239	1	56	1	1	rational	weight_750.json
750	102	2	192	7	239	1	57	1	1	rational	weight_750.json
750	102	2	111	7	239	1	58	1	1	rational	weight_750.json
750	102	2	24	7	158	1	59	1	1	rational	weight_750.json
750	102	2	24	7	158	1	60	1	1	rational	weight_750.json
750	102	2	132	7	239	1	61	1	1	rational	weight_750.json
750	102	2	213	7	239	1	62	1	1	rational	weight_750.json
752	104	2	123	7	242	1	1	1	1	rational	weight_752.json
752	104	2	66	7	161	1	2	1	1	rational	weight_752.json
752	104	2	66	7	161	1	3	1	1	rational	weight_752.json
752	104	2	120	7	242	1	4	1	1	rational	weight_752.json
752	104	2	39	7	242	1	5	1	1	rational	weight_752.json
752	104	2	120	7	242	1	6	1	1	rational	weight_752.json
752	104	2	204	7	242	1	7	1	1	rational	weight_752.json
752	104	2	201	7	242	1	8	1	1	rational	weight_752.json
752	104	2	42	7	242	1	9	1	1	rational	weight_752.json
752	104	2	204	7	242	1	10	1	1	rational	weight_752.json
752	104	2	39	7	242	1	11	1	1	rational	weight_752.json
752	104	2	201	7	242	1	12	1	1	rational	weight_752.json
752	104	2	39	7	242	1	13	1	1	rational	weight_752.json
752	104	2	123	7	242	1	14	1	1	rational	weight_752.json
752	104	2	204	7	242	1	15	1	1	rational	weight_752.json
752	104	2	123	7	242	1	16	1	1	rational	weight_752.json
752	104	2	177	7	161	1	17	1	1	rational	weight_752.json
752	104	2	204	7	242	1	18	1	1	rational	weight_752.json
752	104	2	201	7	242	1	19	1	1	rational	weight_752.json
752	104	2	120	7	242	1	20	1	1	rational	weight_752.json
752	104	2	39	7	242	1	21	1	1	rational	weight_752.json
752	104	2	177	7	161	1	22	1	1	rational	weight_752.json
752	104	2	120	7	242	1	23	1	1	rational	weight_752.json
752	104	2	177	7	161	1	24	1	1	rational	weight_752.json
752	104	2	177	7	161	1	25	1	1	rational	weight_752.json
752	104	2	39	7	242	1	26	1	1	rational	weight_752.json
752	104	2	42	7	242	1	27	1	1	rational	weight_752.json
752	104	2	66	7	161	1	28	1	1	rational	weight_752.json
752	104	2	66	7	161	1	29	1	1	rational	weight_752.json
752	104	2	66	7	161	1	30	1	1	rational	weight_752.json
752	104	2	201	7	242	1	31	1	1	rational	weight_752.json
752	104	2	177	7	161	1	32	1	1	rational	weight_752.json
752	104	2	177	7	161	1	33	1	1	rational	weight_752.json
752	104	2	177	7	161	1	34	1	1	rational	weight_752.json
752	104	2	39	7	242	1	35	1	1	rational	weight_752.json
752	104	2	42	7	242	1	36	1	1	rational	weight_752.json
752	104	2	39	7	242	1	37	1	1	rational	weight_752.json
752	104	2	66	7	161	1	38	1	1	rational	weight_752.json
752	104	2	204	7	242	1	39	1	1	rational	weight_752.json
752	104	2	120	7	242	1	40	1	1	rational	weight_752.json
752	104	2	201	7	242	1	41	1	1	rational	weight_752.json
752	104	2	177	7	161	1	42	1	1	rational	weight_752.json
752	104	2	204	7	242	1	43	1	1	rational	weight_752.json
752	104	2	201	7	242	1	44	1	1	rational	weight_752.json
752	104	2	66	7	161	1	45	1	1	rational	weight_752.json
752	104	2	66	7	161	1	46	1	1	rational	weight_752.json
752	104	2	120	7	242	1	47	1	1	rational	weight_752.json
752	104	2	42	7	242	1	48	1	1	rational	weight_752.json
752	104	2	42	7	242	1	49	1	1	rational	weight_752.json
752	104	2	42	7	242	1	50	1	1	rational	weight_752.json
752	104	2	66	7	161	1	51	1	1	rational	weight_752.json
752	104	2	66	7	161	1	52	1	1	rational	weight_752.json
752	104	2	42	7	242	1	53	1	1	rational	weight_752.json
752	104	2	123	7	242	1	54	1	1	rational	weight_752.json
752	104	2	204	7	242	1	55	1	1	rational	weight_752.json
752	104	2	123	7	242	1	56	1	1	rational	weight_752.json
752	104	2	177	7	161	1	57	1	1	rational	weight_752.json
752	104	2	177	7	161	1	58	1	1	rational	weight_752.json
752	104	2	66	7	161	1	59	1	1	rational	weight_752.json
752	104	2	201	7	242	1	60	1	1	rational	weight_752.json
752	104	2	123	7	242	1	61	1	2	rational	weight_752.json
754	106	2	0	7	65	1	1	1	1	rational	weight_754.json
754	106	2	0	7	65	1	2	1	1	rational	weight_754.json
754	106	2	0	7	65	1	3	1	1	rational	weight_754.json
754	106	2	162	7	65	1	4	1	1	rational	weight_754.json
754	106	2	162	7	65	1	5	1	1	rational	weight_754.json
754	106	2	81	7	65	1	6	1	1	rational	weight_754.json
754	106	2	81	7	65	1	7	1	1	rational	weight_754.json
754	106	2	189	7	65	1	8	1	1	rational	weight_754.json
754	106	2	54	7	65	1	9	1	1	rational	weight_754.json
754	106	2	108	7	65	1	10	1	1	rational	weight_754.json
754	106	2	135	7	65	1	11	1	1	rational	weight_754.json
754	106	2	54	7	65	1	12	1	1	rational	weight_754.json
754	106	2	27	7	65	1	13	1	1	rational	weight_754.json
754	106	2	216	7	65	1	14	1	1	rational	weight_754.json
754	106	2	216	7	65	1	15	1	1	rational	weight_754.json
754	106	2	135	7	65	1	16	1	1	rational	weight_754.json
754	106	2	54	7	65	1	17	1	1	rational	weight_754.json
754	106	2	108	7	65	1	18	1	1	rational	weight_754.json
754	106	2	27	7	65	1	19	1	1	rational	weight_754.json
754	106	2	189	7	65	1	20	1	1	rational	weight_754.json
754	106	2	189	7	65	1	21	1	1	rational	weight_754.json
754	106	2	126	7	146	1	22	1	1	rational	weight_754.json
754	106	2	144	7	146	1	23	1	1	rational	weight_754.json
754	106	2	117	7	146	1	24	1	1	rational	weight_754.json
754	106	2	63	7	146	1	25	1	1	rational	weight_754.json
754	106	2	99	7	146	1	26	1	1	rational	weight_754.json
754	106	2	126	7	146	1	27	1	1	rational	weight_754.json
754	106	2	9	7	146	1	28	1	1	rational	weight_754.json
754	106	2	90	7	146	1	29	1	1	rational	weight_754.json
754	106	2	72	7	146	1	30	1	1	rational	weight_754.json
754	106	2	99	7	146	1	31	1	1	rational	weight_754.json
754	106	2	207	7	146	1	32	1	1	rational	weight_754.json
754	106	2	225	7	146	1	33	1	1	rational	weight_754.json
754	106	2	63	7	146	1	34	1	1	rational	weight_754.json
754	106	2	180	7	146	1	35	1	1	rational	weight_754.json
754	106	2	117	7	146	1	36	1	1	rational	weight_754.json
754	106	2	18	7	146	1	37	1	1	rational	weight_754.json
754	106	2	126	7	146	1	38	1	1	rational	weight_754.json
754	106	2	180	7	146	1	39	1	1	rational	weight_754.json
754	106	2	180	7	146	1	40	1	1	rational	weight_754.json
754	106	2	171	7	146	1	41	1	1	rational	weight_754.json
754	106	2	72	7	146	1	42	1	1	rational	weight_754.json
754	106	2	117	7	146	1	43	1	1	rational	weight_754.json
754	106	2	207	7	146	1	44	1	1	rational	weight_754.json
754	106	2	144	7	146	1	45	1	1	rational	weight_754.json
754	106	2	225	7	146	1	46	1	1	rational	weight_754.json
754	106	2	45	7	146	1	47	1	1	rational	weight_754.json
754	106	2	234	7	146	1	48	1	1	rational	weight_754.json
754	106	2	90	7	146	1	49	1	1	rational	weight_754.json
754	106	2	171	7	146	1	50	1	1	rational	weight_754.json
754	106	2	18	7	146	1	51	1	1	rational	weight_754.json
754	106	2	36	7	146	1	52	1	1	rational	weight_754.json
754	106	2	36	7	146	1	53	1	1	rational	weight_754.json
754	106	2	9	7	146	1	54	1	1	rational	weight_754.json
754	106	2	63	7	146	1	55	1	1	rational	weight_754.json
754	106	2	45	7	146	1	56	1	1	rational	weight_754.json
754	106	2	234	7	146	1	57	1	1	rational	weight_754.json
754	106	2	198	7	146	1	58	1	1	rational	weight_754.json
754	106	2	198	7	146	1	59	1	1	rational	weight_754.json
754	106	2	9	7	146	1	60	1	1	rational	weight_754.json
754	106	2	153	7	146	1	61	1	2	rational	weight_754.json
756	108	2	39	7	59	1	1	1	1	rational	weight_756.json
756	108	2	204	7	59	1	2	1	1	rational	weight_756.json
756	108	2	231	7	140	1	3	1	1	rational	weight_756.json
756	108	2	231	7	140	1	4	1	1	rational	weight_756.json
756	108	2	150	7	140	1	5	1	1	rational	weight_756.json
756	108	2	69	7	140	1	6	1	1	rational	weight_756.json
756	108	2	174	7	140	1	7	1	1	rational	weight_756.json
756	108	2	231	7	140	1	8	1	1	rational	weight_756.json
756	108	2	12	7	140	1	9	1	1	rational	weight_756.json
756	108	2	150	7	140	1	10	1	1	rational	weight_756.json
756	108	2	204	7	59	1	11	1	1	rational	weight_756.json
756	108	2	93	7	140	1	12	1	1	rational	weight_756.json
756	108	2	12	7	140	1	13	1	1	rational	weight_756.json
756	108	2	39	7	59	1	14	1	1	rational	weight_756.json
756	108	2	174	7	140	1	15	1	1	rational	weight_756.json
756	108	2	12	7	140	1	16	1	1	rational	weight_756.json
756	108	2	12	7	140	1	17	1	1	rational	weight_756.json
756	108	2	93	7	140	1	18	1	1	rational	weight_756.json
756	108	2	39	7	59	1	19	1	1	rational	weight_756.json
756	108	2	39	7	59	1	20	1	1	rational	weight_756.json
756	108	2	174	7	140	1	21	1	1	rational	weight_756.json
756	108	2	39	7	59	1	22	1	1	rational	weight_756.json
756	108	2	204	7	59	1	23	1	1	rational	weight_756.json
756	108	2	39	7	59	1	24	1	1	rational	weight_756.json
756	108	2	204	7	59	1	25	1	1	rational	weight_756.json
756	108	2	204	7	59	1	26	1	1	rational	weight_756.json
756	108	2	93	7	140	1	27	1	1	rational	weight_756.json
756	108	2	12	7	140	1	28	1	1	rational	weight_756.json
756	108	2	204	7	59	1	29	1	1	rational	weight_756.json
756	108	2	12	7	140	1	30	1	1	rational	weight_756.json
756	108	2	204	7	59	1	31	1	1	rational	weight_756.json
756	108	2	231	7	140	1	32	1	1	rational	weight_756.json
756	108	2	93	7	140	1	33	1	1	rational	weight_756.json
756	108	2	39	7	59	1	34	1	1	rational	weight_756.json
756	108	2	150	7	140	1	35	1	1	rational	weight_756.json
756	108	2	93	7	140	1	36	1	1	rational	weight_756.json
756	108	2	39	7	59	1	37	1	1	rational	weight_756.json
756	108	2	150	7	140	1	38	1	1	rational	weight_756.json
756	108	2	69	7	140	1	39	1	1	rational	weight_756.json
756	108	2	69	7	140	1	40	1	1	rational	weight_756.json
756	108	2	93	7	140	1	41	1	1	rational	weight_756.json
756	108	2	150	7	140	1	42	1	1	rational	weight_756.json
756	108	2	204	7	59	1	43	1	1	rational	weight_756.json
756	108	2	231	7	140	1	44	1	1	rational	weight_756.json
756	108	2	39	7	59	1	45	1	1	rational	weight_756.json
756	108	2	231	7	140	1	46	1	1	rational	weight_756.json
756	108	2	204	7	59	1	47	1	1	rational	weight_756.json
756	108	2	93	7	140	1	48	1	1	rational	weight_756.json
756	108	2	231	7	140	1	49	1	1	rational	weight_756.json
756	108	2	204	7	59	1	50	1	1	rational	weight_756.json
756	108	2	174	7	140	1	51	1	1	rational	weight_756.json
756	108	2	39	7	59	1	52	1	1	rational	weight_756.json
756	108	2	174	7	140	1	53	1	1	rational	weight_756.json
756	108	2	69	7	140	1	54	1	1	rational	weight_756.json
756	108	2	174	7	140	1	55	1	1	rational	weight_756.json
756	108	2	150	7	140	1	56	1	1	rational	weight_756.json
756	108	2	150	7	140	1	57	1	1	rational	weight_756.json
756	108	2	39	7	59	1	58	1	1	rational	weight_756.json
756	108	2	174	7	140	1	59	1	1	rational	weight_756.json
756	108	2	69	7	140	1	60	1	1	rational	weight_756.json
756	108	2	12	7	140	1	61	1	1	rational	weight_756.json
756	108	2	69	7	140	1	62	1	2	rational	weight_756.json
758	110	2	84	7	170	1	1	1	1	rational	weight_758.json
758	110	2	24	7	8	1	2	1	1	rational	weight_758.json
758	110	2	84	7	170	1	3	1	1	rational	weight_758.json
758	110	2	84	7	170	1	4	1	1	rational	weight_758.json
758	110	2	138	7	8	1	5	1	1	rational	weight_758.json
758	110	2	159	7	170	1	6	1	1	rational	weight_758.json
758	110	2	159	7	170	1	7	1	1	rational	weight_758.json
758	110	2	24	7	8	1	8	1	1	rational	weight_758.json
758	110	2	105	7	8	1	9	1	1	rational	weight_758.json
758	110	2	219	7	8	1	10	1	1	rational	weight_758.json
758	110	2	186	7	8	1	11	1	1	rational	weight_758.json
758	110	2	219	7	8	1	12	1	1	rational	weight_758.json
758	110	2	24	7	8	1	13	1	1	rational	weight_758.json
758	110	2	159	7	170	1	14	1	1	rational	weight_758.json
758	110	2	57	7	8	1	15	1	1	rational	weight_758.json
758	110	2	186	7	8	1	16	1	1	rational	weight_758.json
758	110	2	24	7	8	1	17	1	1	rational	weight_758.json
758	110	2	219	7	8	1	18	1	1	rational	weight_758.json
758	110	2	84	7	170	1	19	1	1	rational	weight_758.json
758	110	2	159	7	170	1	20	1	1	rational	weight_758.json
758	110	2	138	7	8	1	21	1	1	rational	weight_758.json
758	110	2	186	7	8	1	22	1	1	rational	weight_758.json
758	110	2	84	7	170	1	23	1	1	rational	weight_758.json
758	110	2	219	7	8	1	24	1	1	rational	weight_758.json
758	110	2	105	7	8	1	25	1	1	rational	weight_758.json
758	110	2	138	7	8	1	26	1	1	rational	weight_758.json
758	110	2	159	7	170	1	27	1	1	rational	weight_758.json
758	110	2	186	7	8	1	28	1	1	rational	weight_758.json
758	110	2	105	7	8	1	29	1	1	rational	weight_758.json
758	110	2	159	7	170	1	30	1	1	rational	weight_758.json
758	110	2	24	7	8	1	31	1	1	rational	weight_758.json
758	110	2	138	7	8	1	32	1	1	rational	weight_758.json
758	110	2	186	7	8	1	33	1	1	rational	weight_758.json
758	110	2	84	7	170	1	34	1	1	rational	weight_758.json
758	110	2	84	7	170	1	35	1	1	rational	weight_758.json
758	110	2	24	7	8	1	36	1	1	rational	weight_758.json
758	110	2	84	7	170	1	37	1	1	rational	weight_758.json
758	110	2	186	7	8	1	38	1	1	rational	weight_758.json
758	110	2	159	7	170	1	39	1	1	rational	weight_758.json
758	110	2	105	7	8	1	40	1	1	rational	weight_758.json
758	110	2	159	7	170	1	41	1	1	rational	weight_758.json
758	110	2	105	7	8	1	42	1	1	rational	weight_758.json
758	110	2	105	7	8	1	43	1	1	rational	weight_758.json
758	110	2	138	7	8	1	44	1	1	rational	weight_758.json
758	110	2	57	7	8	1	45	1	1	rational	weight_758.json
758	110	2	219	7	8	1	46	1	1	rational	weight_758.json
758	110	2	84	7	170	1	47	1	1	rational	weight_758.json
758	110	2	105	7	8	1	48	1	1	rational	weight_758.json
758	110	2	186	7	8	1	49	1	1	rational	weight_758.json
758	110	2	159	7	170	1	50	1	1	rational	weight_758.json
758	110	2	219	7	8	1	51	1	1	rational	weight_758.json
758	110	2	57	7	8	1	52	1	1	rational	weight_758.json
758	110	2	57	7	8	1	53	1	1	rational	weight_758.json
758	110	2	138	7	8	1	54	1	1	rational	weight_758.json
758	110	2	57	7	8	1	55	1	1	rational	weight_758.json
758	110	2	219	7	8	1	56	1	1	rational	weight_758.json
758	110	2	138	7	8	1	57	1	1	rational	weight_758.json
758	110	2	159	7	170	1	58	1	1	rational	weight_758.json
758	110	2	84	7	170	1	59	1	1	rational	weight_758.json
758	110	2	24	7	8	1	60	1	1	rational	weight_758.json
758	110	2	57	7	8	1	61	1	2	rational	weight_758.json
760	112	2	0	7	182	1	1	1	1	rational	weight_760.json
760	112	2	0	7	182	1	2	1	1	rational	weight_760.json
760	112	2	0	7	182	1	3	1	1	rational	weight_760.json
760	112	2	162	7	182	1	4	1	1	rational	weight_760.json
760	112	2	162	7	182	1	5	1	1	rational	weight_760.json
760	112	2	81	7	182	1	6	1	1	rational	weight_760.json
760	112	2	81	7	182	1	7	1	1	rational	weight_760.json
760	112	2	27	7	182	1	8	1	1	rational	weight_760.json
760	112	2	135	7	182	1	9	1	1	rational	weight_760.json
760	112	2	54	7	182	1	10	1	1	rational	weight_760.json
760	112	2	108	7	182	1	11	1	1	rational	weight_760.json
760	112	2	108	7	182	1	12	1	1	rational	weight_760.json
760	112	2	189	7	182	1	13	1	1	rational	weight_760.json
760	112	2	54	7	182	1	14	1	1	rational	weight_760.json
760	112	2	54	7	182	1	15	1	1	rational	weight_760.json
760	112	2	216	7	182	1	16	1	1	rational	weight_760.json
760	112	2	135	7	182	1	17	1	1	rational	weight_760.json
760	112	2	189	7	182	1	18	1	1	rational	weight_760.json
760	112	2	27	7	182	1	19	1	1	rational	weight_760.json
760	112	2	189	7	182	1	20	1	1	rational	weight_760.json
760	112	2	216	7	182	1	21	1	1	rational	weight_760.json
760	112	2	180	7	20	1	22	1	1	rational	weight_760.json
760	112	2	99	7	20	1	23	1	1	rational	weight_760.json
760	112	2	72	7	20	1	24	1	1	rational	weight_760.json
760	112	2	171	7	20	1	25	1	1	rational	weight_760.json
760	112	2	63	7	20	1	26	1	1	rational	weight_760.json
760	112	2	198	7	20	1	27	1	1	rational	weight_760.json
760	112	2	198	7	20	1	28	1	1	rational	weight_760.json
760	112	2	126	7	20	1	29	1	1	rational	weight_760.json
760	112	2	36	7	20	1	30	1	1	rational	weight_760.json
760	112	2	45	7	20	1	31	1	1	rational	weight_760.json
760	112	2	36	7	20	1	32	1	1	rational	weight_760.json
760	112	2	117	7	20	1	33	1	1	rational	weight_760.json
760	112	2	18	7	20	1	34	1	1	rational	weight_760.json
760	112	2	180	7	20	1	35	1	1	rational	weight_760.json
760	112	2	207	7	20	1	36	1	1	rational	weight_760.json
760	112	2	225	7	20	1	37	1	1	rational	weight_760.json
760	112	2	234	7	20	1	38	1	1	rational	weight_760.json
760	112	2	144	7	20	1	39	1	1	rational	weight_760.json
760	112	2	153	7	20	1	40	1	1	rational	weight_760.json
760	112	2	144	7	20	1	41	1	1	rational	weight_760.json
760	112	2	90	7	20	1	42	1	1	rational	weight_760.json
760	112	2	63	7	20	1	43	1	1	rational	weight_760.json
760	112	2	225	7	20	1	44	1	1	rational	weight_760.json
760	112	2	72	7	20	1	45	1	1	rational	weight_760.json
760	112	2	153	7	20	1	46	1	1	rational	weight_760.json
760	112	2	117	7	20	1	47	1	1	rational	weight_760.json
760	112	2	225	7	20	1	48	1	1	rational	weight_760.json
760	112	2	18	7	20	1	49	1	1	rational	weight_760.json
760	112	2	36	7	20	1	50	1	1	rational	weight_760.json
760	112	2	45	7	20	1	51	1	1	rational	weight_760.json
760	112	2	207	7	20	1	52	1	1	rational	weight_760.json
760	112	2	234	7	20	1	53	1	1	rational	weight_760.json
760	112	2	18	7	20	1	54	1	1	rational	weight_760.json
760	112	2	126	7	20	1	55	1	1	rational	weight_760.json
760	112	2	99	7	20	1	56	1	1	rational	weight_760.json
760	112	2	72	7	20	1	57	1	1	rational	weight_760.json
760	112	2	171	7	20	1	58	1	1	rational	weight_760.json
760	112	2	207	7	20	1	59	1	1	rational	weight_760.json
760	112	2	90	7	20	1	60	1	1	rational	weight_760.json
760	112	2	171	7	20	1	61	1	1	rational	weight_760.json
760	112	2	9	7	20	1	62	1	2	rational	weight_760.json
762	114	2	48	7	203	1	1	1	1	rational	weight_762.json
762	114	2	48	7	203	1	2	1	1	rational	weight_762.json
762	114	2	114	7	203	1	3	1	1	rational	weight_762.json
762	114	2	33	7	203	1	4	1	1	rational	weight_762.json
762	114	2	87	7	122	1	5	1	1	rational	weight_762.json
762	114	2	210	7	203	1	6	1	1	rational	weight_762.json
762	114	2	129	7	203	1	7	1	1	rational	weight_762.json
762	114	2	156	7	122	1	8	1	1	rational	weight_762.json
762	114	2	210	7	203	1	9	1	1	rational	weight_762.json
762	114	2	156	7	122	1	10	1	1	rational	weight_762.json
762	114	2	48	7	203	1	11	1	1	rational	weight_762.json
762	114	2	156	7	122	1	12	1	1	rational	weight_762.json
762	114	2	87	7	122	1	13	1	1	rational	weight_762.json
762	114	2	210	7	203	1	14	1	1	rational	weight_762.json
762	114	2	33	7	203	1	15	1	1	rational	weight_762.json
762	114	2	129	7	203	1	16	1	1	rational	weight_762.json
762	114	2	195	7	203	1	17	1	1	rational	weight_762.json
762	114	2	48	7	203	1	18	1	1	rational	weight_762.json
762	114	2	129	7	203	1	19	1	1	rational	weight_762.json
762	114	2	156	7	122	1	20	1	1	rational	weight_762.json
762	114	2	114	7	203	1	21	1	1	rational	weight_762.json
762	114	2	48	7	203	1	22	1	1	rational	weight_762.json
762	114	2	129	7	203	1	23	1	1	rational	weight_762.json
762	114	2	195	7	203	1	24	1	1	rational	weight_762.json
762	114	2	114	7	203	1	25	1	1	rational	weight_762.json
762	114	2	195	7	203	1	26	1	1	rational	weight_762.json
762	114	2	156	7	122	1	27	1	1	rational	weight_762.json
762	114	2	87	7	122	1	28	1	1	rational	weight_762.json
762	114	2	33	7	203	1	29	1	1	rational	weight_762.json
762	114	2	87	7	122	1	30	1	1	rational	weight_762.json
762	114	2	33	7	203	1	31	1	1	rational	weight_762.json
762	114	2	87	7	122	1	32	1	1	rational	weight_762.json
762	114	2	114	7	203	1	33	1	1	rational	weight_762.json
762	114	2	48	7	203	1	34	1	1	rational	weight_762.json
762	114	2	195	7	203	1	35	1	1	rational	weight_762.json
762	114	2	129	7	203	1	36	1	1	rational	weight_762.json
762	114	2	156	7	122	1	37	1	1	rational	weight_762.json
762	114	2	87	7	122	1	38	1	1	rational	weight_762.json
762	114	2	210	7	203	1	39	1	1	rational	weight_762.json
762	114	2	156	7	122	1	40	1	1	rational	weight_762.json
762	114	2	33	7	203	1	41	1	1	rational	weight_762.json
762	114	2	33	7	203	1	42	1	1	rational	weight_762.json
762	114	2	195	7	203	1	43	1	1	rational	weight_762.json
762	114	2	210	7	203	1	44	1	1	rational	weight_762.json
762	114	2	114	7	203	1	45	1	1	rational	weight_762.json
762	114	2	87	7	122	1	46	1	1	rational	weight_762.json
762	114	2	210	7	203	1	47	1	1	rational	weight_762.json
762	114	2	33	7	203	1	48	1	1	rational	weight_762.json
762	114	2	210	7	203	1	49	1	1	rational	weight_762.json
762	114	2	87	7	122	1	50	1	1	rational	weight_762.json
762	114	2	156	7	122	1	51	1	1	rational	weight_762.json
762	114	2	87	7	122	1	52	1	1	rational	weight_762.json
762	114	2	156	7	122	1	53	1	1	rational	weight_762.json
762	114	2	156	7	122	1	54	1	1	rational	weight_762.json
762	114	2	114	7	203	1	55	1	1	rational	weight_762.json
762	114	2	114	7	203	1	56	1	1	rational	weight_762.json
762	114	2	195	7	203	1	57	1	1	rational	weight_762.json
762	114	2	156	7	122	1	58	1	1	rational	weight_762.json
762	114	2	87	7	122	1	59	1	1	rational	weight_762.json
762	114	2	195	7	203	1	60	1	1	rational	weight_762.json
762	114	2	48	7	203	1	61	1	1	rational	weight_762.json
762	114	2	129	7	203	1	62	1	2	rational	weight_762.json
764	116	2	75	7	98	1	1	1	1	rational	weight_764.json
764	116	2	48	7	179	1	2	1	1	rational	weight_764.json
764	116	2	195	7	179	1	3	1	1	rational	weight_764.json
764	116	2	168	7	98	1	4	1	1	rational	weight_764.json
764	116	2	48	7	179	1	5	1	1	rational	weight_764.json
764	116	2	48	7	179	1	6	1	1	rational	weight_764.json
764	116	2	129	7	179	1	7	1	1	rational	weight_764.json
764	116	2	114	7	179	1	8	1	1	rational	weight_764.json
764	116	2	33	7	179	1	9	1	1	rational	weight_764.json
764	116	2	168	7	98	1	10	1	1	rational	weight_764.json
764	116	2	48	7	179	1	11	1	1	rational	weight_764.json
764	116	2	114	7	179	1	12	1	1	rational	weight_764.json
764	116	2	75	7	98	1	13	1	1	rational	weight_764.json
764	116	2	75	7	98	1	14	1	1	rational	weight_764.json
764	116	2	168	7	98	1	15	1	1	rational	weight_764.json
764	116	2	33	7	179	1	16	1	1	rational	weight_764.json
764	116	2	168	7	98	1	17	1	1	rational	weight_764.json
764	116	2	48	7	179	1	18	1	1	rational	weight_764.json
764	116	2	210	7	179	1	19	1	1	rational	weight_764.json
764	116	2	210	7	179	1	20	1	1	rational	weight_764.json
764	116	2	33	7	179	1	21	1	1	rational	weight_764.json
764	116	2	75	7	98	1	22	1	1	rational	weight_764.json
764	116	2	75	7	98	1	23	1	1	rational	weight_764.json
764	116	2	75	7	98	1	24	1	1	rational	weight_764.json
764	116	2	210	7	179	1	25	1	1	rational	weight_764.json
764	116	2	195	7	179	1	26	1	1	rational	weight_764.json
764	116	2	129	7	179	1	27	1	1	rational	weight_764.json
764	116	2	33	7	179	1	28	1	1	rational	weight_764.json
764	116	2	114	7	179	1	29	1	1	rational	weight_764.json
764	116	2	195	7	179	1	30	1	1	rational	weight_764.json
764	116	2	129	7	179	1	31	1	1	rational	weight_764.json
764	116	2	129	7	179	1	32	1	1	rational	weight_764.json
764	116	2	195	7	179	1	33	1	1	rational	weight_764.json
764	116	2	195	7	179	1	34	1	1	rational	weight_764.json
764	116	2	168	7	98	1	35	1	1	rational	weight_764.json
764	116	2	33	7	179	1	36	1	1	rational	weight_764.json
764	116	2	168	7	98	1	37	1	1	rational	weight_764.json
764	116	2	195	7	179	1	38	1	1	rational	weight_764.json
764	116	2	168	7	98	1	39	1	1	rational	weight_764.json
764	116	2	114	7	179	1	40	1	1	rational	weight_764.json
764	116	2	168	7	98	1	41	1	1	rational	weight_764.json
764	116	2	168	7	98	1	42	1	1	rational	weight_764.json
764	116	2	195	7	179	1	43	1	1	rational	weight_764.json
764	116	2	48	7	179	1	44	1	1	rational	weight_764.json
764	116	2	33	7	179	1	45	1	1	rational	weight_764.json
764	116	2	33	7	179	1	46	1	1	rational	weight_764.json
764	116	2	168	7	98	1	47	1	1	rational	weight_764.json
764	116	2	129	7	179	1	48	1	1	rational	weight_764.json
764	116	2	114	7	179	1	49	1	1	rational	weight_764.json
764	116	2	168	7	98	1	50	1	1	rational	weight_764.json
764	116	2	75	7	98	1	51	1	1	rational	weight_764.json
764	116	2	129	7	179	1	52	1	1	rational	weight_764.json
764	116	2	75	7	98	1	53	1	1	rational	weight_764.json
764	116	2	114	7	179	1	54	1	1	rational	weight_764.json
764	116	2	210	7	179	1	55	1	1	rational	weight_764.json
764	116	2	75	7	98	1	56	1	1	rational	weight_764.json
764	116	2	129	7	179	1	57	1	1	rational	weight_764.json
764	116	2	48	7	179	1	58	1	1	rational	weight_764.json
764	116	2	210	7	179	1	59	1	1	rational	weight_764.json
764	116	2	210	7	179	1	60	1	1	rational	weight_764.json
764	116	2	210	7	179	1	61	1	1	rational	weight_764.json
764	116	2	75	7	98	1	62	1	1	rational	weight_764.json
764	116	2	114	7	179	1	63	1	1	rational	weight_764.json
766	118	2	0	7	218	1	1	1	1	rational	weight_766.json
766	118	2	0	7	218	1	2	1	1	rational	weight_766.json
766	118	2	0	7	218	1	3	1	1	rational	weight_766.json
766	118	2	162	7	218	1	4	1	1	rational	weight_766.json
766	118	2	81	7	218	1	5	1	1	rational	weight_766.json
766	118	2	81	7	218	1	6	1	1	rational	weight_766.json
766	118	2	162	7	218	1	7	1	1	rational	weight_766.json
766	118	2	135	7	218	1	8	1	1	rational	weight_766.json
766	118	2	54	7	218	1	9	1	1	rational	weight_766.json
766	118	2	108	7	218	1	10	1	1	rational	weight_766.json
766	118	2	27	7	218	1	11	1	1	rational	weight_766.json
766	118	2	135	7	218	1	12	1	1	rational	weight_766.json
766	118	2	54	7	218	1	13	1	1	rational	weight_766.json
766	118	2	108	7	218	1	14	1	1	rational	weight_766.json
766	118	2	189	7	218	1	15	1	1	rational	weight_766.json
766	118	2	189	7	218	1	16	1	1	rational	weight_766.json
766	118	2	27	7	218	1	17	1	1	rational	weight_766.json
766	118	2	189	7	218	1	18	1	1	rational	weight_766.json
766	118	2	54	7	218	1	19	1	1	rational	weight_766.json
766	118	2	216	7	218	1	20	1	1	rational	weight_766.json
766	118	2	216	7	218	1	21	1	1	rational	weight_766.json
766	118	2	207	7	56	1	22	1	1	rational	weight_766.json
766	118	2	225	7	56	1	23	1	1	rational	weight_766.json
766	118	2	18	7	56	1	24	1	1	rational	weight_766.json
766	118	2	207	7	56	1	25	1	1	rational	weight_766.json
766	118	2	36	7	56	1	26	1	1	rational	weight_766.json
766	118	2	207	7	56	1	27	1	1	rational	weight_766.json
766	118	2	36	7	56	1	28	1	1	rational	weight_766.json
766	118	2	225	7	56	1	29	1	1	rational	weight_766.json
766	118	2	225	7	56	1	30	1	1	rational	weight_766.json
766	118	2	207	7	56	1	31	1	1	rational	weight_766.json
766	118	2	18	7	56	1	32	1	1	rational	weight_766.json
766	118	2	18	7	56	1	33	1	1	rational	weight_766.json
766	118	2	36	7	56	1	34	1	1	rational	weight_766.json
766	118	2	18	7	56	1	35	1	1	rational	weight_766.json
766	118	2	weight_766.json#orbit=1,place=36,coordinate=0	7	weight_766.json#orbit=1,place=36,coordinate=1	1	36	1	2	algebraic	weight_766.json
766	118	2	weight_766.json#orbit=1,place=37,coordinate=0	7	weight_766.json#orbit=1,place=37,coordinate=1	1	37	1	2	algebraic	weight_766.json
766	118	2	weight_766.json#orbit=1,place=38,coordinate=0	7	weight_766.json#orbit=1,place=38,coordinate=1	1	38	1	2	algebraic	weight_766.json
766	118	2	weight_766.json#orbit=1,place=39,coordinate=0	7	weight_766.json#orbit=1,place=39,coordinate=1	1	39	1	2	algebraic	weight_766.json
766	118	2	weight_766.json#orbit=1,place=40,coordinate=0	7	weight_766.json#orbit=1,place=40,coordinate=1	1	40	1	2	algebraic	weight_766.json
766	118	2	weight_766.json#orbit=1,place=41,coordinate=0	7	weight_766.json#orbit=1,place=41,coordinate=1	1	41	1	2	algebraic	weight_766.json
766	118	2	weight_766.json#orbit=1,place=42,coordinate=0	7	weight_766.json#orbit=1,place=42,coordinate=1	1	42	1	2	algebraic	weight_766.json
766	118	2	weight_766.json#orbit=1,place=43,coordinate=0	7	weight_766.json#orbit=1,place=43,coordinate=1	1	43	1	2	algebraic	weight_766.json
766	118	2	weight_766.json#orbit=1,place=44,coordinate=0	7	weight_766.json#orbit=1,place=44,coordinate=1	1	44	1	2	algebraic	weight_766.json
766	118	2	weight_766.json#orbit=1,place=45,coordinate=0	7	weight_766.json#orbit=1,place=45,coordinate=1	1	45	1	2	algebraic	weight_766.json
766	118	2	weight_766.json#orbit=1,place=46,coordinate=0	7	weight_766.json#orbit=1,place=46,coordinate=1	1	46	1	2	algebraic	weight_766.json
766	118	2	weight_766.json#orbit=1,place=47,coordinate=0	7	weight_766.json#orbit=1,place=47,coordinate=1	1	47	1	2	algebraic	weight_766.json
766	118	2	weight_766.json#orbit=1,place=48,coordinate=0	7	weight_766.json#orbit=1,place=48,coordinate=1	1	48	1	2	algebraic	weight_766.json
766	118	2	weight_766.json#orbit=1,place=49,coordinate=0	7	weight_766.json#orbit=1,place=49,coordinate=1	1	49	1	2	algebraic	weight_766.json
768	120	2	105	7	185	1	1	1	1	rational	weight_768.json
768	120	2	159	7	104	1	2	1	1	rational	weight_768.json
768	120	2	105	7	185	1	3	1	1	rational	weight_768.json
768	120	2	159	7	104	1	4	1	1	rational	weight_768.json
768	120	2	159	7	104	1	5	1	1	rational	weight_768.json
768	120	2	105	7	185	1	6	1	1	rational	weight_768.json
768	120	2	186	7	185	1	7	1	1	rational	weight_768.json
768	120	2	138	7	185	1	8	1	1	rational	weight_768.json
768	120	2	186	7	185	1	9	1	1	rational	weight_768.json
768	120	2	138	7	185	1	10	1	1	rational	weight_768.json
768	120	2	159	7	104	1	11	1	1	rational	weight_768.json
768	120	2	105	7	185	1	12	1	1	rational	weight_768.json
768	120	2	186	7	185	1	13	1	1	rational	weight_768.json
768	120	2	84	7	104	1	14	1	1	rational	weight_768.json
768	120	2	219	7	185	1	15	1	1	rational	weight_768.json
768	120	2	186	7	185	1	16	1	1	rational	weight_768.json
768	120	2	57	7	185	1	17	1	1	rational	weight_768.json
768	120	2	84	7	104	1	18	1	1	rational	weight_768.json
768	120	2	159	7	104	1	19	1	1	rational	weight_768.json
768	120	2	159	7	104	1	20	1	1	rational	weight_768.json
768	120	2	84	7	104	1	21	1	1	rational	weight_768.json
768	120	2	219	7	185	1	22	1	1	rational	weight_768.json
768	120	2	57	7	185	1	23	1	1	rational	weight_768.json
768	120	2	186	7	185	1	24	1	1	rational	weight_768.json
768	120	2	57	7	185	1	25	1	1	rational	weight_768.json
768	120	2	57	7	185	1	26	1	1	rational	weight_768.json
768	120	2	138	7	185	1	27	1	1	rational	weight_768.json
768	120	2	138	7	185	1	28	1	1	rational	weight_768.json
768	120	2	138	7	185	1	29	1	1	rational	weight_768.json
768	120	2	84	7	104	1	30	1	1	rational	weight_768.json
768	120	2	84	7	104	1	31	1	1	rational	weight_768.json
768	120	2	186	7	185	1	32	1	1	rational	weight_768.json
768	120	2	186	7	185	1	33	1	1	rational	weight_768.json
768	120	2	159	7	104	1	34	1	1	rational	weight_768.json
768	120	2	138	7	185	1	35	1	1	rational	weight_768.json
768	120	2	105	7	185	1	36	1	1	rational	weight_768.json
768	120	2	84	7	104	1	37	1	1	rational	weight_768.json
768	120	2	24	7	185	1	38	1	1	rational	weight_768.json
768	120	2	159	7	104	1	39	1	1	rational	weight_768.json
768	120	2	24	7	185	1	40	1	1	rational	weight_768.json
768	120	2	138	7	185	1	41	1	1	rational	weight_768.json
768	120	2	84	7	104	1	42	1	1	rational	weight_768.json
768	120	2	24	7	185	1	43	1	1	rational	weight_768.json
768	120	2	24	7	185	1	44	1	1	rational	weight_768.json
768	120	2	138	7	185	1	45	1	1	rational	weight_768.json
768	120	2	24	7	185	1	46	1	1	rational	weight_768.json
768	120	2	105	7	185	1	47	1	1	rational	weight_768.json
768	120	2	105	7	185	1	48	1	1	rational	weight_768.json
768	120	2	57	7	185	1	49	1	1	rational	weight_768.json
768	120	2	159	7	104	1	50	1	1	rational	weight_768.json
768	120	2	84	7	104	1	51	1	1	rational	weight_768.json
768	120	2	57	7	185	1	52	1	1	rational	weight_768.json
768	120	2	219	7	185	1	53	1	1	rational	weight_768.json
768	120	2	219	7	185	1	54	1	1	rational	weight_768.json
768	120	2	57	7	185	1	55	1	1	rational	weight_768.json
768	120	2	219	7	185	1	56	1	1	rational	weight_768.json
768	120	2	159	7	104	1	57	1	1	rational	weight_768.json
768	120	2	219	7	185	1	58	1	1	rational	weight_768.json
768	120	2	24	7	185	1	59	1	1	rational	weight_768.json
768	120	2	219	7	185	1	60	1	1	rational	weight_768.json
768	120	2	24	7	185	1	61	1	1	rational	weight_768.json
768	120	2	84	7	104	1	62	1	1	rational	weight_768.json
768	120	2	84	7	104	1	63	1	1	rational	weight_768.json
768	120	2	159	7	104	1	64	1	1	rational	weight_768.json
770	122	2	12	7	26	1	1	1	1	rational	weight_770.json
770	122	2	204	7	188	1	2	1	1	rational	weight_770.json
770	122	2	93	7	26	1	3	1	1	rational	weight_770.json
770	122	2	69	7	26	1	4	1	1	rational	weight_770.json
770	122	2	12	7	26	1	5	1	1	rational	weight_770.json
770	122	2	69	7	26	1	6	1	1	rational	weight_770.json
770	122	2	231	7	26	1	7	1	1	rational	weight_770.json
770	122	2	150	7	26	1	8	1	1	rational	weight_770.json
770	122	2	150	7	26	1	9	1	1	rational	weight_770.json
770	122	2	174	7	26	1	10	1	1	rational	weight_770.json
770	122	2	204	7	188	1	11	1	1	rational	weight_770.json
770	122	2	174	7	26	1	12	1	1	rational	weight_770.json
770	122	2	204	7	188	1	13	1	1	rational	weight_770.json
770	122	2	93	7	26	1	14	1	1	rational	weight_770.json
770	122	2	204	7	188	1	15	1	1	rational	weight_770.json
770	122	2	39	7	188	1	16	1	1	rational	weight_770.json
770	122	2	204	7	188	1	17	1	1	rational	weight_770.json
770	122	2	150	7	26	1	18	1	1	rational	weight_770.json
770	122	2	231	7	26	1	19	1	1	rational	weight_770.json
770	122	2	39	7	188	1	20	1	1	rational	weight_770.json
770	122	2	69	7	26	1	21	1	1	rational	weight_770.json
770	122	2	93	7	26	1	22	1	1	rational	weight_770.json
770	122	2	69	7	26	1	23	1	1	rational	weight_770.json
770	122	2	231	7	26	1	24	1	1	rational	weight_770.json
770	122	2	204	7	188	1	25	1	1	rational	weight_770.json
770	122	2	150	7	26	1	26	1	1	rational	weight_770.json
770	122	2	12	7	26	1	27	1	1	rational	weight_770.json
770	122	2	39	7	188	1	28	1	1	rational	weight_770.json
770	122	2	12	7	26	1	29	1	1	rational	weight_770.json
770	122	2	12	7	26	1	30	1	1	rational	weight_770.json
770	122	2	231	7	26	1	31	1	1	rational	weight_770.json
770	122	2	39	7	188	1	32	1	1	rational	weight_770.json
770	122	2	231	7	26	1	33	1	1	rational	weight_770.json
770	122	2	69	7	26	1	34	1	1	rational	weight_770.json
770	122	2	150	7	26	1	35	1	1	rational	weight_770.json
770	122	2	93	7	26	1	36	1	1	rational	weight_770.json
770	122	2	39	7	188	1	37	1	1	rational	weight_770.json
770	122	2	174	7	26	1	38	1	1	rational	weight_770.json
770	122	2	12	7	26	1	39	1	1	rational	weight_770.json
770	122	2	204	7	188	1	40	1	1	rational	weight_770.json
770	122	2	69	7	26	1	41	1	1	rational	weight_770.json
770	122	2	231	7	26	1	42	1	1	rational	weight_770.json
770	122	2	69	7	26	1	43	1	1	rational	weight_770.json
770	122	2	204	7	188	1	44	1	1	rational	weight_770.json
770	122	2	93	7	26	1	45	1	1	rational	weight_770.json
770	122	2	39	7	188	1	46	1	1	rational	weight_770.json
770	122	2	204	7	188	1	47	1	1	rational	weight_770.json
770	122	2	39	7	188	1	48	1	1	rational	weight_770.json
770	122	2	39	7	188	1	49	1	1	rational	weight_770.json
770	122	2	39	7	188	1	50	1	1	rational	weight_770.json
770	122	2	39	7	188	1	51	1	1	rational	weight_770.json
770	122	2	231	7	26	1	52	1	1	rational	weight_770.json
770	122	2	93	7	26	1	53	1	1	rational	weight_770.json
770	122	2	150	7	26	1	54	1	1	rational	weight_770.json
770	122	2	12	7	26	1	55	1	1	rational	weight_770.json
770	122	2	174	7	26	1	56	1	1	rational	weight_770.json
770	122	2	174	7	26	1	57	1	1	rational	weight_770.json
770	122	2	174	7	26	1	58	1	1	rational	weight_770.json
770	122	2	39	7	188	1	59	1	1	rational	weight_770.json
770	122	2	174	7	26	1	60	1	1	rational	weight_770.json
770	122	2	204	7	188	1	61	1	1	rational	weight_770.json
770	122	2	150	7	26	1	62	1	2	rational	weight_770.json
772	124	2	0	7	173	1	1	1	1	rational	weight_772.json
772	124	2	0	7	173	1	2	1	1	rational	weight_772.json
772	124	2	0	7	173	1	3	1	1	rational	weight_772.json
772	124	2	81	7	173	1	4	1	1	rational	weight_772.json
772	124	2	162	7	173	1	5	1	1	rational	weight_772.json
772	124	2	162	7	173	1	6	1	1	rational	weight_772.json
772	124	2	81	7	173	1	7	1	1	rational	weight_772.json
772	124	2	189	7	173	1	8	1	1	rational	weight_772.json
772	124	2	189	7	173	1	9	1	1	rational	weight_772.json
772	124	2	27	7	173	1	10	1	1	rational	weight_772.json
772	124	2	189	7	173	1	11	1	1	rational	weight_772.json
772	124	2	54	7	173	1	12	1	1	rational	weight_772.json
772	124	2	54	7	173	1	13	1	1	rational	weight_772.json
772	124	2	216	7	173	1	14	1	1	rational	weight_772.json
772	124	2	216	7	173	1	15	1	1	rational	weight_772.json
772	124	2	135	7	173	1	16	1	1	rational	weight_772.json
772	124	2	108	7	173	1	17	1	1	rational	weight_772.json
772	124	2	108	7	173	1	18	1	1	rational	weight_772.json
772	124	2	54	7	173	1	19	1	1	rational	weight_772.json
772	124	2	135	7	173	1	20	1	1	rational	weight_772.json
772	124	2	27	7	173	1	21	1	1	rational	weight_772.json
772	124	2	135	7	173	1	22	1	1	rational	weight_772.json
772	124	2	36	7	11	1	23	1	1	rational	weight_772.json
772	124	2	171	7	11	1	24	1	1	rational	weight_772.json
772	124	2	225	7	11	1	25	1	1	rational	weight_772.json
772	124	2	126	7	11	1	26	1	1	rational	weight_772.json
772	124	2	18	7	11	1	27	1	1	rational	weight_772.json
772	124	2	36	7	11	1	28	1	1	rational	weight_772.json
772	124	2	207	7	11	1	29	1	1	rational	weight_772.json
772	124	2	45	7	11	1	30	1	1	rational	weight_772.json
772	124	2	72	7	11	1	31	1	1	rational	weight_772.json
772	124	2	63	7	11	1	32	1	1	rational	weight_772.json
772	124	2	180	7	11	1	33	1	1	rational	weight_772.json
772	124	2	99	7	11	1	34	1	1	rational	weight_772.json
772	124	2	9	7	11	1	35	1	1	rational	weight_772.json
772	124	2	225	7	11	1	36	1	1	rational	weight_772.json
772	124	2	117	7	11	1	37	1	1	rational	weight_772.json
772	124	2	63	7	11	1	38	1	1	rational	weight_772.json
772	124	2	45	7	11	1	39	1	1	rational	weight_772.json
772	124	2	99	7	11	1	40	1	1	rational	weight_772.json
772	124	2	198	7	11	1	41	1	1	rational	weight_772.json
772	124	2	117	7	11	1	42	1	1	rational	weight_772.json
772	124	2	144	7	11	1	43	1	1	rational	weight_772.json
772	124	2	144	7	11	1	44	1	1	rational	weight_772.json
772	124	2	180	7	11	1	45	1	1	rational	weight_772.json
772	124	2	126	7	11	1	46	1	1	rational	weight_772.json
772	124	2	63	7	11	1	47	1	1	rational	weight_772.json
772	124	2	180	7	11	1	48	1	1	rational	weight_772.json
772	124	2	117	7	11	1	49	1	1	rational	weight_772.json
772	124	2	198	7	11	1	50	1	1	rational	weight_772.json
772	124	2	207	7	11	1	51	1	1	rational	weight_772.json
772	124	2	18	7	11	1	52	1	1	rational	weight_772.json
772	124	2	234	7	11	1	53	1	1	rational	weight_772.json
772	124	2	126	7	11	1	54	1	1	rational	weight_772.json
772	124	2	weight_772.json#orbit=1,place=55,coordinate=0	7	weight_772.json#orbit=1,place=55,coordinate=1	1	55	1	2	algebraic	weight_772.json
772	124	2	weight_772.json#orbit=1,place=56,coordinate=0	7	weight_772.json#orbit=1,place=56,coordinate=1	1	56	1	2	algebraic	weight_772.json
772	124	2	weight_772.json#orbit=1,place=57,coordinate=0	7	weight_772.json#orbit=1,place=57,coordinate=1	1	57	1	2	algebraic	weight_772.json
772	124	2	weight_772.json#orbit=1,place=58,coordinate=0	7	weight_772.json#orbit=1,place=58,coordinate=1	1	58	1	2	algebraic	weight_772.json
772	124	2	weight_772.json#orbit=1,place=59,coordinate=0	7	weight_772.json#orbit=1,place=59,coordinate=1	1	59	1	2	algebraic	weight_772.json
774	126	2	177	7	5	1	1	1	1	rational	weight_774.json
774	126	2	204	7	86	1	2	1	1	rational	weight_774.json
774	126	2	177	7	5	1	3	1	1	rational	weight_774.json
774	126	2	204	7	86	1	4	1	1	rational	weight_774.json
774	126	2	39	7	86	1	5	1	1	rational	weight_774.json
774	126	2	42	7	86	1	6	1	1	rational	weight_774.json
774	126	2	66	7	5	1	7	1	1	rational	weight_774.json
774	126	2	177	7	5	1	8	1	1	rational	weight_774.json
774	126	2	66	7	5	1	9	1	1	rational	weight_774.json
774	126	2	123	7	86	1	10	1	1	rational	weight_774.json
774	126	2	177	7	5	1	11	1	1	rational	weight_774.json
774	126	2	204	7	86	1	12	1	1	rational	weight_774.json
774	126	2	204	7	86	1	13	1	1	rational	weight_774.json
774	126	2	201	7	86	1	14	1	1	rational	weight_774.json
774	126	2	42	7	86	1	15	1	1	rational	weight_774.json
774	126	2	39	7	86	1	16	1	1	rational	weight_774.json
774	126	2	123	7	86	1	17	1	1	rational	weight_774.json
774	126	2	42	7	86	1	18	1	1	rational	weight_774.json
774	126	2	201	7	86	1	19	1	1	rational	weight_774.json
774	126	2	42	7	86	1	20	1	1	rational	weight_774.json
774	126	2	66	7	5	1	21	1	1	rational	weight_774.json
774	126	2	120	7	86	1	22	1	1	rational	weight_774.json
774	126	2	177	7	5	1	23	1	1	rational	weight_774.json
774	126	2	201	7	86	1	24	1	1	rational	weight_774.json
774	126	2	39	7	86	1	25	1	1	rational	weight_774.json
774	126	2	177	7	5	1	26	1	1	rational	weight_774.json
774	126	2	123	7	86	1	27	1	1	rational	weight_774.json
774	126	2	201	7	86	1	28	1	1	rational	weight_774.json
774	126	2	204	7	86	1	29	1	1	rational	weight_774.json
774	126	2	66	7	5	1	30	1	1	rational	weight_774.json
774	126	2	120	7	86	1	31	1	1	rational	weight_774.json
774	126	2	39	7	86	1	32	1	1	rational	weight_774.json
774	126	2	120	7	86	1	33	1	1	rational	weight_774.json
774	126	2	201	7	86	1	34	1	1	rational	weight_774.json
774	126	2	39	7	86	1	35	1	1	rational	weight_774.json
774	126	2	42	7	86	1	36	1	1	rational	weight_774.json
774	126	2	123	7	86	1	37	1	1	rational	weight_774.json
774	126	2	123	7	86	1	38	1	1	rational	weight_774.json
774	126	2	39	7	86	1	39	1	1	rational	weight_774.json
774	126	2	177	7	5	1	40	1	1	rational	weight_774.json
774	126	2	66	7	5	1	41	1	1	rational	weight_774.json
774	126	2	204	7	86	1	42	1	1	rational	weight_774.json
774	126	2	66	7	5	1	43	1	1	rational	weight_774.json
774	126	2	66	7	5	1	44	1	1	rational	weight_774.json
774	126	2	42	7	86	1	45	1	1	rational	weight_774.json
774	126	2	123	7	86	1	46	1	1	rational	weight_774.json
774	126	2	177	7	5	1	47	1	1	rational	weight_774.json
774	126	2	120	7	86	1	48	1	1	rational	weight_774.json
774	126	2	177	7	5	1	49	1	1	rational	weight_774.json
774	126	2	120	7	86	1	50	1	1	rational	weight_774.json
774	126	2	39	7	86	1	51	1	1	rational	weight_774.json
774	126	2	66	7	5	1	52	1	1	rational	weight_774.json
774	126	2	120	7	86	1	53	1	1	rational	weight_774.json
774	126	2	66	7	5	1	54	1	1	rational	weight_774.json
774	126	2	120	7	86	1	55	1	1	rational	weight_774.json
774	126	2	123	7	86	1	56	1	1	rational	weight_774.json
774	126	2	177	7	5	1	57	1	1	rational	weight_774.json
774	126	2	66	7	5	1	58	1	1	rational	weight_774.json
774	126	2	204	7	86	1	59	1	1	rational	weight_774.json
774	126	2	120	7	86	1	60	1	1	rational	weight_774.json
774	126	2	201	7	86	1	61	1	1	rational	weight_774.json
774	126	2	66	7	5	1	62	1	1	rational	weight_774.json
774	126	2	42	7	86	1	63	1	2	rational	weight_774.json
776	128	2	219	7	197	1	1	1	1	rational	weight_776.json
776	128	2	111	7	35	1	2	1	1	rational	weight_776.json
776	128	2	219	7	197	1	3	1	1	rational	weight_776.json
776	128	2	30	7	35	1	4	1	1	rational	weight_776.json
776	128	2	213	7	35	1	5	1	1	rational	weight_776.json
776	128	2	24	7	197	1	6	1	1	rational	weight_776.json
776	128	2	30	7	35	1	7	1	1	rational	weight_776.json
776	128	2	30	7	35	1	8	1	1	rational	weight_776.json
776	128	2	111	7	35	1	9	1	1	rational	weight_776.json
776	128	2	24	7	197	1	10	1	1	rational	weight_776.json
776	128	2	51	7	35	1	11	1	1	rational	weight_776.json
776	128	2	213	7	35	1	12	1	1	rational	weight_776.json
776	128	2	51	7	35	1	13	1	1	rational	weight_776.json
776	128	2	111	7	35	1	14	1	1	rational	weight_776.json
776	128	2	24	7	197	1	15	1	1	rational	weight_776.json
776	128	2	111	7	35	1	16	1	1	rational	weight_776.json
776	128	2	192	7	35	1	17	1	1	rational	weight_776.json
776	128	2	192	7	35	1	18	1	1	rational	weight_776.json
776	128	2	213	7	35	1	19	1	1	rational	weight_776.json
776	128	2	30	7	35	1	20	1	1	rational	weight_776.json
776	128	2	213	7	35	1	21	1	1	rational	weight_776.json
776	128	2	192	7	35	1	22	1	1	rational	weight_776.json
776	128	2	111	7	35	1	23	1	1	rational	weight_776.json
776	128	2	30	7	35	1	24	1	1	rational	weight_776.json
776	128	2	219	7	197	1	25	1	1	rational	weight_776.json
776	128	2	213	7	35	1	26	1	1	rational	weight_776.json
776	128	2	219	7	197	1	27	1	1	rational	weight_776.json
776	128	2	132	7	35	1	28	1	1	rational	weight_776.json
776	128	2	24	7	197	1	29	1	1	rational	weight_776.json
776	128	2	24	7	197	1	30	1	1	rational	weight_776.json
776	128	2	219	7	197	1	31	1	1	rational	weight_776.json
776	128	2	24	7	197	1	32	1	1	rational	weight_776.json
776	128	2	111	7	35	1	33	1	1	rational	weight_776.json
776	128	2	24	7	197	1	34	1	1	rational	weight_776.json
776	128	2	24	7	197	1	35	1	1	rational	weight_776.json
776	128	2	51	7	35	1	36	1	1	rational	weight_776.json
776	128	2	132	7	35	1	37	1	1	rational	weight_776.json
776	128	2	132	7	35	1	38	1	1	rational	weight_776.json
776	128	2	219	7	197	1	39	1	1	rational	weight_776.json
776	128	2	132	7	35	1	40	1	1	rational	weight_776.json
776	128	2	24	7	197	1	41	1	1	rational	weight_776.json
776	128	2	30	7	35	1	42	1	1	rational	weight_776.json
776	128	2	30	7	35	1	43	1	1	rational	weight_776.json
776	128	2	192	7	35	1	44	1	1	rational	weight_776.json
776	128	2	132	7	35	1	45	1	1	rational	weight_776.json
776	128	2	51	7	35	1	46	1	1	rational	weight_776.json
776	128	2	219	7	197	1	47	1	1	rational	weight_776.json
776	128	2	213	7	35	1	48	1	1	rational	weight_776.json
776	128	2	219	7	197	1	49	1	1	rational	weight_776.json
776	128	2	51	7	35	1	50	1	1	rational	weight_776.json
776	128	2	192	7	35	1	51	1	1	rational	weight_776.json
776	128	2	24	7	197	1	52	1	1	rational	weight_776.json
776	128	2	219	7	197	1	53	1	1	rational	weight_776.json
776	128	2	213	7	35	1	54	1	1	rational	weight_776.json
776	128	2	219	7	197	1	55	1	1	rational	weight_776.json
776	128	2	132	7	35	1	56	1	1	rational	weight_776.json
776	128	2	111	7	35	1	57	1	1	rational	weight_776.json
776	128	2	132	7	35	1	58	1	1	rational	weight_776.json
776	128	2	24	7	197	1	59	1	1	rational	weight_776.json
776	128	2	132	7	35	1	60	1	1	rational	weight_776.json
776	128	2	51	7	35	1	61	1	1	rational	weight_776.json
776	128	2	192	7	35	1	62	1	1	rational	weight_776.json
776	128	2	192	7	35	1	63	1	2	rational	weight_776.json
778	130	2	0	7	47	1	1	1	1	rational	weight_778.json
778	130	2	0	7	47	1	2	1	1	rational	weight_778.json
778	130	2	0	7	47	1	3	1	1	rational	weight_778.json
778	130	2	162	7	47	1	4	1	1	rational	weight_778.json
778	130	2	81	7	47	1	5	1	1	rational	weight_778.json
778	130	2	162	7	47	1	6	1	1	rational	weight_778.json
778	130	2	81	7	47	1	7	1	1	rational	weight_778.json
778	130	2	135	7	47	1	8	1	1	rational	weight_778.json
778	130	2	189	7	47	1	9	1	1	rational	weight_778.json
778	130	2	108	7	47	1	10	1	1	rational	weight_778.json
778	130	2	216	7	47	1	11	1	1	rational	weight_778.json
778	130	2	189	7	47	1	12	1	1	rational	weight_778.json
778	130	2	27	7	47	1	13	1	1	rational	weight_778.json
778	130	2	54	7	47	1	14	1	1	rational	weight_778.json
778	130	2	27	7	47	1	15	1	1	rational	weight_778.json
778	130	2	189	7	47	1	16	1	1	rational	weight_778.json
778	130	2	216	7	47	1	17	1	1	rational	weight_778.json
778	130	2	108	7	47	1	18	1	1	rational	weight_778.json
778	130	2	135	7	47	1	19	1	1	rational	weight_778.json
778	130	2	54	7	47	1	20	1	1	rational	weight_778.json
778	130	2	108	7	47	1	21	1	1	rational	weight_778.json
778	130	2	207	7	128	1	22	1	1	rational	weight_778.json
778	130	2	18	7	128	1	23	1	1	rational	weight_778.json
778	130	2	36	7	128	1	24	1	1	rational	weight_778.json
778	130	2	117	7	128	1	25	1	1	rational	weight_778.json
778	130	2	45	7	128	1	26	1	1	rational	weight_778.json
778	130	2	117	7	128	1	27	1	1	rational	weight_778.json
778	130	2	117	7	128	1	28	1	1	rational	weight_778.json
778	130	2	198	7	128	1	29	1	1	rational	weight_778.json
778	130	2	126	7	128	1	30	1	1	rational	weight_778.json
778	130	2	180	7	128	1	31	1	1	rational	weight_778.json
778	130	2	63	7	128	1	32	1	1	rational	weight_778.json
778	130	2	18	7	128	1	33	1	1	rational	weight_778.json
778	130	2	225	7	128	1	34	1	1	rational	weight_778.json
778	130	2	225	7	128	1	35	1	1	rational	weight_778.json
778	130	2	45	7	128	1	36	1	1	rational	weight_778.json
778	130	2	144	7	128	1	37	1	1	rational	weight_778.json
778	130	2	99	7	128	1	38	1	1	rational	weight_778.json
778	130	2	18	7	128	1	39	1	1	rational	weight_778.json
778	130	2	144	7	128	1	40	1	1	rational	weight_778.json
778	130	2	225	7	128	1	41	1	1	rational	weight_778.json
778	130	2	72	7	128	1	42	1	1	rational	weight_778.json
778	130	2	207	7	128	1	43	1	1	rational	weight_778.json
778	130	2	99	7	128	1	44	1	1	rational	weight_778.json
778	130	2	207	7	128	1	45	1	1	rational	weight_778.json
778	130	2	63	7	128	1	46	1	1	rational	weight_778.json
778	130	2	153	7	128	1	47	1	1	rational	weight_778.json
778	130	2	36	7	128	1	48	1	1	rational	weight_778.json
778	130	2	90	7	128	1	49	1	1	rational	weight_778.json
778	130	2	36	7	128	1	50	1	1	rational	weight_778.json
778	130	2	171	7	128	1	51	1	1	rational	weight_778.json
778	130	2	198	7	128	1	52	1	1	rational	weight_778.json
778	130	2	126	7	128	1	53	1	1	rational	weight_778.json
778	130	2	180	7	128	1	54	1	1	rational	weight_778.json
778	130	2	weight_778.json#orbit=1,place=55,coordinate=0	7	weight_778.json#orbit=1,place=55,coordinate=1	1	55	1	2	algebraic	weight_778.json
778	130	2	weight_778.json#orbit=1,place=56,coordinate=0	7	weight_778.json#orbit=1,place=56,coordinate=1	1	56	1	2	algebraic	weight_778.json
778	130	2	weight_778.json#orbit=1,place=57,coordinate=0	7	weight_778.json#orbit=1,place=57,coordinate=1	1	57	1	2	algebraic	weight_778.json
778	130	2	weight_778.json#orbit=1,place=58,coordinate=0	7	weight_778.json#orbit=1,place=58,coordinate=1	1	58	1	2	algebraic	weight_778.json
778	130	2	weight_778.json#orbit=1,place=59,coordinate=0	7	weight_778.json#orbit=1,place=59,coordinate=1	1	59	1	2	algebraic	weight_778.json
780	132	2	6	7	149	1	1	1	1	rational	weight_780.json
780	132	2	141	7	68	1	2	1	1	rational	weight_780.json
780	132	2	141	7	68	1	3	1	1	rational	weight_780.json
780	132	2	141	7	68	1	4	1	1	rational	weight_780.json
780	132	2	102	7	68	1	5	1	1	rational	weight_780.json
780	132	2	102	7	68	1	6	1	1	rational	weight_780.json
780	132	2	102	7	68	1	7	1	1	rational	weight_780.json
780	132	2	75	7	149	1	8	1	1	rational	weight_780.json
780	132	2	141	7	68	1	9	1	1	rational	weight_780.json
780	132	2	6	7	149	1	10	1	1	rational	weight_780.json
780	132	2	141	7	68	1	11	1	1	rational	weight_780.json
780	132	2	75	7	149	1	12	1	1	rational	weight_780.json
780	132	2	237	7	149	1	13	1	1	rational	weight_780.json
780	132	2	141	7	68	1	14	1	1	rational	weight_780.json
780	132	2	102	7	68	1	15	1	1	rational	weight_780.json
780	132	2	87	7	149	1	16	1	1	rational	weight_780.json
780	132	2	237	7	149	1	17	1	1	rational	weight_780.json
780	132	2	156	7	149	1	18	1	1	rational	weight_780.json
780	132	2	6	7	149	1	19	1	1	rational	weight_780.json
780	132	2	156	7	149	1	20	1	1	rational	weight_780.json
780	132	2	168	7	149	1	21	1	1	rational	weight_780.json
780	132	2	237	7	149	1	22	1	1	rational	weight_780.json
780	132	2	102	7	68	1	23	1	1	rational	weight_780.json
780	132	2	102	7	68	1	24	1	1	rational	weight_780.json
780	132	2	87	7	149	1	25	1	1	rational	weight_780.json
780	132	2	87	7	149	1	26	1	1	rational	weight_780.json
780	132	2	75	7	149	1	27	1	1	rational	weight_780.json
780	132	2	102	7	68	1	28	1	1	rational	weight_780.json
780	132	2	102	7	68	1	29	1	1	rational	weight_780.json
780	132	2	156	7	149	1	30	1	1	rational	weight_780.json
780	132	2	87	7	149	1	31	1	1	rational	weight_780.json
780	132	2	141	7	68	1	32	1	1	rational	weight_780.json
780	132	2	168	7	149	1	33	1	1	rational	weight_780.json
780	132	2	237	7	149	1	34	1	1	rational	weight_780.json
780	132	2	156	7	149	1	35	1	1	rational	weight_780.json
780	132	2	156	7	149	1	36	1	1	rational	weight_780.json
780	132	2	6	7	149	1	37	1	1	rational	weight_780.json
780	132	2	75	7	149	1	38	1	1	rational	weight_780.json
780	132	2	168	7	149	1	39	1	1	rational	weight_780.json
780	132	2	6	7	149	1	40	1	1	rational	weight_780.json
780	132	2	102	7	68	1	41	1	1	rational	weight_780.json
780	132	2	168	7	149	1	42	1	1	rational	weight_780.json
780	132	2	87	7	149	1	43	1	1	rational	weight_780.json
780	132	2	237	7	149	1	44	1	1	rational	weight_780.json
780	132	2	141	7	68	1	45	1	1	rational	weight_780.json
780	132	2	141	7	68	1	46	1	1	rational	weight_780.json
780	132	2	237	7	149	1	47	1	1	rational	weight_780.json
780	132	2	6	7	149	1	48	1	1	rational	weight_780.json
780	132	2	6	7	149	1	49	1	1	rational	weight_780.json
780	132	2	87	7	149	1	50	1	1	rational	weight_780.json
780	132	2	87	7	149	1	51	1	1	rational	weight_780.json
780	132	2	141	7	68	1	52	1	1	rational	weight_780.json
780	132	2	102	7	68	1	53	1	1	rational	weight_780.json
780	132	2	75	7	149	1	54	1	1	rational	weight_780.json
780	132	2	102	7	68	1	55	1	1	rational	weight_780.json
780	132	2	168	7	149	1	56	1	1	rational	weight_780.json
780	132	2	168	7	149	1	57	1	1	rational	weight_780.json
780	132	2	156	7	149	1	58	1	1	rational	weight_780.json
780	132	2	6	7	149	1	59	1	1	rational	weight_780.json
780	132	2	141	7	68	1	60	1	1	rational	weight_780.json
780	132	2	237	7	149	1	61	1	1	rational	weight_780.json
780	132	2	156	7	149	1	62	1	1	rational	weight_780.json
780	132	2	75	7	149	1	63	1	1	rational	weight_780.json
780	132	2	75	7	149	1	64	1	2	rational	weight_780.json
782	134	2	114	7	125	1	1	1	1	rational	weight_782.json
782	134	2	141	7	206	1	2	1	1	rational	weight_782.json
782	134	2	114	7	125	1	3	1	1	rational	weight_782.json
782	134	2	222	7	206	1	4	1	1	rational	weight_782.json
782	134	2	102	7	206	1	5	1	1	rational	weight_782.json
782	134	2	222	7	206	1	6	1	1	rational	weight_782.json
782	134	2	141	7	206	1	7	1	1	rational	weight_782.json
782	134	2	183	7	206	1	8	1	1	rational	weight_782.json
782	134	2	114	7	125	1	9	1	1	rational	weight_782.json
782	134	2	102	7	206	1	10	1	1	rational	weight_782.json
782	134	2	114	7	125	1	11	1	1	rational	weight_782.json
782	134	2	141	7	206	1	12	1	1	rational	weight_782.json
782	134	2	102	7	206	1	13	1	1	rational	weight_782.json
782	134	2	183	7	206	1	14	1	1	rational	weight_782.json
782	134	2	129	7	125	1	15	1	1	rational	weight_782.json
782	134	2	129	7	125	1	16	1	1	rational	weight_782.json
782	134	2	141	7	206	1	17	1	1	rational	weight_782.json
782	134	2	222	7	206	1	18	1	1	rational	weight_782.json
782	134	2	129	7	125	1	19	1	1	rational	weight_782.json
782	134	2	102	7	206	1	20	1	1	rational	weight_782.json
782	134	2	129	7	125	1	21	1	1	rational	weight_782.json
782	134	2	114	7	125	1	22	1	1	rational	weight_782.json
782	134	2	60	7	206	1	23	1	1	rational	weight_782.json
782	134	2	141	7	206	1	24	1	1	rational	weight_782.json
782	134	2	129	7	125	1	25	1	1	rational	weight_782.json
782	134	2	222	7	206	1	26	1	1	rational	weight_782.json
782	134	2	222	7	206	1	27	1	1	rational	weight_782.json
782	134	2	129	7	125	1	28	1	1	rational	weight_782.json
782	134	2	60	7	206	1	29	1	1	rational	weight_782.json
782	134	2	114	7	125	1	30	1	1	rational	weight_782.json
782	134	2	183	7	206	1	31	1	1	rational	weight_782.json
782	134	2	21	7	206	1	32	1	1	rational	weight_782.json
782	134	2	114	7	125	1	33	1	1	rational	weight_782.json
782	134	2	60	7	206	1	34	1	1	rational	weight_782.json
782	134	2	60	7	206	1	35	1	1	rational	weight_782.json
782	134	2	222	7	206	1	36	1	1	rational	weight_782.json
782	134	2	183	7	206	1	37	1	1	rational	weight_782.json
782	134	2	21	7	206	1	38	1	1	rational	weight_782.json
782	134	2	102	7	206	1	39	1	1	rational	weight_782.json
782	134	2	129	7	125	1	40	1	1	rational	weight_782.json
782	134	2	21	7	206	1	41	1	1	rational	weight_782.json
782	134	2	183	7	206	1	42	1	1	rational	weight_782.json
782	134	2	114	7	125	1	43	1	1	rational	weight_782.json
782	134	2	60	7	206	1	44	1	1	rational	weight_782.json
782	134	2	102	7	206	1	45	1	1	rational	weight_782.json
782	134	2	183	7	206	1	46	1	1	rational	weight_782.json
782	134	2	222	7	206	1	47	1	1	rational	weight_782.json
782	134	2	183	7	206	1	48	1	1	rational	weight_782.json
782	134	2	141	7	206	1	49	1	1	rational	weight_782.json
782	134	2	129	7	125	1	50	1	1	rational	weight_782.json
782	134	2	60	7	206	1	51	1	1	rational	weight_782.json
782	134	2	129	7	125	1	52	1	1	rational	weight_782.json
782	134	2	102	7	206	1	53	1	1	rational	weight_782.json
782	134	2	183	7	206	1	54	1	1	rational	weight_782.json
782	134	2	141	7	206	1	55	1	1	rational	weight_782.json
782	134	2	222	7	206	1	56	1	1	rational	weight_782.json
782	134	2	21	7	206	1	57	1	1	rational	weight_782.json
782	134	2	114	7	125	1	58	1	1	rational	weight_782.json
782	134	2	129	7	125	1	59	1	1	rational	weight_782.json
782	134	2	114	7	125	1	60	1	1	rational	weight_782.json
782	134	2	129	7	125	1	61	1	1	rational	weight_782.json
782	134	2	114	7	125	1	62	1	1	rational	weight_782.json
782	134	2	21	7	206	1	63	1	2	rational	weight_782.json
784	136	2	0	7	83	1	1	1	1	rational	weight_784.json
784	136	2	0	7	83	1	2	1	1	rational	weight_784.json
784	136	2	0	7	83	1	3	1	1	rational	weight_784.json
784	136	2	81	7	83	1	4	1	1	rational	weight_784.json
784	136	2	162	7	83	1	5	1	1	rational	weight_784.json
784	136	2	81	7	83	1	6	1	1	rational	weight_784.json
784	136	2	162	7	83	1	7	1	1	rational	weight_784.json
784	136	2	27	7	83	1	8	1	1	rational	weight_784.json
784	136	2	135	7	83	1	9	1	1	rational	weight_784.json
784	136	2	189	7	83	1	10	1	1	rational	weight_784.json
784	136	2	108	7	83	1	11	1	1	rational	weight_784.json
784	136	2	54	7	83	1	12	1	1	rational	weight_784.json
784	136	2	135	7	83	1	13	1	1	rational	weight_784.json
784	136	2	189	7	83	1	14	1	1	rational	weight_784.json
784	136	2	135	7	83	1	15	1	1	rational	weight_784.json
784	136	2	27	7	83	1	16	1	1	rational	weight_784.json
784	136	2	54	7	83	1	17	1	1	rational	weight_784.json
784	136	2	108	7	83	1	18	1	1	rational	weight_784.json
784	136	2	54	7	83	1	19	1	1	rational	weight_784.json
784	136	2	216	7	83	1	20	1	1	rational	weight_784.json
784	136	2	216	7	83	1	21	1	1	rational	weight_784.json
784	136	2	18	7	164	1	22	1	1	rational	weight_784.json
784	136	2	207	7	164	1	23	1	1	rational	weight_784.json
784	136	2	225	7	164	1	24	1	1	rational	weight_784.json
784	136	2	36	7	164	1	25	1	1	rational	weight_784.json
784	136	2	36	7	164	1	26	1	1	rational	weight_784.json
784	136	2	225	7	164	1	27	1	1	rational	weight_784.json
784	136	2	225	7	164	1	28	1	1	rational	weight_784.json
784	136	2	207	7	164	1	29	1	1	rational	weight_784.json
784	136	2	36	7	164	1	30	1	1	rational	weight_784.json
784	136	2	207	7	164	1	31	1	1	rational	weight_784.json
784	136	2	18	7	164	1	32	1	1	rational	weight_784.json
784	136	2	18	7	164	1	33	1	1	rational	weight_784.json
784	136	2	36	7	164	1	34	1	1	rational	weight_784.json
784	136	2	225	7	164	1	35	1	1	rational	weight_784.json
784	136	2	weight_784.json#orbit=1,place=36,coordinate=0	7	weight_784.json#orbit=1,place=36,coordinate=1	1	36	1	2	algebraic	weight_784.json
784	136	2	weight_784.json#orbit=1,place=37,coordinate=0	7	weight_784.json#orbit=1,place=37,coordinate=1	1	37	1	2	algebraic	weight_784.json
784	136	2	weight_784.json#orbit=1,place=38,coordinate=0	7	weight_784.json#orbit=1,place=38,coordinate=1	1	38	1	2	algebraic	weight_784.json
784	136	2	weight_784.json#orbit=1,place=39,coordinate=0	7	weight_784.json#orbit=1,place=39,coordinate=1	1	39	1	2	algebraic	weight_784.json
784	136	2	weight_784.json#orbit=1,place=40,coordinate=0	7	weight_784.json#orbit=1,place=40,coordinate=1	1	40	1	2	algebraic	weight_784.json
784	136	2	weight_784.json#orbit=1,place=41,coordinate=0	7	weight_784.json#orbit=1,place=41,coordinate=1	1	41	1	2	algebraic	weight_784.json
784	136	2	weight_784.json#orbit=1,place=42,coordinate=0	7	weight_784.json#orbit=1,place=42,coordinate=1	1	42	1	2	algebraic	weight_784.json
784	136	2	weight_784.json#orbit=1,place=43,coordinate=0	7	weight_784.json#orbit=1,place=43,coordinate=1	1	43	1	2	algebraic	weight_784.json
784	136	2	weight_784.json#orbit=1,place=44,coordinate=0	7	weight_784.json#orbit=1,place=44,coordinate=1	1	44	1	2	algebraic	weight_784.json
784	136	2	weight_784.json#orbit=1,place=45,coordinate=0	7	weight_784.json#orbit=1,place=45,coordinate=1	1	45	1	2	algebraic	weight_784.json
784	136	2	weight_784.json#orbit=1,place=46,coordinate=0	7	weight_784.json#orbit=1,place=46,coordinate=1	1	46	1	2	algebraic	weight_784.json
784	136	2	weight_784.json#orbit=1,place=47,coordinate=0	7	weight_784.json#orbit=1,place=47,coordinate=1	1	47	1	2	algebraic	weight_784.json
784	136	2	weight_784.json#orbit=1,place=48,coordinate=0	7	weight_784.json#orbit=1,place=48,coordinate=1	1	48	1	2	algebraic	weight_784.json
784	136	2	weight_784.json#orbit=1,place=49,coordinate=0	7	weight_784.json#orbit=1,place=49,coordinate=1	1	49	1	2	algebraic	weight_784.json
784	136	2	weight_784.json#orbit=1,place=50,coordinate=0	7	weight_784.json#orbit=1,place=50,coordinate=1	1	50	1	2	algebraic	weight_784.json
786	138	2	78	7	131	1	1	1	1	rational	weight_786.json
786	138	2	192	7	50	1	2	1	1	rational	weight_786.json
786	138	2	159	7	131	1	3	1	1	rational	weight_786.json
786	138	2	192	7	50	1	4	1	1	rational	weight_786.json
786	138	2	165	7	131	1	5	1	1	rational	weight_786.json
786	138	2	240	7	131	1	6	1	1	rational	weight_786.json
786	138	2	3	7	131	1	7	1	1	rational	weight_786.json
786	138	2	165	7	131	1	8	1	1	rational	weight_786.json
786	138	2	240	7	131	1	9	1	1	rational	weight_786.json
786	138	2	78	7	131	1	10	1	1	rational	weight_786.json
786	138	2	165	7	131	1	11	1	1	rational	weight_786.json
786	138	2	84	7	131	1	12	1	1	rational	weight_786.json
786	138	2	240	7	131	1	13	1	1	rational	weight_786.json
786	138	2	3	7	131	1	14	1	1	rational	weight_786.json
786	138	2	78	7	131	1	15	1	1	rational	weight_786.json
786	138	2	159	7	131	1	16	1	1	rational	weight_786.json
786	138	2	78	7	131	1	17	1	1	rational	weight_786.json
786	138	2	192	7	50	1	18	1	1	rational	weight_786.json
786	138	2	240	7	131	1	19	1	1	rational	weight_786.json
786	138	2	51	7	50	1	20	1	1	rational	weight_786.json
786	138	2	240	7	131	1	21	1	1	rational	weight_786.json
786	138	2	3	7	131	1	22	1	1	rational	weight_786.json
786	138	2	51	7	50	1	23	1	1	rational	weight_786.json
786	138	2	51	7	50	1	24	1	1	rational	weight_786.json
786	138	2	51	7	50	1	25	1	1	rational	weight_786.json
786	138	2	165	7	131	1	26	1	1	rational	weight_786.json
786	138	2	51	7	50	1	27	1	1	rational	weight_786.json
786	138	2	84	7	131	1	28	1	1	rational	weight_786.json
786	138	2	159	7	131	1	29	1	1	rational	weight_786.json
786	138	2	78	7	131	1	30	1	1	rational	weight_786.json
786	138	2	51	7	50	1	31	1	1	rational	weight_786.json
786	138	2	165	7	131	1	32	1	1	rational	weight_786.json
786	138	2	159	7	131	1	33	1	1	rational	weight_786.json
786	138	2	192	7	50	1	34	1	1	rational	weight_786.json
786	138	2	192	7	50	1	35	1	1	rational	weight_786.json
786	138	2	84	7	131	1	36	1	1	rational	weight_786.json
786	138	2	192	7	50	1	37	1	1	rational	weight_786.json
786	138	2	51	7	50	1	38	1	1	rational	weight_786.json
786	138	2	165	7	131	1	39	1	1	rational	weight_786.json
786	138	2	84	7	131	1	40	1	1	rational	weight_786.json
786	138	2	51	7	50	1	41	1	1	rational	weight_786.json
786	138	2	51	7	50	1	42	1	1	rational	weight_786.json
786	138	2	51	7	50	1	43	1	1	rational	weight_786.json
786	138	2	51	7	50	1	44	1	1	rational	weight_786.json
786	138	2	240	7	131	1	45	1	1	rational	weight_786.json
786	138	2	192	7	50	1	46	1	1	rational	weight_786.json
786	138	2	159	7	131	1	47	1	1	rational	weight_786.json
786	138	2	78	7	131	1	48	1	1	rational	weight_786.json
786	138	2	165	7	131	1	49	1	1	rational	weight_786.json
786	138	2	240	7	131	1	50	1	1	rational	weight_786.json
786	138	2	159	7	131	1	51	1	1	rational	weight_786.json
786	138	2	192	7	50	1	52	1	1	rational	weight_786.json
786	138	2	192	7	50	1	53	1	1	rational	weight_786.json
786	138	2	159	7	131	1	54	1	1	rational	weight_786.json
786	138	2	84	7	131	1	55	1	1	rational	weight_786.json
786	138	2	84	7	131	1	56	1	1	rational	weight_786.json
786	138	2	192	7	50	1	57	1	1	rational	weight_786.json
786	138	2	192	7	50	1	58	1	1	rational	weight_786.json
786	138	2	84	7	131	1	59	1	1	rational	weight_786.json
786	138	2	84	7	131	1	60	1	1	rational	weight_786.json
786	138	2	165	7	131	1	61	1	1	rational	weight_786.json
786	138	2	240	7	131	1	62	1	1	rational	weight_786.json
786	138	2	3	7	131	1	63	1	1	rational	weight_786.json
786	138	2	3	7	131	1	64	1	2	rational	weight_786.json
788	140	2	15	7	53	1	1	1	1	rational	weight_788.json
788	140	2	12	7	215	1	2	1	1	rational	weight_788.json
788	140	2	231	7	215	1	3	1	1	rational	weight_788.json
788	140	2	66	7	53	1	4	1	1	rational	weight_788.json
788	140	2	12	7	215	1	5	1	1	rational	weight_788.json
788	140	2	66	7	53	1	6	1	1	rational	weight_788.json
788	140	2	12	7	215	1	7	1	1	rational	weight_788.json
788	140	2	12	7	215	1	8	1	1	rational	weight_788.json
788	140	2	147	7	53	1	9	1	1	rational	weight_788.json
788	140	2	228	7	53	1	10	1	1	rational	weight_788.json
788	140	2	147	7	53	1	11	1	1	rational	weight_788.json
788	140	2	231	7	215	1	12	1	1	rational	weight_788.json
788	140	2	15	7	53	1	13	1	1	rational	weight_788.json
788	140	2	15	7	53	1	14	1	1	rational	weight_788.json
788	140	2	231	7	215	1	15	1	1	rational	weight_788.json
788	140	2	231	7	215	1	16	1	1	rational	weight_788.json
788	140	2	96	7	53	1	17	1	1	rational	weight_788.json
788	140	2	96	7	53	1	18	1	1	rational	weight_788.json
788	140	2	147	7	53	1	19	1	1	rational	weight_788.json
788	140	2	96	7	53	1	20	1	1	rational	weight_788.json
788	140	2	231	7	215	1	21	1	1	rational	weight_788.json
788	140	2	15	7	53	1	22	1	1	rational	weight_788.json
788	140	2	12	7	215	1	23	1	1	rational	weight_788.json
788	140	2	231	7	215	1	24	1	1	rational	weight_788.json
788	140	2	12	7	215	1	25	1	1	rational	weight_788.json
788	140	2	147	7	53	1	26	1	1	rational	weight_788.json
788	140	2	12	7	215	1	27	1	1	rational	weight_788.json
788	140	2	147	7	53	1	28	1	1	rational	weight_788.json
788	140	2	231	7	215	1	29	1	1	rational	weight_788.json
788	140	2	177	7	53	1	30	1	1	rational	weight_788.json
788	140	2	96	7	53	1	31	1	1	rational	weight_788.json
788	140	2	96	7	53	1	32	1	1	rational	weight_788.json
788	140	2	12	7	215	1	33	1	1	rational	weight_788.json
788	140	2	231	7	215	1	34	1	1	rational	weight_788.json
788	140	2	177	7	53	1	35	1	1	rational	weight_788.json
788	140	2	228	7	53	1	36	1	1	rational	weight_788.json
788	140	2	228	7	53	1	37	1	1	rational	weight_788.json
788	140	2	15	7	53	1	38	1	1	rational	weight_788.json
788	140	2	177	7	53	1	39	1	1	rational	weight_788.json
788	140	2	177	7	53	1	40	1	1	rational	weight_788.json
788	140	2	15	7	53	1	41	1	1	rational	weight_788.json
788	140	2	15	7	53	1	42	1	1	rational	weight_788.json
788	140	2	147	7	53	1	43	1	1	rational	weight_788.json
788	140	2	12	7	215	1	44	1	1	rational	weight_788.json
788	140	2	231	7	215	1	45	1	1	rational	weight_788.json
788	140	2	147	7	53	1	46	1	1	rational	weight_788.json
788	140	2	228	7	53	1	47	1	1	rational	weight_788.json
788	140	2	66	7	53	1	48	1	1	rational	weight_788.json
788	140	2	66	7	53	1	49	1	1	rational	weight_788.json
788	140	2	228	7	53	1	50	1	1	rational	weight_788.json
788	140	2	231	7	215	1	51	1	1	rational	weight_788.json
788	140	2	12	7	215	1	52	1	1	rational	weight_788.json
788	140	2	66	7	53	1	53	1	1	rational	weight_788.json
788	140	2	96	7	53	1	54	1	1	rational	weight_788.json
788	140	2	66	7	53	1	55	1	1	rational	weight_788.json
788	140	2	177	7	53	1	56	1	1	rational	weight_788.json
788	140	2	15	7	53	1	57	1	1	rational	weight_788.json
788	140	2	231	7	215	1	58	1	1	rational	weight_788.json
788	140	2	228	7	53	1	59	1	1	rational	weight_788.json
788	140	2	177	7	53	1	60	1	1	rational	weight_788.json
788	140	2	96	7	53	1	61	1	1	rational	weight_788.json
788	140	2	12	7	215	1	62	1	1	rational	weight_788.json
788	140	2	96	7	53	1	63	1	1	rational	weight_788.json
788	140	2	66	7	53	1	64	1	2	rational	weight_788.json
790	142	2	0	7	38	1	1	1	1	rational	weight_790.json
790	142	2	0	7	38	1	2	1	1	rational	weight_790.json
790	142	2	0	7	38	1	3	1	1	rational	weight_790.json
790	142	2	81	7	38	1	4	1	1	rational	weight_790.json
790	142	2	81	7	38	1	5	1	1	rational	weight_790.json
790	142	2	162	7	38	1	6	1	1	rational	weight_790.json
790	142	2	162	7	38	1	7	1	1	rational	weight_790.json
790	142	2	81	7	38	1	8	1	1	rational	weight_790.json
790	142	2	27	7	38	1	9	1	1	rational	weight_790.json
790	142	2	108	7	38	1	10	1	1	rational	weight_790.json
790	142	2	54	7	38	1	11	1	1	rational	weight_790.json
790	142	2	189	7	38	1	12	1	1	rational	weight_790.json
790	142	2	27	7	38	1	13	1	1	rational	weight_790.json
790	142	2	189	7	38	1	14	1	1	rational	weight_790.json
790	142	2	135	7	38	1	15	1	1	rational	weight_790.json
790	142	2	135	7	38	1	16	1	1	rational	weight_790.json
790	142	2	108	7	38	1	17	1	1	rational	weight_790.json
790	142	2	216	7	38	1	18	1	1	rational	weight_790.json
790	142	2	216	7	38	1	19	1	1	rational	weight_790.json
790	142	2	108	7	38	1	20	1	1	rational	weight_790.json
790	142	2	54	7	38	1	21	1	1	rational	weight_790.json
790	142	2	189	7	38	1	22	1	1	rational	weight_790.json
790	142	2	63	7	119	1	23	1	1	rational	weight_790.json
790	142	2	18	7	119	1	24	1	1	rational	weight_790.json
790	142	2	99	7	119	1	25	1	1	rational	weight_790.json
790	142	2	198	7	119	1	26	1	1	rational	weight_790.json
790	142	2	198	7	119	1	27	1	1	rational	weight_790.json
790	142	2	126	7	119	1	28	1	1	rational	weight_790.json
790	142	2	126	7	119	1	29	1	1	rational	weight_790.json
790	142	2	144	7	119	1	30	1	1	rational	weight_790.json
790	142	2	18	7	119	1	31	1	1	rational	weight_790.json
790	142	2	99	7	119	1	32	1	1	rational	weight_790.json
790	142	2	9	7	119	1	33	1	1	rational	weight_790.json
790	142	2	180	7	119	1	34	1	1	rational	weight_790.json
790	142	2	144	7	119	1	35	1	1	rational	weight_790.json
790	142	2	180	7	119	1	36	1	1	rational	weight_790.json
790	142	2	171	7	119	1	37	1	1	rational	weight_790.json
790	142	2	63	7	119	1	38	1	1	rational	weight_790.json
790	142	2	117	7	119	1	39	1	1	rational	weight_790.json
790	142	2	180	7	119	1	40	1	1	rational	weight_790.json
790	142	2	117	7	119	1	41	1	1	rational	weight_790.json
790	142	2	207	7	119	1	42	1	1	rational	weight_790.json
790	142	2	198	7	119	1	43	1	1	rational	weight_790.json
790	142	2	234	7	119	1	44	1	1	rational	weight_790.json
790	142	2	225	7	119	1	45	1	1	rational	weight_790.json
790	142	2	36	7	119	1	46	1	1	rational	weight_790.json
790	142	2	63	7	119	1	47	1	1	rational	weight_790.json
790	142	2	36	7	119	1	48	1	1	rational	weight_790.json
790	142	2	45	7	119	1	49	1	1	rational	weight_790.json
790	142	2	207	7	119	1	50	1	1	rational	weight_790.json
790	142	2	225	7	119	1	51	1	1	rational	weight_790.json
790	142	2	225	7	119	1	52	1	1	rational	weight_790.json
790	142	2	117	7	119	1	53	1	1	rational	weight_790.json
790	142	2	45	7	119	1	54	1	1	rational	weight_790.json
790	142	2	72	7	119	1	55	1	1	rational	weight_790.json
790	142	2	weight_790.json#orbit=1,place=56,coordinate=0	7	weight_790.json#orbit=1,place=56,coordinate=1	1	56	1	2	algebraic	weight_790.json
790	142	2	weight_790.json#orbit=1,place=57,coordinate=0	7	weight_790.json#orbit=1,place=57,coordinate=1	1	57	1	2	algebraic	weight_790.json
790	142	2	weight_790.json#orbit=1,place=58,coordinate=0	7	weight_790.json#orbit=1,place=58,coordinate=1	1	58	1	2	algebraic	weight_790.json
790	142	2	weight_790.json#orbit=1,place=59,coordinate=0	7	weight_790.json#orbit=1,place=59,coordinate=1	1	59	1	2	algebraic	weight_790.json
790	142	2	weight_790.json#orbit=1,place=60,coordinate=0	7	weight_790.json#orbit=1,place=60,coordinate=1	1	60	1	2	algebraic	weight_790.json
792	144	2	93	7	194	1	1	1	1	rational	weight_792.json
792	144	2	15	7	32	1	2	1	1	rational	weight_792.json
792	144	2	177	7	32	1	3	1	1	rational	weight_792.json
792	144	2	15	7	32	1	4	1	1	rational	weight_792.json
792	144	2	150	7	194	1	5	1	1	rational	weight_792.json
792	144	2	66	7	32	1	6	1	1	rational	weight_792.json
792	144	2	66	7	32	1	7	1	1	rational	weight_792.json
792	144	2	228	7	32	1	8	1	1	rational	weight_792.json
792	144	2	93	7	194	1	9	1	1	rational	weight_792.json
792	144	2	177	7	32	1	10	1	1	rational	weight_792.json
792	144	2	150	7	194	1	11	1	1	rational	weight_792.json
792	144	2	66	7	32	1	12	1	1	rational	weight_792.json
792	144	2	147	7	32	1	13	1	1	rational	weight_792.json
792	144	2	93	7	194	1	14	1	1	rational	weight_792.json
792	144	2	66	7	32	1	15	1	1	rational	weight_792.json
792	144	2	96	7	32	1	16	1	1	rational	weight_792.json
792	144	2	147	7	32	1	17	1	1	rational	weight_792.json
792	144	2	228	7	32	1	18	1	1	rational	weight_792.json
792	144	2	96	7	32	1	19	1	1	rational	weight_792.json
792	144	2	66	7	32	1	20	1	1	rational	weight_792.json
792	144	2	147	7	32	1	21	1	1	rational	weight_792.json
792	144	2	150	7	194	1	22	1	1	rational	weight_792.json
792	144	2	150	7	194	1	23	1	1	rational	weight_792.json
792	144	2	66	7	32	1	24	1	1	rational	weight_792.json
792	144	2	228	7	32	1	25	1	1	rational	weight_792.json
792	144	2	93	7	194	1	26	1	1	rational	weight_792.json
792	144	2	150	7	194	1	27	1	1	rational	weight_792.json
792	144	2	150	7	194	1	28	1	1	rational	weight_792.json
792	144	2	177	7	32	1	29	1	1	rational	weight_792.json
792	144	2	96	7	32	1	30	1	1	rational	weight_792.json
792	144	2	15	7	32	1	31	1	1	rational	weight_792.json
792	144	2	93	7	194	1	32	1	1	rational	weight_792.json
792	144	2	228	7	32	1	33	1	1	rational	weight_792.json
792	144	2	177	7	32	1	34	1	1	rational	weight_792.json
792	144	2	93	7	194	1	35	1	1	rational	weight_792.json
792	144	2	15	7	32	1	36	1	1	rational	weight_792.json
792	144	2	93	7	194	1	37	1	1	rational	weight_792.json
792	144	2	150	7	194	1	38	1	1	rational	weight_792.json
792	144	2	93	7	194	1	39	1	1	rational	weight_792.json
792	144	2	228	7	32	1	40	1	1	rational	weight_792.json
792	144	2	15	7	32	1	41	1	1	rational	weight_792.json
792	144	2	96	7	32	1	42	1	1	rational	weight_792.json
792	144	2	150	7	194	1	43	1	1	rational	weight_792.json
792	144	2	177	7	32	1	44	1	1	rational	weight_792.json
792	144	2	96	7	32	1	45	1	1	rational	weight_792.json
792	144	2	150	7	194	1	46	1	1	rational	weight_792.json
792	144	2	96	7	32	1	47	1	1	rational	weight_792.json
792	144	2	93	7	194	1	48	1	1	rational	weight_792.json
792	144	2	177	7	32	1	49	1	1	rational	weight_792.json
792	144	2	93	7	194	1	50	1	1	rational	weight_792.json
792	144	2	66	7	32	1	51	1	1	rational	weight_792.json
792	144	2	150	7	194	1	52	1	1	rational	weight_792.json
792	144	2	96	7	32	1	53	1	1	rational	weight_792.json
792	144	2	96	7	32	1	54	1	1	rational	weight_792.json
792	144	2	228	7	32	1	55	1	1	rational	weight_792.json
792	144	2	147	7	32	1	56	1	1	rational	weight_792.json
792	144	2	147	7	32	1	57	1	1	rational	weight_792.json
792	144	2	177	7	32	1	58	1	1	rational	weight_792.json
792	144	2	93	7	194	1	59	1	1	rational	weight_792.json
792	144	2	15	7	32	1	60	1	1	rational	weight_792.json
792	144	2	150	7	194	1	61	1	1	rational	weight_792.json
792	144	2	177	7	32	1	62	1	1	rational	weight_792.json
792	144	2	66	7	32	1	63	1	1	rational	weight_792.json
792	144	2	147	7	32	1	64	1	1	rational	weight_792.json
792	144	2	228	7	32	1	65	1	2	rational	weight_792.json
794	146	2	111	7	224	1	1	1	1	rational	weight_794.json
794	146	2	240	7	62	1	2	1	1	rational	weight_794.json
794	146	2	132	7	224	1	3	1	1	rational	weight_794.json
794	146	2	111	7	224	1	4	1	1	rational	weight_794.json
794	146	2	111	7	224	1	5	1	1	rational	weight_794.json
794	146	2	132	7	224	1	6	1	1	rational	weight_794.json
794	146	2	78	7	62	1	7	1	1	rational	weight_794.json
794	146	2	132	7	224	1	8	1	1	rational	weight_794.json
794	146	2	132	7	224	1	9	1	1	rational	weight_794.json
794	146	2	111	7	224	1	10	1	1	rational	weight_794.json
794	146	2	84	7	62	1	11	1	1	rational	weight_794.json
794	146	2	165	7	62	1	12	1	1	rational	weight_794.json
794	146	2	111	7	224	1	13	1	1	rational	weight_794.json
794	146	2	165	7	62	1	14	1	1	rational	weight_794.json
794	146	2	3	7	62	1	15	1	1	rational	weight_794.json
794	146	2	240	7	62	1	16	1	1	rational	weight_794.json
794	146	2	3	7	62	1	17	1	1	rational	weight_794.json
794	146	2	111	7	224	1	18	1	1	rational	weight_794.json
794	146	2	3	7	62	1	19	1	1	rational	weight_794.json
794	146	2	3	7	62	1	20	1	1	rational	weight_794.json
794	146	2	78	7	62	1	21	1	1	rational	weight_794.json
794	146	2	78	7	62	1	22	1	1	rational	weight_794.json
794	146	2	159	7	62	1	23	1	1	rational	weight_794.json
794	146	2	84	7	62	1	24	1	1	rational	weight_794.json
794	146	2	78	7	62	1	25	1	1	rational	weight_794.json
794	146	2	111	7	224	1	26	1	1	rational	weight_794.json
794	146	2	132	7	224	1	27	1	1	rational	weight_794.json
794	146	2	78	7	62	1	28	1	1	rational	weight_794.json
794	146	2	78	7	62	1	29	1	1	rational	weight_794.json
794	146	2	240	7	62	1	30	1	1	rational	weight_794.json
794	146	2	3	7	62	1	31	1	1	rational	weight_794.json
794	146	2	240	7	62	1	32	1	1	rational	weight_794.json
794	146	2	165	7	62	1	33	1	1	rational	weight_794.json
794	146	2	111	7	224	1	34	1	1	rational	weight_794.json
794	146	2	132	7	224	1	35	1	1	rational	weight_794.json
794	146	2	111	7	224	1	36	1	1	rational	weight_794.json
794	146	2	159	7	62	1	37	1	1	rational	weight_794.json
794	146	2	132	7	224	1	38	1	1	rational	weight_794.json
794	146	2	165	7	62	1	39	1	1	rational	weight_794.json
794	146	2	78	7	62	1	40	1	1	rational	weight_794.json
794	146	2	240	7	62	1	41	1	1	rational	weight_794.json
794	146	2	159	7	62	1	42	1	1	rational	weight_794.json
794	146	2	132	7	224	1	43	1	1	rational	weight_794.json
794	146	2	3	7	62	1	44	1	1	rational	weight_794.json
794	146	2	3	7	62	1	45	1	1	rational	weight_794.json
794	146	2	165	7	62	1	46	1	1	rational	weight_794.json
794	146	2	78	7	62	1	47	1	1	rational	weight_794.json
794	146	2	84	7	62	1	48	1	1	rational	weight_794.json
794	146	2	165	7	62	1	49	1	1	rational	weight_794.json
794	146	2	84	7	62	1	50	1	1	rational	weight_794.json
794	146	2	159	7	62	1	51	1	1	rational	weight_794.json
794	146	2	159	7	62	1	52	1	1	rational	weight_794.json
794	146	2	240	7	62	1	53	1	1	rational	weight_794.json
794	146	2	132	7	224	1	54	1	1	rational	weight_794.json
794	146	2	132	7	224	1	55	1	1	rational	weight_794.json
794	146	2	165	7	62	1	56	1	1	rational	weight_794.json
794	146	2	84	7	62	1	57	1	1	rational	weight_794.json
794	146	2	3	7	62	1	58	1	1	rational	weight_794.json
794	146	2	84	7	62	1	59	1	1	rational	weight_794.json
794	146	2	165	7	62	1	60	1	1	rational	weight_794.json
794	146	2	159	7	62	1	61	1	1	rational	weight_794.json
794	146	2	111	7	224	1	62	1	1	rational	weight_794.json
794	146	2	132	7	224	1	63	1	1	rational	weight_794.json
794	146	2	159	7	62	1	64	1	2	rational	weight_794.json
796	148	2	0	7	155	1	1	1	1	rational	weight_796.json
796	148	2	0	7	155	1	2	1	1	rational	weight_796.json
796	148	2	0	7	155	1	3	1	1	rational	weight_796.json
796	148	2	81	7	155	1	4	1	1	rational	weight_796.json
796	148	2	162	7	155	1	5	1	1	rational	weight_796.json
796	148	2	162	7	155	1	6	1	1	rational	weight_796.json
796	148	2	81	7	155	1	7	1	1	rational	weight_796.json
796	148	2	162	7	155	1	8	1	1	rational	weight_796.json
796	148	2	108	7	155	1	9	1	1	rational	weight_796.json
796	148	2	135	7	155	1	10	1	1	rational	weight_796.json
796	148	2	135	7	155	1	11	1	1	rational	weight_796.json
796	148	2	108	7	155	1	12	1	1	rational	weight_796.json
796	148	2	54	7	155	1	13	1	1	rational	weight_796.json
796	148	2	27	7	155	1	14	1	1	rational	weight_796.json
796	148	2	54	7	155	1	15	1	1	rational	weight_796.json
796	148	2	189	7	155	1	16	1	1	rational	weight_796.json
796	148	2	216	7	155	1	17	1	1	rational	weight_796.json
796	148	2	216	7	155	1	18	1	1	rational	weight_796.json
796	148	2	135	7	155	1	19	1	1	rational	weight_796.json
796	148	2	54	7	155	1	20	1	1	rational	weight_796.json
796	148	2	189	7	155	1	21	1	1	rational	weight_796.json
796	148	2	27	7	155	1	22	1	1	rational	weight_796.json
796	148	2	63	7	236	1	23	1	1	rational	weight_796.json
796	148	2	225	7	236	1	24	1	1	rational	weight_796.json
796	148	2	117	7	236	1	25	1	1	rational	weight_796.json
796	148	2	144	7	236	1	26	1	1	rational	weight_796.json
796	148	2	117	7	236	1	27	1	1	rational	weight_796.json
796	148	2	180	7	236	1	28	1	1	rational	weight_796.json
796	148	2	126	7	236	1	29	1	1	rational	weight_796.json
796	148	2	180	7	236	1	30	1	1	rational	weight_796.json
796	148	2	45	7	236	1	31	1	1	rational	weight_796.json
796	148	2	18	7	236	1	32	1	1	rational	weight_796.json
796	148	2	144	7	236	1	33	1	1	rational	weight_796.json
796	148	2	99	7	236	1	34	1	1	rational	weight_796.json
796	148	2	99	7	236	1	35	1	1	rational	weight_796.json
796	148	2	45	7	236	1	36	1	1	rational	weight_796.json
796	148	2	207	7	236	1	37	1	1	rational	weight_796.json
796	148	2	126	7	236	1	38	1	1	rational	weight_796.json
796	148	2	72	7	236	1	39	1	1	rational	weight_796.json
796	148	2	171	7	236	1	40	1	1	rational	weight_796.json
796	148	2	99	7	236	1	41	1	1	rational	weight_796.json
796	148	2	63	7	236	1	42	1	1	rational	weight_796.json
796	148	2	36	7	236	1	43	1	1	rational	weight_796.json
796	148	2	207	7	236	1	44	1	1	rational	weight_796.json
796	148	2	18	7	236	1	45	1	1	rational	weight_796.json
796	148	2	225	7	236	1	46	1	1	rational	weight_796.json
796	148	2	225	7	236	1	47	1	1	rational	weight_796.json
796	148	2	207	7	236	1	48	1	1	rational	weight_796.json
796	148	2	198	7	236	1	49	1	1	rational	weight_796.json
796	148	2	90	7	236	1	50	1	1	rational	weight_796.json
796	148	2	63	7	236	1	51	1	1	rational	weight_796.json
796	148	2	153	7	236	1	52	1	1	rational	weight_796.json
796	148	2	36	7	236	1	53	1	1	rational	weight_796.json
796	148	2	126	7	236	1	54	1	1	rational	weight_796.json
796	148	2	18	7	236	1	55	1	1	rational	weight_796.json
796	148	2	198	7	236	1	56	1	1	rational	weight_796.json
796	148	2	weight_796.json#orbit=1,place=57,coordinate=0	7	weight_796.json#orbit=1,place=57,coordinate=1	1	57	1	2	algebraic	weight_796.json
796	148	2	weight_796.json#orbit=1,place=58,coordinate=0	7	weight_796.json#orbit=1,place=58,coordinate=1	1	58	1	2	algebraic	weight_796.json
796	148	2	weight_796.json#orbit=1,place=59,coordinate=0	7	weight_796.json#orbit=1,place=59,coordinate=1	1	59	1	2	algebraic	weight_796.json
796	148	2	weight_796.json#orbit=1,place=60,coordinate=0	7	weight_796.json#orbit=1,place=60,coordinate=1	1	60	1	2	algebraic	weight_796.json
796	148	2	weight_796.json#orbit=1,place=61,coordinate=0	7	weight_796.json#orbit=1,place=61,coordinate=1	1	61	1	2	algebraic	weight_796.json
798	150	2	48	7	14	1	1	1	1	rational	weight_798.json
798	150	2	21	7	95	1	2	1	1	rational	weight_798.json
798	150	2	195	7	14	1	3	1	1	rational	weight_798.json
798	150	2	195	7	14	1	4	1	1	rational	weight_798.json
798	150	2	141	7	95	1	5	1	1	rational	weight_798.json
798	150	2	195	7	14	1	6	1	1	rational	weight_798.json
798	150	2	21	7	95	1	7	1	1	rational	weight_798.json
798	150	2	48	7	14	1	8	1	1	rational	weight_798.json
798	150	2	183	7	95	1	9	1	1	rational	weight_798.json
798	150	2	222	7	95	1	10	1	1	rational	weight_798.json
798	150	2	141	7	95	1	11	1	1	rational	weight_798.json
798	150	2	183	7	95	1	12	1	1	rational	weight_798.json
798	150	2	141	7	95	1	13	1	1	rational	weight_798.json
798	150	2	183	7	95	1	14	1	1	rational	weight_798.json
798	150	2	222	7	95	1	15	1	1	rational	weight_798.json
798	150	2	60	7	95	1	16	1	1	rational	weight_798.json
798	150	2	195	7	14	1	17	1	1	rational	weight_798.json
798	150	2	195	7	14	1	18	1	1	rational	weight_798.json
798	150	2	183	7	95	1	19	1	1	rational	weight_798.json
798	150	2	195	7	14	1	20	1	1	rational	weight_798.json
798	150	2	48	7	14	1	21	1	1	rational	weight_798.json
798	150	2	195	7	14	1	22	1	1	rational	weight_798.json
798	150	2	102	7	95	1	23	1	1	rational	weight_798.json
798	150	2	60	7	95	1	24	1	1	rational	weight_798.json
798	150	2	21	7	95	1	25	1	1	rational	weight_798.json
798	150	2	60	7	95	1	26	1	1	rational	weight_798.json
798	150	2	102	7	95	1	27	1	1	rational	weight_798.json
798	150	2	48	7	14	1	28	1	1	rational	weight_798.json
798	150	2	141	7	95	1	29	1	1	rational	weight_798.json
798	150	2	195	7	14	1	30	1	1	rational	weight_798.json
798	150	2	102	7	95	1	31	1	1	rational	weight_798.json
798	150	2	48	7	14	1	32	1	1	rational	weight_798.json
798	150	2	183	7	95	1	33	1	1	rational	weight_798.json
798	150	2	141	7	95	1	34	1	1	rational	weight_798.json
798	150	2	48	7	14	1	35	1	1	rational	weight_798.json
798	150	2	183	7	95	1	36	1	1	rational	weight_798.json
798	150	2	141	7	95	1	37	1	1	rational	weight_798.json
798	150	2	183	7	95	1	38	1	1	rational	weight_798.json
798	150	2	102	7	95	1	39	1	1	rational	weight_798.json
798	150	2	21	7	95	1	40	1	1	rational	weight_798.json
798	150	2	48	7	14	1	41	1	1	rational	weight_798.json
798	150	2	21	7	95	1	42	1	1	rational	weight_798.json
798	150	2	102	7	95	1	43	1	1	rational	weight_798.json
798	150	2	48	7	14	1	44	1	1	rational	weight_798.json
798	150	2	60	7	95	1	45	1	1	rational	weight_798.json
798	150	2	21	7	95	1	46	1	1	rational	weight_798.json
798	150	2	183	7	95	1	47	1	1	rational	weight_798.json
798	150	2	60	7	95	1	48	1	1	rational	weight_798.json
798	150	2	48	7	14	1	49	1	1	rational	weight_798.json
798	150	2	222	7	95	1	50	1	1	rational	weight_798.json
798	150	2	102	7	95	1	51	1	1	rational	weight_798.json
798	150	2	141	7	95	1	52	1	1	rational	weight_798.json
798	150	2	48	7	14	1	53	1	1	rational	weight_798.json
798	150	2	102	7	95	1	54	1	1	rational	weight_798.json
798	150	2	222	7	95	1	55	1	1	rational	weight_798.json
798	150	2	141	7	95	1	56	1	1	rational	weight_798.json
798	150	2	195	7	14	1	57	1	1	rational	weight_798.json
798	150	2	222	7	95	1	58	1	1	rational	weight_798.json
798	150	2	195	7	14	1	59	1	1	rational	weight_798.json
798	150	2	48	7	14	1	60	1	1	rational	weight_798.json
798	150	2	195	7	14	1	61	1	1	rational	weight_798.json
798	150	2	102	7	95	1	62	1	1	rational	weight_798.json
798	150	2	222	7	95	1	63	1	1	rational	weight_798.json
798	150	2	60	7	95	1	64	1	1	rational	weight_798.json
798	150	2	222	7	95	1	65	1	2	rational	weight_798.json
800	152	2	183	7	152	1	1	1	1	rational	weight_800.json
800	152	2	75	7	233	1	2	1	1	rational	weight_800.json
800	152	2	237	7	233	1	3	1	1	rational	weight_800.json
800	152	2	75	7	233	1	4	1	1	rational	weight_800.json
800	152	2	6	7	233	1	5	1	1	rational	weight_800.json
800	152	2	60	7	152	1	6	1	1	rational	weight_800.json
800	152	2	168	7	233	1	7	1	1	rational	weight_800.json
800	152	2	156	7	233	1	8	1	1	rational	weight_800.json
800	152	2	60	7	152	1	9	1	1	rational	weight_800.json
800	152	2	168	7	233	1	10	1	1	rational	weight_800.json
800	152	2	60	7	152	1	11	1	1	rational	weight_800.json
800	152	2	60	7	152	1	12	1	1	rational	weight_800.json
800	152	2	6	7	233	1	13	1	1	rational	weight_800.json
800	152	2	60	7	152	1	14	1	1	rational	weight_800.json
800	152	2	87	7	233	1	15	1	1	rational	weight_800.json
800	152	2	75	7	233	1	16	1	1	rational	weight_800.json
800	152	2	183	7	152	1	17	1	1	rational	weight_800.json
800	152	2	237	7	233	1	18	1	1	rational	weight_800.json
800	152	2	87	7	233	1	19	1	1	rational	weight_800.json
800	152	2	183	7	152	1	20	1	1	rational	weight_800.json
800	152	2	237	7	233	1	21	1	1	rational	weight_800.json
800	152	2	60	7	152	1	22	1	1	rational	weight_800.json
800	152	2	87	7	233	1	23	1	1	rational	weight_800.json
800	152	2	6	7	233	1	24	1	1	rational	weight_800.json
800	152	2	60	7	152	1	25	1	1	rational	weight_800.json
800	152	2	183	7	152	1	26	1	1	rational	weight_800.json
800	152	2	183	7	152	1	27	1	1	rational	weight_800.json
800	152	2	183	7	152	1	28	1	1	rational	weight_800.json
800	152	2	156	7	233	1	29	1	1	rational	weight_800.json
800	152	2	6	7	233	1	30	1	1	rational	weight_800.json
800	152	2	237	7	233	1	31	1	1	rational	weight_800.json
800	152	2	6	7	233	1	32	1	1	rational	weight_800.json
800	152	2	60	7	152	1	33	1	1	rational	weight_800.json
800	152	2	87	7	233	1	34	1	1	rational	weight_800.json
800	152	2	87	7	233	1	35	1	1	rational	weight_800.json
800	152	2	156	7	233	1	36	1	1	rational	weight_800.json
800	152	2	75	7	233	1	37	1	1	rational	weight_800.json
800	152	2	6	7	233	1	38	1	1	rational	weight_800.json
800	152	2	183	7	152	1	39	1	1	rational	weight_800.json
800	152	2	156	7	233	1	40	1	1	rational	weight_800.json
800	152	2	6	7	233	1	41	1	1	rational	weight_800.json
800	152	2	75	7	233	1	42	1	1	rational	weight_800.json
800	152	2	183	7	152	1	43	1	1	rational	weight_800.json
800	152	2	60	7	152	1	44	1	1	rational	weight_800.json
800	152	2	6	7	233	1	45	1	1	rational	weight_800.json
800	152	2	60	7	152	1	46	1	1	rational	weight_800.json
800	152	2	237	7	233	1	47	1	1	rational	weight_800.json
800	152	2	60	7	152	1	48	1	1	rational	weight_800.json
800	152	2	168	7	233	1	49	1	1	rational	weight_800.json
800	152	2	156	7	233	1	50	1	1	rational	weight_800.json
800	152	2	87	7	233	1	51	1	1	rational	weight_800.json
800	152	2	168	7	233	1	52	1	1	rational	weight_800.json
800	152	2	156	7	233	1	53	1	1	rational	weight_800.json
800	152	2	183	7	152	1	54	1	1	rational	weight_800.json
800	152	2	156	7	233	1	55	1	1	rational	weight_800.json
800	152	2	87	7	233	1	56	1	1	rational	weight_800.json
800	152	2	156	7	233	1	57	1	1	rational	weight_800.json
800	152	2	168	7	233	1	58	1	1	rational	weight_800.json
800	152	2	237	7	233	1	59	1	1	rational	weight_800.json
800	152	2	87	7	233	1	60	1	1	rational	weight_800.json
800	152	2	75	7	233	1	61	1	1	rational	weight_800.json
800	152	2	183	7	152	1	62	1	1	rational	weight_800.json
800	152	2	168	7	233	1	63	1	1	rational	weight_800.json
800	152	2	75	7	233	1	64	1	1	rational	weight_800.json
800	152	2	183	7	152	1	65	1	1	rational	weight_800.json
800	152	2	75	7	233	1	66	1	1	rational	weight_800.json
802	154	2	0	7	191	1	1	1	1	rational	weight_802.json
802	154	2	0	7	191	1	2	1	1	rational	weight_802.json
802	154	2	0	7	191	1	3	1	1	rational	weight_802.json
802	154	2	81	7	191	1	4	1	1	rational	weight_802.json
802	154	2	81	7	191	1	5	1	1	rational	weight_802.json
802	154	2	162	7	191	1	6	1	1	rational	weight_802.json
802	154	2	81	7	191	1	7	1	1	rational	weight_802.json
802	154	2	162	7	191	1	8	1	1	rational	weight_802.json
802	154	2	27	7	191	1	9	1	1	rational	weight_802.json
802	154	2	135	7	191	1	10	1	1	rational	weight_802.json
802	154	2	216	7	191	1	11	1	1	rational	weight_802.json
802	154	2	54	7	191	1	12	1	1	rational	weight_802.json
802	154	2	189	7	191	1	13	1	1	rational	weight_802.json
802	154	2	189	7	191	1	14	1	1	rational	weight_802.json
802	154	2	108	7	191	1	15	1	1	rational	weight_802.json
802	154	2	108	7	191	1	16	1	1	rational	weight_802.json
802	154	2	108	7	191	1	17	1	1	rational	weight_802.json
802	154	2	216	7	191	1	18	1	1	rational	weight_802.json
802	154	2	189	7	191	1	19	1	1	rational	weight_802.json
802	154	2	54	7	191	1	20	1	1	rational	weight_802.json
802	154	2	135	7	191	1	21	1	1	rational	weight_802.json
802	154	2	27	7	191	1	22	1	1	rational	weight_802.json
802	154	2	36	7	29	1	23	1	1	rational	weight_802.json
802	154	2	18	7	29	1	24	1	1	rational	weight_802.json
802	154	2	225	7	29	1	25	1	1	rational	weight_802.json
802	154	2	207	7	29	1	26	1	1	rational	weight_802.json
802	154	2	225	7	29	1	27	1	1	rational	weight_802.json
802	154	2	207	7	29	1	28	1	1	rational	weight_802.json
802	154	2	36	7	29	1	29	1	1	rational	weight_802.json
802	154	2	18	7	29	1	30	1	1	rational	weight_802.json
802	154	2	36	7	29	1	31	1	1	rational	weight_802.json
802	154	2	207	7	29	1	32	1	1	rational	weight_802.json
802	154	2	18	7	29	1	33	1	1	rational	weight_802.json
802	154	2	18	7	29	1	34	1	1	rational	weight_802.json
802	154	2	207	7	29	1	35	1	1	rational	weight_802.json
802	154	2	225	7	29	1	36	1	1	rational	weight_802.json
802	154	2	weight_802.json#orbit=1,place=37,coordinate=0	7	weight_802.json#orbit=1,place=37,coordinate=1	1	37	1	2	algebraic	weight_802.json
802	154	2	weight_802.json#orbit=1,place=38,coordinate=0	7	weight_802.json#orbit=1,place=38,coordinate=1	1	38	1	2	algebraic	weight_802.json
802	154	2	weight_802.json#orbit=1,place=39,coordinate=0	7	weight_802.json#orbit=1,place=39,coordinate=1	1	39	1	2	algebraic	weight_802.json
802	154	2	weight_802.json#orbit=1,place=40,coordinate=0	7	weight_802.json#orbit=1,place=40,coordinate=1	1	40	1	2	algebraic	weight_802.json
802	154	2	weight_802.json#orbit=1,place=41,coordinate=0	7	weight_802.json#orbit=1,place=41,coordinate=1	1	41	1	2	algebraic	weight_802.json
802	154	2	weight_802.json#orbit=1,place=42,coordinate=0	7	weight_802.json#orbit=1,place=42,coordinate=1	1	42	1	2	algebraic	weight_802.json
802	154	2	weight_802.json#orbit=1,place=43,coordinate=0	7	weight_802.json#orbit=1,place=43,coordinate=1	1	43	1	2	algebraic	weight_802.json
802	154	2	weight_802.json#orbit=1,place=44,coordinate=0	7	weight_802.json#orbit=1,place=44,coordinate=1	1	44	1	2	algebraic	weight_802.json
802	154	2	weight_802.json#orbit=1,place=45,coordinate=0	7	weight_802.json#orbit=1,place=45,coordinate=1	1	45	1	2	algebraic	weight_802.json
802	154	2	weight_802.json#orbit=1,place=46,coordinate=0	7	weight_802.json#orbit=1,place=46,coordinate=1	1	46	1	2	algebraic	weight_802.json
802	154	2	weight_802.json#orbit=1,place=47,coordinate=0	7	weight_802.json#orbit=1,place=47,coordinate=1	1	47	1	2	algebraic	weight_802.json
802	154	2	weight_802.json#orbit=1,place=48,coordinate=0	7	weight_802.json#orbit=1,place=48,coordinate=1	1	48	1	2	algebraic	weight_802.json
802	154	2	weight_802.json#orbit=1,place=49,coordinate=0	7	weight_802.json#orbit=1,place=49,coordinate=1	1	49	1	2	algebraic	weight_802.json
802	154	2	weight_802.json#orbit=1,place=50,coordinate=0	7	weight_802.json#orbit=1,place=50,coordinate=1	1	50	1	2	algebraic	weight_802.json
802	154	2	weight_802.json#orbit=1,place=51,coordinate=0	7	weight_802.json#orbit=1,place=51,coordinate=1	1	51	1	2	algebraic	weight_802.json
804	156	2	57	7	239	1	1	1	1	rational	weight_804.json
804	156	2	213	7	77	1	2	1	1	rational	weight_804.json
804	156	2	192	7	77	1	3	1	1	rational	weight_804.json
804	156	2	57	7	239	1	4	1	1	rational	weight_804.json
804	156	2	111	7	77	1	5	1	1	rational	weight_804.json
804	156	2	111	7	77	1	6	1	1	rational	weight_804.json
804	156	2	57	7	239	1	7	1	1	rational	weight_804.json
804	156	2	192	7	77	1	8	1	1	rational	weight_804.json
804	156	2	30	7	77	1	9	1	1	rational	weight_804.json
804	156	2	51	7	77	1	10	1	1	rational	weight_804.json
804	156	2	132	7	77	1	11	1	1	rational	weight_804.json
804	156	2	186	7	239	1	12	1	1	rational	weight_804.json
804	156	2	192	7	77	1	13	1	1	rational	weight_804.json
804	156	2	30	7	77	1	14	1	1	rational	weight_804.json
804	156	2	51	7	77	1	15	1	1	rational	weight_804.json
804	156	2	111	7	77	1	16	1	1	rational	weight_804.json
804	156	2	51	7	77	1	17	1	1	rational	weight_804.json
804	156	2	213	7	77	1	18	1	1	rational	weight_804.json
804	156	2	192	7	77	1	19	1	1	rational	weight_804.json
804	156	2	186	7	239	1	20	1	1	rational	weight_804.json
804	156	2	132	7	77	1	21	1	1	rational	weight_804.json
804	156	2	186	7	239	1	22	1	1	rational	weight_804.json
804	156	2	111	7	77	1	23	1	1	rational	weight_804.json
804	156	2	192	7	77	1	24	1	1	rational	weight_804.json
804	156	2	30	7	77	1	25	1	1	rational	weight_804.json
804	156	2	213	7	77	1	26	1	1	rational	weight_804.json
804	156	2	57	7	239	1	27	1	1	rational	weight_804.json
804	156	2	132	7	77	1	28	1	1	rational	weight_804.json
804	156	2	186	7	239	1	29	1	1	rational	weight_804.json
804	156	2	111	7	77	1	30	1	1	rational	weight_804.json
804	156	2	57	7	239	1	31	1	1	rational	weight_804.json
804	156	2	51	7	77	1	32	1	1	rational	weight_804.json
804	156	2	111	7	77	1	33	1	1	rational	weight_804.json
804	156	2	51	7	77	1	34	1	1	rational	weight_804.json
804	156	2	186	7	239	1	35	1	1	rational	weight_804.json
804	156	2	186	7	239	1	36	1	1	rational	weight_804.json
804	156	2	192	7	77	1	37	1	1	rational	weight_804.json
804	156	2	30	7	77	1	38	1	1	rational	weight_804.json
804	156	2	192	7	77	1	39	1	1	rational	weight_804.json
804	156	2	51	7	77	1	40	1	1	rational	weight_804.json
804	156	2	51	7	77	1	41	1	1	rational	weight_804.json
804	156	2	57	7	239	1	42	1	1	rational	weight_804.json
804	156	2	57	7	239	1	43	1	1	rational	weight_804.json
804	156	2	186	7	239	1	44	1	1	rational	weight_804.json
804	156	2	213	7	77	1	45	1	1	rational	weight_804.json
804	156	2	111	7	77	1	46	1	1	rational	weight_804.json
804	156	2	213	7	77	1	47	1	1	rational	weight_804.json
804	156	2	51	7	77	1	48	1	1	rational	weight_804.json
804	156	2	111	7	77	1	49	1	1	rational	weight_804.json
804	156	2	186	7	239	1	50	1	1	rational	weight_804.json
804	156	2	30	7	77	1	51	1	1	rational	weight_804.json
804	156	2	57	7	239	1	52	1	1	rational	weight_804.json
804	156	2	186	7	239	1	53	1	1	rational	weight_804.json
804	156	2	213	7	77	1	54	1	1	rational	weight_804.json
804	156	2	132	7	77	1	55	1	1	rational	weight_804.json
804	156	2	186	7	239	1	56	1	1	rational	weight_804.json
804	156	2	186	7	239	1	57	1	1	rational	weight_804.json
804	156	2	57	7	239	1	58	1	1	rational	weight_804.json
804	156	2	57	7	239	1	59	1	1	rational	weight_804.json
804	156	2	213	7	77	1	60	1	1	rational	weight_804.json
804	156	2	213	7	77	1	61	1	1	rational	weight_804.json
804	156	2	30	7	77	1	62	1	1	rational	weight_804.json
804	156	2	132	7	77	1	63	1	1	rational	weight_804.json
804	156	2	57	7	239	1	64	1	1	rational	weight_804.json
804	156	2	30	7	77	1	65	1	1	rational	weight_804.json
804	156	2	132	7	77	1	66	1	1	rational	weight_804.json
804	156	2	192	7	77	1	67	1	1	rational	weight_804.json
806	158	2	204	7	80	1	1	1	1	rational	weight_806.json
806	158	2	42	7	80	1	2	1	1	rational	weight_806.json
806	158	2	204	7	80	1	3	1	1	rational	weight_806.json
806	158	2	204	7	80	1	4	1	1	rational	weight_806.json
806	158	2	39	7	80	1	5	1	1	rational	weight_806.json
806	158	2	120	7	80	1	6	1	1	rational	weight_806.json
806	158	2	42	7	80	1	7	1	1	rational	weight_806.json
806	158	2	201	7	80	1	8	1	1	rational	weight_806.json
806	158	2	15	7	242	1	9	1	1	rational	weight_806.json
806	158	2	204	7	80	1	10	1	1	rational	weight_806.json
806	158	2	201	7	80	1	11	1	1	rational	weight_806.json
806	158	2	228	7	242	1	12	1	1	rational	weight_806.json
806	158	2	228	7	242	1	13	1	1	rational	weight_806.json
806	158	2	123	7	80	1	14	1	1	rational	weight_806.json
806	158	2	42	7	80	1	15	1	1	rational	weight_806.json
806	158	2	228	7	242	1	16	1	1	rational	weight_806.json
806	158	2	120	7	80	1	17	1	1	rational	weight_806.json
806	158	2	120	7	80	1	18	1	1	rational	weight_806.json
806	158	2	120	7	80	1	19	1	1	rational	weight_806.json
806	158	2	15	7	242	1	20	1	1	rational	weight_806.json
806	158	2	201	7	80	1	21	1	1	rational	weight_806.json
806	158	2	204	7	80	1	22	1	1	rational	weight_806.json
806	158	2	120	7	80	1	23	1	1	rational	weight_806.json
806	158	2	39	7	80	1	24	1	1	rational	weight_806.json
806	158	2	228	7	242	1	25	1	1	rational	weight_806.json
806	158	2	123	7	80	1	26	1	1	rational	weight_806.json
806	158	2	123	7	80	1	27	1	1	rational	weight_806.json
806	158	2	42	7	80	1	28	1	1	rational	weight_806.json
806	158	2	42	7	80	1	29	1	1	rational	weight_806.json
806	158	2	123	7	80	1	30	1	1	rational	weight_806.json
806	158	2	15	7	242	1	31	1	1	rational	weight_806.json
806	158	2	201	7	80	1	32	1	1	rational	weight_806.json
806	158	2	39	7	80	1	33	1	1	rational	weight_806.json
806	158	2	39	7	80	1	34	1	1	rational	weight_806.json
806	158	2	123	7	80	1	35	1	1	rational	weight_806.json
806	158	2	228	7	242	1	36	1	1	rational	weight_806.json
806	158	2	201	7	80	1	37	1	1	rational	weight_806.json
806	158	2	204	7	80	1	38	1	1	rational	weight_806.json
806	158	2	15	7	242	1	39	1	1	rational	weight_806.json
806	158	2	120	7	80	1	40	1	1	rational	weight_806.json
806	158	2	201	7	80	1	41	1	1	rational	weight_806.json
806	158	2	15	7	242	1	42	1	1	rational	weight_806.json
806	158	2	228	7	242	1	43	1	1	rational	weight_806.json
806	158	2	123	7	80	1	44	1	1	rational	weight_806.json
806	158	2	120	7	80	1	45	1	1	rational	weight_806.json
806	158	2	15	7	242	1	46	1	1	rational	weight_806.json
806	158	2	42	7	80	1	47	1	1	rational	weight_806.json
806	158	2	228	7	242	1	48	1	1	rational	weight_806.json
806	158	2	204	7	80	1	49	1	1	rational	weight_806.json
806	158	2	123	7	80	1	50	1	1	rational	weight_806.json
806	158	2	15	7	242	1	51	1	1	rational	weight_806.json
806	158	2	201	7	80	1	52	1	1	rational	weight_806.json
806	158	2	204	7	80	1	53	1	1	rational	weight_806.json
806	158	2	15	7	242	1	54	1	1	rational	weight_806.json
806	158	2	228	7	242	1	55	1	1	rational	weight_806.json
806	158	2	201	7	80	1	56	1	1	rational	weight_806.json
806	158	2	39	7	80	1	57	1	1	rational	weight_806.json
806	158	2	228	7	242	1	58	1	1	rational	weight_806.json
806	158	2	39	7	80	1	59	1	1	rational	weight_806.json
806	158	2	15	7	242	1	60	1	1	rational	weight_806.json
806	158	2	15	7	242	1	61	1	1	rational	weight_806.json
806	158	2	120	7	80	1	62	1	1	rational	weight_806.json
806	158	2	228	7	242	1	63	1	1	rational	weight_806.json
806	158	2	228	7	242	1	64	1	1	rational	weight_806.json
806	158	2	15	7	242	1	65	1	1	rational	weight_806.json
806	158	2	42	7	80	1	66	1	1	rational	weight_806.json
808	160	2	0	7	146	1	1	1	1	rational	weight_808.json
808	160	2	0	7	146	1	2	1	1	rational	weight_808.json
808	160	2	0	7	146	1	3	1	1	rational	weight_808.json
808	160	2	81	7	146	1	4	1	1	rational	weight_808.json
808	160	2	81	7	146	1	5	1	1	rational	weight_808.json
808	160	2	162	7	146	1	6	1	1	rational	weight_808.json
808	160	2	162	7	146	1	7	1	1	rational	weight_808.json
808	160	2	162	7	146	1	8	1	1	rational	weight_808.json
808	160	2	54	7	146	1	9	1	1	rational	weight_808.json
808	160	2	108	7	146	1	10	1	1	rational	weight_808.json
808	160	2	27	7	146	1	11	1	1	rational	weight_808.json
808	160	2	216	7	146	1	12	1	1	rational	weight_808.json
808	160	2	216	7	146	1	13	1	1	rational	weight_808.json
808	160	2	108	7	146	1	14	1	1	rational	weight_808.json
808	160	2	27	7	146	1	15	1	1	rational	weight_808.json
808	160	2	27	7	146	1	16	1	1	rational	weight_808.json
808	160	2	135	7	146	1	17	1	1	rational	weight_808.json
808	160	2	54	7	146	1	18	1	1	rational	weight_808.json
808	160	2	189	7	146	1	19	1	1	rational	weight_808.json
808	160	2	189	7	146	1	20	1	1	rational	weight_808.json
808	160	2	135	7	146	1	21	1	1	rational	weight_808.json
808	160	2	135	7	146	1	22	1	1	rational	weight_808.json
808	160	2	54	7	146	1	23	1	1	rational	weight_808.json
808	160	2	144	7	227	1	24	1	1	rational	weight_808.json
808	160	2	144	7	227	1	25	1	1	rational	weight_808.json
808	160	2	234	7	227	1	26	1	1	rational	weight_808.json
808	160	2	72	7	227	1	27	1	1	rational	weight_808.json
808	160	2	144	7	227	1	28	1	1	rational	weight_808.json
808	160	2	171	7	227	1	29	1	1	rational	weight_808.json
808	160	2	90	7	227	1	30	1	1	rational	weight_808.json
808	160	2	117	7	227	1	31	1	1	rational	weight_808.json
808	160	2	126	7	227	1	32	1	1	rational	weight_808.json
808	160	2	225	7	227	1	33	1	1	rational	weight_808.json
808	160	2	234	7	227	1	34	1	1	rational	weight_808.json
808	160	2	90	7	227	1	35	1	1	rational	weight_808.json
808	160	2	198	7	227	1	36	1	1	rational	weight_808.json
808	160	2	45	7	227	1	37	1	1	rational	weight_808.json
808	160	2	36	7	227	1	38	1	1	rational	weight_808.json
808	160	2	180	7	227	1	39	1	1	rational	weight_808.json
808	160	2	171	7	227	1	40	1	1	rational	weight_808.json
808	160	2	18	7	227	1	41	1	1	rational	weight_808.json
808	160	2	9	7	227	1	42	1	1	rational	weight_808.json
808	160	2	72	7	227	1	43	1	1	rational	weight_808.json
808	160	2	180	7	227	1	44	1	1	rational	weight_808.json
808	160	2	45	7	227	1	45	1	1	rational	weight_808.json
808	160	2	63	7	227	1	46	1	1	rational	weight_808.json
808	160	2	18	7	227	1	47	1	1	rational	weight_808.json
808	160	2	9	7	227	1	48	1	1	rational	weight_808.json
808	160	2	99	7	227	1	49	1	1	rational	weight_808.json
808	160	2	171	7	227	1	50	1	1	rational	weight_808.json
808	160	2	117	7	227	1	51	1	1	rational	weight_808.json
808	160	2	126	7	227	1	52	1	1	rational	weight_808.json
808	160	2	207	7	227	1	53	1	1	rational	weight_808.json
808	160	2	99	7	227	1	54	1	1	rational	weight_808.json
808	160	2	45	7	227	1	55	1	1	rational	weight_808.json
808	160	2	198	7	227	1	56	1	1	rational	weight_808.json
808	160	2	18	7	227	1	57	1	1	rational	weight_808.json
808	160	2	207	7	227	1	58	1	1	rational	weight_808.json
808	160	2	63	7	227	1	59	1	1	rational	weight_808.json
808	160	2	9	7	227	1	60	1	1	rational	weight_808.json
808	160	2	225	7	227	1	61	1	1	rational	weight_808.json
808	160	2	36	7	227	1	62	1	1	rational	weight_808.json
808	160	2	126	7	227	1	63	1	1	rational	weight_808.json
808	160	2	180	7	227	1	64	1	1	rational	weight_808.json
808	160	2	36	7	227	1	65	1	1	rational	weight_808.json
808	160	2	153	7	227	1	66	1	2	rational	weight_808.json
