weight	weight_residue	ell_1	a_ell_1	ell_2	a_ell_2	orbit	place	e	f	kind	weight_file
12	12	3	7	29	23	1	1	1	1	rational	weight_12.json
16	16	3	33	29	30	1	1	1	1	rational	weight_16.json
18	18	3	28	29	9	1	1	1	1	rational	weight_18.json
20	20	3	35	29	9	1	1	1	1	rational	weight_20.json
22	22	3	26	29	2	1	1	1	1	rational	weight_22.json
24	24	3	0	29	44	1	1	1	1	rational	weight_24.json
24	24	3	8	29	9	1	2	1	1	rational	weight_24.json
26	26	3	0	29	9	1	1	1	1	rational	weight_26.json
28	28	3	19	29	23	1	1	1	1	rational	weight_28.json
28	28	3	0	29	44	1	2	1	1	rational	weight_28.json
30	30	3	8	29	30	1	1	1	1	rational	weight_30.json
30	30	3	21	29	30	1	2	1	1	rational	weight_30.json
32	32	3	45	29	37	1	1	1	1	rational	weight_32.json
32	32	3	14	29	9	1	2	1	1	rational	weight_32.json
34	34	3	42	29	9	1	1	1	1	rational	weight_34.json
34	34	3	12	29	44	1	2	1	1	rational	weight_34.json
36	36	3	28	29	30	1	1	1	1	rational	weight_36.json
36	36	3	42	29	16	1	2	1	1	rational	weight_36.json
36	36	3	8	29	2	1	3	1	1	rational	weight_36.json
38	38	3	10	29	9	1	1	1	1	rational	weight_38.json
38	38	3	28	29	9	1	2	1	1	rational	weight_38.json
40	40	3	35	29	23	1	1	1	1	rational	weight_40.json
40	40	3	5	29	16	1	2	1	1	rational	weight_40.json
40	40	3	2	29	16	1	3	1	1	rational	weight_40.json
42	0	3	14	29	2	1	1	1	1	rational	weight_42.json
42	0	3	7	29	9	1	2	1	1	rational	weight_42.json
42	0	3	8	29	23	1	3	1	1	rational	weight_42.json
44	2	3	42	29	9	1	1	1	1	rational	weight_44.json
44	2	3	24	29	30	1	2	1	1	rational	weight_44.json
44	2	3	21	29	16	1	3	1	1	rational	weight_44.json
46	4	3	28	29	37	1	1	1	1	rational	weight_46.json
46	4	3	37	29	37	1	2	1	1	rational	weight_46.json
46	4	3	47	29	37	1	3	1	1	rational	weight_46.json
48	6	3	8	29	44	1	1	1	1	rational	weight_48.json
48	6	3	35	29	37	1	2	1	1	rational	weight_48.json
48	6	3	48	29	44	1	3	1	1	rational	weight_48.json
48	6	3	35	29	37	1	4	1	1	rational	weight_48.json
50	8	3	38	29	2	1	1	1	1	rational	weight_50.json
50	8	3	7	29	9	1	2	1	2	rational	weight_50.json
52	10	3	23	29	9	1	1	1	1	rational	weight_52.json
52	10	3	21	29	2	1	2	1	1	rational	weight_52.json
52	10	3	21	29	2	1	3	1	1	rational	weight_52.json
52	10	3	40	29	9	1	4	1	1	rational	weight_52.json
54	12	3	34	29	16	1	1	1	1	rational	weight_54.json
54	12	3	7	29	23	1	2	1	1	rational	weight_54.json
54	12	3	14	29	16	1	3	1	1	rational	weight_54.json
54	12	3	8	29	16	1	4	1	1	rational	weight_54.json
56	14	3	21	29	9	1	1	1	1	rational	weight_56.json
56	14	3	25	29	23	1	2	1	1	rational	weight_56.json
56	14	3	42	29	2	1	3	1	1	rational	weight_56.json
56	14	3	3	29	23	1	4	1	1	rational	weight_56.json
58	16	3	33	29	30	1	1	1	1	rational	weight_58.json
58	16	3	14	29	16	1	2	1	1	rational	weight_58.json
58	16	3	9	29	30	1	3	1	1	rational	weight_58.json
58	16	3	28	29	9	1	4	1	1	rational	weight_58.json
60	18	3	35	29	37	1	1	1	1	rational	weight_60.json
60	18	3	20	29	37	1	2	1	1	rational	weight_60.json
60	18	3	8	29	37	1	3	1	1	rational	weight_60.json
60	18	3	28	29	9	1	4	1	1	rational	weight_60.json
60	18	3	42	29	44	1	5	1	1	rational	weight_60.json
62	20	3	35	29	9	1	1	1	1	rational	weight_62.json
62	20	3	28	29	44	1	2	1	1	rational	weight_62.json
62	20	3	18	29	44	1	3	1	1	rational	weight_62.json
62	20	3	17	29	44	1	4	1	1	rational	weight_62.json
64	22	3	44	29	2	1	1	1	1	rational	weight_64.json
64	22	3	12	29	2	1	2	1	1	rational	weight_64.json
64	22	3	26	29	2	1	3	1	1	rational	weight_64.json
64	22	3	35	29	16	1	4	1	1	rational	weight_64.json
64	22	3	7	29	30	1	5	1	1	rational	weight_64.json
66	24	3	8	29	9	1	1	1	1	rational	weight_66.json
66	24	3	0	29	44	1	2	1	1	rational	weight_66.json
66	24	3	21	29	23	1	3	1	1	rational	weight_66.json
66	24	3	6	29	9	1	4	1	1	rational	weight_66.json
66	24	3	7	29	9	1	5	1	1	rational	weight_66.json
68	26	3	14	29	37	1	1	1	1	rational	weight_68.json
68	26	3	21	29	23	1	2	1	1	rational	weight_68.json
68	26	3	0	29	9	1	3	1	1	rational	weight_68.json
68	26	3	11	29	16	1	4	1	1	rational	weight_68.json
68	26	3	31	29	16	1	5	1	1	rational	weight_68.json
70	28	3	47	29	23	1	1	1	1	rational	weight_70.json
70	28	3	0	29	44	1	2	1	1	rational	weight_70.json
70	28	3	19	29	23	1	3	1	1	rational	weight_70.json
70	28	3	30	29	23	1	4	1	1	rational	weight_70.json
70	28	3	42	29	23	1	5	1	1	rational	weight_70.json
72	30	3	0	29	2	1	1	1	1	rational	weight_72.json
72	30	3	21	29	30	1	2	1	1	rational	weight_72.json
72	30	3	43	29	30	1	3	1	1	rational	weight_72.json
72	30	3	41	29	30	1	4	1	1	rational	weight_72.json
72	30	3	28	29	30	1	5	1	1	rational	weight_72.json
72	30	3	8	29	30	1	6	1	1	rational	weight_72.json
74	32	3	4	29	37	1	1	1	1	rational	weight_74.json
74	32	3	35	29	9	1	2	1	1	rational	weight_74.json
74	32	3	14	29	9	1	3	1	1	rational	weight_74.json
74	32	3	45	29	37	1	4	1	1	rational	weight_74.json
74	32	3	0	29	30	1	5	1	1	rational	weight_74.json
76	34	3	42	29	9	1	1	1	1	rational	weight_76.json
76	34	3	12	29	44	1	2	1	1	rational	weight_76.json
76	34	3	33	29	44	1	3	1	1	rational	weight_76.json
76	34	3	7	29	9	1	4	1	1	rational	weight_76.json
76	34	3	0	29	30	1	5	1	1	rational	weight_76.json
76	34	3	16	29	44	1	6	1	1	rational	weight_76.json
78	36	3	22	29	2	1	1	1	1	rational	weight_78.json
78	36	3	27	29	2	1	2	1	1	rational	weight_78.json
78	36	3	28	29	30	1	3	1	1	rational	weight_78.json
78	36	3	8	29	2	1	4	1	1	rational	weight_78.json
78	36	3	0	29	2	1	5	1	1	rational	weight_78.json
78	36	3	42	29	16	1	6	1	1	rational	weight_78.json
80	38	3	3	29	9	1	1	1	1	rational	weight_80.json
80	38	3	10	29	9	1	2	1	1	rational	weight_80.json
80	38	3	28	29	9	1	3	1	1	rational	weight_80.json
80	38	3	35	29	23	1	4	1	1	rational	weight_80.json
80	38	3	0	29	44	1	5	1	1	rational	weight_80.json
80	38	3	46	29	9	1	6	1	1	rational	weight_80.json
82	40	3	5	29	16	1	1	1	1	rational	weight_82.json
82	40	3	19	29	16	1	2	1	1	rational	weight_82.json
82	40	3	7	29	37	1	3	1	1	rational	weight_82.json
82	40	3	2	29	16	1	4	1	1	rational	weight_82.json
82	40	3	35	29	23	1	5	1	1	rational	weight_82.json
82	40	3	0	29	9	1	6	1	1	rational	weight_82.json
84	0	3	7	29	9	1	1	1	1	rational	weight_84.json
84	0	3	0	29	44	1	2	1	1	rational	weight_84.json
84	0	3	8	29	23	1	3	1	1	rational	weight_84.json
84	0	3	14	29	2	1	4	1	1	rational	weight_84.json
84	0	3	1	29	23	1	5	1	1	rational	weight_84.json
84	0	3	13	29	23	1	6	1	1	rational	weight_84.json
84	0	3	21	29	23	1	7	1	1	rational	weight_84.json
86	2	3	21	29	16	1	1	1	1	rational	weight_86.json
86	2	3	3	29	30	1	2	1	1	rational	weight_86.json
86	2	3	24	29	30	1	3	1	1	rational	weight_86.json
86	2	3	39	29	30	1	4	1	1	rational	weight_86.json
86	2	3	42	29	9	1	5	1	1	rational	weight_86.json
86	2	3	14	29	30	1	6	1	1	rational	weight_86.json
88	4	3	28	29	37	1	1	1	1	rational	weight_88.json
88	4	3	23	29	37	1	2	1	1	rational	weight_88.json
88	4	3	14	29	44	1	3	1	1	rational	weight_88.json
88	4	3	5	29	37	1	4	1	1	rational	weight_88.json
88	4	3	47	29	37	1	5	1	1	rational	weight_88.json
88	4	3	42	29	9	1	6	1	1	rational	weight_88.json
88	4	3	37	29	37	1	7	1	1	rational	weight_88.json
90	6	3	28	29	9	1	1	1	1	rational	weight_90.json
90	6	3	29	29	44	1	2	1	1	rational	weight_90.json
90	6	3	8	29	44	1	3	1	1	rational	weight_90.json
90	6	3	48	29	44	1	4	1	1	rational	weight_90.json
90	6	3	42	29	44	1	5	1	1	rational	weight_90.json
90	6	3	35	29	37	1	6	1	2	rational	weight_90.json
92	8	3	7	29	9	1	1	1	1	rational	weight_92.json
92	8	3	32	29	2	1	2	1	1	rational	weight_92.json
92	8	3	7	29	9	1	3	1	1	rational	weight_92.json
92	8	3	3	29	2	1	4	1	1	rational	weight_92.json
92	8	3	35	29	30	1	5	1	1	rational	weight_92.json
92	8	3	28	29	16	1	6	1	1	rational	weight_92.json
92	8	3	38	29	2	1	7	1	1	rational	weight_92.json
94	10	3	23	29	9	1	1	1	1	rational	weight_94.json
94	10	3	40	29	9	1	2	1	1	rational	weight_94.json
94	10	3	35	29	9	1	3	1	1	rational	weight_94.json
94	10	3	40	29	9	1	4	1	1	rational	weight_94.json
94	10	3	16	29	9	1	5	1	1	rational	weight_94.json
94	10	3	21	29	2	1	6	1	2	rational	weight_94.json
96	12	3	7	29	23	1	1	1	1	rational	weight_96.json
96	12	3	8	29	16	1	2	1	1	rational	weight_96.json
96	12	3	13	29	16	1	3	1	1	rational	weight_96.json
96	12	3	34	29	16	1	4	1	1	rational	weight_96.json
96	12	3	7	29	23	1	5	1	1	rational	weight_96.json
96	12	3	14	29	16	1	6	1	1	rational	weight_96.json
96	12	3	14	29	16	1	7	1	1	rational	weight_96.json
96	12	3	8	29	16	1	8	1	1	rational	weight_96.json
98	14	3	42	29	2	1	1	1	1	rational	weight_98.json
98	14	3	21	29	9	1	2	1	1	rational	weight_98.json
98	14	3	21	29	9	1	3	1	1	rational	weight_98.json
98	14	3	42	29	2	1	4	1	1	rational	weight_98.json
98	14	3	3	29	23	1	5	1	1	rational	weight_98.json
98	14	3	3	29	23	1	6	1	1	rational	weight_98.json
98	14	3	25	29	23	1	7	1	1	rational	weight_98.json
100	16	3	14	29	16	1	1	1	1	rational	weight_100.json
100	16	3	14	29	16	1	2	1	1	rational	weight_100.json
100	16	3	33	29	30	1	3	1	1	rational	weight_100.json
100	16	3	28	29	9	1	4	1	1	rational	weight_100.json
100	16	3	9	29	30	1	5	1	1	rational	weight_100.json
100	16	3	9	29	30	1	6	1	1	rational	weight_100.json
100	16	3	28	29	9	1	7	1	1	rational	weight_100.json
100	16	3	26	29	30	1	8	1	1	rational	weight_100.json
102	18	3	42	29	44	1	1	1	1	rational	weight_102.json
102	18	3	8	29	37	1	2	1	1	rational	weight_102.json
102	18	3	35	29	37	1	3	1	1	rational	weight_102.json
102	18	3	20	29	37	1	4	1	1	rational	weight_102.json
102	18	3	36	29	37	1	5	1	1	rational	weight_102.json
102	18	3	28	29	9	1	6	1	1	rational	weight_102.json
102	18	3	35	29	37	1	7	1	1	rational	weight_102.json
102	18	3	20	29	37	1	8	1	1	rational	weight_102.json
104	20	3	3	29	44	1	1	1	1	rational	weight_104.json
104	20	3	18	29	44	1	2	1	1	rational	weight_104.json
104	20	3	17	29	44	1	3	1	1	rational	weight_104.json
104	20	3	35	29	9	1	4	1	1	rational	weight_104.json
104	20	3	28	29	44	1	5	1	1	rational	weight_104.json
104	20	3	18	29	44	1	6	1	1	rational	weight_104.json
104	20	3	7	29	37	1	7	1	2	rational	weight_104.json
106	22	3	21	29	9	1	1	1	1	rational	weight_106.json
106	22	3	26	29	2	1	2	1	1	rational	weight_106.json
106	22	3	7	29	30	1	3	1	1	rational	weight_106.json
106	22	3	35	29	16	1	4	1	1	rational	weight_106.json
106	22	3	12	29	2	1	5	1	1	rational	weight_106.json
106	22	3	21	29	9	1	6	1	1	rational	weight_106.json
106	22	3	44	29	2	1	7	1	1	rational	weight_106.json
106	22	3	2	29	2	1	8	1	1	rational	weight_106.json
108	24	3	6	29	9	1	1	1	1	rational	weight_108.json
108	24	3	21	29	23	1	2	1	1	rational	weight_108.json
108	24	3	7	29	9	1	3	1	1	rational	weight_108.json
108	24	3	15	29	9	1	4	1	1	rational	weight_108.json
108	24	3	8	29	9	1	5	1	1	rational	weight_108.json
108	24	3	0	29	44	1	6	1	1	rational	weight_108.json
108	24	3	27	29	9	1	7	1	1	rational	weight_108.json
108	24	3	14	29	2	1	8	1	2	rational	weight_108.json
110	26	3	42	29	16	1	1	1	1	rational	weight_110.json
110	26	3	21	29	23	1	2	1	1	rational	weight_110.json
110	26	3	3	29	16	1	3	1	1	rational	weight_110.json
110	26	3	31	29	16	1	4	1	1	rational	weight_110.json
110	26	3	0	29	9	1	5	1	1	rational	weight_110.json
110	26	3	25	29	16	1	6	1	1	rational	weight_110.json
110	26	3	11	29	16	1	7	1	1	rational	weight_110.json
110	26	3	14	29	37	1	8	1	1	rational	weight_110.json
112	28	3	47	29	23	1	1	1	1	rational	weight_112.json
112	28	3	19	29	23	1	2	1	1	rational	weight_112.json
112	28	3	30	29	23	1	3	1	1	rational	weight_112.json
112	28	3	28	29	2	1	4	1	1	rational	weight_112.json
112	28	3	42	29	23	1	5	1	1	rational	weight_112.json
112	28	3	0	29	44	1	6	1	1	rational	weight_112.json
112	28	3	44	29	23	1	7	1	1	rational	weight_112.json
112	28	3	14	29	9	1	8	1	1	rational	weight_112.json
112	28	3	40	29	23	1	9	1	1	rational	weight_112.json
114	30	3	35	29	9	1	1	1	1	rational	weight_114.json
114	30	3	34	29	30	1	2	1	1	rational	weight_114.json
114	30	3	8	29	30	1	3	1	1	rational	weight_114.json
114	30	3	42	29	16	1	4	1	1	rational	weight_114.json
114	30	3	28	29	30	1	5	1	1	rational	weight_114.json
114	30	3	43	29	30	1	6	1	1	rational	weight_114.json
114	30	3	21	29	30	1	7	1	1	rational	weight_114.json
114	30	3	41	29	30	1	8	1	1	rational	weight_114.json
114	30	3	0	29	2	1	9	1	1	rational	weight_114.json
116	32	3	14	29	9	1	1	1	1	rational	weight_116.json
116	32	3	28	29	44	1	2	1	1	rational	weight_116.json
116	32	3	35	29	9	1	3	1	1	rational	weight_116.json
116	32	3	45	29	37	1	4	1	1	rational	weight_116.json
116	32	3	32	29	37	1	5	1	1	rational	weight_116.json
116	32	3	4	29	37	1	6	1	1	rational	weight_116.json
116	32	3	0	29	30	1	7	1	1	rational	weight_116.json
116	32	3	7	29	37	1	8	1	1	rational	weight_116.json
116	32	3	3	29	37	1	9	1	1	rational	weight_116.json
118	34	3	16	29	44	1	1	1	1	rational	weight_118.json
118	34	3	37	29	44	1	2	1	1	rational	weight_118.json
118	34	3	12	29	44	1	3	1	1	rational	weight_118.json
118	34	3	0	29	30	1	4	1	1	rational	weight_118.json
118	34	3	19	29	44	1	5	1	1	rational	weight_118.json
118	34	3	7	29	9	1	6	1	1	rational	weight_118.json
118	34	3	42	29	9	1	7	1	1	rational	weight_118.json
118	34	3	33	29	44	1	8	1	1	rational	weight_118.json
118	34	3	35	29	44	1	9	1	1	rational	weight_118.json
120	36	3	21	29	30	1	1	1	1	rational	weight_120.json
120	36	3	28	29	30	1	2	1	1	rational	weight_120.json
120	36	3	29	29	2	1	3	1	1	rational	weight_120.json
120	36	3	41	29	2	1	4	1	1	rational	weight_120.json
120	36	3	42	29	16	1	5	1	1	rational	weight_120.json
120	36	3	27	29	2	1	6	1	1	rational	weight_120.json
120	36	3	7	29	16	1	7	1	1	rational	weight_120.json
120	36	3	8	29	2	1	8	1	1	rational	weight_120.json
120	36	3	22	29	2	1	9	1	1	rational	weight_120.json
120	36	3	0	29	2	1	10	1	1	rational	weight_120.json
122	38	3	10	29	9	1	1	1	1	rational	weight_122.json
122	38	3	3	29	9	1	2	1	1	rational	weight_122.json
122	38	3	21	29	9	1	3	1	1	rational	weight_122.json
122	38	3	46	29	9	1	4	1	1	rational	weight_122.json
122	38	3	39	29	9	1	5	1	1	rational	weight_122.json
122	38	3	0	29	44	1	6	1	1	rational	weight_122.json
122	38	3	14	29	23	1	7	1	1	rational	weight_122.json
122	38	3	35	29	23	1	8	1	1	rational	weight_122.json
122	38	3	28	29	9	1	9	1	1	rational	weight_122.json
124	40	3	2	29	16	1	1	1	1	rational	weight_124.json
124	40	3	7	29	37	1	2	1	1	rational	weight_124.json
124	40	3	0	29	9	1	3	1	1	rational	weight_124.json
124	40	3	5	29	16	1	4	1	1	rational	weight_124.json
124	40	3	47	29	16	1	5	1	1	rational	weight_124.json
124	40	3	14	29	23	1	6	1	1	rational	weight_124.json
124	40	3	19	29	16	1	7	1	1	rational	weight_124.json
124	40	3	30	29	16	1	8	1	1	rational	weight_124.json
124	40	3	35	29	23	1	9	1	1	rational	weight_124.json
124	40	3	42	29	37	1	10	1	1	rational	weight_124.json
126	0	3	48	29	23	1	1	1	1	rational	weight_126.json
126	0	3	1	29	23	1	2	1	1	rational	weight_126.json
126	0	3	7	29	9	1	3	1	1	rational	weight_126.json
126	0	3	13	29	23	1	4	1	1	rational	weight_126.json
126	0	3	21	29	23	1	5	1	1	rational	weight_126.json
126	0	3	8	29	23	1	6	1	1	rational	weight_126.json
126	0	3	14	29	2	1	7	1	1	rational	weight_126.json
126	0	3	28	29	23	1	8	1	1	rational	weight_126.json
126	0	3	0	29	44	1	9	1	1	rational	weight_126.json
126	0	3	36	29	23	1	10	1	1	rational	weight_126.json
128	2	3	0	29	2	1	1	1	1	rational	weight_128.json
128	2	3	35	29	30	1	2	1	1	rational	weight_128.json
128	2	3	46	29	30	1	3	1	1	rational	weight_128.json
128	2	3	10	29	30	1	4	1	1	rational	weight_128.json
128	2	3	39	29	30	1	5	1	1	rational	weight_128.json
128	2	3	14	29	30	1	6	1	1	rational	weight_128.json
128	2	3	24	29	30	1	7	1	1	rational	weight_128.json
128	2	3	3	29	30	1	8	1	1	rational	weight_128.json
128	2	3	21	29	16	1	9	1	1	rational	weight_128.json
128	2	3	42	29	9	1	10	1	1	rational	weight_128.json
130	4	3	26	29	37	1	1	1	1	rational	weight_130.json
130	4	3	42	29	9	1	2	1	1	rational	weight_130.json
130	4	3	0	29	30	1	3	1	1	rational	weight_130.json
130	4	3	37	29	37	1	4	1	1	rational	weight_130.json
130	4	3	23	29	37	1	5	1	1	rational	weight_130.json
130	4	3	7	29	9	1	6	1	1	rational	weight_130.json
130	4	3	14	29	44	1	7	1	1	rational	weight_130.json
130	4	3	28	29	37	1	8	1	1	rational	weight_130.json
130	4	3	5	29	37	1	9	1	1	rational	weight_130.json
130	4	3	47	29	37	1	10	1	1	rational	weight_130.json
132	6	3	43	29	44	1	1	1	1	rational	weight_132.json
132	6	3	29	29	44	1	2	1	1	rational	weight_132.json
132	6	3	0	29	30	1	3	1	1	rational	weight_132.json
132	6	3	8	29	44	1	4	1	1	rational	weight_132.json
132	6	3	28	29	9	1	5	1	1	rational	weight_132.json
132	6	3	6	29	44	1	6	1	1	rational	weight_132.json
132	6	3	48	29	44	1	7	1	1	rational	weight_132.json
132	6	3	42	29	44	1	8	1	1	rational	weight_132.json
132	6	3	21	29	9	1	9	1	1	rational	weight_132.json
132	6	3	35	29	37	1	10	1	2	rational	weight_132.json
134	8	3	45	29	2	1	1	1	1	rational	weight_134.json
134	8	3	38	29	2	1	2	1	1	rational	weight_134.json
134	8	3	28	29	16	1	3	1	1	rational	weight_134.json
134	8	3	0	29	2	1	4	1	1	rational	weight_134.json
134	8	3	35	29	30	1	5	1	1	rational	weight_134.json
134	8	3	3	29	2	1	6	1	1	rational	weight_134.json
134	8	3	32	29	2	1	7	1	1	rational	weight_134.json
134	8	3	4	29	2	1	8	1	1	rational	weight_134.json
134	8	3	7	29	9	1	9	1	2	rational	weight_134.json
136	10	3	35	29	9	1	1	1	1	rational	weight_136.json
136	10	3	0	29	44	1	2	1	1	rational	weight_136.json
136	10	3	44	29	9	1	3	1	1	rational	weight_136.json
136	10	3	40	29	9	1	4	1	1	rational	weight_136.json
136	10	3	5	29	9	1	5	1	1	rational	weight_136.json
136	10	3	7	29	23	1	6	1	1	rational	weight_136.json
136	10	3	16	29	9	1	7	1	1	rational	weight_136.json
136	10	3	40	29	9	1	8	1	1	rational	weight_136.json
136	10	3	23	29	9	1	9	1	1	rational	weight_136.json
136	10	3	21	29	2	1	10	1	2	rational	weight_136.json
138	12	3	8	29	16	1	1	1	1	rational	weight_138.json
138	12	3	34	29	16	1	2	1	1	rational	weight_138.json
138	12	3	14	29	16	1	3	1	1	rational	weight_138.json
138	12	3	7	29	23	1	4	1	1	rational	weight_138.json
138	12	3	13	29	16	1	5	1	1	rational	weight_138.json
138	12	3	7	29	23	1	6	1	1	rational	weight_138.json
138	12	3	21	29	37	1	7	1	1	rational	weight_138.json
138	12	3	0	29	9	1	8	1	1	rational	weight_138.json
138	12	3	1	29	16	1	9	1	1	rational	weight_138.json
138	12	3	8	29	16	1	10	1	1	rational	weight_138.json
138	12	3	14	29	16	1	11	1	1	rational	weight_138.json
140	14	3	0	29	44	1	1	1	1	rational	weight_140.json
140	14	3	14	29	23	1	2	1	1	rational	weight_140.json
140	14	3	31	29	23	1	3	1	1	rational	weight_140.json
140	14	3	11	29	23	1	4	1	1	rational	weight_140.json
140	14	3	3	29	23	1	5	1	1	rational	weight_140.json
140	14	3	21	29	9	1	6	1	1	rational	weight_140.json
140	14	3	3	29	23	1	7	1	1	rational	weight_140.json
140	14	3	42	29	2	1	8	1	1	rational	weight_140.json
140	14	3	42	29	2	1	9	1	1	rational	weight_140.json
140	14	3	21	29	9	1	10	1	1	rational	weight_140.json
140	14	3	25	29	23	1	11	1	1	rational	weight_140.json
142	16	3	9	29	30	1	1	1	1	rational	weight_142.json
142	16	3	42	29	30	1	2	1	1	rational	weight_142.json
142	16	3	26	29	30	1	3	1	1	rational	weight_142.json
142	16	3	33	29	30	1	4	1	1	rational	weight_142.json
142	16	3	28	29	9	1	5	1	1	rational	weight_142.json
142	16	3	44	29	30	1	6	1	1	rational	weight_142.json
142	16	3	14	29	16	1	7	1	1	rational	weight_142.json
142	16	3	33	29	30	1	8	1	1	rational	weight_142.json
142	16	3	9	29	30	1	9	1	1	rational	weight_142.json
142	16	3	28	29	9	1	10	1	1	rational	weight_142.json
142	16	3	14	29	16	1	11	1	1	rational	weight_142.json
144	18	3	8	29	37	1	1	1	1	rational	weight_144.json
144	18	3	36	29	37	1	2	1	1	rational	weight_144.json
144	18	3	20	29	37	1	3	1	1	rational	weight_144.json
144	18	3	8	29	37	1	4	1	1	rational	weight_144.json
144	18	3	20	29	37	1	5	1	1	rational	weight_144.json
144	18	3	35	29	37	1	6	1	1	rational	weight_144.json
144	18	3	42	29	44	1	7	1	1	rational	weight_144.json
144	18	3	28	29	9	1	8	1	1	rational	weight_144.json
144	18	3	28	29	9	1	9	1	1	rational	weight_144.json
144	18	3	35	29	37	1	10	1	1	rational	weight_144.json
144	18	3	27	29	37	1	11	1	1	rational	weight_144.json
144	18	3	42	29	44	1	12	1	1	rational	weight_144.json
146	20	3	35	29	9	1	1	1	1	rational	weight_146.json
146	20	3	18	29	44	1	2	1	1	rational	weight_146.json
146	20	3	18	29	44	1	3	1	1	rational	weight_146.json
146	20	3	28	29	44	1	4	1	1	rational	weight_146.json
146	20	3	35	29	9	1	5	1	1	rational	weight_146.json
146	20	3	3	29	44	1	6	1	1	rational	weight_146.json
146	20	3	17	29	44	1	7	1	1	rational	weight_146.json
146	20	3	17	29	44	1	8	1	1	rational	weight_146.json
146	20	3	28	29	44	1	9	1	1	rational	weight_146.json
146	20	3	7	29	37	1	10	1	2	rational	weight_146.json
148	22	3	12	29	2	1	1	1	1	rational	weight_148.json
148	22	3	35	29	16	1	2	1	1	rational	weight_148.json
148	22	3	7	29	30	1	3	1	1	rational	weight_148.json
148	22	3	44	29	2	1	4	1	1	rational	weight_148.json
148	22	3	44	29	2	1	5	1	1	rational	weight_148.json
148	22	3	2	29	2	1	6	1	1	rational	weight_148.json
148	22	3	26	29	2	1	7	1	1	rational	weight_148.json
148	22	3	7	29	30	1	8	1	1	rational	weight_148.json
148	22	3	35	29	16	1	9	1	1	rational	weight_148.json
148	22	3	12	29	2	1	10	1	1	rational	weight_148.json
148	22	3	21	29	9	1	11	1	2	rational	weight_148.json
150	24	3	6	29	9	1	1	1	1	rational	weight_150.json
150	24	3	7	29	9	1	2	1	1	rational	weight_150.json
150	24	3	0	29	44	1	3	1	1	rational	weight_150.json
150	24	3	21	29	23	1	4	1	1	rational	weight_150.json
150	24	3	27	29	9	1	5	1	1	rational	weight_150.json
150	24	3	7	29	9	1	6	1	1	rational	weight_150.json
150	24	3	8	29	9	1	7	1	1	rational	weight_150.json
150	24	3	15	29	9	1	8	1	1	rational	weight_150.json
150	24	3	15	29	9	1	9	1	1	rational	weight_150.json
150	24	3	6	29	9	1	10	1	1	rational	weight_150.json
150	24	3	14	29	2	1	11	1	2	rational	weight_150.json
152	26	3	42	29	16	1	1	1	1	rational	weight_152.json
152	26	3	25	29	16	1	2	1	1	rational	weight_152.json
152	26	3	31	29	16	1	3	1	1	rational	weight_152.json
152	26	3	0	29	9	1	4	1	1	rational	weight_152.json
152	26	3	3	29	16	1	5	1	1	rational	weight_152.json
152	26	3	42	29	16	1	6	1	1	rational	weight_152.json
152	26	3	11	29	16	1	7	1	1	rational	weight_152.json
152	26	3	21	29	23	1	8	1	1	rational	weight_152.json
152	26	3	11	29	16	1	9	1	1	rational	weight_152.json
152	26	3	14	29	37	1	10	1	1	rational	weight_152.json
152	26	3	3	29	16	1	11	1	1	rational	weight_152.json
152	26	3	21	29	23	1	12	1	1	rational	weight_152.json
154	28	3	0	29	44	1	1	1	1	rational	weight_154.json
154	28	3	28	29	2	1	2	1	1	rational	weight_154.json
154	28	3	14	29	9	1	3	1	1	rational	weight_154.json
154	28	3	44	29	23	1	4	1	1	rational	weight_154.json
154	28	3	19	29	23	1	5	1	1	rational	weight_154.json
154	28	3	28	29	2	1	6	1	1	rational	weight_154.json
154	28	3	42	29	23	1	7	1	1	rational	weight_154.json
154	28	3	40	29	23	1	8	1	1	rational	weight_154.json
154	28	3	44	29	23	1	9	1	1	rational	weight_154.json
154	28	3	30	29	23	1	10	1	1	rational	weight_154.json
154	28	3	14	29	9	1	11	1	1	rational	weight_154.json
154	28	3	47	29	23	1	12	1	1	rational	weight_154.json
156	30	3	8	29	30	1	1	1	1	rational	weight_156.json
156	30	3	28	29	30	1	2	1	1	rational	weight_156.json
156	30	3	41	29	30	1	3	1	1	rational	weight_156.json
156	30	3	22	29	30	1	4	1	1	rational	weight_156.json
156	30	3	0	29	2	1	5	1	1	rational	weight_156.json
156	30	3	35	29	9	1	6	1	1	rational	weight_156.json
156	30	3	35	29	9	1	7	1	1	rational	weight_156.json
156	30	3	43	29	30	1	8	1	1	rational	weight_156.json
156	30	3	34	29	30	1	9	1	1	rational	weight_156.json
156	30	3	42	29	16	1	10	1	1	rational	weight_156.json
156	30	3	42	29	16	1	11	1	1	rational	weight_156.json
156	30	3	34	29	30	1	12	1	1	rational	weight_156.json
156	30	3	21	29	30	1	13	1	1	rational	weight_156.json
158	32	3	35	29	9	1	1	1	1	rational	weight_158.json
158	32	3	14	29	9	1	2	1	1	rational	weight_158.json
158	32	3	7	29	37	1	3	1	1	rational	weight_158.json
158	32	3	32	29	37	1	4	1	1	rational	weight_158.json
158	32	3	3	29	37	1	5	1	1	rational	weight_158.json
158	32	3	45	29	37	1	6	1	1	rational	weight_158.json
158	32	3	4	29	37	1	7	1	1	rational	weight_158.json
158	32	3	38	29	37	1	8	1	1	rational	weight_158.json
158	32	3	32	29	37	1	9	1	1	rational	weight_158.json
158	32	3	7	29	37	1	10	1	1	rational	weight_158.json
158	32	3	0	29	30	1	11	1	1	rational	weight_158.json
158	32	3	28	29	44	1	12	1	1	rational	weight_158.json
160	34	3	7	29	9	1	1	1	1	rational	weight_160.json
160	34	3	19	29	44	1	2	1	1	rational	weight_160.json
160	34	3	44	29	44	1	3	1	1	rational	weight_160.json
160	34	3	37	29	44	1	4	1	1	rational	weight_160.json
160	34	3	16	29	44	1	5	1	1	rational	weight_160.json
160	34	3	33	29	44	1	6	1	1	rational	weight_160.json
160	34	3	0	29	30	1	7	1	1	rational	weight_160.json
160	34	3	42	29	9	1	8	1	1	rational	weight_160.json
160	34	3	35	29	44	1	9	1	1	rational	weight_160.json
160	34	3	12	29	44	1	10	1	1	rational	weight_160.json
160	34	3	19	29	44	1	11	1	1	rational	weight_160.json
160	34	3	21	29	37	1	12	1	2	rational	weight_160.json
162	36	3	27	29	2	1	1	1	1	rational	weight_162.json
162	36	3	22	29	2	1	2	1	1	rational	weight_162.json
162	36	3	0	29	2	1	3	1	1	rational	weight_162.json
162	36	3	42	29	16	1	4	1	1	rational	weight_162.json
162	36	3	8	29	2	1	5	1	1	rational	weight_162.json
162	36	3	7	29	16	1	6	1	1	rational	weight_162.json
162	36	3	29	29	2	1	7	1	1	rational	weight_162.json
162	36	3	21	29	30	1	8	1	1	rational	weight_162.json
162	36	3	28	29	30	1	9	1	1	rational	weight_162.json
162	36	3	41	29	2	1	10	1	1	rational	weight_162.json
162	36	3	13	29	2	1	11	1	1	rational	weight_162.json
162	36	3	14	29	9	1	12	1	2	rational	weight_162.json
164	38	3	4	29	9	1	1	1	1	rational	weight_164.json
164	38	3	24	29	9	1	2	1	1	rational	weight_164.json
164	38	3	14	29	23	1	3	1	1	rational	weight_164.json
164	38	3	3	29	9	1	4	1	1	rational	weight_164.json
164	38	3	35	29	23	1	5	1	1	rational	weight_164.json
164	38	3	21	29	9	1	6	1	1	rational	weight_164.json
164	38	3	39	29	9	1	7	1	1	rational	weight_164.json
164	38	3	0	29	44	1	8	1	1	rational	weight_164.json
164	38	3	46	29	9	1	9	1	1	rational	weight_164.json
164	38	3	28	29	9	1	10	1	1	rational	weight_164.json
164	38	3	10	29	9	1	11	1	1	rational	weight_164.json
164	38	3	42	29	2	1	12	1	2	rational	weight_164.json
166	40	3	14	29	23	1	1	1	1	rational	weight_166.json
166	40	3	2	29	16	1	2	1	1	rational	weight_166.json
166	40	3	47	29	16	1	3	1	1	rational	weight_166.json
166	40	3	40	29	16	1	4	1	1	rational	weight_166.json
166	40	3	30	29	16	1	5	1	1	rational	weight_166.json
166	40	3	19	29	16	1	6	1	1	rational	weight_166.json
166	40	3	7	29	37	1	7	1	1	rational	weight_166.json
166	40	3	0	29	9	1	8	1	1	rational	weight_166.json
166	40	3	44	29	16	1	9	1	1	rational	weight_166.json
166	40	3	42	29	37	1	10	1	1	rational	weight_166.json
166	40	3	5	29	16	1	11	1	1	rational	weight_166.json
166	40	3	35	29	23	1	12	1	1	rational	weight_166.json
166	40	3	28	29	16	1	13	1	1	rational	weight_166.json
168	0	3	36	29	23	1	1	1	1	rational	weight_168.json
168	0	3	35	29	2	1	2	1	1	rational	weight_168.json
168	0	3	14	29	2	1	3	1	1	rational	weight_168.json
168	0	3	15	29	23	1	4	1	1	rational	weight_168.json
168	0	3	28	29	23	1	5	1	1	rational	weight_168.json
168	0	3	42	29	9	1	6	1	1	rational	weight_168.json
168	0	3	1	29	23	1	7	1	1	rational	weight_168.json
168	0	3	48	29	23	1	8	1	1	rational	weight_168.json
168	0	3	0	29	44	1	9	1	1	rational	weight_168.json
168	0	3	41	29	23	1	10	1	1	rational	weight_168.json
168	0	3	13	29	23	1	11	1	1	rational	weight_168.json
168	0	3	21	29	23	1	12	1	1	rational	weight_168.json
168	0	3	7	29	9	1	13	1	1	rational	weight_168.json
168	0	3	8	29	23	1	14	1	1	rational	weight_168.json
170	2	3	3	29	30	1	1	1	1	rational	weight_170.json
170	2	3	24	29	30	1	2	1	1	rational	weight_170.json
170	2	3	7	29	9	1	3	1	1	rational	weight_170.json
170	2	3	14	29	30	1	4	1	1	rational	weight_170.json
170	2	3	39	29	30	1	5	1	1	rational	weight_170.json
170	2	3	10	29	30	1	6	1	1	rational	weight_170.json
170	2	3	21	29	16	1	7	1	1	rational	weight_170.json
170	2	3	42	29	9	1	8	1	1	rational	weight_170.json
170	2	3	46	29	30	1	9	1	1	rational	weight_170.json
170	2	3	25	29	30	1	10	1	1	rational	weight_170.json
170	2	3	35	29	30	1	11	1	1	rational	weight_170.json
170	2	3	28	29	16	1	12	1	1	rational	weight_170.json
170	2	3	0	29	2	1	13	1	1	rational	weight_170.json
172	4	3	28	29	37	1	1	1	1	rational	weight_172.json
172	4	3	0	29	30	1	2	1	1	rational	weight_172.json
172	4	3	42	29	9	1	3	1	1	rational	weight_172.json
172	4	3	21	29	37	1	4	1	1	rational	weight_172.json
172	4	3	37	29	37	1	5	1	1	rational	weight_172.json
172	4	3	44	29	37	1	6	1	1	rational	weight_172.json
172	4	3	14	29	44	1	7	1	1	rational	weight_172.json
172	4	3	35	29	44	1	8	1	1	rational	weight_172.json
172	4	3	26	29	37	1	9	1	1	rational	weight_172.json
172	4	3	47	29	37	1	10	1	1	rational	weight_172.json
172	4	3	5	29	37	1	11	1	1	rational	weight_172.json
172	4	3	23	29	37	1	12	1	1	rational	weight_172.json
172	4	3	12	29	37	1	13	1	1	rational	weight_172.json
172	4	3	7	29	9	1	14	1	1	rational	weight_172.json
174	6	3	43	29	44	1	1	1	1	rational	weight_174.json
174	6	3	42	29	44	1	2	1	1	rational	weight_174.json
174	6	3	20	29	44	1	3	1	1	rational	weight_174.json
174	6	3	6	29	44	1	4	1	1	rational	weight_174.json
174	6	3	7	29	44	1	5	1	1	rational	weight_174.json
174	6	3	29	29	44	1	6	1	1	rational	weight_174.json
174	6	3	21	29	9	1	7	1	1	rational	weight_174.json
174	6	3	0	29	30	1	8	1	1	rational	weight_174.json
174	6	3	1	29	44	1	9	1	1	rational	weight_174.json
174	6	3	48	29	44	1	10	1	1	rational	weight_174.json
174	6	3	28	29	9	1	11	1	1	rational	weight_174.json
174	6	3	8	29	44	1	12	1	1	rational	weight_174.json
174	6	3	35	29	37	1	13	1	2	rational	weight_174.json
176	8	3	21	29	16	1	1	1	1	rational	weight_176.json
176	8	3	4	29	2	1	2	1	1	rational	weight_176.json
176	8	3	46	29	2	1	3	1	1	rational	weight_176.json
176	8	3	35	29	30	1	4	1	1	rational	weight_176.json
176	8	3	3	29	2	1	5	1	1	rational	weight_176.json
176	8	3	14	29	30	1	6	1	1	rational	weight_176.json
176	8	3	17	29	2	1	7	1	1	rational	weight_176.json
176	8	3	45	29	2	1	8	1	1	rational	weight_176.json
176	8	3	38	29	2	1	9	1	1	rational	weight_176.json
176	8	3	28	29	16	1	10	1	1	rational	weight_176.json
176	8	3	32	29	2	1	11	1	1	rational	weight_176.json
176	8	3	0	29	2	1	12	1	1	rational	weight_176.json
176	8	3	7	29	9	1	13	1	2	rational	weight_176.json
178	10	3	23	29	9	1	1	1	1	rational	weight_178.json
178	10	3	33	29	9	1	2	1	1	rational	weight_178.json
178	10	3	42	29	23	1	3	1	1	rational	weight_178.json
178	10	3	35	29	9	1	4	1	1	rational	weight_178.json
178	10	3	16	29	9	1	5	1	1	rational	weight_178.json
178	10	3	0	29	44	1	6	1	1	rational	weight_178.json
178	10	3	44	29	9	1	7	1	1	rational	weight_178.json
178	10	3	40	29	9	1	8	1	1	rational	weight_178.json
178	10	3	7	29	23	1	9	1	1	rational	weight_178.json
178	10	3	40	29	9	1	10	1	1	rational	weight_178.json
178	10	3	14	29	9	1	11	1	1	rational	weight_178.json
178	10	3	5	29	9	1	12	1	1	rational	weight_178.json
178	10	3	21	29	2	1	13	1	2	rational	weight_178.json
180	12	3	1	29	16	1	1	1	1	rational	weight_180.json
180	12	3	42	29	23	1	2	1	1	rational	weight_180.json
180	12	3	7	29	23	1	3	1	1	rational	weight_180.json
180	12	3	36	29	16	1	4	1	1	rational	weight_180.json
180	12	3	14	29	16	1	5	1	1	rational	weight_180.json
180	12	3	48	29	16	1	6	1	1	rational	weight_180.json
180	12	3	14	29	16	1	7	1	1	rational	weight_180.json
180	12	3	34	29	16	1	8	1	1	rational	weight_180.json
180	12	3	8	29	16	1	9	1	1	rational	weight_180.json
180	12	3	0	29	9	1	10	1	1	rational	weight_180.json
180	12	3	8	29	16	1	11	1	1	rational	weight_180.json
180	12	3	21	29	37	1	12	1	1	rational	weight_180.json
180	12	3	7	29	23	1	13	1	1	rational	weight_180.json
180	12	3	28	29	37	1	14	1	1	rational	weight_180.json
180	12	3	13	29	16	1	15	1	1	rational	weight_180.json
182	14	3	11	29	23	1	1	1	1	rational	weight_182.json
182	14	3	3	29	23	1	2	1	1	rational	weight_182.json
182	14	3	31	29	23	1	3	1	1	rational	weight_182.json
182	14	3	3	29	23	1	4	1	1	rational	weight_182.json
182	14	3	0	29	44	1	5	1	1	rational	weight_182.json
182	14	3	21	29	9	1	6	1	1	rational	weight_182.json
182	14	3	38	29	23	1	7	1	1	rational	weight_182.json
182	14	3	18	29	23	1	8	1	1	rational	weight_182.json
182	14	3	25	29	23	1	9	1	1	rational	weight_182.json
182	14	3	14	29	23	1	10	1	1	rational	weight_182.json
182	14	3	42	29	2	1	11	1	1	rational	weight_182.json
182	14	3	21	29	9	1	12	1	1	rational	weight_182.json
182	14	3	35	29	23	1	13	1	1	rational	weight_182.json
182	14	3	42	29	2	1	14	1	1	rational	weight_182.json
184	16	3	28	29	9	1	1	1	1	rational	weight_184.json
184	16	3	42	29	30	1	2	1	1	rational	weight_184.json
184	16	3	14	29	16	1	3	1	1	rational	weight_184.json
184	16	3	44	29	30	1	4	1	1	rational	weight_184.json
184	16	3	14	29	16	1	5	1	1	rational	weight_184.json
184	16	3	28	29	9	1	6	1	1	rational	weight_184.json
184	16	3	16	29	30	1	7	1	1	rational	weight_184.json
184	16	3	5	29	30	1	8	1	1	rational	weight_184.json
184	16	3	33	29	30	1	9	1	1	rational	weight_184.json
184	16	3	0	29	2	1	10	1	1	rational	weight_184.json
184	16	3	26	29	30	1	11	1	1	rational	weight_184.json
184	16	3	33	29	30	1	12	1	1	rational	weight_184.json
184	16	3	9	29	30	1	13	1	1	rational	weight_184.json
184	16	3	7	29	30	1	14	1	1	rational	weight_184.json
184	16	3	9	29	30	1	15	1	1	rational	weight_184.json
186	18	3	0	29	30	1	1	1	1	rational	weight_186.json
186	18	3	42	29	44	1	2	1	1	rational	weight_186.json
186	18	3	22	29	37	1	3	1	1	rational	weight_186.json
186	18	3	35	29	37	1	4	1	1	rational	weight_186.json
186	18	3	27	29	37	1	5	1	1	rational	weight_186.json
186	18	3	8	29	37	1	6	1	1	rational	weight_186.json
186	18	3	35	29	37	1	7	1	1	rational	weight_186.json
186	18	3	8	29	37	1	8	1	1	rational	weight_186.json
186	18	3	28	29	9	1	9	1	1	rational	weight_186.json
186	18	3	36	29	37	1	10	1	1	rational	weight_186.json
186	18	3	21	29	9	1	11	1	1	rational	weight_186.json
186	18	3	28	29	9	1	12	1	1	rational	weight_186.json
186	18	3	42	29	44	1	13	1	1	rational	weight_186.json
186	18	3	20	29	37	1	14	1	1	rational	weight_186.json
186	18	3	20	29	37	1	15	1	1	rational	weight_186.json
188	20	3	18	29	44	1	1	1	1	rational	weight_188.json
188	20	3	18	29	44	1	2	1	1	rational	weight_188.json
188	20	3	35	29	9	1	3	1	1	rational	weight_188.json
188	20	3	14	29	9	1	4	1	1	rational	weight_188.json
188	20	3	39	29	44	1	5	1	1	rational	weight_188.json
188	20	3	10	29	44	1	6	1	1	rational	weight_188.json
188	20	3	35	29	9	1	7	1	1	rational	weight_188.json
188	20	3	17	29	44	1	8	1	1	rational	weight_188.json
188	20	3	28	29	44	1	9	1	1	rational	weight_188.json
188	20	3	17	29	44	1	10	1	1	rational	weight_188.json
188	20	3	0	29	30	1	11	1	1	rational	weight_188.json
188	20	3	3	29	44	1	12	1	1	rational	weight_188.json
188	20	3	28	29	44	1	13	1	1	rational	weight_188.json
188	20	3	7	29	37	1	14	1	2	rational	weight_188.json
190	22	3	26	29	2	1	1	1	1	rational	weight_190.json
190	22	3	7	29	30	1	2	1	1	rational	weight_190.json
190	22	3	35	29	16	1	3	1	1	rational	weight_190.json
190	22	3	35	29	16	1	4	1	1	rational	weight_190.json
190	22	3	44	29	2	1	5	1	1	rational	weight_190.json
190	22	3	23	29	2	1	6	1	1	rational	weight_190.json
190	22	3	12	29	2	1	7	1	1	rational	weight_190.json
190	22	3	12	29	2	1	8	1	1	rational	weight_190.json
190	22	3	2	29	2	1	9	1	1	rational	weight_190.json
190	22	3	44	29	2	1	10	1	1	rational	weight_190.json
190	22	3	26	29	2	1	11	1	1	rational	weight_190.json
190	22	3	7	29	30	1	12	1	1	rational	weight_190.json
190	22	3	0	29	2	1	13	1	1	rational	weight_190.json
190	22	3	21	29	9	1	14	1	2	rational	weight_190.json
192	24	3	41	29	9	1	1	1	1	rational	weight_192.json
192	24	3	6	29	9	1	2	1	1	rational	weight_192.json
192	24	3	27	29	9	1	3	1	1	rational	weight_192.json
192	24	3	0	29	44	1	4	1	1	rational	weight_192.json
192	24	3	7	29	9	1	5	1	1	rational	weight_192.json
192	24	3	8	29	9	1	6	1	1	rational	weight_192.json
192	24	3	15	29	9	1	7	1	1	rational	weight_192.json
192	24	3	15	29	9	1	8	1	1	rational	weight_192.json
192	24	3	6	29	9	1	9	1	1	rational	weight_192.json
192	24	3	21	29	23	1	10	1	1	rational	weight_192.json
192	24	3	8	29	9	1	11	1	1	rational	weight_192.json
192	24	3	21	29	23	1	12	1	1	rational	weight_192.json
192	24	3	0	29	44	1	13	1	1	rational	weight_192.json
192	24	3	7	29	9	1	14	1	1	rational	weight_192.json
192	24	3	14	29	2	1	15	1	2	rational	weight_192.json
194	26	3	11	29	16	1	1	1	1	rational	weight_194.json
194	26	3	0	29	9	1	2	1	1	rational	weight_194.json
194	26	3	14	29	37	1	3	1	1	rational	weight_194.json
194	26	3	3	29	16	1	4	1	1	rational	weight_194.json
194	26	3	0	29	9	1	5	1	1	rational	weight_194.json
194	26	3	21	29	23	1	6	1	1	rational	weight_194.json
194	26	3	31	29	16	1	7	1	1	rational	weight_194.json
194	26	3	25	29	16	1	8	1	1	rational	weight_194.json
194	26	3	42	29	16	1	9	1	1	rational	weight_194.json
194	26	3	21	29	23	1	10	1	1	rational	weight_194.json
194	26	3	3	29	16	1	11	1	1	rational	weight_194.json
194	26	3	42	29	16	1	12	1	1	rational	weight_194.json
194	26	3	14	29	37	1	13	1	1	rational	weight_194.json
194	26	3	11	29	16	1	14	1	1	rational	weight_194.json
194	26	3	31	29	16	1	15	1	1	rational	weight_194.json
196	28	3	0	29	44	1	1	1	1	rational	weight_196.json
196	28	3	47	29	23	1	2	1	1	rational	weight_196.json
196	28	3	14	29	9	1	3	1	1	rational	weight_196.json
196	28	3	47	29	23	1	4	1	1	rational	weight_196.json
196	28	3	0	29	44	1	5	1	1	rational	weight_196.json
196	28	3	42	29	23	1	6	1	1	rational	weight_196.json
196	28	3	30	29	23	1	7	1	1	rational	weight_196.json
196	28	3	28	29	2	1	8	1	1	rational	weight_196.json
196	28	3	14	29	9	1	9	1	1	rational	weight_196.json
196	28	3	30	29	23	1	10	1	1	rational	weight_196.json
196	28	3	42	29	23	1	11	1	1	rational	weight_196.json
196	28	3	40	29	23	1	12	1	1	rational	weight_196.json
196	28	3	28	29	2	1	13	1	1	rational	weight_196.json
196	28	3	19	29	23	1	14	1	1	rational	weight_196.json
196	28	3	44	29	23	1	15	1	1	rational	weight_196.json
196	28	3	44	29	23	1	16	1	1	rational	weight_196.json
198	30	3	28	29	30	1	1	1	1	rational	weight_198.json
198	30	3	22	29	30	1	2	1	1	rational	weight_198.json
198	30	3	41	29	30	1	3	1	1	rational	weight_198.json
198	30	3	43	29	30	1	4	1	1	rational	weight_198.json
198	30	3	35	29	9	1	5	1	1	rational	weight_198.json
198	30	3	28	29	30	1	6	1	1	rational	weight_198.json
198	30	3	35	29	9	1	7	1	1	rational	weight_198.json
198	30	3	41	29	30	1	8	1	1	rational	weight_198.json
198	30	3	34	29	30	1	9	1	1	rational	weight_198.json
198	30	3	34	29	30	1	10	1	1	rational	weight_198.json
198	30	3	43	29	30	1	11	1	1	rational	weight_198.json
198	30	3	42	29	16	1	12	1	1	rational	weight_198.json
198	30	3	21	29	30	1	13	1	1	rational	weight_198.json
198	30	3	8	29	30	1	14	1	1	rational	weight_198.json
198	30	3	0	29	2	1	15	1	1	rational	weight_198.json
198	30	3	42	29	16	1	16	1	1	rational	weight_198.json
200	32	3	35	29	9	1	1	1	1	rational	weight_200.json
200	32	3	7	29	37	1	2	1	1	rational	weight_200.json
200	32	3	14	29	9	1	3	1	1	rational	weight_200.json
200	32	3	0	29	30	1	4	1	1	rational	weight_200.json
200	32	3	4	29	37	1	5	1	1	rational	weight_200.json
200	32	3	45	29	37	1	6	1	1	rational	weight_200.json
200	32	3	35	29	9	1	7	1	1	rational	weight_200.json
200	32	3	28	29	44	1	8	1	1	rational	weight_200.json
200	32	3	7	29	37	1	9	1	1	rational	weight_200.json
200	32	3	32	29	37	1	10	1	1	rational	weight_200.json
200	32	3	38	29	37	1	11	1	1	rational	weight_200.json
200	32	3	3	29	37	1	12	1	1	rational	weight_200.json
200	32	3	3	29	37	1	13	1	1	rational	weight_200.json
200	32	3	4	29	37	1	14	1	1	rational	weight_200.json
200	32	3	28	29	44	1	15	1	1	rational	weight_200.json
200	32	3	32	29	37	1	16	1	1	rational	weight_200.json
202	34	3	19	29	44	1	1	1	1	rational	weight_202.json
202	34	3	19	29	44	1	2	1	1	rational	weight_202.json
202	34	3	12	29	44	1	3	1	1	rational	weight_202.json
202	34	3	0	29	30	1	4	1	1	rational	weight_202.json
202	34	3	44	29	44	1	5	1	1	rational	weight_202.json
202	34	3	42	29	9	1	6	1	1	rational	weight_202.json
202	34	3	37	29	44	1	7	1	1	rational	weight_202.json
202	34	3	35	29	44	1	8	1	1	rational	weight_202.json
202	34	3	7	29	9	1	9	1	1	rational	weight_202.json
202	34	3	37	29	44	1	10	1	1	rational	weight_202.json
202	34	3	7	29	9	1	11	1	1	rational	weight_202.json
202	34	3	33	29	44	1	12	1	1	rational	weight_202.json
202	34	3	35	29	44	1	13	1	1	rational	weight_202.json
202	34	3	16	29	44	1	14	1	1	rational	weight_202.json
202	34	3	21	29	37	1	15	1	2	rational	weight_202.json
204	36	3	42	29	16	1	1	1	1	rational	weight_204.json
204	36	3	7	29	16	1	2	1	1	rational	weight_204.json
204	36	3	7	29	16	1	3	1	1	rational	weight_204.json
204	36	3	13	29	2	1	4	1	1	rational	weight_204.json
204	36	3	27	29	2	1	5	1	1	rational	weight_204.json
204	36	3	22	29	2	1	6	1	1	rational	weight_204.json
204	36	3	21	29	30	1	7	1	1	rational	weight_204.json
204	36	3	29	29	2	1	8	1	1	rational	weight_204.json
204	36	3	41	29	2	1	9	1	1	rational	weight_204.json
204	36	3	0	29	2	1	10	1	1	rational	weight_204.json
204	36	3	28	29	30	1	11	1	1	rational	weight_204.json
204	36	3	41	29	2	1	12	1	1	rational	weight_204.json
204	36	3	29	29	2	1	13	1	1	rational	weight_204.json
204	36	3	21	29	30	1	14	1	1	rational	weight_204.json
204	36	3	8	29	2	1	15	1	1	rational	weight_204.json
204	36	3	14	29	9	1	16	1	2	rational	weight_204.json
206	38	3	35	29	23	1	1	1	1	rational	weight_206.json
206	38	3	0	29	44	1	2	1	1	rational	weight_206.json
206	38	3	14	29	23	1	3	1	1	rational	weight_206.json
206	38	3	24	29	9	1	4	1	1	rational	weight_206.json
206	38	3	46	29	9	1	5	1	1	rational	weight_206.json
206	38	3	28	29	9	1	6	1	1	rational	weight_206.json
206	38	3	21	29	9	1	7	1	1	rational	weight_206.json
206	38	3	21	29	9	1	8	1	1	rational	weight_206.json
206	38	3	3	29	9	1	9	1	1	rational	weight_206.json
206	38	3	4	29	9	1	10	1	1	rational	weight_206.json
206	38	3	24	29	9	1	11	1	1	rational	weight_206.json
206	38	3	39	29	9	1	12	1	1	rational	weight_206.json
206	38	3	10	29	9	1	13	1	1	rational	weight_206.json
206	38	3	39	29	9	1	14	1	1	rational	weight_206.json
206	38	3	42	29	2	1	15	1	2	rational	weight_206.json
208	40	3	0	29	9	1	1	1	1	rational	weight_208.json
208	40	3	30	29	16	1	2	1	1	rational	weight_208.json
208	40	3	28	29	16	1	3	1	1	rational	weight_208.json
208	40	3	14	29	23	1	4	1	1	rational	weight_208.json
208	40	3	14	29	23	1	5	1	1	rational	weight_208.json
208	40	3	35	29	23	1	6	1	1	rational	weight_208.json
208	40	3	40	29	16	1	7	1	1	rational	weight_208.json
208	40	3	19	29	16	1	8	1	1	rational	weight_208.json
208	40	3	47	29	16	1	9	1	1	rational	weight_208.json
208	40	3	44	29	16	1	10	1	1	rational	weight_208.json
208	40	3	2	29	16	1	11	1	1	rational	weight_208.json
208	40	3	47	29	16	1	12	1	1	rational	weight_208.json
208	40	3	7	29	37	1	13	1	1	rational	weight_208.json
208	40	3	44	29	16	1	14	1	1	rational	weight_208.json
208	40	3	28	29	16	1	15	1	1	rational	weight_208.json
208	40	3	5	29	16	1	16	1	1	rational	weight_208.json
208	40	3	42	29	37	1	17	1	1	rational	weight_208.json
210	0	3	41	29	23	1	1	1	1	rational	weight_210.json
210	0	3	1	29	23	1	2	1	1	rational	weight_210.json
210	0	3	0	29	44	1	3	1	1	rational	weight_210.json
210	0	3	41	29	23	1	4	1	1	rational	weight_210.json
210	0	3	35	29	2	1	5	1	1	rational	weight_210.json
210	0	3	42	29	9	1	6	1	1	rational	weight_210.json
210	0	3	7	29	9	1	7	1	1	rational	weight_210.json
210	0	3	28	29	23	1	8	1	1	rational	weight_210.json
210	0	3	35	29	2	1	9	1	1	rational	weight_210.json
210	0	3	14	29	2	1	10	1	1	rational	weight_210.json
210	0	3	36	29	23	1	11	1	1	rational	weight_210.json
210	0	3	8	29	23	1	12	1	1	rational	weight_210.json
210	0	3	42	29	9	1	13	1	1	rational	weight_210.json
210	0	3	48	29	23	1	14	1	1	rational	weight_210.json
210	0	3	13	29	23	1	15	1	1	rational	weight_210.json
210	0	3	21	29	23	1	16	1	1	rational	weight_210.json
210	0	3	15	29	23	1	17	1	1	rational	weight_210.json
212	2	3	35	29	30	1	1	1	1	rational	weight_212.json
212	2	3	46	29	30	1	2	1	1	rational	weight_212.json
212	2	3	25	29	30	1	3	1	1	rational	weight_212.json
212	2	3	21	29	16	1	4	1	1	rational	weight_212.json
212	2	3	0	29	2	1	5	1	1	rational	weight_212.json
212	2	3	39	29	30	1	6	1	1	rational	weight_212.json
212	2	3	25	29	30	1	7	1	1	rational	weight_212.json
212	2	3	24	29	30	1	8	1	1	rational	weight_212.json
212	2	3	42	29	9	1	9	1	1	rational	weight_212.json
212	2	3	7	29	9	1	10	1	1	rational	weight_212.json
212	2	3	14	29	30	1	11	1	1	rational	weight_212.json
212	2	3	28	29	16	1	12	1	1	rational	weight_212.json
212	2	3	3	29	30	1	13	1	1	rational	weight_212.json
212	2	3	10	29	30	1	14	1	1	rational	weight_212.json
212	2	3	7	29	9	1	15	1	1	rational	weight_212.json
212	2	3	45	29	30	1	16	1	1	rational	weight_212.json
212	2	3	28	29	16	1	17	1	1	rational	weight_212.json
214	4	3	44	29	37	1	1	1	1	rational	weight_214.json
214	4	3	5	29	37	1	2	1	1	rational	weight_214.json
214	4	3	26	29	37	1	3	1	1	rational	weight_214.json
214	4	3	37	29	37	1	4	1	1	rational	weight_214.json
214	4	3	21	29	37	1	5	1	1	rational	weight_214.json
214	4	3	12	29	37	1	6	1	1	rational	weight_214.json
214	4	3	28	29	37	1	7	1	1	rational	weight_214.json
214	4	3	0	29	30	1	8	1	1	rational	weight_214.json
214	4	3	14	29	44	1	9	1	1	rational	weight_214.json
214	4	3	23	29	37	1	10	1	1	rational	weight_214.json
214	4	3	7	29	9	1	11	1	1	rational	weight_214.json
214	4	3	12	29	37	1	12	1	1	rational	weight_214.json
214	4	3	35	29	44	1	13	1	1	rational	weight_214.json
214	4	3	42	29	9	1	14	1	1	rational	weight_214.json
214	4	3	2	29	37	1	15	1	1	rational	weight_214.json
214	4	3	21	29	37	1	16	1	1	rational	weight_214.json
214	4	3	47	29	37	1	17	1	1	rational	weight_214.json
216	6	3	21	29	9	1	1	1	1	rational	weight_216.json
216	6	3	20	29	44	1	2	1	1	rational	weight_216.json
216	6	3	29	29	44	1	3	1	1	rational	weight_216.json
216	6	3	1	29	44	1	4	1	1	rational	weight_216.json
216	6	3	6	29	44	1	5	1	1	rational	weight_216.json
216	6	3	1	29	44	1	6	1	1	rational	weight_216.json
216	6	3	48	29	44	1	7	1	1	rational	weight_216.json
216	6	3	8	29	44	1	8	1	1	rational	weight_216.json
216	6	3	28	29	9	1	9	1	1	rational	weight_216.json
216	6	3	7	29	44	1	10	1	1	rational	weight_216.json
216	6	3	0	29	30	1	11	1	1	rational	weight_216.json
216	6	3	42	29	44	1	12	1	1	rational	weight_216.json
216	6	3	41	29	44	1	13	1	1	rational	weight_216.json
216	6	3	43	29	44	1	14	1	1	rational	weight_216.json
216	6	3	14	29	37	1	15	1	2	rational	weight_216.json
216	6	3	35	29	37	1	16	1	2	rational	weight_216.json
218	8	3	46	29	2	1	1	1	1	rational	weight_218.json
218	8	3	45	29	2	1	2	1	1	rational	weight_218.json
218	8	3	4	29	2	1	3	1	1	rational	weight_218.json
218	8	3	32	29	2	1	4	1	1	rational	weight_218.json
218	8	3	0	29	2	1	5	1	1	rational	weight_218.json
218	8	3	21	29	16	1	6	1	1	rational	weight_218.json
218	8	3	7	29	9	1	7	1	1	rational	weight_218.json
218	8	3	3	29	2	1	8	1	1	rational	weight_218.json
218	8	3	7	29	9	1	9	1	1	rational	weight_218.json
218	8	3	38	29	2	1	10	1	1	rational	weight_218.json
218	8	3	28	29	16	1	11	1	1	rational	weight_218.json
218	8	3	11	29	2	1	12	1	1	rational	weight_218.json
218	8	3	14	29	30	1	13	1	1	rational	weight_218.json
218	8	3	35	29	30	1	14	1	1	rational	weight_218.json
218	8	3	17	29	2	1	15	1	1	rational	weight_218.json
218	8	3	42	29	9	1	16	1	2	rational	weight_218.json
220	10	3	5	29	9	1	1	1	1	rational	weight_220.json
220	10	3	40	29	9	1	2	1	1	rational	weight_220.json
220	10	3	33	29	9	1	3	1	1	rational	weight_220.json
220	10	3	7	29	23	1	4	1	1	rational	weight_220.json
220	10	3	0	29	44	1	5	1	1	rational	weight_220.json
220	10	3	23	29	9	1	6	1	1	rational	weight_220.json
220	10	3	40	29	9	1	7	1	1	rational	weight_220.json
220	10	3	14	29	9	1	8	1	1	rational	weight_220.json
220	10	3	44	29	9	1	9	1	1	rational	weight_220.json
220	10	3	35	29	9	1	10	1	1	rational	weight_220.json
220	10	3	9	29	9	1	11	1	1	rational	weight_220.json
220	10	3	42	29	23	1	12	1	1	rational	weight_220.json
220	10	3	26	29	9	1	13	1	1	rational	weight_220.json
220	10	3	16	29	9	1	14	1	1	rational	weight_220.json
220	10	3	21	29	2	1	15	1	2	rational	weight_220.json
220	10	3	28	29	2	1	16	1	2	rational	weight_220.json
222	12	3	7	29	23	1	1	1	1	rational	weight_222.json
222	12	3	7	29	23	1	2	1	1	rational	weight_222.json
222	12	3	14	29	16	1	3	1	1	rational	weight_222.json
222	12	3	35	29	16	1	4	1	1	rational	weight_222.json
222	12	3	34	29	16	1	5	1	1	rational	weight_222.json
222	12	3	21	29	37	1	6	1	1	rational	weight_222.json
222	12	3	42	29	23	1	7	1	1	rational	weight_222.json
222	12	3	41	29	16	1	8	1	1	rational	weight_222.json
222	12	3	13	29	16	1	9	1	1	rational	weight_222.json
222	12	3	48	29	16	1	10	1	1	rational	weight_222.json
222	12	3	1	29	16	1	11	1	1	rational	weight_222.json
222	12	3	14	29	16	1	12	1	1	rational	weight_222.json
222	12	3	0	29	9	1	13	1	1	rational	weight_222.json
222	12	3	28	29	37	1	14	1	1	rational	weight_222.json
222	12	3	15	29	16	1	15	1	1	rational	weight_222.json
222	12	3	36	29	16	1	16	1	1	rational	weight_222.json
222	12	3	8	29	16	1	17	1	1	rational	weight_222.json
222	12	3	8	29	16	1	18	1	1	rational	weight_222.json
224	14	3	21	29	9	1	1	1	1	rational	weight_224.json
224	14	3	11	29	23	1	2	1	1	rational	weight_224.json
224	14	3	42	29	2	1	3	1	1	rational	weight_224.json
224	14	3	21	29	9	1	4	1	1	rational	weight_224.json
224	14	3	3	29	23	1	5	1	1	rational	weight_224.json
224	14	3	3	29	23	1	6	1	1	rational	weight_224.json
224	14	3	0	29	44	1	7	1	1	rational	weight_224.json
224	14	3	18	29	23	1	8	1	1	rational	weight_224.json
224	14	3	28	29	9	1	9	1	1	rational	weight_224.json
224	14	3	38	29	23	1	10	1	1	rational	weight_224.json
224	14	3	46	29	23	1	11	1	1	rational	weight_224.json
224	14	3	25	29	23	1	12	1	1	rational	weight_224.json
224	14	3	7	29	2	1	13	1	1	rational	weight_224.json
224	14	3	35	29	23	1	14	1	1	rational	weight_224.json
224	14	3	31	29	23	1	15	1	1	rational	weight_224.json
224	14	3	24	29	23	1	16	1	1	rational	weight_224.json
224	14	3	42	29	2	1	17	1	1	rational	weight_224.json
224	14	3	14	29	23	1	18	1	1	rational	weight_224.json
226	16	3	33	29	30	1	1	1	1	rational	weight_226.json
226	16	3	21	29	9	1	2	1	1	rational	weight_226.json
226	16	3	33	29	30	1	3	1	1	rational	weight_226.json
226	16	3	14	29	16	1	4	1	1	rational	weight_226.json
226	16	3	0	29	2	1	5	1	1	rational	weight_226.json
226	16	3	14	29	16	1	6	1	1	rational	weight_226.json
226	16	3	40	29	30	1	7	1	1	rational	weight_226.json
226	16	3	9	29	30	1	8	1	1	rational	weight_226.json
226	16	3	42	29	30	1	9	1	1	rational	weight_226.json
226	16	3	35	29	16	1	10	1	1	rational	weight_226.json
226	16	3	7	29	30	1	11	1	1	rational	weight_226.json
226	16	3	9	29	30	1	12	1	1	rational	weight_226.json
226	16	3	16	29	30	1	13	1	1	rational	weight_226.json
226	16	3	28	29	9	1	14	1	1	rational	weight_226.json
226	16	3	5	29	30	1	15	1	1	rational	weight_226.json
226	16	3	44	29	30	1	16	1	1	rational	weight_226.json
226	16	3	26	29	30	1	17	1	1	rational	weight_226.json
226	16	3	28	29	9	1	18	1	1	rational	weight_226.json
228	18	3	41	29	37	1	1	1	1	rational	weight_228.json
228	18	3	14	29	37	1	2	1	1	rational	weight_228.json
228	18	3	20	29	37	1	3	1	1	rational	weight_228.json
228	18	3	0	29	30	1	4	1	1	rational	weight_228.json
228	18	3	22	29	37	1	5	1	1	rational	weight_228.json
228	18	3	28	29	9	1	6	1	1	rational	weight_228.json
228	18	3	7	29	44	1	7	1	1	rational	weight_228.json
228	18	3	42	29	44	1	8	1	1	rational	weight_228.json
228	18	3	8	29	37	1	9	1	1	rational	weight_228.json
228	18	3	29	29	37	1	10	1	1	rational	weight_228.json
228	18	3	28	29	9	1	11	1	1	rational	weight_228.json
228	18	3	20	29	37	1	12	1	1	rational	weight_228.json
228	18	3	8	29	37	1	13	1	1	rational	weight_228.json
228	18	3	21	29	9	1	14	1	1	rational	weight_228.json
228	18	3	35	29	37	1	15	1	1	rational	weight_228.json
228	18	3	42	29	44	1	16	1	1	rational	weight_228.json
228	18	3	27	29	37	1	17	1	1	rational	weight_228.json
228	18	3	36	29	37	1	18	1	1	rational	weight_228.json
228	18	3	35	29	37	1	19	1	1	rational	weight_228.json
230	20	3	17	29	44	1	1	1	1	rational	weight_230.json
230	20	3	17	29	44	1	2	1	1	rational	weight_230.json
230	20	3	10	29	44	1	3	1	1	rational	weight_230.json
230	20	3	31	29	44	1	4	1	1	rational	weight_230.json
230	20	3	32	29	44	1	5	1	1	rational	weight_230.json
230	20	3	28	29	44	1	6	1	1	rational	weight_230.json
230	20	3	35	29	9	1	7	1	1	rational	weight_230.json
230	20	3	35	29	9	1	8	1	1	rational	weight_230.json
230	20	3	18	29	44	1	9	1	1	rational	weight_230.json
230	20	3	21	29	44	1	10	1	1	rational	weight_230.json
230	20	3	14	29	9	1	11	1	1	rational	weight_230.json
230	20	3	18	29	44	1	12	1	1	rational	weight_230.json
230	20	3	39	29	44	1	13	1	1	rational	weight_230.json
230	20	3	3	29	44	1	14	1	1	rational	weight_230.json
230	20	3	28	29	44	1	15	1	1	rational	weight_230.json
230	20	3	0	29	30	1	16	1	1	rational	weight_230.json
230	20	3	7	29	37	1	17	1	2	rational	weight_230.json
232	22	3	7	29	30	1	1	1	1	rational	weight_232.json
232	22	3	21	29	9	1	2	1	1	rational	weight_232.json
232	22	3	7	29	30	1	3	1	1	rational	weight_232.json
232	22	3	26	29	2	1	4	1	1	rational	weight_232.json
232	22	3	21	29	9	1	5	1	1	rational	weight_232.json
232	22	3	14	29	16	1	6	1	1	rational	weight_232.json
232	22	3	35	29	16	1	7	1	1	rational	weight_232.json
232	22	3	12	29	2	1	8	1	1	rational	weight_232.json
232	22	3	42	29	30	1	9	1	1	rational	weight_232.json
232	22	3	0	29	2	1	10	1	1	rational	weight_232.json
232	22	3	23	29	2	1	11	1	1	rational	weight_232.json
232	22	3	12	29	2	1	12	1	1	rational	weight_232.json
232	22	3	44	29	2	1	13	1	1	rational	weight_232.json
232	22	3	35	29	16	1	14	1	1	rational	weight_232.json
232	22	3	2	29	2	1	15	1	1	rational	weight_232.json
232	22	3	37	29	2	1	16	1	1	rational	weight_232.json
232	22	3	44	29	2	1	17	1	1	rational	weight_232.json
232	22	3	26	29	2	1	18	1	1	rational	weight_232.json
232	22	3	5	29	2	1	19	1	1	rational	weight_232.json
234	24	3	42	29	9	1	1	1	1	rational	weight_234.json
234	24	3	0	29	44	1	2	1	1	rational	weight_234.json
234	24	3	15	29	9	1	3	1	1	rational	weight_234.json
234	24	3	6	29	9	1	4	1	1	rational	weight_234.json
234	24	3	21	29	23	1	5	1	1	rational	weight_234.json
234	24	3	43	29	9	1	6	1	1	rational	weight_234.json
234	24	3	15	29	9	1	7	1	1	rational	weight_234.json
234	24	3	0	29	44	1	8	1	1	rational	weight_234.json
234	24	3	8	29	9	1	9	1	1	rational	weight_234.json
234	24	3	21	29	23	1	10	1	1	rational	weight_234.json
234	24	3	7	29	9	1	11	1	1	rational	weight_234.json
234	24	3	27	29	9	1	12	1	1	rational	weight_234.json
234	24	3	8	29	9	1	13	1	1	rational	weight_234.json
234	24	3	28	29	23	1	14	1	1	rational	weight_234.json
234	24	3	41	29	9	1	15	1	1	rational	weight_234.json
234	24	3	7	29	9	1	16	1	1	rational	weight_234.json
234	24	3	6	29	9	1	17	1	1	rational	weight_234.json
234	24	3	14	29	2	1	18	1	2	rational	weight_234.json
236	26	3	38	29	16	1	1	1	1	rational	weight_236.json
236	26	3	14	29	37	1	2	1	1	rational	weight_236.json
236	26	3	3	29	16	1	3	1	1	rational	weight_236.json
236	26	3	42	29	16	1	4	1	1	rational	weight_236.json
236	26	3	31	29	16	1	5	1	1	rational	weight_236.json
236	26	3	25	29	16	1	6	1	1	rational	weight_236.json
236	26	3	18	29	16	1	7	1	1	rational	weight_236.json
236	26	3	28	29	23	1	8	1	1	rational	weight_236.json
236	26	3	0	29	9	1	9	1	1	rational	weight_236.json
236	26	3	21	29	23	1	10	1	1	rational	weight_236.json
236	26	3	35	29	37	1	11	1	1	rational	weight_236.json
236	26	3	14	29	37	1	12	1	1	rational	weight_236.json
236	26	3	3	29	16	1	13	1	1	rational	weight_236.json
236	26	3	11	29	16	1	14	1	1	rational	weight_236.json
236	26	3	21	29	23	1	15	1	1	rational	weight_236.json
236	26	3	11	29	16	1	16	1	1	rational	weight_236.json
236	26	3	31	29	16	1	17	1	1	rational	weight_236.json
236	26	3	42	29	16	1	18	1	1	rational	weight_236.json
236	26	3	0	29	9	1	19	1	1	rational	weight_236.json
238	28	3	19	29	23	1	1	1	1	rational	weight_238.json
238	28	3	40	29	23	1	2	1	1	rational	weight_238.json
238	28	3	19	29	23	1	3	1	1	rational	weight_238.json
238	28	3	47	29	23	1	4	1	1	rational	weight_238.json
238	28	3	47	29	23	1	5	1	1	rational	weight_238.json
238	28	3	30	29	23	1	6	1	1	rational	weight_238.json
238	28	3	0	29	44	1	7	1	1	rational	weight_238.json
238	28	3	14	29	9	1	8	1	1	rational	weight_238.json
238	28	3	7	29	23	1	9	1	1	rational	weight_238.json
238	28	3	30	29	23	1	10	1	1	rational	weight_238.json
238	28	3	0	29	44	1	11	1	1	rational	weight_238.json
238	28	3	42	29	23	1	12	1	1	rational	weight_238.json
238	28	3	44	29	23	1	13	1	1	rational	weight_238.json
238	28	3	42	29	23	1	14	1	1	rational	weight_238.json
238	28	3	28	29	2	1	15	1	1	rational	weight_238.json
238	28	3	44	29	23	1	16	1	1	rational	weight_238.json
238	28	3	28	29	2	1	17	1	1	rational	weight_238.json
238	28	3	14	29	9	1	18	1	1	rational	weight_238.json
238	28	3	2	29	23	1	19	1	1	rational	weight_238.json
240	30	3	8	29	30	1	1	1	1	rational	weight_240.json
240	30	3	34	29	30	1	2	1	1	rational	weight_240.json
240	30	3	22	29	30	1	3	1	1	rational	weight_240.json
240	30	3	0	29	2	1	4	1	1	rational	weight_240.json
240	30	3	43	29	30	1	5	1	1	rational	weight_240.json
240	30	3	35	29	9	1	6	1	1	rational	weight_240.json
240	30	3	28	29	30	1	7	1	1	rational	weight_240.json
240	30	3	35	29	9	1	8	1	1	rational	weight_240.json
240	30	3	21	29	30	1	9	1	1	rational	weight_240.json
240	30	3	28	29	30	1	10	1	1	rational	weight_240.json
240	30	3	8	29	30	1	11	1	1	rational	weight_240.json
240	30	3	0	29	2	1	12	1	1	rational	weight_240.json
240	30	3	42	29	16	1	13	1	1	rational	weight_240.json
240	30	3	41	29	30	1	14	1	1	rational	weight_240.json
240	30	3	43	29	30	1	15	1	1	rational	weight_240.json
240	30	3	41	29	30	1	16	1	1	rational	weight_240.json
240	30	3	21	29	30	1	17	1	1	rational	weight_240.json
240	30	3	6	29	30	1	18	1	1	rational	weight_240.json
240	30	3	42	29	16	1	19	1	1	rational	weight_240.json
240	30	3	34	29	30	1	20	1	1	rational	weight_240.json
242	32	3	0	29	30	1	1	1	1	rational	weight_242.json
242	32	3	35	29	9	1	2	1	1	rational	weight_242.json
242	32	3	32	29	37	1	3	1	1	rational	weight_242.json
242	32	3	35	29	9	1	4	1	1	rational	weight_242.json
242	32	3	32	29	37	1	5	1	1	rational	weight_242.json
242	32	3	7	29	37	1	6	1	1	rational	weight_242.json
242	32	3	0	29	30	1	7	1	1	rational	weight_242.json
242	32	3	38	29	37	1	8	1	1	rational	weight_242.json
242	32	3	45	29	37	1	9	1	1	rational	weight_242.json
242	32	3	7	29	37	1	10	1	1	rational	weight_242.json
242	32	3	4	29	37	1	11	1	1	rational	weight_242.json
242	32	3	14	29	9	1	12	1	1	rational	weight_242.json
242	32	3	3	29	37	1	13	1	1	rational	weight_242.json
242	32	3	4	29	37	1	14	1	1	rational	weight_242.json
242	32	3	28	29	44	1	15	1	1	rational	weight_242.json
242	32	3	14	29	9	1	16	1	1	rational	weight_242.json
242	32	3	45	29	37	1	17	1	1	rational	weight_242.json
242	32	3	3	29	37	1	18	1	1	rational	weight_242.json
242	32	3	28	29	44	1	19	1	1	rational	weight_242.json
244	34	3	12	29	44	1	1	1	1	rational	weight_244.json
244	34	3	0	29	30	1	2	1	1	rational	weight_244.json
244	34	3	16	29	44	1	3	1	1	rational	weight_244.json
244	34	3	42	29	9	1	4	1	1	rational	weight_244.json
244	34	3	37	29	44	1	5	1	1	rational	weight_244.json
244	34	3	0	29	30	1	6	1	1	rational	weight_244.json
244	34	3	33	29	44	1	7	1	1	rational	weight_244.json
244	34	3	19	29	44	1	8	1	1	rational	weight_244.json
244	34	3	16	29	44	1	9	1	1	rational	weight_244.json
244	34	3	42	29	9	1	10	1	1	rational	weight_244.json
244	34	3	44	29	44	1	11	1	1	rational	weight_244.json
244	34	3	7	29	9	1	12	1	1	rational	weight_244.json
244	34	3	37	29	44	1	13	1	1	rational	weight_244.json
244	34	3	35	29	44	1	14	1	1	rational	weight_244.json
244	34	3	7	29	9	1	15	1	1	rational	weight_244.json
244	34	3	19	29	44	1	16	1	1	rational	weight_244.json
244	34	3	33	29	44	1	17	1	1	rational	weight_244.json
244	34	3	35	29	44	1	18	1	1	rational	weight_244.json
244	34	3	21	29	37	1	19	1	2	rational	weight_244.json
246	36	3	21	29	30	1	1	1	1	rational	weight_246.json
246	36	3	14	29	9	1	2	1	1	rational	weight_246.json
246	36	3	27	29	2	1	3	1	1	rational	weight_246.json
246	36	3	7	29	16	1	4	1	1	rational	weight_246.json
246	36	3	42	29	16	1	5	1	1	rational	weight_246.json
246	36	3	13	29	2	1	6	1	1	rational	weight_246.json
246	36	3	0	29	2	1	7	1	1	rational	weight_246.json
246	36	3	7	29	16	1	8	1	1	rational	weight_246.json
246	36	3	29	29	2	1	9	1	1	rational	weight_246.json
246	36	3	41	29	2	1	10	1	1	rational	weight_246.json
246	36	3	8	29	2	1	11	1	1	rational	weight_246.json
246	36	3	29	29	2	1	12	1	1	rational	weight_246.json
246	36	3	0	29	2	1	13	1	1	rational	weight_246.json
246	36	3	14	29	9	1	14	1	1	rational	weight_246.json
246	36	3	21	29	30	1	15	1	1	rational	weight_246.json
246	36	3	27	29	2	1	16	1	1	rational	weight_246.json
246	36	3	22	29	2	1	17	1	1	rational	weight_246.json
246	36	3	28	29	30	1	18	1	1	rational	weight_246.json
246	36	3	22	29	2	1	19	1	1	rational	weight_246.json
246	36	3	41	29	2	1	20	1	1	rational	weight_246.json
248	38	3	21	29	9	1	1	1	1	rational	weight_248.json
248	38	3	0	29	44	1	2	1	1	rational	weight_248.json
248	38	3	14	29	23	1	3	1	1	rational	weight_248.json
248	38	3	14	29	23	1	4	1	1	rational	weight_248.json
248	38	3	3	29	9	1	5	1	1	rational	weight_248.json
248	38	3	3	29	9	1	6	1	1	rational	weight_248.json
248	38	3	28	29	9	1	7	1	1	rational	weight_248.json
248	38	3	46	29	9	1	8	1	1	rational	weight_248.json
248	38	3	21	29	9	1	9	1	1	rational	weight_248.json
248	38	3	10	29	9	1	10	1	1	rational	weight_248.json
248	38	3	4	29	9	1	11	1	1	rational	weight_248.json
248	38	3	24	29	9	1	12	1	1	rational	weight_248.json
248	38	3	46	29	9	1	13	1	1	rational	weight_248.json
248	38	3	39	29	9	1	14	1	1	rational	weight_248.json
248	38	3	39	29	9	1	15	1	1	rational	weight_248.json
248	38	3	24	29	9	1	16	1	1	rational	weight_248.json
248	38	3	0	29	44	1	17	1	1	rational	weight_248.json
248	38	3	35	29	23	1	18	1	1	rational	weight_248.json
248	38	3	42	29	2	1	19	1	2	rational	weight_248.json
250	40	3	30	29	16	1	1	1	1	rational	weight_250.json
250	40	3	40	29	16	1	2	1	1	rational	weight_250.json
250	40	3	19	29	16	1	3	1	1	rational	weight_250.json
250	40	3	14	29	23	1	4	1	1	rational	weight_250.json
250	40	3	0	29	9	1	5	1	1	rational	weight_250.json
250	40	3	7	29	37	1	6	1	1	rational	weight_250.json
250	40	3	30	29	16	1	7	1	1	rational	weight_250.json
250	40	3	0	29	9	1	8	1	1	rational	weight_250.json
250	40	3	42	29	37	1	9	1	1	rational	weight_250.json
250	40	3	44	29	16	1	10	1	1	rational	weight_250.json
250	40	3	28	29	16	1	11	1	1	rational	weight_250.json
250	40	3	47	29	16	1	12	1	1	rational	weight_250.json
250	40	3	35	29	23	1	13	1	1	rational	weight_250.json
250	40	3	2	29	16	1	14	1	1	rational	weight_250.json
250	40	3	28	29	16	1	15	1	1	rational	weight_250.json
250	40	3	47	29	16	1	16	1	1	rational	weight_250.json
250	40	3	14	29	23	1	17	1	1	rational	weight_250.json
250	40	3	42	29	37	1	18	1	1	rational	weight_250.json
250	40	3	5	29	16	1	19	1	1	rational	weight_250.json
250	40	3	44	29	16	1	20	1	1	rational	weight_250.json
252	0	3	1	29	23	1	1	1	1	rational	weight_252.json
252	0	3	0	29	44	1	2	1	1	rational	weight_252.json
252	0	3	36	29	23	1	3	1	1	rational	weight_252.json
252	0	3	8	29	23	1	4	1	1	rational	weight_252.json
252	0	3	42	29	9	1	5	1	1	rational	weight_252.json
252	0	3	41	29	23	1	6	1	1	rational	weight_252.json
252	0	3	28	29	23	1	7	1	1	rational	weight_252.json
252	0	3	41	29	23	1	8	1	1	rational	weight_252.json
252	0	3	13	29	23	1	9	1	1	rational	weight_252.json
252	0	3	14	29	2	1	10	1	1	rational	weight_252.json
252	0	3	35	29	2	1	11	1	1	rational	weight_252.json
252	0	3	7	29	9	1	12	1	1	rational	weight_252.json
252	0	3	28	29	23	1	13	1	1	rational	weight_252.json
252	0	3	48	29	23	1	14	1	1	rational	weight_252.json
252	0	3	48	29	23	1	15	1	1	rational	weight_252.json
252	0	3	36	29	23	1	16	1	1	rational	weight_252.json
252	0	3	42	29	9	1	17	1	1	rational	weight_252.json
252	0	3	0	29	44	1	18	1	1	rational	weight_252.json
252	0	3	35	29	2	1	19	1	1	rational	weight_252.json
252	0	3	15	29	23	1	20	1	1	rational	weight_252.json
252	0	3	21	29	23	1	21	1	1	rational	weight_252.json
254	2	3	46	29	30	1	1	1	1	rational	weight_254.json
254	2	3	7	29	9	1	2	1	1	rational	weight_254.json
254	2	3	10	29	30	1	3	1	1	rational	weight_254.json
254	2	3	25	29	30	1	4	1	1	rational	weight_254.json
254	2	3	28	29	16	1	5	1	1	rational	weight_254.json
254	2	3	0	29	2	1	6	1	1	rational	weight_254.json
254	2	3	42	29	9	1	7	1	1	rational	weight_254.json
254	2	3	24	29	30	1	8	1	1	rational	weight_254.json
254	2	3	21	29	16	1	9	1	1	rational	weight_254.json
254	2	3	46	29	30	1	10	1	1	rational	weight_254.json
254	2	3	14	29	30	1	11	1	1	rational	weight_254.json
254	2	3	3	29	30	1	12	1	1	rational	weight_254.json
254	2	3	35	29	30	1	13	1	1	rational	weight_254.json
254	2	3	25	29	30	1	14	1	1	rational	weight_254.json
254	2	3	28	29	16	1	15	1	1	rational	weight_254.json
254	2	3	7	29	9	1	16	1	1	rational	weight_254.json
254	2	3	10	29	30	1	17	1	1	rational	weight_254.json
254	2	3	39	29	30	1	18	1	1	rational	weight_254.json
254	2	3	45	29	30	1	19	1	1	rational	weight_254.json
254	2	3	35	29	30	1	20	1	1	rational	weight_254.json
256	4	3	7	29	9	1	1	1	1	rational	weight_256.json
256	4	3	7	29	9	1	2	1	1	rational	weight_256.json
256	4	3	2	29	37	1	3	1	1	rational	weight_256.json
256	4	3	26	29	37	1	4	1	1	rational	weight_256.json
256	4	3	12	29	37	1	5	1	1	rational	weight_256.json
256	4	3	42	29	9	1	6	1	1	rational	weight_256.json
256	4	3	35	29	44	1	7	1	1	rational	weight_256.json
256	4	3	44	29	37	1	8	1	1	rational	weight_256.json
256	4	3	47	29	37	1	9	1	1	rational	weight_256.json
256	4	3	26	29	37	1	10	1	1	rational	weight_256.json
256	4	3	0	29	30	1	11	1	1	rational	weight_256.json
256	4	3	23	29	37	1	12	1	1	rational	weight_256.json
256	4	3	44	29	37	1	13	1	1	rational	weight_256.json
256	4	3	5	29	37	1	14	1	1	rational	weight_256.json
256	4	3	21	29	37	1	15	1	1	rational	weight_256.json
256	4	3	14	29	44	1	16	1	1	rational	weight_256.json
256	4	3	37	29	37	1	17	1	1	rational	weight_256.json
256	4	3	12	29	37	1	18	1	1	rational	weight_256.json
256	4	3	28	29	37	1	19	1	1	rational	weight_256.json
256	4	3	21	29	37	1	20	1	1	rational	weight_256.json
256	4	3	35	29	44	1	21	1	1	rational	weight_256.json
258	6	3	21	29	9	1	1	1	1	rational	weight_258.json
258	6	3	43	29	44	1	2	1	1	rational	weight_258.json
258	6	3	1	29	44	1	3	1	1	rational	weight_258.json
258	6	3	7	29	44	1	4	1	1	rational	weight_258.json
258	6	3	8	29	44	1	5	1	1	rational	weight_258.json
258	6	3	7	29	44	1	6	1	1	rational	weight_258.json
258	6	3	6	29	44	1	7	1	1	rational	weight_258.json
258	6	3	35	29	37	1	8	1	1	rational	weight_258.json
258	6	3	42	29	44	1	9	1	1	rational	weight_258.json
258	6	3	29	29	44	1	10	1	1	rational	weight_258.json
258	6	3	20	29	44	1	11	1	1	rational	weight_258.json
258	6	3	48	29	44	1	12	1	1	rational	weight_258.json
258	6	3	35	29	37	1	13	1	1	rational	weight_258.json
258	6	3	20	29	44	1	14	1	1	rational	weight_258.json
258	6	3	1	29	44	1	15	1	1	rational	weight_258.json
258	6	3	41	29	44	1	16	1	1	rational	weight_258.json
258	6	3	21	29	9	1	17	1	1	rational	weight_258.json
258	6	3	0	29	30	1	18	1	1	rational	weight_258.json
258	6	3	28	29	9	1	19	1	1	rational	weight_258.json
258	6	3	14	29	37	1	20	1	2	rational	weight_258.json
260	8	3	45	29	2	1	1	1	1	rational	weight_260.json
260	8	3	14	29	30	1	2	1	1	rational	weight_260.json
260	8	3	42	29	9	1	3	1	1	rational	weight_260.json
260	8	3	42	29	9	1	4	1	1	rational	weight_260.json
260	8	3	46	29	2	1	5	1	1	rational	weight_260.json
260	8	3	17	29	2	1	6	1	1	rational	weight_260.json
260	8	3	11	29	2	1	7	1	1	rational	weight_260.json
260	8	3	38	29	2	1	8	1	1	rational	weight_260.json
260	8	3	21	29	16	1	9	1	1	rational	weight_260.json
260	8	3	4	29	2	1	10	1	1	rational	weight_260.json
260	8	3	32	29	2	1	11	1	1	rational	weight_260.json
260	8	3	3	29	2	1	12	1	1	rational	weight_260.json
260	8	3	0	29	2	1	13	1	1	rational	weight_260.json
260	8	3	21	29	16	1	14	1	1	rational	weight_260.json
260	8	3	17	29	2	1	15	1	1	rational	weight_260.json
260	8	3	28	29	16	1	16	1	1	rational	weight_260.json
260	8	3	35	29	30	1	17	1	1	rational	weight_260.json
260	8	3	46	29	2	1	18	1	1	rational	weight_260.json
260	8	3	14	29	30	1	19	1	1	rational	weight_260.json
260	8	3	7	29	9	1	20	1	2	rational	weight_260.json
262	10	3	33	29	9	1	1	1	1	rational	weight_262.json
262	10	3	14	29	9	1	2	1	1	rational	weight_262.json
262	10	3	33	29	9	1	3	1	1	rational	weight_262.json
262	10	3	14	29	9	1	4	1	1	rational	weight_262.json
262	10	3	23	29	9	1	5	1	1	rational	weight_262.json
262	10	3	9	29	9	1	6	1	1	rational	weight_262.json
262	10	3	21	29	2	1	7	1	1	rational	weight_262.json
262	10	3	44	29	9	1	8	1	1	rational	weight_262.json
262	10	3	16	29	9	1	9	1	1	rational	weight_262.json
262	10	3	21	29	2	1	10	1	1	rational	weight_262.json
262	10	3	40	29	9	1	11	1	1	rational	weight_262.json
262	10	3	26	29	9	1	12	1	1	rational	weight_262.json
262	10	3	7	29	23	1	13	1	1	rational	weight_262.json
262	10	3	0	29	44	1	14	1	1	rational	weight_262.json
262	10	3	9	29	9	1	15	1	1	rational	weight_262.json
262	10	3	5	29	9	1	16	1	1	rational	weight_262.json
262	10	3	42	29	23	1	17	1	1	rational	weight_262.json
262	10	3	35	29	9	1	18	1	1	rational	weight_262.json
262	10	3	40	29	9	1	19	1	1	rational	weight_262.json
262	10	3	28	29	2	1	20	1	2	rational	weight_262.json
264	12	3	36	29	16	1	1	1	1	rational	weight_264.json
264	12	3	35	29	16	1	2	1	1	rational	weight_264.json
264	12	3	8	29	16	1	3	1	1	rational	weight_264.json
264	12	3	42	29	23	1	4	1	1	rational	weight_264.json
264	12	3	41	29	16	1	5	1	1	rational	weight_264.json
264	12	3	21	29	37	1	6	1	1	rational	weight_264.json
264	12	3	34	29	16	1	7	1	1	rational	weight_264.json
264	12	3	13	29	16	1	8	1	1	rational	weight_264.json
264	12	3	42	29	23	1	9	1	1	rational	weight_264.json
264	12	3	14	29	16	1	10	1	1	rational	weight_264.json
264	12	3	41	29	16	1	11	1	1	rational	weight_264.json
264	12	3	48	29	16	1	12	1	1	rational	weight_264.json
264	12	3	15	29	16	1	13	1	1	rational	weight_264.json
264	12	3	36	29	16	1	14	1	1	rational	weight_264.json
264	12	3	28	29	37	1	15	1	1	rational	weight_264.json
264	12	3	0	29	9	1	16	1	1	rational	weight_264.json
264	12	3	14	29	16	1	17	1	1	rational	weight_264.json
264	12	3	7	29	23	1	18	1	1	rational	weight_264.json
264	12	3	7	29	23	1	19	1	1	rational	weight_264.json
264	12	3	35	29	16	1	20	1	1	rational	weight_264.json
264	12	3	1	29	16	1	21	1	1	rational	weight_264.json
264	12	3	8	29	16	1	22	1	1	rational	weight_264.json
266	14	3	46	29	23	1	1	1	1	rational	weight_266.json
266	14	3	7	29	2	1	2	1	1	rational	weight_266.json
266	14	3	38	29	23	1	3	1	1	rational	weight_266.json
266	14	3	31	29	23	1	4	1	1	rational	weight_266.json
266	14	3	3	29	23	1	5	1	1	rational	weight_266.json
266	14	3	42	29	2	1	6	1	1	rational	weight_266.json
266	14	3	21	29	9	1	7	1	1	rational	weight_266.json
266	14	3	25	29	23	1	8	1	1	rational	weight_266.json
266	14	3	42	29	2	1	9	1	1	rational	weight_266.json
266	14	3	46	29	23	1	10	1	1	rational	weight_266.json
266	14	3	35	29	23	1	11	1	1	rational	weight_266.json
266	14	3	11	29	23	1	12	1	1	rational	weight_266.json
266	14	3	21	29	9	1	13	1	1	rational	weight_266.json
266	14	3	3	29	23	1	14	1	1	rational	weight_266.json
266	14	3	0	29	44	1	15	1	1	rational	weight_266.json
266	14	3	24	29	23	1	16	1	1	rational	weight_266.json
266	14	3	28	29	9	1	17	1	1	rational	weight_266.json
266	14	3	7	29	2	1	18	1	1	rational	weight_266.json
266	14	3	14	29	23	1	19	1	1	rational	weight_266.json
266	14	3	28	29	9	1	20	1	1	rational	weight_266.json
266	14	3	18	29	23	1	21	1	1	rational	weight_266.json
268	16	3	28	29	9	1	1	1	1	rational	weight_268.json
268	16	3	5	29	30	1	2	1	1	rational	weight_268.json
268	16	3	9	29	30	1	3	1	1	rational	weight_268.json
268	16	3	9	29	30	1	4	1	1	rational	weight_268.json
268	16	3	16	29	30	1	5	1	1	rational	weight_268.json
268	16	3	0	29	2	1	6	1	1	rational	weight_268.json
268	16	3	35	29	16	1	7	1	1	rational	weight_268.json
268	16	3	40	29	30	1	8	1	1	rational	weight_268.json
268	16	3	44	29	30	1	9	1	1	rational	weight_268.json
268	16	3	21	29	9	1	10	1	1	rational	weight_268.json
268	16	3	23	29	30	1	11	1	1	rational	weight_268.json
268	16	3	33	29	30	1	12	1	1	rational	weight_268.json
268	16	3	14	29	16	1	13	1	1	rational	weight_268.json
268	16	3	42	29	30	1	14	1	1	rational	weight_268.json
268	16	3	33	29	30	1	15	1	1	rational	weight_268.json
268	16	3	7	29	30	1	16	1	1	rational	weight_268.json
268	16	3	26	29	30	1	17	1	1	rational	weight_268.json
268	16	3	14	29	16	1	18	1	1	rational	weight_268.json
268	16	3	40	29	30	1	19	1	1	rational	weight_268.json
268	16	3	28	29	9	1	20	1	1	rational	weight_268.json
268	16	3	21	29	9	1	21	1	1	rational	weight_268.json
268	16	3	35	29	16	1	22	1	1	rational	weight_268.json
270	18	3	42	29	44	1	1	1	1	rational	weight_270.json
270	18	3	29	29	37	1	2	1	1	rational	weight_270.json
270	18	3	14	29	37	1	3	1	1	rational	weight_270.json
270	18	3	8	29	37	1	4	1	1	rational	weight_270.json
270	18	3	20	29	37	1	5	1	1	rational	weight_270.json
270	18	3	28	29	9	1	6	1	1	rational	weight_270.json
270	18	3	35	29	37	1	7	1	1	rational	weight_270.json
270	18	3	35	29	37	1	8	1	1	rational	weight_270.json
270	18	3	27	29	37	1	9	1	1	rational	weight_270.json
270	18	3	28	29	9	1	10	1	1	rational	weight_270.json
270	18	3	41	29	37	1	11	1	1	rational	weight_270.json
270	18	3	20	29	37	1	12	1	1	rational	weight_270.json
270	18	3	8	29	37	1	13	1	1	rational	weight_270.json
270	18	3	0	29	30	1	14	1	1	rational	weight_270.json
270	18	3	13	29	37	1	15	1	1	rational	weight_270.json
270	18	3	36	29	37	1	16	1	1	rational	weight_270.json
270	18	3	21	29	9	1	17	1	1	rational	weight_270.json
270	18	3	29	29	37	1	18	1	1	rational	weight_270.json
270	18	3	7	29	44	1	19	1	1	rational	weight_270.json
270	18	3	22	29	37	1	20	1	1	rational	weight_270.json
270	18	3	14	29	37	1	21	1	1	rational	weight_270.json
270	18	3	42	29	44	1	22	1	1	rational	weight_270.json
272	20	3	21	29	44	1	1	1	1	rational	weight_272.json
272	20	3	14	29	9	1	2	1	1	rational	weight_272.json
272	20	3	0	29	30	1	3	1	1	rational	weight_272.json
272	20	3	28	29	44	1	4	1	1	rational	weight_272.json
272	20	3	18	29	44	1	5	1	1	rational	weight_272.json
272	20	3	10	29	44	1	6	1	1	rational	weight_272.json
272	20	3	35	29	9	1	7	1	1	rational	weight_272.json
272	20	3	17	29	44	1	8	1	1	rational	weight_272.json
272	20	3	31	29	44	1	9	1	1	rational	weight_272.json
272	20	3	3	29	44	1	10	1	1	rational	weight_272.json
272	20	3	7	29	37	1	11	1	1	rational	weight_272.json
272	20	3	7	29	37	1	12	1	1	rational	weight_272.json
272	20	3	28	29	44	1	13	1	1	rational	weight_272.json
272	20	3	17	29	44	1	14	1	1	rational	weight_272.json
272	20	3	31	29	44	1	15	1	1	rational	weight_272.json
272	20	3	39	29	44	1	16	1	1	rational	weight_272.json
272	20	3	18	29	44	1	17	1	1	rational	weight_272.json
272	20	3	46	29	44	1	18	1	1	rational	weight_272.json
272	20	3	35	29	9	1	19	1	1	rational	weight_272.json
272	20	3	32	29	44	1	20	1	1	rational	weight_272.json
272	20	3	42	29	37	1	21	1	2	rational	weight_272.json
274	22	3	47	29	2	1	1	1	1	rational	weight_274.json
274	22	3	0	29	2	1	2	1	1	rational	weight_274.json
274	22	3	42	29	30	1	3	1	1	rational	weight_274.json
274	22	3	5	29	2	1	4	1	1	rational	weight_274.json
274	22	3	28	29	9	1	5	1	1	rational	weight_274.json
274	22	3	26	29	2	1	6	1	1	rational	weight_274.json
274	22	3	7	29	30	1	7	1	1	rational	weight_274.json
274	22	3	28	29	9	1	8	1	1	rational	weight_274.json
274	22	3	14	29	16	1	9	1	1	rational	weight_274.json
274	22	3	26	29	2	1	10	1	1	rational	weight_274.json
274	22	3	44	29	2	1	11	1	1	rational	weight_274.json
274	22	3	44	29	2	1	12	1	1	rational	weight_274.json
274	22	3	12	29	2	1	13	1	1	rational	weight_274.json
274	22	3	2	29	2	1	14	1	1	rational	weight_274.json
274	22	3	35	29	16	1	15	1	1	rational	weight_274.json
274	22	3	23	29	2	1	16	1	1	rational	weight_274.json
274	22	3	37	29	2	1	17	1	1	rational	weight_274.json
274	22	3	7	29	30	1	18	1	1	rational	weight_274.json
274	22	3	12	29	2	1	19	1	1	rational	weight_274.json
274	22	3	35	29	16	1	20	1	1	rational	weight_274.json
274	22	3	21	29	9	1	21	1	2	rational	weight_274.json
276	24	3	8	29	9	1	1	1	1	rational	weight_276.json
276	24	3	21	29	23	1	2	1	1	rational	weight_276.json
276	24	3	7	29	9	1	3	1	1	rational	weight_276.json
276	24	3	0	29	44	1	4	1	1	rational	weight_276.json
276	24	3	0	29	44	1	5	1	1	rational	weight_276.json
276	24	3	27	29	9	1	6	1	1	rational	weight_276.json
276	24	3	6	29	9	1	7	1	1	rational	weight_276.json
276	24	3	22	29	9	1	8	1	1	rational	weight_276.json
276	24	3	43	29	9	1	9	1	1	rational	weight_276.json
276	24	3	41	29	9	1	10	1	1	rational	weight_276.json
276	24	3	34	29	9	1	11	1	1	rational	weight_276.json
276	24	3	42	29	9	1	12	1	1	rational	weight_276.json
276	24	3	8	29	9	1	13	1	1	rational	weight_276.json
276	24	3	14	29	2	1	14	1	1	rational	weight_276.json
276	24	3	15	29	9	1	15	1	1	rational	weight_276.json
276	24	3	7	29	9	1	16	1	1	rational	weight_276.json
276	24	3	21	29	23	1	17	1	1	rational	weight_276.json
276	24	3	15	29	9	1	18	1	1	rational	weight_276.json
276	24	3	14	29	2	1	19	1	1	rational	weight_276.json
276	24	3	28	29	23	1	20	1	1	rational	weight_276.json
276	24	3	6	29	9	1	21	1	1	rational	weight_276.json
276	24	3	35	29	2	1	22	1	2	rational	weight_276.json
278	26	3	0	29	9	1	1	1	1	rational	weight_278.json
278	26	3	11	29	16	1	2	1	1	rational	weight_278.json
278	26	3	7	29	16	1	3	1	1	rational	weight_278.json
278	26	3	38	29	16	1	4	1	1	rational	weight_278.json
278	26	3	31	29	16	1	5	1	1	rational	weight_278.json
278	26	3	21	29	23	1	6	1	1	rational	weight_278.json
278	26	3	42	29	16	1	7	1	1	rational	weight_278.json
278	26	3	46	29	16	1	8	1	1	rational	weight_278.json
278	26	3	14	29	37	1	9	1	1	rational	weight_278.json
278	26	3	28	29	23	1	10	1	1	rational	weight_278.json
278	26	3	3	29	16	1	11	1	1	rational	weight_278.json
278	26	3	25	29	16	1	12	1	1	rational	weight_278.json
278	26	3	11	29	16	1	13	1	1	rational	weight_278.json
278	26	3	3	29	16	1	14	1	1	rational	weight_278.json
278	26	3	14	29	37	1	15	1	1	rational	weight_278.json
278	26	3	35	29	37	1	16	1	1	rational	weight_278.json
278	26	3	21	29	23	1	17	1	1	rational	weight_278.json
278	26	3	18	29	16	1	18	1	1	rational	weight_278.json
278	26	3	42	29	16	1	19	1	1	rational	weight_278.json
278	26	3	0	29	9	1	20	1	1	rational	weight_278.json
278	26	3	24	29	16	1	21	1	1	rational	weight_278.json
278	26	3	31	29	16	1	22	1	1	rational	weight_278.json
280	28	3	19	29	23	1	1	1	1	rational	weight_280.json
280	28	3	42	29	23	1	2	1	1	rational	weight_280.json
280	28	3	9	29	23	1	3	1	1	rational	weight_280.json
280	28	3	47	29	23	1	4	1	1	rational	weight_280.json
280	28	3	5	29	23	1	5	1	1	rational	weight_280.json
280	28	3	28	29	2	1	6	1	1	rational	weight_280.json
280	28	3	30	29	23	1	7	1	1	rational	weight_280.json
280	28	3	44	29	23	1	8	1	1	rational	weight_280.json
280	28	3	7	29	23	1	9	1	1	rational	weight_280.json
280	28	3	21	29	2	1	10	1	1	rational	weight_280.json
280	28	3	0	29	44	1	11	1	1	rational	weight_280.json
280	28	3	44	29	23	1	12	1	1	rational	weight_280.json
280	28	3	47	29	23	1	13	1	1	rational	weight_280.json
280	28	3	19	29	23	1	14	1	1	rational	weight_280.json
280	28	3	2	29	23	1	15	1	1	rational	weight_280.json
280	28	3	40	29	23	1	16	1	1	rational	weight_280.json
280	28	3	30	29	23	1	17	1	1	rational	weight_280.json
280	28	3	14	29	9	1	18	1	1	rational	weight_280.json
280	28	3	0	29	44	1	19	1	1	rational	weight_280.json
280	28	3	35	29	9	1	20	1	1	rational	weight_280.json
280	28	3	14	29	9	1	21	1	1	rational	weight_280.json
280	28	3	28	29	2	1	22	1	1	rational	weight_280.json
280	28	3	42	29	23	1	23	1	1	rational	weight_280.json
282	30	3	35	29	9	1	1	1	1	rational	weight_282.json
282	30	3	14	29	9	1	2	1	1	rational	weight_282.json
282	30	3	6	29	30	1	3	1	1	rational	weight_282.json
282	30	3	34	29	30	1	4	1	1	rational	weight_282.json
282	30	3	34	29	30	1	5	1	1	rational	weight_282.json
282	30	3	42	29	16	1	6	1	1	rational	weight_282.json
282	30	3	21	29	30	1	7	1	1	rational	weight_282.json
282	30	3	15	29	30	1	8	1	1	rational	weight_282.json
282	30	3	0	29	2	1	9	1	1	rational	weight_282.json
282	30	3	43	29	30	1	10	1	1	rational	weight_282.json
282	30	3	41	29	30	1	11	1	1	rational	weight_282.json
282	30	3	8	29	30	1	12	1	1	rational	weight_282.json
282	30	3	35	29	9	1	13	1	1	rational	weight_282.json
282	30	3	28	29	30	1	14	1	1	rational	weight_282.json
282	30	3	43	29	30	1	15	1	1	rational	weight_282.json
282	30	3	22	29	30	1	16	1	1	rational	weight_282.json
282	30	3	8	29	30	1	17	1	1	rational	weight_282.json
282	30	3	0	29	2	1	18	1	1	rational	weight_282.json
282	30	3	42	29	16	1	19	1	1	rational	weight_282.json
282	30	3	21	29	30	1	20	1	1	rational	weight_282.json
282	30	3	28	29	30	1	21	1	1	rational	weight_282.json
282	30	3	41	29	30	1	22	1	1	rational	weight_282.json
282	30	3	7	29	16	1	23	1	1	rational	weight_282.json
284	32	3	0	29	30	1	1	1	1	rational	weight_284.json
284	32	3	32	29	37	1	2	1	1	rational	weight_284.json
284	32	3	28	29	44	1	3	1	1	rational	weight_284.json
284	32	3	0	29	30	1	4	1	1	rational	weight_284.json
284	32	3	42	29	37	1	5	1	1	rational	weight_284.json
284	32	3	21	29	44	1	6	1	1	rational	weight_284.json
284	32	3	14	29	9	1	7	1	1	rational	weight_284.json
284	32	3	7	29	37	1	8	1	1	rational	weight_284.json
284	32	3	3	29	37	1	9	1	1	rational	weight_284.json
284	32	3	46	29	37	1	10	1	1	rational	weight_284.json
284	32	3	14	29	9	1	11	1	1	rational	weight_284.json
284	32	3	32	29	37	1	12	1	1	rational	weight_284.json
284	32	3	28	29	44	1	13	1	1	rational	weight_284.json
284	32	3	17	29	37	1	14	1	1	rational	weight_284.json
284	32	3	45	29	37	1	15	1	1	rational	weight_284.json
284	32	3	35	29	9	1	16	1	1	rational	weight_284.json
284	32	3	7	29	37	1	17	1	1	rational	weight_284.json
284	32	3	38	29	37	1	18	1	1	rational	weight_284.json
284	32	3	35	29	9	1	19	1	1	rational	weight_284.json
284	32	3	4	29	37	1	20	1	1	rational	weight_284.json
284	32	3	4	29	37	1	21	1	1	rational	weight_284.json
284	32	3	3	29	37	1	22	1	1	rational	weight_284.json
284	32	3	45	29	37	1	23	1	1	rational	weight_284.json
286	34	3	0	29	30	1	1	1	1	rational	weight_286.json
286	34	3	21	29	37	1	2	1	1	rational	weight_286.json
286	34	3	42	29	9	1	3	1	1	rational	weight_286.json
286	34	3	35	29	44	1	4	1	1	rational	weight_286.json
286	34	3	37	29	44	1	5	1	1	rational	weight_286.json
286	34	3	33	29	44	1	6	1	1	rational	weight_286.json
286	34	3	21	29	37	1	7	1	1	rational	weight_286.json
286	34	3	0	29	30	1	8	1	1	rational	weight_286.json
286	34	3	14	29	44	1	9	1	1	rational	weight_286.json
286	34	3	30	29	44	1	10	1	1	rational	weight_286.json
286	34	3	19	29	44	1	11	1	1	rational	weight_286.json
286	34	3	44	29	44	1	12	1	1	rational	weight_286.json
286	34	3	37	29	44	1	13	1	1	rational	weight_286.json
286	34	3	12	29	44	1	14	1	1	rational	weight_286.json
286	34	3	42	29	9	1	15	1	1	rational	weight_286.json
286	34	3	7	29	9	1	16	1	1	rational	weight_286.json
286	34	3	35	29	44	1	17	1	1	rational	weight_286.json
286	34	3	16	29	44	1	18	1	1	rational	weight_286.json
286	34	3	16	29	44	1	19	1	1	rational	weight_286.json
286	34	3	19	29	44	1	20	1	1	rational	weight_286.json
286	34	3	7	29	9	1	21	1	1	rational	weight_286.json
286	34	3	12	29	44	1	22	1	1	rational	weight_286.json
286	34	3	33	29	44	1	23	1	1	rational	weight_286.json
288	36	3	27	29	2	1	1	1	1	rational	weight_288.json
288	36	3	41	29	2	1	2	1	1	rational	weight_288.json
288	36	3	0	29	2	1	3	1	1	rational	weight_288.json
288	36	3	13	29	2	1	4	1	1	rational	weight_288.json
288	36	3	27	29	2	1	5	1	1	rational	weight_288.json
288	36	3	7	29	16	1	6	1	1	rational	weight_288.json
288	36	3	28	29	30	1	7	1	1	rational	weight_288.json
288	36	3	8	29	2	1	8	1	1	rational	weight_288.json
288	36	3	0	29	2	1	9	1	1	rational	weight_288.json
288	36	3	22	29	2	1	10	1	1	rational	weight_288.json
288	36	3	28	29	30	1	11	1	1	rational	weight_288.json
288	36	3	21	29	30	1	12	1	1	rational	weight_288.json
288	36	3	29	29	2	1	13	1	1	rational	weight_288.json
288	36	3	21	29	30	1	14	1	1	rational	weight_288.json
288	36	3	29	29	2	1	15	1	1	rational	weight_288.json
288	36	3	41	29	2	1	16	1	1	rational	weight_288.json
288	36	3	20	29	2	1	17	1	1	rational	weight_288.json
288	36	3	8	29	2	1	18	1	1	rational	weight_288.json
288	36	3	22	29	2	1	19	1	1	rational	weight_288.json
288	36	3	7	29	16	1	20	1	1	rational	weight_288.json
288	36	3	42	29	16	1	21	1	1	rational	weight_288.json
288	36	3	42	29	16	1	22	1	1	rational	weight_288.json
288	36	3	14	29	9	1	23	1	2	rational	weight_288.json
290	38	3	35	29	23	1	1	1	1	rational	weight_290.json
290	38	3	3	29	9	1	2	1	1	rational	weight_290.json
290	38	3	24	29	9	1	3	1	1	rational	weight_290.json
290	38	3	10	29	9	1	4	1	1	rational	weight_290.json
290	38	3	4	29	9	1	5	1	1	rational	weight_290.json
290	38	3	14	29	23	1	6	1	1	rational	weight_290.json
290	38	3	28	29	9	1	7	1	1	rational	weight_290.json
290	38	3	46	29	9	1	8	1	1	rational	weight_290.json
290	38	3	42	29	2	1	9	1	1	rational	weight_290.json
290	38	3	21	29	9	1	10	1	1	rational	weight_290.json
290	38	3	39	29	9	1	11	1	1	rational	weight_290.json
290	38	3	14	29	23	1	12	1	1	rational	weight_290.json
290	38	3	3	29	9	1	13	1	1	rational	weight_290.json
290	38	3	28	29	9	1	14	1	1	rational	weight_290.json
290	38	3	35	29	23	1	15	1	1	rational	weight_290.json
290	38	3	46	29	9	1	16	1	1	rational	weight_290.json
290	38	3	39	29	9	1	17	1	1	rational	weight_290.json
290	38	3	24	29	9	1	18	1	1	rational	weight_290.json
290	38	3	0	29	44	1	19	1	1	rational	weight_290.json
290	38	3	42	29	2	1	20	1	1	rational	weight_290.json
290	38	3	10	29	9	1	21	1	1	rational	weight_290.json
290	38	3	21	29	9	1	22	1	1	rational	weight_290.json
290	38	3	0	29	44	1	23	1	1	rational	weight_290.json
292	40	3	7	29	37	1	1	1	1	rational	weight_292.json
292	40	3	0	29	9	1	2	1	1	rational	weight_292.json
292	40	3	35	29	23	1	3	1	1	rational	weight_292.json
292	40	3	44	29	16	1	4	1	1	rational	weight_292.json
292	40	3	14	29	23	1	5	1	1	rational	weight_292.json
292	40	3	19	29	16	1	6	1	1	rational	weight_292.json
292	40	3	47	29	16	1	7	1	1	rational	weight_292.json
292	40	3	14	29	23	1	8	1	1	rational	weight_292.json
292	40	3	30	29	16	1	9	1	1	rational	weight_292.json
292	40	3	40	29	16	1	10	1	1	rational	weight_292.json
292	40	3	44	29	16	1	11	1	1	rational	weight_292.json
292	40	3	30	29	16	1	12	1	1	rational	weight_292.json
292	40	3	2	29	16	1	13	1	1	rational	weight_292.json
292	40	3	35	29	23	1	14	1	1	rational	weight_292.json
292	40	3	2	29	16	1	15	1	1	rational	weight_292.json
292	40	3	28	29	16	1	16	1	1	rational	weight_292.json
292	40	3	47	29	16	1	17	1	1	rational	weight_292.json
292	40	3	19	29	16	1	18	1	1	rational	weight_292.json
292	40	3	5	29	16	1	19	1	1	rational	weight_292.json
292	40	3	7	29	37	1	20	1	1	rational	weight_292.json
292	40	3	28	29	16	1	21	1	1	rational	weight_292.json
292	40	3	0	29	9	1	22	1	1	rational	weight_292.json
292	40	3	42	29	37	1	23	1	1	rational	weight_292.json
292	40	3	42	29	37	1	24	1	1	rational	weight_292.json
294	0	3	0	29	44	1	1	1	1	rational	weight_294.json
294	0	3	48	29	23	1	2	1	1	rational	weight_294.json
294	0	3	21	29	23	1	3	1	1	rational	weight_294.json
294	0	3	35	29	2	1	4	1	1	rational	weight_294.json
294	0	3	42	29	9	1	5	1	1	rational	weight_294.json
294	0	3	1	29	23	1	6	1	1	rational	weight_294.json
294	0	3	35	29	2	1	7	1	1	rational	weight_294.json
294	0	3	42	29	9	1	8	1	1	rational	weight_294.json
294	0	3	41	29	23	1	9	1	1	rational	weight_294.json
294	0	3	21	29	23	1	10	1	1	rational	weight_294.json
294	0	3	41	29	23	1	11	1	1	rational	weight_294.json
294	0	3	28	29	23	1	12	1	1	rational	weight_294.json
294	0	3	28	29	23	1	13	1	1	rational	weight_294.json
294	0	3	7	29	9	1	14	1	1	rational	weight_294.json
294	0	3	13	29	23	1	15	1	1	rational	weight_294.json
294	0	3	13	29	23	1	16	1	1	rational	weight_294.json
294	0	3	1	29	23	1	17	1	1	rational	weight_294.json
294	0	3	36	29	23	1	18	1	1	rational	weight_294.json
294	0	3	8	29	23	1	19	1	1	rational	weight_294.json
294	0	3	36	29	23	1	20	1	1	rational	weight_294.json
294	0	3	14	29	2	1	21	1	1	rational	weight_294.json
294	0	3	48	29	23	1	22	1	1	rational	weight_294.json
294	0	3	0	29	44	1	23	1	1	rational	weight_294.json
294	0	3	15	29	23	1	24	1	1	rational	weight_294.json
296	2	3	3	29	30	1	1	1	1	rational	weight_296.json
296	2	3	28	29	16	1	2	1	1	rational	weight_296.json
296	2	3	28	29	16	1	3	1	1	rational	weight_296.json
296	2	3	7	29	9	1	4	1	1	rational	weight_296.json
296	2	3	46	29	30	1	5	1	1	rational	weight_296.json
296	2	3	14	29	30	1	6	1	1	rational	weight_296.json
296	2	3	0	29	2	1	7	1	1	rational	weight_296.json
296	2	3	25	29	30	1	8	1	1	rational	weight_296.json
296	2	3	45	29	30	1	9	1	1	rational	weight_296.json
296	2	3	39	29	30	1	10	1	1	rational	weight_296.json
296	2	3	10	29	30	1	11	1	1	rational	weight_296.json
296	2	3	35	29	30	1	12	1	1	rational	weight_296.json
296	2	3	46	29	30	1	13	1	1	rational	weight_296.json
296	2	3	14	29	30	1	14	1	1	rational	weight_296.json
296	2	3	10	29	30	1	15	1	1	rational	weight_296.json
296	2	3	3	29	30	1	16	1	1	rational	weight_296.json
296	2	3	25	29	30	1	17	1	1	rational	weight_296.json
296	2	3	7	29	9	1	18	1	1	rational	weight_296.json
296	2	3	42	29	9	1	19	1	1	rational	weight_296.json
296	2	3	0	29	2	1	20	1	1	rational	weight_296.json
296	2	3	21	29	16	1	21	1	1	rational	weight_296.json
296	2	3	24	29	30	1	22	1	1	rational	weight_296.json
296	2	3	39	29	30	1	23	1	1	rational	weight_296.json
296	2	3	35	29	30	1	24	1	1	rational	weight_296.json
298	4	3	7	29	9	1	1	1	1	rational	weight_298.json
298	4	3	26	29	37	1	2	1	1	rational	weight_298.json
298	4	3	47	29	37	1	3	1	1	rational	weight_298.json
298	4	3	21	29	37	1	4	1	1	rational	weight_298.json
298	4	3	35	29	44	1	5	1	1	rational	weight_298.json
298	4	3	2	29	37	1	6	1	1	rational	weight_298.json
298	4	3	26	29	37	1	7	1	1	rational	weight_298.json
298	4	3	0	29	30	1	8	1	1	rational	weight_298.json
298	4	3	0	29	30	1	9	1	1	rational	weight_298.json
298	4	3	7	29	9	1	10	1	1	rational	weight_298.json
298	4	3	44	29	37	1	11	1	1	rational	weight_298.json
298	4	3	21	29	37	1	12	1	1	rational	weight_298.json
298	4	3	42	29	9	1	13	1	1	rational	weight_298.json
298	4	3	5	29	37	1	14	1	1	rational	weight_298.json
298	4	3	35	29	44	1	15	1	1	rational	weight_298.json
298	4	3	12	29	37	1	16	1	1	rational	weight_298.json
298	4	3	37	29	37	1	17	1	1	rational	weight_298.json
298	4	3	14	29	44	1	18	1	1	rational	weight_298.json
298	4	3	28	29	37	1	19	1	1	rational	weight_298.json
298	4	3	12	29	37	1	20	1	1	rational	weight_298.json
298	4	3	23	29	37	1	21	1	1	rational	weight_298.json
298	4	3	23	29	37	1	22	1	1	rational	weight_298.json
298	4	3	42	29	9	1	23	1	1	rational	weight_298.json
298	4	3	44	29	37	1	24	1	1	rational	weight_298.json
300	6	3	28	29	9	1	1	1	1	rational	weight_300.json
300	6	3	28	29	9	1	2	1	1	rational	weight_300.json
300	6	3	7	29	44	1	3	1	1	rational	weight_300.json
300	6	3	42	29	44	1	4	1	1	rational	weight_300.json
300	6	3	48	29	44	1	5	1	1	rational	weight_300.json
300	6	3	29	29	44	1	6	1	1	rational	weight_300.json
300	6	3	0	29	30	1	7	1	1	rational	weight_300.json
300	6	3	20	29	44	1	8	1	1	rational	weight_300.json
300	6	3	6	29	44	1	9	1	1	rational	weight_300.json
300	6	3	35	29	37	1	10	1	1	rational	weight_300.json
300	6	3	14	29	37	1	11	1	1	rational	weight_300.json
300	6	3	7	29	44	1	12	1	1	rational	weight_300.json
300	6	3	8	29	44	1	13	1	1	rational	weight_300.json
300	6	3	41	29	44	1	14	1	1	rational	weight_300.json
300	6	3	35	29	37	1	15	1	1	rational	weight_300.json
300	6	3	43	29	44	1	16	1	1	rational	weight_300.json
300	6	3	1	29	44	1	17	1	1	rational	weight_300.json
300	6	3	0	29	30	1	18	1	1	rational	weight_300.json
300	6	3	43	29	44	1	19	1	1	rational	weight_300.json
300	6	3	21	29	9	1	20	1	1	rational	weight_300.json
300	6	3	21	29	9	1	21	1	1	rational	weight_300.json
300	6	3	6	29	44	1	22	1	1	rational	weight_300.json
300	6	3	1	29	44	1	23	1	1	rational	weight_300.json
300	6	3	14	29	37	1	24	1	1	rational	weight_300.json
300	6	3	20	29	44	1	25	1	1	rational	weight_300.json
302	8	3	46	29	2	1	1	1	1	rational	weight_302.json
302	8	3	46	29	2	1	2	1	1	rational	weight_302.json
302	8	3	28	29	16	1	3	1	1	rational	weight_302.json
302	8	3	45	29	2	1	4	1	1	rational	weight_302.json
302	8	3	35	29	30	1	5	1	1	rational	weight_302.json
302	8	3	0	29	2	1	6	1	1	rational	weight_302.json
302	8	3	0	29	2	1	7	1	1	rational	weight_302.json
302	8	3	45	29	2	1	8	1	1	rational	weight_302.json
302	8	3	32	29	2	1	9	1	1	rational	weight_302.json
302	8	3	38	29	2	1	10	1	1	rational	weight_302.json
302	8	3	4	29	2	1	11	1	1	rational	weight_302.json
302	8	3	17	29	2	1	12	1	1	rational	weight_302.json
302	8	3	14	29	30	1	13	1	1	rational	weight_302.json
302	8	3	14	29	30	1	14	1	1	rational	weight_302.json
302	8	3	7	29	9	1	15	1	1	rational	weight_302.json
302	8	3	11	29	2	1	16	1	1	rational	weight_302.json
302	8	3	17	29	2	1	17	1	1	rational	weight_302.json
302	8	3	3	29	2	1	18	1	1	rational	weight_302.json
302	8	3	21	29	16	1	19	1	1	rational	weight_302.json
302	8	3	4	29	2	1	20	1	1	rational	weight_302.json
302	8	3	21	29	16	1	21	1	1	rational	weight_302.json
302	8	3	7	29	9	1	22	1	1	rational	weight_302.json
302	8	3	42	29	9	1	23	1	2	rational	weight_302.json
304	10	3	21	29	2	1	1	1	1	rational	weight_304.json
304	10	3	42	29	23	1	2	1	1	rational	weight_304.json
304	10	3	9	29	9	1	3	1	1	rational	weight_304.json
304	10	3	7	29	23	1	4	1	1	rational	weight_304.json
304	10	3	28	29	2	1	5	1	1	rational	weight_304.json
304	10	3	5	29	9	1	6	1	1	rational	weight_304.json
304	10	3	21	29	2	1	7	1	1	rational	weight_304.json
304	10	3	26	29	9	1	8	1	1	rational	weight_304.json
304	10	3	33	29	9	1	9	1	1	rational	weight_304.json
304	10	3	0	29	44	1	10	1	1	rational	weight_304.json
304	10	3	0	29	44	1	11	1	1	rational	weight_304.json
304	10	3	42	29	23	1	12	1	1	rational	weight_304.json
304	10	3	16	29	9	1	13	1	1	rational	weight_304.json
304	10	3	44	29	9	1	14	1	1	rational	weight_304.json
304	10	3	35	29	9	1	15	1	1	rational	weight_304.json
304	10	3	28	29	2	1	16	1	1	rational	weight_304.json
304	10	3	44	29	9	1	17	1	1	rational	weight_304.json
304	10	3	9	29	9	1	18	1	1	rational	weight_304.json
304	10	3	5	29	9	1	19	1	1	rational	weight_304.json
304	10	3	14	29	9	1	20	1	1	rational	weight_304.json
304	10	3	33	29	9	1	21	1	1	rational	weight_304.json
304	10	3	40	29	9	1	22	1	1	rational	weight_304.json
304	10	3	40	29	9	1	23	1	1	rational	weight_304.json
304	10	3	23	29	9	1	24	1	1	rational	weight_304.json
304	10	3	14	29	9	1	25	1	1	rational	weight_304.json
306	12	3	36	29	16	1	1	1	1	rational	weight_306.json
306	12	3	8	29	16	1	2	1	1	rational	weight_306.json
306	12	3	34	29	16	1	3	1	1	rational	weight_306.json
306	12	3	28	29	37	1	4	1	1	rational	weight_306.json
306	12	3	13	29	16	1	5	1	1	rational	weight_306.json
306	12	3	0	29	9	1	6	1	1	rational	weight_306.json
306	12	3	35	29	16	1	7	1	1	rational	weight_306.json
306	12	3	7	29	23	1	8	1	1	rational	weight_306.json
306	12	3	41	29	16	1	9	1	1	rational	weight_306.json
306	12	3	28	29	37	1	10	1	1	rational	weight_306.json
306	12	3	0	29	9	1	11	1	1	rational	weight_306.json
306	12	3	42	29	23	1	12	1	1	rational	weight_306.json
306	12	3	15	29	16	1	13	1	1	rational	weight_306.json
306	12	3	42	29	23	1	14	1	1	rational	weight_306.json
306	12	3	36	29	16	1	15	1	1	rational	weight_306.json
306	12	3	7	29	23	1	16	1	1	rational	weight_306.json
306	12	3	48	29	16	1	17	1	1	rational	weight_306.json
306	12	3	21	29	37	1	18	1	1	rational	weight_306.json
306	12	3	41	29	16	1	19	1	1	rational	weight_306.json
306	12	3	35	29	16	1	20	1	1	rational	weight_306.json
306	12	3	1	29	16	1	21	1	1	rational	weight_306.json
306	12	3	8	29	16	1	22	1	1	rational	weight_306.json
306	12	3	48	29	16	1	23	1	1	rational	weight_306.json
306	12	3	14	29	16	1	24	1	2	rational	weight_306.json
308	14	3	7	29	2	1	1	1	1	rational	weight_308.json
308	14	3	25	29	23	1	2	1	1	rational	weight_308.json
308	14	3	21	29	9	1	3	1	1	rational	weight_308.json
308	14	3	0	29	44	1	4	1	1	rational	weight_308.json
308	14	3	46	29	23	1	5	1	1	rational	weight_308.json
308	14	3	35	29	23	1	6	1	1	rational	weight_308.json
308	14	3	35	29	23	1	7	1	1	rational	weight_308.json
308	14	3	11	29	23	1	8	1	1	rational	weight_308.json
308	14	3	3	29	23	1	9	1	1	rational	weight_308.json
308	14	3	28	29	9	1	10	1	1	rational	weight_308.json
308	14	3	38	29	23	1	11	1	1	rational	weight_308.json
308	14	3	3	29	23	1	12	1	1	rational	weight_308.json
308	14	3	18	29	23	1	13	1	1	rational	weight_308.json
308	14	3	28	29	9	1	14	1	1	rational	weight_308.json
308	14	3	14	29	23	1	15	1	1	rational	weight_308.json
308	14	3	31	29	23	1	16	1	1	rational	weight_308.json
308	14	3	38	29	23	1	17	1	1	rational	weight_308.json
308	14	3	7	29	2	1	18	1	1	rational	weight_308.json
308	14	3	0	29	44	1	19	1	1	rational	weight_308.json
308	14	3	46	29	23	1	20	1	1	rational	weight_308.json
308	14	3	18	29	23	1	21	1	1	rational	weight_308.json
308	14	3	24	29	23	1	22	1	1	rational	weight_308.json
308	14	3	21	29	9	1	23	1	1	rational	weight_308.json
308	14	3	42	29	2	1	24	1	2	rational	weight_308.json
310	16	3	42	29	30	1	1	1	1	rational	weight_310.json
310	16	3	35	29	16	1	2	1	1	rational	weight_310.json
310	16	3	40	29	30	1	3	1	1	rational	weight_310.json
310	16	3	16	29	30	1	4	1	1	rational	weight_310.json
310	16	3	40	29	30	1	5	1	1	rational	weight_310.json
310	16	3	44	29	30	1	6	1	1	rational	weight_310.json
310	16	3	21	29	9	1	7	1	1	rational	weight_310.json
310	16	3	33	29	30	1	8	1	1	rational	weight_310.json
310	16	3	21	29	9	1	9	1	1	rational	weight_310.json
310	16	3	33	29	30	1	10	1	1	rational	weight_310.json
310	16	3	14	29	16	1	11	1	1	rational	weight_310.json
310	16	3	0	29	2	1	12	1	1	rational	weight_310.json
310	16	3	26	29	30	1	13	1	1	rational	weight_310.json
310	16	3	14	29	16	1	14	1	1	rational	weight_310.json
310	16	3	23	29	30	1	15	1	1	rational	weight_310.json
310	16	3	7	29	30	1	16	1	1	rational	weight_310.json
310	16	3	9	29	30	1	17	1	1	rational	weight_310.json
310	16	3	35	29	16	1	18	1	1	rational	weight_310.json
310	16	3	7	29	30	1	19	1	1	rational	weight_310.json
310	16	3	5	29	30	1	20	1	1	rational	weight_310.json
310	16	3	5	29	30	1	21	1	1	rational	weight_310.json
310	16	3	16	29	30	1	22	1	1	rational	weight_310.json
310	16	3	9	29	30	1	23	1	1	rational	weight_310.json
310	16	3	28	29	9	1	24	1	2	rational	weight_310.json
312	18	3	22	29	37	1	1	1	1	rational	weight_312.json
312	18	3	21	29	9	1	2	1	1	rational	weight_312.json
312	18	3	8	29	37	1	3	1	1	rational	weight_312.json
312	18	3	7	29	44	1	4	1	1	rational	weight_312.json
312	18	3	20	29	37	1	5	1	1	rational	weight_312.json
312	18	3	29	29	37	1	6	1	1	rational	weight_312.json
312	18	3	41	29	37	1	7	1	1	rational	weight_312.json
312	18	3	14	29	37	1	8	1	1	rational	weight_312.json
312	18	3	13	29	37	1	9	1	1	rational	weight_312.json
312	18	3	42	29	44	1	10	1	1	rational	weight_312.json
312	18	3	14	29	37	1	11	1	1	rational	weight_312.json
312	18	3	28	29	9	1	12	1	1	rational	weight_312.json
312	18	3	7	29	44	1	13	1	1	rational	weight_312.json
312	18	3	41	29	37	1	14	1	1	rational	weight_312.json
312	18	3	36	29	37	1	15	1	1	rational	weight_312.json
312	18	3	8	29	37	1	16	1	1	rational	weight_312.json
312	18	3	20	29	37	1	17	1	1	rational	weight_312.json
312	18	3	21	29	9	1	18	1	1	rational	weight_312.json
312	18	3	22	29	37	1	19	1	1	rational	weight_312.json
312	18	3	0	29	30	1	20	1	1	rational	weight_312.json
312	18	3	28	29	9	1	21	1	1	rational	weight_312.json
312	18	3	27	29	37	1	22	1	1	rational	weight_312.json
312	18	3	29	29	37	1	23	1	1	rational	weight_312.json
312	18	3	42	29	44	1	24	1	1	rational	weight_312.json
312	18	3	35	29	37	1	25	1	2	rational	weight_312.json
314	20	3	14	29	9	1	1	1	1	rational	weight_314.json
314	20	3	28	29	44	1	2	1	1	rational	weight_314.json
314	20	3	28	29	44	1	3	1	1	rational	weight_314.json
314	20	3	10	29	44	1	4	1	1	rational	weight_314.json
314	20	3	42	29	37	1	5	1	1	rational	weight_314.json
314	20	3	21	29	44	1	6	1	1	rational	weight_314.json
314	20	3	46	29	44	1	7	1	1	rational	weight_314.json
314	20	3	31	29	44	1	8	1	1	rational	weight_314.json
314	20	3	31	29	44	1	9	1	1	rational	weight_314.json
314	20	3	35	29	9	1	10	1	1	rational	weight_314.json
314	20	3	7	29	37	1	11	1	1	rational	weight_314.json
314	20	3	7	29	37	1	12	1	1	rational	weight_314.json
314	20	3	14	29	9	1	13	1	1	rational	weight_314.json
314	20	3	17	29	44	1	14	1	1	rational	weight_314.json
314	20	3	32	29	44	1	15	1	1	rational	weight_314.json
314	20	3	39	29	44	1	16	1	1	rational	weight_314.json
314	20	3	3	29	44	1	17	1	1	rational	weight_314.json
314	20	3	42	29	37	1	18	1	1	rational	weight_314.json
314	20	3	35	29	9	1	19	1	1	rational	weight_314.json
314	20	3	18	29	44	1	20	1	1	rational	weight_314.json
314	20	3	21	29	44	1	21	1	1	rational	weight_314.json
314	20	3	32	29	44	1	22	1	1	rational	weight_314.json
314	20	3	18	29	44	1	23	1	1	rational	weight_314.json
314	20	3	17	29	44	1	24	1	1	rational	weight_314.json
314	20	3	0	29	30	1	25	1	1	rational	weight_314.json
316	22	3	5	29	2	1	1	1	1	rational	weight_316.json
316	22	3	26	29	2	1	2	1	1	rational	weight_316.json
316	22	3	47	29	2	1	3	1	1	rational	weight_316.json
316	22	3	37	29	2	1	4	1	1	rational	weight_316.json
316	22	3	42	29	30	1	5	1	1	rational	weight_316.json
316	22	3	7	29	30	1	6	1	1	rational	weight_316.json
316	22	3	14	29	16	1	7	1	1	rational	weight_316.json
316	22	3	14	29	16	1	8	1	1	rational	weight_316.json
316	22	3	44	29	2	1	9	1	1	rational	weight_316.json
316	22	3	21	29	9	1	10	1	1	rational	weight_316.json
316	22	3	35	29	16	1	11	1	1	rational	weight_316.json
316	22	3	37	29	2	1	12	1	1	rational	weight_316.json
316	22	3	7	29	30	1	13	1	1	rational	weight_316.json
316	22	3	5	29	2	1	14	1	1	rational	weight_316.json
316	22	3	42	29	30	1	15	1	1	rational	weight_316.json
316	22	3	2	29	2	1	16	1	1	rational	weight_316.json
316	22	3	21	29	9	1	17	1	1	rational	weight_316.json
316	22	3	12	29	2	1	18	1	1	rational	weight_316.json
316	22	3	26	29	2	1	19	1	1	rational	weight_316.json
316	22	3	23	29	2	1	20	1	1	rational	weight_316.json
316	22	3	44	29	2	1	21	1	1	rational	weight_316.json
316	22	3	0	29	2	1	22	1	1	rational	weight_316.json
316	22	3	35	29	16	1	23	1	1	rational	weight_316.json
316	22	3	12	29	2	1	24	1	1	rational	weight_316.json
316	22	3	28	29	9	1	25	1	2	rational	weight_316.json
318	24	3	43	29	9	1	1	1	1	rational	weight_318.json
318	24	3	41	29	9	1	2	1	1	rational	weight_318.json
318	24	3	28	29	23	1	3	1	1	rational	weight_318.json
318	24	3	22	29	9	1	4	1	1	rational	weight_318.json
318	24	3	8	29	9	1	5	1	1	rational	weight_318.json
318	24	3	35	29	2	1	6	1	1	rational	weight_318.json
318	24	3	6	29	9	1	7	1	1	rational	weight_318.json
318	24	3	43	29	9	1	8	1	1	rational	weight_318.json
318	24	3	34	29	9	1	9	1	1	rational	weight_318.json
318	24	3	21	29	23	1	10	1	1	rational	weight_318.json
318	24	3	21	29	23	1	11	1	1	rational	weight_318.json
318	24	3	7	29	9	1	12	1	1	rational	weight_318.json
318	24	3	8	29	9	1	13	1	1	rational	weight_318.json
318	24	3	7	29	9	1	14	1	1	rational	weight_318.json
318	24	3	0	29	44	1	15	1	1	rational	weight_318.json
318	24	3	15	29	9	1	16	1	1	rational	weight_318.json
318	24	3	42	29	9	1	17	1	1	rational	weight_318.json
318	24	3	27	29	9	1	18	1	1	rational	weight_318.json
318	24	3	0	29	44	1	19	1	1	rational	weight_318.json
318	24	3	14	29	2	1	20	1	1	rational	weight_318.json
318	24	3	6	29	9	1	21	1	1	rational	weight_318.json
318	24	3	42	29	9	1	22	1	1	rational	weight_318.json
318	24	3	14	29	2	1	23	1	1	rational	weight_318.json
318	24	3	15	29	9	1	24	1	1	rational	weight_318.json
318	24	3	34	29	9	1	25	1	1	rational	weight_318.json
318	24	3	35	29	2	1	26	1	1	rational	weight_318.json
320	26	3	35	29	37	1	1	1	1	rational	weight_320.json
320	26	3	28	29	23	1	2	1	1	rational	weight_320.json
320	26	3	11	29	16	1	3	1	1	rational	weight_320.json
320	26	3	28	29	23	1	4	1	1	rational	weight_320.json
320	26	3	14	29	37	1	5	1	1	rational	weight_320.json
320	26	3	18	29	16	1	6	1	1	rational	weight_320.json
320	26	3	46	29	16	1	7	1	1	rational	weight_320.json
320	26	3	14	29	37	1	8	1	1	rational	weight_320.json
320	26	3	25	29	16	1	9	1	1	rational	weight_320.json
320	26	3	38	29	16	1	10	1	1	rational	weight_320.json
320	26	3	31	29	16	1	11	1	1	rational	weight_320.json
320	26	3	46	29	16	1	12	1	1	rational	weight_320.json
320	26	3	3	29	16	1	13	1	1	rational	weight_320.json
320	26	3	21	29	23	1	14	1	1	rational	weight_320.json
320	26	3	21	29	23	1	15	1	1	rational	weight_320.json
320	26	3	7	29	16	1	16	1	1	rational	weight_320.json
320	26	3	3	29	16	1	17	1	1	rational	weight_320.json
320	26	3	11	29	16	1	18	1	1	rational	weight_320.json
320	26	3	0	29	9	1	19	1	1	rational	weight_320.json
320	26	3	38	29	16	1	20	1	1	rational	weight_320.json
320	26	3	7	29	16	1	21	1	1	rational	weight_320.json
320	26	3	31	29	16	1	22	1	1	rational	weight_320.json
320	26	3	24	29	16	1	23	1	1	rational	weight_320.json
320	26	3	0	29	9	1	24	1	1	rational	weight_320.json
320	26	3	42	29	16	1	25	1	2	rational	weight_320.json
322	28	3	30	29	23	1	1	1	1	rational	weight_322.json
322	28	3	42	29	23	1	2	1	1	rational	weight_322.json
322	28	3	7	29	23	1	3	1	1	rational	weight_322.json
322	28	3	2	29	23	1	4	1	1	rational	weight_322.json
322	28	3	0	29	44	1	5	1	1	rational	weight_322.json
322	28	3	44	29	23	1	6	1	1	rational	weight_322.json
322	28	3	19	29	23	1	7	1	1	rational	weight_322.json
322	28	3	14	29	9	1	8	1	1	rational	weight_322.json
322	28	3	14	29	9	1	9	1	1	rational	weight_322.json
322	28	3	9	29	23	1	10	1	1	rational	weight_322.json
322	28	3	47	29	23	1	11	1	1	rational	weight_322.json
322	28	3	42	29	23	1	12	1	1	rational	weight_322.json
322	28	3	0	29	44	1	13	1	1	rational	weight_322.json
322	28	3	47	29	23	1	14	1	1	rational	weight_322.json
322	28	3	21	29	2	1	15	1	1	rational	weight_322.json
322	28	3	35	29	9	1	16	1	1	rational	weight_322.json
322	28	3	28	29	2	1	17	1	1	rational	weight_322.json
322	28	3	21	29	2	1	18	1	1	rational	weight_322.json
322	28	3	30	29	23	1	19	1	1	rational	weight_322.json
322	28	3	35	29	9	1	20	1	1	rational	weight_322.json
322	28	3	44	29	23	1	21	1	1	rational	weight_322.json
322	28	3	5	29	23	1	22	1	1	rational	weight_322.json
322	28	3	40	29	23	1	23	1	1	rational	weight_322.json
322	28	3	19	29	23	1	24	1	1	rational	weight_322.json
322	28	3	5	29	23	1	25	1	1	rational	weight_322.json
322	28	3	28	29	2	1	26	1	1	rational	weight_322.json
324	30	3	34	29	30	1	1	1	1	rational	weight_324.json
324	30	3	8	29	30	1	2	1	1	rational	weight_324.json
324	30	3	28	29	30	1	3	1	1	rational	weight_324.json
324	30	3	15	29	30	1	4	1	1	rational	weight_324.json
324	30	3	43	29	30	1	5	1	1	rational	weight_324.json
324	30	3	21	29	30	1	6	1	1	rational	weight_324.json
324	30	3	42	29	16	1	7	1	1	rational	weight_324.json
324	30	3	7	29	16	1	8	1	1	rational	weight_324.json
324	30	3	15	29	30	1	9	1	1	rational	weight_324.json
324	30	3	6	29	30	1	10	1	1	rational	weight_324.json
324	30	3	7	29	16	1	11	1	1	rational	weight_324.json
324	30	3	21	29	30	1	12	1	1	rational	weight_324.json
324	30	3	41	29	30	1	13	1	1	rational	weight_324.json
324	30	3	41	29	30	1	14	1	1	rational	weight_324.json
324	30	3	0	29	2	1	15	1	1	rational	weight_324.json
324	30	3	8	29	30	1	16	1	1	rational	weight_324.json
324	30	3	35	29	9	1	17	1	1	rational	weight_324.json
324	30	3	43	29	30	1	18	1	1	rational	weight_324.json
324	30	3	14	29	9	1	19	1	1	rational	weight_324.json
324	30	3	22	29	30	1	20	1	1	rational	weight_324.json
324	30	3	35	29	9	1	21	1	1	rational	weight_324.json
324	30	3	28	29	30	1	22	1	1	rational	weight_324.json
324	30	3	14	29	9	1	23	1	1	rational	weight_324.json
324	30	3	0	29	2	1	24	1	1	rational	weight_324.json
324	30	3	34	29	30	1	25	1	1	rational	weight_324.json
324	30	3	42	29	16	1	26	1	1	rational	weight_324.json
324	30	3	27	29	30	1	27	1	1	rational	weight_324.json
326	32	3	17	29	37	1	1	1	1	rational	weight_326.json
326	32	3	4	29	37	1	2	1	1	rational	weight_326.json
326	32	3	32	29	37	1	3	1	1	rational	weight_326.json
326	32	3	14	29	9	1	4	1	1	rational	weight_326.json
326	32	3	11	29	37	1	5	1	1	rational	weight_326.json
326	32	3	35	29	9	1	6	1	1	rational	weight_326.json
326	32	3	0	29	30	1	7	1	1	rational	weight_326.json
326	32	3	32	29	37	1	8	1	1	rational	weight_326.json
326	32	3	4	29	37	1	9	1	1	rational	weight_326.json
326	32	3	28	29	44	1	10	1	1	rational	weight_326.json
326	32	3	0	29	30	1	11	1	1	rational	weight_326.json
326	32	3	3	29	37	1	12	1	1	rational	weight_326.json
326	32	3	35	29	9	1	13	1	1	rational	weight_326.json
326	32	3	3	29	37	1	14	1	1	rational	weight_326.json
326	32	3	42	29	37	1	15	1	1	rational	weight_326.json
326	32	3	21	29	44	1	16	1	1	rational	weight_326.json
326	32	3	45	29	37	1	17	1	1	rational	weight_326.json
326	32	3	28	29	44	1	18	1	1	rational	weight_326.json
326	32	3	45	29	37	1	19	1	1	rational	weight_326.json
326	32	3	42	29	37	1	20	1	1	rational	weight_326.json
326	32	3	17	29	37	1	21	1	1	rational	weight_326.json
326	32	3	38	29	37	1	22	1	1	rational	weight_326.json
326	32	3	14	29	9	1	23	1	1	rational	weight_326.json
326	32	3	46	29	37	1	24	1	1	rational	weight_326.json
326	32	3	7	29	37	1	25	1	2	rational	weight_326.json
328	34	3	14	29	44	1	1	1	1	rational	weight_328.json
328	34	3	7	29	9	1	2	1	1	rational	weight_328.json
328	34	3	12	29	44	1	3	1	1	rational	weight_328.json
328	34	3	28	29	37	1	4	1	1	rational	weight_328.json
328	34	3	12	29	44	1	5	1	1	rational	weight_328.json
328	34	3	42	29	9	1	6	1	1	rational	weight_328.json
328	34	3	5	29	44	1	7	1	1	rational	weight_328.json
328	34	3	37	29	44	1	8	1	1	rational	weight_328.json
328	34	3	35	29	44	1	9	1	1	rational	weight_328.json
328	34	3	42	29	9	1	10	1	1	rational	weight_328.json
328	34	3	0	29	30	1	11	1	1	rational	weight_328.json
328	34	3	19	29	44	1	12	1	1	rational	weight_328.json
328	34	3	21	29	37	1	13	1	1	rational	weight_328.json
328	34	3	0	29	30	1	14	1	1	rational	weight_328.json
328	34	3	7	29	9	1	15	1	1	rational	weight_328.json
328	34	3	19	29	44	1	16	1	1	rational	weight_328.json
328	34	3	21	29	37	1	17	1	1	rational	weight_328.json
328	34	3	33	29	44	1	18	1	1	rational	weight_328.json
328	34	3	16	29	44	1	19	1	1	rational	weight_328.json
328	34	3	37	29	44	1	20	1	1	rational	weight_328.json
328	34	3	30	29	44	1	21	1	1	rational	weight_328.json
328	34	3	35	29	44	1	22	1	1	rational	weight_328.json
328	34	3	33	29	44	1	23	1	1	rational	weight_328.json
328	34	3	44	29	44	1	24	1	1	rational	weight_328.json
328	34	3	28	29	37	1	25	1	1	rational	weight_328.json
328	34	3	30	29	44	1	26	1	1	rational	weight_328.json
328	34	3	16	29	44	1	27	1	1	rational	weight_328.json
330	36	3	13	29	2	1	1	1	1	rational	weight_330.json
330	36	3	42	29	16	1	2	1	1	rational	weight_330.json
330	36	3	14	29	9	1	3	1	1	rational	weight_330.json
330	36	3	0	29	2	1	4	1	1	rational	weight_330.json
330	36	3	28	29	30	1	5	1	1	rational	weight_330.json
330	36	3	21	29	30	1	6	1	1	rational	weight_330.json
330	36	3	0	29	2	1	7	1	1	rational	weight_330.json
330	36	3	8	29	2	1	8	1	1	rational	weight_330.json
330	36	3	22	29	2	1	9	1	1	rational	weight_330.json
330	36	3	7	29	16	1	10	1	1	rational	weight_330.json
330	36	3	8	29	2	1	11	1	1	rational	weight_330.json
330	36	3	27	29	2	1	12	1	1	rational	weight_330.json
330	36	3	14	29	9	1	13	1	1	rational	weight_330.json
330	36	3	7	29	16	1	14	1	1	rational	weight_330.json
330	36	3	20	29	2	1	15	1	1	rational	weight_330.json
330	36	3	27	29	2	1	16	1	1	rational	weight_330.json
330	36	3	41	29	2	1	17	1	1	rational	weight_330.json
330	36	3	42	29	16	1	18	1	1	rational	weight_330.json
330	36	3	21	29	30	1	19	1	1	rational	weight_330.json
330	36	3	28	29	30	1	20	1	1	rational	weight_330.json
330	36	3	29	29	2	1	21	1	1	rational	weight_330.json
330	36	3	29	29	2	1	22	1	1	rational	weight_330.json
330	36	3	36	29	2	1	23	1	1	rational	weight_330.json
330	36	3	22	29	2	1	24	1	1	rational	weight_330.json
330	36	3	41	29	2	1	25	1	1	rational	weight_330.json
330	36	3	35	29	9	1	26	1	2	rational	weight_330.json
332	38	3	35	29	23	1	1	1	1	rational	weight_332.json
332	38	3	46	29	9	1	2	1	1	rational	weight_332.json
332	38	3	14	29	23	1	3	1	1	rational	weight_332.json
332	38	3	4	29	9	1	4	1	1	rational	weight_332.json
332	38	3	42	29	2	1	5	1	1	rational	weight_332.json
332	38	3	39	29	9	1	6	1	1	rational	weight_332.json
332	38	3	46	29	9	1	7	1	1	rational	weight_332.json
332	38	3	21	29	9	1	8	1	1	rational	weight_332.json
332	38	3	14	29	23	1	9	1	1	rational	weight_332.json
332	38	3	35	29	23	1	10	1	1	rational	weight_332.json
332	38	3	45	29	9	1	11	1	1	rational	weight_332.json
332	38	3	39	29	9	1	12	1	1	rational	weight_332.json
332	38	3	24	29	9	1	13	1	1	rational	weight_332.json
332	38	3	7	29	2	1	14	1	1	rational	weight_332.json
332	38	3	25	29	9	1	15	1	1	rational	weight_332.json
332	38	3	3	29	9	1	16	1	1	rational	weight_332.json
332	38	3	0	29	44	1	17	1	1	rational	weight_332.json
332	38	3	7	29	2	1	18	1	1	rational	weight_332.json
332	38	3	3	29	9	1	19	1	1	rational	weight_332.json
332	38	3	10	29	9	1	20	1	1	rational	weight_332.json
332	38	3	10	29	9	1	21	1	1	rational	weight_332.json
332	38	3	21	29	9	1	22	1	1	rational	weight_332.json
332	38	3	42	29	2	1	23	1	1	rational	weight_332.json
332	38	3	28	29	9	1	24	1	1	rational	weight_332.json
332	38	3	24	29	9	1	25	1	1	rational	weight_332.json
332	38	3	28	29	9	1	26	1	1	rational	weight_332.json
332	38	3	0	29	44	1	27	1	1	rational	weight_332.json
334	40	3	0	29	9	1	1	1	1	rational	weight_334.json
334	40	3	40	29	16	1	2	1	1	rational	weight_334.json
334	40	3	30	29	16	1	3	1	1	rational	weight_334.json
334	40	3	2	29	16	1	4	1	1	rational	weight_334.json
334	40	3	30	29	16	1	5	1	1	rational	weight_334.json
334	40	3	28	29	16	1	6	1	1	rational	weight_334.json
334	40	3	2	29	16	1	7	1	1	rational	weight_334.json
334	40	3	14	29	23	1	8	1	1	rational	weight_334.json
334	40	3	19	29	16	1	9	1	1	rational	weight_334.json
334	40	3	47	29	16	1	10	1	1	rational	weight_334.json
334	40	3	5	29	16	1	11	1	1	rational	weight_334.json
334	40	3	9	29	16	1	12	1	1	rational	weight_334.json
334	40	3	28	29	16	1	13	1	1	rational	weight_334.json
334	40	3	0	29	9	1	14	1	1	rational	weight_334.json
334	40	3	5	29	16	1	15	1	1	rational	weight_334.json
334	40	3	42	29	37	1	16	1	1	rational	weight_334.json
334	40	3	14	29	23	1	17	1	1	rational	weight_334.json
334	40	3	47	29	16	1	18	1	1	rational	weight_334.json
334	40	3	21	29	16	1	19	1	1	rational	weight_334.json
334	40	3	19	29	16	1	20	1	1	rational	weight_334.json
334	40	3	44	29	16	1	21	1	1	rational	weight_334.json
334	40	3	42	29	37	1	22	1	1	rational	weight_334.json
334	40	3	35	29	23	1	23	1	1	rational	weight_334.json
334	40	3	35	29	23	1	24	1	1	rational	weight_334.json
334	40	3	7	29	37	1	25	1	1	rational	weight_334.json
334	40	3	44	29	16	1	26	1	1	rational	weight_334.json
334	40	3	7	29	37	1	27	1	1	rational	weight_334.json
336	0	3	48	29	23	1	1	1	1	rational	weight_336.json
336	0	3	21	29	23	1	2	1	1	rational	weight_336.json
336	0	3	0	29	44	1	3	1	1	rational	weight_336.json
336	0	3	13	29	23	1	4	1	1	rational	weight_336.json
336	0	3	13	29	23	1	5	1	1	rational	weight_336.json
336	0	3	8	29	23	1	6	1	1	rational	weight_336.json
336	0	3	1	29	23	1	7	1	1	rational	weight_336.json
336	0	3	7	29	9	1	8	1	1	rational	weight_336.json
336	0	3	1	29	23	1	9	1	1	rational	weight_336.json
336	0	3	41	29	23	1	10	1	1	rational	weight_336.json
336	0	3	21	29	23	1	11	1	1	rational	weight_336.json
336	0	3	14	29	2	1	12	1	1	rational	weight_336.json
336	0	3	0	29	44	1	13	1	1	rational	weight_336.json
336	0	3	15	29	23	1	14	1	1	rational	weight_336.json
336	0	3	48	29	23	1	15	1	1	rational	weight_336.json
336	0	3	41	29	23	1	16	1	1	rational	weight_336.json
336	0	3	28	29	23	1	17	1	1	rational	weight_336.json
336	0	3	36	29	23	1	18	1	1	rational	weight_336.json
336	0	3	42	29	9	1	19	1	1	rational	weight_336.json
336	0	3	36	29	23	1	20	1	1	rational	weight_336.json
336	0	3	14	29	2	1	21	1	1	rational	weight_336.json
336	0	3	7	29	9	1	22	1	1	rational	weight_336.json
336	0	3	34	29	23	1	23	1	1	rational	weight_336.json
336	0	3	42	29	9	1	24	1	1	rational	weight_336.json
336	0	3	28	29	23	1	25	1	1	rational	weight_336.json
336	0	3	8	29	23	1	26	1	1	rational	weight_336.json
336	0	3	35	29	2	1	27	1	2	rational	weight_336.json
338	2	3	46	29	30	1	1	1	1	rational	weight_338.json
338	2	3	21	29	16	1	2	1	1	rational	weight_338.json
338	2	3	3	29	30	1	3	1	1	rational	weight_338.json
338	2	3	24	29	30	1	4	1	1	rational	weight_338.json
338	2	3	25	29	30	1	5	1	1	rational	weight_338.json
338	2	3	21	29	16	1	6	1	1	rational	weight_338.json
338	2	3	25	29	30	1	7	1	1	rational	weight_338.json
338	2	3	3	29	30	1	8	1	1	rational	weight_338.json
338	2	3	35	29	30	1	9	1	1	rational	weight_338.json
338	2	3	35	29	30	1	10	1	1	rational	weight_338.json
338	2	3	39	29	30	1	11	1	1	rational	weight_338.json
338	2	3	14	29	30	1	12	1	1	rational	weight_338.json
338	2	3	28	29	16	1	13	1	1	rational	weight_338.json
338	2	3	14	29	30	1	14	1	1	rational	weight_338.json
338	2	3	10	29	30	1	15	1	1	rational	weight_338.json
338	2	3	46	29	30	1	16	1	1	rational	weight_338.json
338	2	3	0	29	2	1	17	1	1	rational	weight_338.json
338	2	3	10	29	30	1	18	1	1	rational	weight_338.json
338	2	3	24	29	30	1	19	1	1	rational	weight_338.json
338	2	3	42	29	9	1	20	1	1	rational	weight_338.json
338	2	3	0	29	2	1	21	1	1	rational	weight_338.json
338	2	3	42	29	9	1	22	1	1	rational	weight_338.json
338	2	3	39	29	30	1	23	1	1	rational	weight_338.json
338	2	3	45	29	30	1	24	1	1	rational	weight_338.json
338	2	3	28	29	16	1	25	1	1	rational	weight_338.json
338	2	3	7	29	9	1	26	1	2	rational	weight_338.json
340	4	3	5	29	37	1	1	1	1	rational	weight_340.json
340	4	3	7	29	9	1	2	1	1	rational	weight_340.json
340	4	3	12	29	37	1	3	1	1	rational	weight_340.json
340	4	3	44	29	37	1	4	1	1	rational	weight_340.json
340	4	3	7	29	9	1	5	1	1	rational	weight_340.json
340	4	3	47	29	37	1	6	1	1	rational	weight_340.json
340	4	3	26	29	37	1	7	1	1	rational	weight_340.json
340	4	3	5	29	37	1	8	1	1	rational	weight_340.json
340	4	3	26	29	37	1	9	1	1	rational	weight_340.json
340	4	3	21	29	37	1	10	1	1	rational	weight_340.json
340	4	3	35	29	44	1	11	1	1	rational	weight_340.json
340	4	3	28	29	37	1	12	1	1	rational	weight_340.json
340	4	3	21	29	37	1	13	1	1	rational	weight_340.json
340	4	3	23	29	37	1	14	1	1	rational	weight_340.json
340	4	3	42	29	9	1	15	1	1	rational	weight_340.json
340	4	3	23	29	37	1	16	1	1	rational	weight_340.json
340	4	3	14	29	44	1	17	1	1	rational	weight_340.json
340	4	3	44	29	37	1	18	1	1	rational	weight_340.json
340	4	3	42	29	9	1	19	1	1	rational	weight_340.json
340	4	3	2	29	37	1	20	1	1	rational	weight_340.json
340	4	3	37	29	37	1	21	1	1	rational	weight_340.json
340	4	3	0	29	30	1	22	1	1	rational	weight_340.json
340	4	3	12	29	37	1	23	1	1	rational	weight_340.json
340	4	3	14	29	44	1	24	1	1	rational	weight_340.json
340	4	3	37	29	37	1	25	1	1	rational	weight_340.json
340	4	3	0	29	30	1	26	1	1	rational	weight_340.json
340	4	3	28	29	37	1	27	1	1	rational	weight_340.json
340	4	3	35	29	44	1	28	1	1	rational	weight_340.json
342	6	3	7	29	44	1	1	1	1	rational	weight_342.json
342	6	3	14	29	37	1	2	1	1	rational	weight_342.json
342	6	3	28	29	9	1	3	1	1	rational	weight_342.json
342	6	3	14	29	37	1	4	1	1	rational	weight_342.json
342	6	3	20	29	44	1	5	1	1	rational	weight_342.json
342	6	3	1	29	44	1	6	1	1	rational	weight_342.json
342	6	3	6	29	44	1	7	1	1	rational	weight_342.json
342	6	3	21	29	9	1	8	1	1	rational	weight_342.json
342	6	3	7	29	44	1	9	1	1	rational	weight_342.json
342	6	3	42	29	44	1	10	1	1	rational	weight_342.json
342	6	3	6	29	44	1	11	1	1	rational	weight_342.json
342	6	3	42	29	44	1	12	1	1	rational	weight_342.json
342	6	3	29	29	44	1	13	1	1	rational	weight_342.json
342	6	3	0	29	30	1	14	1	1	rational	weight_342.json
342	6	3	0	29	30	1	15	1	1	rational	weight_342.json
342	6	3	20	29	44	1	16	1	1	rational	weight_342.json
342	6	3	8	29	44	1	17	1	1	rational	weight_342.json
342	6	3	43	29	44	1	18	1	1	rational	weight_342.json
342	6	3	21	29	9	1	19	1	1	rational	weight_342.json
342	6	3	1	29	44	1	20	1	1	rational	weight_342.json
342	6	3	43	29	44	1	21	1	1	rational	weight_342.json
342	6	3	41	29	44	1	22	1	1	rational	weight_342.json
342	6	3	35	29	37	1	23	1	1	rational	weight_342.json
342	6	3	28	29	9	1	24	1	1	rational	weight_342.json
342	6	3	48	29	44	1	25	1	1	rational	weight_342.json
342	6	3	29	29	44	1	26	1	1	rational	weight_342.json
342	6	3	35	29	37	1	27	1	1	rational	weight_342.json
342	6	3	48	29	44	1	28	1	1	rational	weight_342.json
344	8	3	11	29	2	1	1	1	1	rational	weight_344.json
344	8	3	28	29	16	1	2	1	1	rational	weight_344.json
344	8	3	45	29	2	1	3	1	1	rational	weight_344.json
344	8	3	46	29	2	1	4	1	1	rational	weight_344.json
344	8	3	4	29	2	1	5	1	1	rational	weight_344.json
344	8	3	21	29	16	1	6	1	1	rational	weight_344.json
344	8	3	32	29	2	1	7	1	1	rational	weight_344.json
344	8	3	46	29	2	1	8	1	1	rational	weight_344.json
344	8	3	17	29	2	1	9	1	1	rational	weight_344.json
344	8	3	35	29	30	1	10	1	1	rational	weight_344.json
344	8	3	0	29	2	1	11	1	1	rational	weight_344.json
344	8	3	32	29	2	1	12	1	1	rational	weight_344.json
344	8	3	3	29	2	1	13	1	1	rational	weight_344.json
344	8	3	4	29	2	1	14	1	1	rational	weight_344.json
344	8	3	14	29	30	1	15	1	1	rational	weight_344.json
344	8	3	21	29	16	1	16	1	1	rational	weight_344.json
344	8	3	14	29	30	1	17	1	1	rational	weight_344.json
344	8	3	45	29	2	1	18	1	1	rational	weight_344.json
344	8	3	17	29	2	1	19	1	1	rational	weight_344.json
344	8	3	35	29	30	1	20	1	1	rational	weight_344.json
344	8	3	38	29	2	1	21	1	1	rational	weight_344.json
344	8	3	42	29	9	1	22	1	1	rational	weight_344.json
344	8	3	3	29	2	1	23	1	1	rational	weight_344.json
344	8	3	28	29	16	1	24	1	1	rational	weight_344.json
344	8	3	0	29	2	1	25	1	1	rational	weight_344.json
344	8	3	42	29	9	1	26	1	1	rational	weight_344.json
344	8	3	7	29	9	1	27	1	2	rational	weight_344.json
346	10	3	40	29	9	1	1	1	1	rational	weight_346.json
346	10	3	9	29	9	1	2	1	1	rational	weight_346.json
346	10	3	33	29	9	1	3	1	1	rational	weight_346.json
346	10	3	40	29	9	1	4	1	1	rational	weight_346.json
346	10	3	7	29	23	1	5	1	1	rational	weight_346.json
346	10	3	26	29	9	1	6	1	1	rational	weight_346.json
346	10	3	9	29	9	1	7	1	1	rational	weight_346.json
346	10	3	16	29	9	1	8	1	1	rational	weight_346.json
346	10	3	35	29	9	1	9	1	1	rational	weight_346.json
346	10	3	14	29	9	1	10	1	1	rational	weight_346.json
346	10	3	7	29	23	1	11	1	1	rational	weight_346.json
346	10	3	33	29	9	1	12	1	1	rational	weight_346.json
346	10	3	42	29	23	1	13	1	1	rational	weight_346.json
346	10	3	16	29	9	1	14	1	1	rational	weight_346.json
346	10	3	28	29	2	1	15	1	1	rational	weight_346.json
346	10	3	5	29	9	1	16	1	1	rational	weight_346.json
346	10	3	35	29	9	1	17	1	1	rational	weight_346.json
346	10	3	42	29	23	1	18	1	1	rational	weight_346.json
346	10	3	0	29	44	1	19	1	1	rational	weight_346.json
346	10	3	44	29	9	1	20	1	1	rational	weight_346.json
346	10	3	23	29	9	1	21	1	1	rational	weight_346.json
346	10	3	28	29	2	1	22	1	1	rational	weight_346.json
346	10	3	21	29	2	1	23	1	1	rational	weight_346.json
346	10	3	5	29	9	1	24	1	1	rational	weight_346.json
346	10	3	44	29	9	1	25	1	1	rational	weight_346.json
346	10	3	14	29	9	1	26	1	1	rational	weight_346.json
346	10	3	0	29	44	1	27	1	1	rational	weight_346.json
346	10	3	21	29	2	1	28	1	1	rational	weight_346.json
348	12	3	48	29	16	1	1	1	1	rational	weight_348.json
348	12	3	34	29	16	1	2	1	1	rational	weight_348.json
348	12	3	48	29	16	1	3	1	1	rational	weight_348.json
348	12	3	7	29	23	1	4	1	1	rational	weight_348.json
348	12	3	1	29	16	1	5	1	1	rational	weight_348.json
348	12	3	14	29	16	1	6	1	1	rational	weight_348.json
348	12	3	8	29	16	1	7	1	1	rational	weight_348.json
348	12	3	36	29	16	1	8	1	1	rational	weight_348.json
348	12	3	7	29	23	1	9	1	1	rational	weight_348.json
348	12	3	41	29	16	1	10	1	1	rational	weight_348.json
348	12	3	7	29	23	1	11	1	1	rational	weight_348.json
348	12	3	14	29	16	1	12	1	1	rational	weight_348.json
348	12	3	15	29	16	1	13	1	1	rational	weight_348.json
348	12	3	13	29	16	1	14	1	1	rational	weight_348.json
348	12	3	21	29	37	1	15	1	1	rational	weight_348.json
348	12	3	42	29	23	1	16	1	1	rational	weight_348.json
348	12	3	41	29	16	1	17	1	1	rational	weight_348.json
348	12	3	28	29	37	1	18	1	1	rational	weight_348.json
348	12	3	8	29	16	1	19	1	1	rational	weight_348.json
348	12	3	35	29	16	1	20	1	1	rational	weight_348.json
348	12	3	1	29	16	1	21	1	1	rational	weight_348.json
348	12	3	35	29	16	1	22	1	1	rational	weight_348.json
348	12	3	0	29	9	1	23	1	1	rational	weight_348.json
348	12	3	42	29	23	1	24	1	1	rational	weight_348.json
348	12	3	36	29	16	1	25	1	1	rational	weight_348.json
348	12	3	0	29	9	1	26	1	1	rational	weight_348.json
348	12	3	21	29	37	1	27	1	1	rational	weight_348.json
348	12	3	13	29	16	1	28	1	1	rational	weight_348.json
348	12	3	28	29	37	1	29	1	1	rational	weight_348.json
350	14	3	35	29	23	1	1	1	1	rational	weight_350.json
350	14	3	24	29	23	1	2	1	1	rational	weight_350.json
350	14	3	35	29	23	1	3	1	1	rational	weight_350.json
350	14	3	28	29	9	1	4	1	1	rational	weight_350.json
350	14	3	46	29	23	1	5	1	1	rational	weight_350.json
350	14	3	18	29	23	1	6	1	1	rational	weight_350.json
350	14	3	42	29	2	1	7	1	1	rational	weight_350.json
350	14	3	21	29	9	1	8	1	1	rational	weight_350.json
350	14	3	28	29	9	1	9	1	1	rational	weight_350.json
350	14	3	21	29	9	1	10	1	1	rational	weight_350.json
350	14	3	42	29	2	1	11	1	1	rational	weight_350.json
350	14	3	18	29	23	1	12	1	1	rational	weight_350.json
350	14	3	11	29	23	1	13	1	1	rational	weight_350.json
350	14	3	46	29	23	1	14	1	1	rational	weight_350.json
350	14	3	14	29	23	1	15	1	1	rational	weight_350.json
350	14	3	31	29	23	1	16	1	1	rational	weight_350.json
350	14	3	11	29	23	1	17	1	1	rational	weight_350.json
350	14	3	0	29	44	1	18	1	1	rational	weight_350.json
350	14	3	38	29	23	1	19	1	1	rational	weight_350.json
350	14	3	25	29	23	1	20	1	1	rational	weight_350.json
350	14	3	31	29	23	1	21	1	1	rational	weight_350.json
350	14	3	3	29	23	1	22	1	1	rational	weight_350.json
350	14	3	0	29	44	1	23	1	1	rational	weight_350.json
350	14	3	38	29	23	1	24	1	1	rational	weight_350.json
350	14	3	14	29	23	1	25	1	1	rational	weight_350.json
350	14	3	3	29	23	1	26	1	1	rational	weight_350.json
350	14	3	7	29	2	1	27	1	2	rational	weight_350.json
352	16	3	42	29	30	1	1	1	1	rational	weight_352.json
352	16	3	9	29	30	1	2	1	1	rational	weight_352.json
352	16	3	35	29	16	1	3	1	1	rational	weight_352.json
352	16	3	33	29	30	1	4	1	1	rational	weight_352.json
352	16	3	7	29	30	1	5	1	1	rational	weight_352.json
352	16	3	40	29	30	1	6	1	1	rational	weight_352.json
352	16	3	44	29	30	1	7	1	1	rational	weight_352.json
352	16	3	26	29	30	1	8	1	1	rational	weight_352.json
352	16	3	44	29	30	1	9	1	1	rational	weight_352.json
352	16	3	23	29	30	1	10	1	1	rational	weight_352.json
352	16	3	28	29	9	1	11	1	1	rational	weight_352.json
352	16	3	5	29	30	1	12	1	1	rational	weight_352.json
352	16	3	5	29	30	1	13	1	1	rational	weight_352.json
352	16	3	28	29	9	1	14	1	1	rational	weight_352.json
352	16	3	0	29	2	1	15	1	1	rational	weight_352.json
352	16	3	7	29	30	1	16	1	1	rational	weight_352.json
352	16	3	33	29	30	1	17	1	1	rational	weight_352.json
352	16	3	35	29	16	1	18	1	1	rational	weight_352.json
352	16	3	0	29	2	1	19	1	1	rational	weight_352.json
352	16	3	14	29	16	1	20	1	1	rational	weight_352.json
352	16	3	16	29	30	1	21	1	1	rational	weight_352.json
352	16	3	42	29	30	1	22	1	1	rational	weight_352.json
352	16	3	14	29	16	1	23	1	1	rational	weight_352.json
352	16	3	40	29	30	1	24	1	1	rational	weight_352.json
352	16	3	16	29	30	1	25	1	1	rational	weight_352.json
352	16	3	9	29	30	1	26	1	1	rational	weight_352.json
352	16	3	33	29	30	1	27	1	1	rational	weight_352.json
352	16	3	21	29	9	1	28	1	2	rational	weight_352.json
354	18	3	22	29	37	1	1	1	1	rational	weight_354.json
354	18	3	29	29	37	1	2	1	1	rational	weight_354.json
354	18	3	29	29	37	1	3	1	1	rational	weight_354.json
354	18	3	21	29	9	1	4	1	1	rational	weight_354.json
354	18	3	35	29	37	1	5	1	1	rational	weight_354.json
354	18	3	0	29	30	1	6	1	1	rational	weight_354.json
354	18	3	42	29	44	1	7	1	1	rational	weight_354.json
354	18	3	28	29	9	1	8	1	1	rational	weight_354.json
354	18	3	14	29	37	1	9	1	1	rational	weight_354.json
354	18	3	8	29	37	1	10	1	1	rational	weight_354.json
354	18	3	41	29	37	1	11	1	1	rational	weight_354.json
354	18	3	27	29	37	1	12	1	1	rational	weight_354.json
354	18	3	35	29	37	1	13	1	1	rational	weight_354.json
354	18	3	20	29	37	1	14	1	1	rational	weight_354.json
354	18	3	28	29	9	1	15	1	1	rational	weight_354.json
354	18	3	42	29	44	1	16	1	1	rational	weight_354.json
354	18	3	0	29	30	1	17	1	1	rational	weight_354.json
354	18	3	7	29	44	1	18	1	1	rational	weight_354.json
354	18	3	7	29	44	1	19	1	1	rational	weight_354.json
354	18	3	20	29	37	1	20	1	1	rational	weight_354.json
354	18	3	41	29	37	1	21	1	1	rational	weight_354.json
354	18	3	8	29	37	1	22	1	1	rational	weight_354.json
354	18	3	27	29	37	1	23	1	1	rational	weight_354.json
354	18	3	36	29	37	1	24	1	1	rational	weight_354.json
354	18	3	22	29	37	1	25	1	1	rational	weight_354.json
354	18	3	28	29	9	1	26	1	1	rational	weight_354.json
354	18	3	14	29	37	1	27	1	1	rational	weight_354.json
354	18	3	21	29	9	1	28	1	1	rational	weight_354.json
354	18	3	13	29	37	1	29	1	1	rational	weight_354.json
356	20	3	10	29	44	1	1	1	1	rational	weight_356.json
356	20	3	3	29	44	1	2	1	1	rational	weight_356.json
356	20	3	31	29	44	1	3	1	1	rational	weight_356.json
356	20	3	28	29	44	1	4	1	1	rational	weight_356.json
356	20	3	42	29	37	1	5	1	1	rational	weight_356.json
356	20	3	46	29	44	1	6	1	1	rational	weight_356.json
356	20	3	21	29	44	1	7	1	1	rational	weight_356.json
356	20	3	32	29	44	1	8	1	1	rational	weight_356.json
356	20	3	39	29	44	1	9	1	1	rational	weight_356.json
356	20	3	18	29	44	1	10	1	1	rational	weight_356.json
356	20	3	14	29	9	1	11	1	1	rational	weight_356.json
356	20	3	7	29	37	1	12	1	1	rational	weight_356.json
356	20	3	35	29	9	1	13	1	1	rational	weight_356.json
356	20	3	39	29	44	1	14	1	1	rational	weight_356.json
356	20	3	17	29	44	1	15	1	1	rational	weight_356.json
356	20	3	28	29	44	1	16	1	1	rational	weight_356.json
356	20	3	7	29	37	1	17	1	1	rational	weight_356.json
356	20	3	0	29	30	1	18	1	1	rational	weight_356.json
356	20	3	10	29	44	1	19	1	1	rational	weight_356.json
356	20	3	35	29	9	1	20	1	1	rational	weight_356.json
356	20	3	14	29	9	1	21	1	1	rational	weight_356.json
356	20	3	0	29	30	1	22	1	1	rational	weight_356.json
356	20	3	42	29	37	1	23	1	1	rational	weight_356.json
356	20	3	18	29	44	1	24	1	1	rational	weight_356.json
356	20	3	31	29	44	1	25	1	1	rational	weight_356.json
356	20	3	17	29	44	1	26	1	1	rational	weight_356.json
356	20	3	32	29	44	1	27	1	1	rational	weight_356.json
356	20	3	21	29	44	1	28	1	1	rational	weight_356.json
356	20	3	35	29	9	1	29	1	1	rational	weight_356.json
358	22	3	7	29	30	1	1	1	1	rational	weight_358.json
358	22	3	42	29	30	1	2	1	1	rational	weight_358.json
358	22	3	12	29	2	1	3	1	1	rational	weight_358.json
358	22	3	0	29	2	1	4	1	1	rational	weight_358.json
358	22	3	14	29	16	1	5	1	1	rational	weight_358.json
358	22	3	47	29	2	1	6	1	1	rational	weight_358.json
358	22	3	5	29	2	1	7	1	1	rational	weight_358.json
358	22	3	23	29	2	1	8	1	1	rational	weight_358.json
358	22	3	44	29	2	1	9	1	1	rational	weight_358.json
358	22	3	12	29	2	1	10	1	1	rational	weight_358.json
358	22	3	7	29	30	1	11	1	1	rational	weight_358.json
358	22	3	35	29	16	1	12	1	1	rational	weight_358.json
358	22	3	26	29	2	1	13	1	1	rational	weight_358.json
358	22	3	37	29	2	1	14	1	1	rational	weight_358.json
358	22	3	23	29	2	1	15	1	1	rational	weight_358.json
358	22	3	42	29	30	1	16	1	1	rational	weight_358.json
358	22	3	26	29	2	1	17	1	1	rational	weight_358.json
358	22	3	28	29	9	1	18	1	1	rational	weight_358.json
358	22	3	2	29	2	1	19	1	1	rational	weight_358.json
358	22	3	44	29	2	1	20	1	1	rational	weight_358.json
358	22	3	14	29	16	1	21	1	1	rational	weight_358.json
358	22	3	0	29	2	1	22	1	1	rational	weight_358.json
358	22	3	37	29	2	1	23	1	1	rational	weight_358.json
358	22	3	5	29	2	1	24	1	1	rational	weight_358.json
358	22	3	28	29	9	1	25	1	1	rational	weight_358.json
358	22	3	26	29	2	1	26	1	1	rational	weight_358.json
358	22	3	35	29	16	1	27	1	1	rational	weight_358.json
358	22	3	21	29	9	1	28	1	2	rational	weight_358.json
360	24	3	42	29	9	1	1	1	1	rational	weight_360.json
360	24	3	8	29	9	1	2	1	1	rational	weight_360.json
360	24	3	28	29	23	1	3	1	1	rational	weight_360.json
360	24	3	34	29	9	1	4	1	1	rational	weight_360.json
360	24	3	35	29	2	1	5	1	1	rational	weight_360.json
360	24	3	0	29	44	1	6	1	1	rational	weight_360.json
360	24	3	14	29	2	1	7	1	1	rational	weight_360.json
360	24	3	43	29	9	1	8	1	1	rational	weight_360.json
360	24	3	28	29	23	1	9	1	1	rational	weight_360.json
360	24	3	7	29	9	1	10	1	1	rational	weight_360.json
360	24	3	8	29	9	1	11	1	1	rational	weight_360.json
360	24	3	43	29	9	1	12	1	1	rational	weight_360.json
360	24	3	42	29	9	1	13	1	1	rational	weight_360.json
360	24	3	41	29	9	1	14	1	1	rational	weight_360.json
360	24	3	21	29	23	1	15	1	1	rational	weight_360.json
360	24	3	21	29	23	1	16	1	1	rational	weight_360.json
360	24	3	0	29	44	1	17	1	1	rational	weight_360.json
360	24	3	22	29	9	1	18	1	1	rational	weight_360.json
360	24	3	6	29	9	1	19	1	1	rational	weight_360.json
360	24	3	27	29	9	1	20	1	1	rational	weight_360.json
360	24	3	15	29	9	1	21	1	1	rational	weight_360.json
360	24	3	7	29	9	1	22	1	1	rational	weight_360.json
360	24	3	41	29	9	1	23	1	1	rational	weight_360.json
360	24	3	14	29	2	1	24	1	1	rational	weight_360.json
360	24	3	34	29	9	1	25	1	1	rational	weight_360.json
360	24	3	0	29	44	1	26	1	1	rational	weight_360.json
360	24	3	6	29	9	1	27	1	1	rational	weight_360.json
360	24	3	8	29	9	1	28	1	1	rational	weight_360.json
360	24	3	35	29	2	1	29	1	1	rational	weight_360.json
360	24	3	15	29	9	1	30	1	1	rational	weight_360.json
362	26	3	21	29	23	1	1	1	1	rational	weight_362.json
362	26	3	38	29	16	1	2	1	1	rational	weight_362.json
362	26	3	3	29	16	1	3	1	1	rational	weight_362.json
362	26	3	31	29	16	1	4	1	1	rational	weight_362.json
362	26	3	3	29	16	1	5	1	1	rational	weight_362.json
362	26	3	11	29	16	1	6	1	1	rational	weight_362.json
362	26	3	35	29	37	1	7	1	1	rational	weight_362.json
362	26	3	38	29	16	1	8	1	1	rational	weight_362.json
362	26	3	35	29	37	1	9	1	1	rational	weight_362.json
362	26	3	14	29	37	1	10	1	1	rational	weight_362.json
362	26	3	11	29	16	1	11	1	1	rational	weight_362.json
362	26	3	28	29	23	1	12	1	1	rational	weight_362.json
362	26	3	18	29	16	1	13	1	1	rational	weight_362.json
362	26	3	14	29	37	1	14	1	1	rational	weight_362.json
362	26	3	25	29	16	1	15	1	1	rational	weight_362.json
362	26	3	0	29	9	1	16	1	1	rational	weight_362.json
362	26	3	46	29	16	1	17	1	1	rational	weight_362.json
362	26	3	46	29	16	1	18	1	1	rational	weight_362.json
362	26	3	24	29	16	1	19	1	1	rational	weight_362.json
362	26	3	42	29	16	1	20	1	1	rational	weight_362.json
362	26	3	28	29	23	1	21	1	1	rational	weight_362.json
362	26	3	21	29	23	1	22	1	1	rational	weight_362.json
362	26	3	0	29	9	1	23	1	1	rational	weight_362.json
362	26	3	0	29	9	1	24	1	1	rational	weight_362.json
362	26	3	18	29	16	1	25	1	1	rational	weight_362.json
362	26	3	42	29	16	1	26	1	1	rational	weight_362.json
362	26	3	31	29	16	1	27	1	1	rational	weight_362.json
362	26	3	7	29	16	1	28	1	2	rational	weight_362.json
364	28	3	19	29	23	1	1	1	1	rational	weight_364.json
364	28	3	19	29	23	1	2	1	1	rational	weight_364.json
364	28	3	5	29	23	1	3	1	1	rational	weight_364.json
364	28	3	28	29	2	1	4	1	1	rational	weight_364.json
364	28	3	42	29	23	1	5	1	1	rational	weight_364.json
364	28	3	2	29	23	1	6	1	1	rational	weight_364.json
364	28	3	30	29	23	1	7	1	1	rational	weight_364.json
364	28	3	14	29	9	1	8	1	1	rational	weight_364.json
364	28	3	14	29	9	1	9	1	1	rational	weight_364.json
364	28	3	21	29	2	1	10	1	1	rational	weight_364.json
364	28	3	40	29	23	1	11	1	1	rational	weight_364.json
364	28	3	44	29	23	1	12	1	1	rational	weight_364.json
364	28	3	9	29	23	1	13	1	1	rational	weight_364.json
364	28	3	0	29	44	1	14	1	1	rational	weight_364.json
364	28	3	35	29	9	1	15	1	1	rational	weight_364.json
364	28	3	0	29	44	1	16	1	1	rational	weight_364.json
364	28	3	35	29	9	1	17	1	1	rational	weight_364.json
364	28	3	5	29	23	1	18	1	1	rational	weight_364.json
364	28	3	47	29	23	1	19	1	1	rational	weight_364.json
364	28	3	2	29	23	1	20	1	1	rational	weight_364.json
364	28	3	7	29	23	1	21	1	1	rational	weight_364.json
364	28	3	19	29	23	1	22	1	1	rational	weight_364.json
364	28	3	28	29	2	1	23	1	1	rational	weight_364.json
364	28	3	7	29	23	1	24	1	1	rational	weight_364.json
364	28	3	44	29	23	1	25	1	1	rational	weight_364.json
364	28	3	21	29	2	1	26	1	1	rational	weight_364.json
364	28	3	47	29	23	1	27	1	1	rational	weight_364.json
364	28	3	30	29	23	1	28	1	1	rational	weight_364.json
364	28	3	0	29	44	1	29	1	1	rational	weight_364.json
364	28	3	42	29	23	1	30	1	1	rational	weight_364.json
366	30	3	43	29	30	1	1	1	1	rational	weight_366.json
366	30	3	7	29	16	1	2	1	1	rational	weight_366.json
366	30	3	8	29	30	1	3	1	1	rational	weight_366.json
366	30	3	28	29	30	1	4	1	1	rational	weight_366.json
366	30	3	0	29	2	1	5	1	1	rational	weight_366.json
366	30	3	27	29	30	1	6	1	1	rational	weight_366.json
366	30	3	35	29	9	1	7	1	1	rational	weight_366.json
366	30	3	41	29	30	1	8	1	1	rational	weight_366.json
366	30	3	8	29	30	1	9	1	1	rational	weight_366.json
366	30	3	21	29	30	1	10	1	1	rational	weight_366.json
366	30	3	6	29	30	1	11	1	1	rational	weight_366.json
366	30	3	42	29	16	1	12	1	1	rational	weight_366.json
366	30	3	0	29	2	1	13	1	1	rational	weight_366.json
366	30	3	34	29	30	1	14	1	1	rational	weight_366.json
366	30	3	28	29	30	1	15	1	1	rational	weight_366.json
366	30	3	14	29	9	1	16	1	1	rational	weight_366.json
366	30	3	15	29	30	1	17	1	1	rational	weight_366.json
366	30	3	14	29	9	1	18	1	1	rational	weight_366.json
366	30	3	43	29	30	1	19	1	1	rational	weight_366.json
366	30	3	22	29	30	1	20	1	1	rational	weight_366.json
366	30	3	35	29	9	1	21	1	1	rational	weight_366.json
366	30	3	41	29	30	1	22	1	1	rational	weight_366.json
366	30	3	6	29	30	1	23	1	1	rational	weight_366.json
366	30	3	34	29	30	1	24	1	1	rational	weight_366.json
366	30	3	8	29	30	1	25	1	1	rational	weight_366.json
366	30	3	21	29	30	1	26	1	1	rational	weight_366.json
366	30	3	15	29	30	1	27	1	1	rational	weight_366.json
366	30	3	21	29	30	1	28	1	1	rational	weight_366.json
366	30	3	42	29	16	1	29	1	1	rational	weight_366.json
366	30	3	7	29	16	1	30	1	1	rational	weight_366.json
368	32	3	32	29	37	1	1	1	1	rational	weight_368.json
368	32	3	3	29	37	1	2	1	1	rational	weight_368.json
368	32	3	35	29	9	1	3	1	1	rational	weight_368.json
368	32	3	17	29	37	1	4	1	1	rational	weight_368.json
368	32	3	4	29	37	1	5	1	1	rational	weight_368.json
368	32	3	4	29	37	1	6	1	1	rational	weight_368.json
368	32	3	21	29	44	1	7	1	1	rational	weight_368.json
368	32	3	14	29	9	1	8	1	1	rational	weight_368.json
368	32	3	17	29	37	1	9	1	1	rational	weight_368.json
368	32	3	28	29	44	1	10	1	1	rational	weight_368.json
368	32	3	7	29	37	1	11	1	1	rational	weight_368.json
368	32	3	45	29	37	1	12	1	1	rational	weight_368.json
368	32	3	21	29	44	1	13	1	1	rational	weight_368.json
368	32	3	0	29	30	1	14	1	1	rational	weight_368.json
368	32	3	35	29	9	1	15	1	1	rational	weight_368.json
368	32	3	38	29	37	1	16	1	1	rational	weight_368.json
368	32	3	3	29	37	1	17	1	1	rational	weight_368.json
368	32	3	11	29	37	1	18	1	1	rational	weight_368.json
368	32	3	46	29	37	1	19	1	1	rational	weight_368.json
368	32	3	14	29	9	1	20	1	1	rational	weight_368.json
368	32	3	28	29	44	1	21	1	1	rational	weight_368.json
368	32	3	7	29	37	1	22	1	1	rational	weight_368.json
368	32	3	0	29	30	1	23	1	1	rational	weight_368.json
368	32	3	32	29	37	1	24	1	1	rational	weight_368.json
368	32	3	45	29	37	1	25	1	1	rational	weight_368.json
368	32	3	14	29	9	1	26	1	1	rational	weight_368.json
368	32	3	46	29	37	1	27	1	1	rational	weight_368.json
368	32	3	45	29	37	1	28	1	1	rational	weight_368.json
368	32	3	42	29	37	1	29	1	2	rational	weight_368.json
370	34	3	14	29	44	1	1	1	1	rational	weight_370.json
370	34	3	12	29	44	1	2	1	1	rational	weight_370.json
370	34	3	42	29	9	1	3	1	1	rational	weight_370.json
370	34	3	33	29	44	1	4	1	1	rational	weight_370.json
370	34	3	28	29	37	1	5	1	1	rational	weight_370.json
370	34	3	16	29	44	1	6	1	1	rational	weight_370.json
370	34	3	30	29	44	1	7	1	1	rational	weight_370.json
370	34	3	7	29	9	1	8	1	1	rational	weight_370.json
370	34	3	19	29	44	1	9	1	1	rational	weight_370.json
370	34	3	21	29	37	1	10	1	1	rational	weight_370.json
370	34	3	37	29	44	1	11	1	1	rational	weight_370.json
370	34	3	30	29	44	1	12	1	1	rational	weight_370.json
370	34	3	33	29	44	1	13	1	1	rational	weight_370.json
370	34	3	28	29	37	1	14	1	1	rational	weight_370.json
370	34	3	19	29	44	1	15	1	1	rational	weight_370.json
370	34	3	35	29	44	1	16	1	1	rational	weight_370.json
370	34	3	16	29	44	1	17	1	1	rational	weight_370.json
370	34	3	0	29	30	1	18	1	1	rational	weight_370.json
370	34	3	21	29	37	1	19	1	1	rational	weight_370.json
370	34	3	12	29	44	1	20	1	1	rational	weight_370.json
370	34	3	42	29	9	1	21	1	1	rational	weight_370.json
370	34	3	0	29	30	1	22	1	1	rational	weight_370.json
370	34	3	44	29	44	1	23	1	1	rational	weight_370.json
370	34	3	14	29	44	1	24	1	1	rational	weight_370.json
370	34	3	35	29	44	1	25	1	1	rational	weight_370.json
370	34	3	5	29	44	1	26	1	1	rational	weight_370.json
370	34	3	7	29	9	1	27	1	1	rational	weight_370.json
370	34	3	42	29	9	1	28	1	1	rational	weight_370.json
370	34	3	37	29	44	1	29	1	1	rational	weight_370.json
370	34	3	12	29	44	1	30	1	1	rational	weight_370.json
372	36	3	36	29	2	1	1	1	1	rational	weight_372.json
372	36	3	22	29	2	1	2	1	1	rational	weight_372.json
372	36	3	42	29	16	1	3	1	1	rational	weight_372.json
372	36	3	7	29	16	1	4	1	1	rational	weight_372.json
372	36	3	20	29	2	1	5	1	1	rational	weight_372.json
372	36	3	29	29	2	1	6	1	1	rational	weight_372.json
372	36	3	35	29	9	1	7	1	1	rational	weight_372.json
372	36	3	41	29	2	1	8	1	1	rational	weight_372.json
372	36	3	22	29	2	1	9	1	1	rational	weight_372.json
372	36	3	13	29	2	1	10	1	1	rational	weight_372.json
372	36	3	28	29	30	1	11	1	1	rational	weight_372.json
372	36	3	20	29	2	1	12	1	1	rational	weight_372.json
372	36	3	0	29	2	1	13	1	1	rational	weight_372.json
372	36	3	41	29	2	1	14	1	1	rational	weight_372.json
372	36	3	27	29	2	1	15	1	1	rational	weight_372.json
372	36	3	42	29	16	1	16	1	1	rational	weight_372.json
372	36	3	21	29	30	1	17	1	1	rational	weight_372.json
372	36	3	8	29	2	1	18	1	1	rational	weight_372.json
372	36	3	28	29	30	1	19	1	1	rational	weight_372.json
372	36	3	42	29	16	1	20	1	1	rational	weight_372.json
372	36	3	21	29	30	1	21	1	1	rational	weight_372.json
372	36	3	8	29	2	1	22	1	1	rational	weight_372.json
372	36	3	0	29	2	1	23	1	1	rational	weight_372.json
372	36	3	35	29	9	1	24	1	1	rational	weight_372.json
372	36	3	28	29	30	1	25	1	1	rational	weight_372.json
372	36	3	7	29	16	1	26	1	1	rational	weight_372.json
372	36	3	29	29	2	1	27	1	1	rational	weight_372.json
372	36	3	8	29	2	1	28	1	1	rational	weight_372.json
372	36	3	27	29	2	1	29	1	1	rational	weight_372.json
372	36	3	14	29	9	1	30	1	2	rational	weight_372.json
374	38	3	21	29	9	1	1	1	1	rational	weight_374.json
374	38	3	10	29	9	1	2	1	1	rational	weight_374.json
374	38	3	39	29	9	1	3	1	1	rational	weight_374.json
374	38	3	10	29	9	1	4	1	1	rational	weight_374.json
374	38	3	24	29	9	1	5	1	1	rational	weight_374.json
374	38	3	3	29	9	1	6	1	1	rational	weight_374.json
374	38	3	21	29	9	1	7	1	1	rational	weight_374.json
374	38	3	35	29	23	1	8	1	1	rational	weight_374.json
374	38	3	0	29	44	1	9	1	1	rational	weight_374.json
374	38	3	3	29	9	1	10	1	1	rational	weight_374.json
374	38	3	46	29	9	1	11	1	1	rational	weight_374.json
374	38	3	28	29	9	1	12	1	1	rational	weight_374.json
374	38	3	4	29	9	1	13	1	1	rational	weight_374.json
374	38	3	25	29	9	1	14	1	1	rational	weight_374.json
374	38	3	0	29	44	1	15	1	1	rational	weight_374.json
374	38	3	14	29	23	1	16	1	1	rational	weight_374.json
374	38	3	42	29	2	1	17	1	1	rational	weight_374.json
374	38	3	7	29	2	1	18	1	1	rational	weight_374.json
374	38	3	35	29	23	1	19	1	1	rational	weight_374.json
374	38	3	45	29	9	1	20	1	1	rational	weight_374.json
374	38	3	39	29	9	1	21	1	1	rational	weight_374.json
374	38	3	24	29	9	1	22	1	1	rational	weight_374.json
374	38	3	28	29	9	1	23	1	1	rational	weight_374.json
374	38	3	28	29	9	1	24	1	1	rational	weight_374.json
374	38	3	10	29	9	1	25	1	1	rational	weight_374.json
374	38	3	46	29	9	1	26	1	1	rational	weight_374.json
374	38	3	42	29	2	1	27	1	1	rational	weight_374.json
374	38	3	14	29	23	1	28	1	1	rational	weight_374.json
374	38	3	7	29	2	1	29	1	1	rational	weight_374.json
374	38	3	25	29	9	1	30	1	1	rational	weight_374.json
376	40	3	42	29	37	1	1	1	1	rational	weight_376.json
376	40	3	35	29	23	1	2	1	1	rational	weight_376.json
376	40	3	19	29	16	1	3	1	1	rational	weight_376.json
376	40	3	42	29	37	1	4	1	1	rational	weight_376.json
376	40	3	0	29	9	1	5	1	1	rational	weight_376.json
376	40	3	30	29	16	1	6	1	1	rational	weight_376.json
376	40	3	44	29	16	1	7	1	1	rational	weight_376.json
376	40	3	7	29	37	1	8	1	1	rational	weight_376.json
376	40	3	40	29	16	1	9	1	1	rational	weight_376.json
376	40	3	5	29	16	1	10	1	1	rational	weight_376.json
376	40	3	9	29	16	1	11	1	1	rational	weight_376.json
376	40	3	47	29	16	1	12	1	1	rational	weight_376.json
376	40	3	2	29	16	1	13	1	1	rational	weight_376.json
376	40	3	14	29	23	1	14	1	1	rational	weight_376.json
376	40	3	7	29	37	1	15	1	1	rational	weight_376.json
376	40	3	28	29	16	1	16	1	1	rational	weight_376.json
376	40	3	0	29	9	1	17	1	1	rational	weight_376.json
376	40	3	30	29	16	1	18	1	1	rational	weight_376.json
376	40	3	5	29	16	1	19	1	1	rational	weight_376.json
376	40	3	5	29	16	1	20	1	1	rational	weight_376.json
376	40	3	19	29	16	1	21	1	1	rational	weight_376.json
376	40	3	44	29	16	1	22	1	1	rational	weight_376.json
376	40	3	2	29	16	1	23	1	1	rational	weight_376.json
376	40	3	14	29	23	1	24	1	1	rational	weight_376.json
376	40	3	28	29	16	1	25	1	1	rational	weight_376.json
376	40	3	2	29	16	1	26	1	1	rational	weight_376.json
376	40	3	47	29	16	1	27	1	1	rational	weight_376.json
376	40	3	35	29	23	1	28	1	1	rational	weight_376.json
376	40	3	35	29	23	1	29	1	1	rational	weight_376.json
376	40	3	21	29	16	1	30	1	2	rational	weight_376.json
378	0	3	34	29	23	1	1	1	1	rational	weight_378.json
378	0	3	42	29	9	1	2	1	1	rational	weight_378.json
378	0	3	48	29	23	1	3	1	1	rational	weight_378.json
378	0	3	0	29	44	1	4	1	1	rational	weight_378.json
378	0	3	28	29	23	1	5	1	1	rational	weight_378.json
378	0	3	7	29	9	1	6	1	1	rational	weight_378.json
378	0	3	35	29	2	1	7	1	1	rational	weight_378.json
378	0	3	21	29	23	1	8	1	1	rational	weight_378.json
378	0	3	8	29	23	1	9	1	1	rational	weight_378.json
378	0	3	8	29	23	1	10	1	1	rational	weight_378.json
378	0	3	21	29	23	1	11	1	1	rational	weight_378.json
378	0	3	41	29	23	1	12	1	1	rational	weight_378.json
378	0	3	0	29	44	1	13	1	1	rational	weight_378.json
378	0	3	1	29	23	1	14	1	1	rational	weight_378.json
378	0	3	36	29	23	1	15	1	1	rational	weight_378.json
378	0	3	1	29	23	1	16	1	1	rational	weight_378.json
378	0	3	7	29	9	1	17	1	1	rational	weight_378.json
378	0	3	15	29	23	1	18	1	1	rational	weight_378.json
378	0	3	13	29	23	1	19	1	1	rational	weight_378.json
378	0	3	28	29	23	1	20	1	1	rational	weight_378.json
378	0	3	14	29	2	1	21	1	1	rational	weight_378.json
378	0	3	41	29	23	1	22	1	1	rational	weight_378.json
378	0	3	13	29	23	1	23	1	1	rational	weight_378.json
378	0	3	8	29	23	1	24	1	1	rational	weight_378.json
378	0	3	35	29	2	1	25	1	1	rational	weight_378.json
378	0	3	42	29	9	1	26	1	1	rational	weight_378.json
378	0	3	48	29	23	1	27	1	1	rational	weight_378.json
378	0	3	36	29	23	1	28	1	1	rational	weight_378.json
378	0	3	7	29	9	1	29	1	1	rational	weight_378.json
378	0	3	14	29	2	1	30	1	2	rational	weight_378.json
380	2	3	45	29	30	1	1	1	1	rational	weight_380.json
380	2	3	3	29	30	1	2	1	1	rational	weight_380.json
380	2	3	0	29	2	1	3	1	1	rational	weight_380.json
380	2	3	24	29	30	1	4	1	1	rational	weight_380.json
380	2	3	21	29	16	1	5	1	1	rational	weight_380.json
380	2	3	14	29	30	1	6	1	1	rational	weight_380.json
380	2	3	10	29	30	1	7	1	1	rational	weight_380.json
380	2	3	14	29	30	1	8	1	1	rational	weight_380.json
380	2	3	28	29	16	1	9	1	1	rational	weight_380.json
380	2	3	21	29	16	1	10	1	1	rational	weight_380.json
380	2	3	39	29	30	1	11	1	1	rational	weight_380.json
380	2	3	3	29	30	1	12	1	1	rational	weight_380.json
380	2	3	25	29	30	1	13	1	1	rational	weight_380.json
380	2	3	28	29	16	1	14	1	1	rational	weight_380.json
380	2	3	10	29	30	1	15	1	1	rational	weight_380.json
380	2	3	24	29	30	1	16	1	1	rational	weight_380.json
380	2	3	35	29	30	1	17	1	1	rational	weight_380.json
380	2	3	42	29	9	1	18	1	1	rational	weight_380.json
380	2	3	39	29	30	1	19	1	1	rational	weight_380.json
380	2	3	7	29	9	1	20	1	1	rational	weight_380.json
380	2	3	25	29	30	1	21	1	1	rational	weight_380.json
380	2	3	35	29	30	1	22	1	1	rational	weight_380.json
380	2	3	46	29	30	1	23	1	1	rational	weight_380.json
380	2	3	4	29	30	1	24	1	1	rational	weight_380.json
380	2	3	24	29	30	1	25	1	1	rational	weight_380.json
380	2	3	46	29	30	1	26	1	1	rational	weight_380.json
380	2	3	0	29	2	1	27	1	1	rational	weight_380.json
380	2	3	7	29	9	1	28	1	1	rational	weight_380.json
380	2	3	21	29	16	1	29	1	1	rational	weight_380.json
380	2	3	42	29	9	1	30	1	2	rational	weight_380.json
