weight	weight_residue	ell_1	a_ell_1	ell_2	a_ell_2	orbit	place	e	f	kind	weight_file
12	12	2	101	19	45	1	1	1	1	rational	weight_12.json
16	16	2	91	19	55	1	1	1	1	rational	weight_16.json
18	18	2	97	19	110	1	1	1	1	rational	weight_18.json
20	20	2	81	19	90	1	1	1	1	rational	weight_20.json
22	22	2	87	19	10	1	1	1	1	rational	weight_22.json
24	24	2	9	19	60	1	1	1	1	rational	weight_24.json
24	24	2	71	19	25	1	2	1	1	rational	weight_24.json
26	26	2	77	19	60	1	1	1	1	rational	weight_26.json
28	28	2	61	19	110	1	1	1	1	rational	weight_28.json
28	28	2	34	19	25	1	2	1	1	rational	weight_28.json
30	30	2	73	19	70	1	1	1	1	rational	weight_30.json
30	30	2	67	19	10	1	2	1	1	rational	weight_30.json
32	32	2	51	19	95	1	1	1	1	rational	weight_32.json
32	32	2	34	19	115	1	2	1	1	rational	weight_32.json
34	34	2	13	19	90	1	1	1	1	rational	weight_34.json
34	34	2	57	19	110	1	2	1	1	rational	weight_34.json
36	36	2	41	19	105	1	1	1	1	rational	weight_36.json
36	36	2	106	19	0	1	2	1	1	rational	weight_36.json
36	36	2	9	19	80	1	3	1	1	rational	weight_36.json
38	38	2	47	19	110	1	1	1	1	rational	weight_38.json
38	38	2	53	19	10	1	2	1	1	rational	weight_38.json
40	40	2	84	19	45	1	1	1	1	rational	weight_40.json
40	40	2	31	19	15	1	2	1	1	rational	weight_40.json
40	40	2	116	19	20	1	3	1	1	rational	weight_40.json
42	42	2	37	19	10	1	1	1	1	rational	weight_42.json
42	42	2	82	19	105	1	2	1	1	rational	weight_42.json
42	42	2	68	19	80	1	3	1	1	rational	weight_42.json
44	44	2	21	19	75	1	1	1	1	rational	weight_44.json
44	44	2	26	19	65	1	2	1	1	rational	weight_44.json
44	44	2	9	19	10	1	3	1	1	rational	weight_44.json
46	46	2	62	19	20	1	1	1	1	rational	weight_46.json
46	46	2	27	19	60	1	2	1	1	rational	weight_46.json
46	46	2	58	19	50	1	3	1	1	rational	weight_46.json
48	48	2	11	19	35	1	1	1	1	rational	weight_48.json
48	48	2	34	19	100	1	2	1	1	rational	weight_48.json
48	48	2	86	19	10	1	3	1	1	rational	weight_48.json
48	48	2	54	19	115	1	4	1	1	rational	weight_48.json
50	50	2	23	19	45	1	1	1	1	rational	weight_50.json
50	50	2	42	19	35	1	2	1	1	rational	weight_50.json
50	50	2	17	19	10	1	3	1	1	rational	weight_50.json
52	52	2	34	19	65	1	1	1	1	rational	weight_52.json
52	52	2	46	19	105	1	2	1	1	rational	weight_52.json
52	52	2	1	19	20	1	3	1	1	rational	weight_52.json
52	52	2	84	19	40	1	4	1	1	rational	weight_52.json
54	54	2	22	19	25	1	1	1	1	rational	weight_54.json
54	54	2	63	19	90	1	2	1	1	rational	weight_54.json
54	54	2	7	19	110	1	3	1	1	rational	weight_54.json
54	54	2	88	19	65	1	4	1	1	rational	weight_54.json
56	56	2	31	19	100	1	1	1	1	rational	weight_56.json
56	56	2	9	19	30	1	2	1	1	rational	weight_56.json
56	56	2	114	19	65	1	3	1	1	rational	weight_56.json
56	56	2	116	19	30	1	4	1	1	rational	weight_56.json
58	58	2	2	19	115	1	1	1	1	rational	weight_58.json
58	58	2	63	19	50	1	2	1	1	rational	weight_58.json
58	58	2	3	19	110	1	3	1	1	rational	weight_58.json
58	58	2	122	19	110	1	4	1	1	rational	weight_58.json
60	60	2	106	19	65	1	1	1	1	rational	weight_60.json
60	60	2	41	19	120	1	2	1	1	rational	weight_60.json
60	60	2	11	19	30	1	3	1	1	rational	weight_60.json
60	60	2	84	19	120	1	4	1	1	rational	weight_60.json
60	60	2	19	19	65	1	5	1	1	rational	weight_60.json
62	62	2	18	19	55	1	1	1	1	rational	weight_62.json
62	62	2	112	19	10	1	2	1	1	rational	weight_62.json
62	62	2	107	19	55	1	3	1	1	rational	weight_62.json
62	62	2	13	19	10	1	4	1	1	rational	weight_62.json
64	64	2	116	19	85	1	1	1	1	rational	weight_64.json
64	64	2	96	19	0	1	2	1	1	rational	weight_64.json
64	64	2	76	19	40	1	3	1	1	rational	weight_64.json
64	64	2	49	19	40	1	4	1	1	rational	weight_64.json
64	64	2	9	19	85	1	5	1	1	rational	weight_64.json
66	66	2	117	19	25	1	1	1	1	rational	weight_66.json
66	66	2	8	19	25	1	2	1	1	rational	weight_66.json
66	66	2	38	19	95	1	3	1	1	rational	weight_66.json
66	66	2	102	19	60	1	4	1	1	rational	weight_66.json
66	66	2	87	19	95	1	5	1	1	rational	weight_66.json
68	68	2	11	19	110	1	1	1	1	rational	weight_68.json
68	68	2	79	19	115	1	2	1	1	rational	weight_68.json
68	68	2	46	19	115	1	3	1	1	rational	weight_68.json
68	68	2	34	19	50	1	4	1	1	rational	weight_68.json
68	68	2	86	19	85	1	5	1	1	rational	weight_68.json
70	70	2	92	19	10	1	1	1	1	rational	weight_70.json
70	70	2	98	19	20	1	2	1	1	rational	weight_70.json
70	70	2	112	19	55	1	3	1	1	rational	weight_70.json
70	70	2	13	19	55	1	4	1	1	rational	weight_70.json
70	70	2	67	19	110	1	5	1	1	rational	weight_70.json
72	72	2	76	19	70	1	1	1	1	rational	weight_72.json
72	72	2	74	19	120	1	2	1	1	rational	weight_72.json
72	72	2	109	19	40	1	3	1	1	rational	weight_72.json
72	72	2	96	19	80	1	4	1	1	rational	weight_72.json
72	72	2	34	19	15	1	5	1	1	rational	weight_72.json
72	72	2	51	19	120	1	6	1	1	rational	weight_72.json
74	74	2	63	19	15	1	1	1	1	rational	weight_74.json
74	74	2	47	19	100	1	2	1	1	rational	weight_74.json
74	74	2	32	19	60	1	3	1	1	rational	weight_74.json
74	74	2	82	19	110	1	4	1	1	rational	weight_74.json
74	74	2	38	19	40	1	5	1	1	rational	weight_74.json
76	76	2	6	19	100	1	1	1	1	rational	weight_76.json
76	76	2	66	19	80	1	2	1	1	rational	weight_76.json
76	76	2	34	19	30	1	3	1	1	rational	weight_76.json
76	76	2	9	19	105	1	4	1	1	rational	weight_76.json
76	76	2	14	19	65	1	5	1	1	rational	weight_76.json
76	76	2	81	19	75	1	6	1	1	rational	weight_76.json
78	78	2	2	19	40	1	1	1	1	rational	weight_78.json
78	78	2	3	19	35	1	2	1	1	rational	weight_78.json
78	78	2	78	19	85	1	3	1	1	rational	weight_78.json
78	78	2	72	19	110	1	4	1	1	rational	weight_78.json
78	78	2	27	19	65	1	5	1	1	rational	weight_78.json
78	78	2	63	19	100	1	6	1	1	rational	weight_78.json
80	80	2	56	19	115	1	1	1	1	rational	weight_80.json
80	80	2	44	19	65	1	2	1	1	rational	weight_80.json
80	80	2	119	19	90	1	3	1	1	rational	weight_80.json
80	80	2	36	19	55	1	4	1	1	rational	weight_80.json
80	80	2	84	19	70	1	5	1	1	rational	weight_80.json
80	80	2	91	19	95	1	6	1	1	rational	weight_80.json
82	82	2	22	19	120	1	1	1	1	rational	weight_82.json
82	82	2	62	19	10	1	2	1	1	rational	weight_82.json
82	82	2	13	19	60	1	3	1	1	rational	weight_82.json
82	82	2	38	19	35	1	4	1	1	rational	weight_82.json
82	82	2	93	19	30	1	5	1	1	rational	weight_82.json
82	82	2	7	19	5	1	6	1	1	rational	weight_82.json
84	84	2	46	19	50	1	1	1	1	rational	weight_84.json
84	84	2	66	19	10	1	2	1	1	rational	weight_84.json
84	84	2	16	19	110	1	3	1	1	rational	weight_84.json
84	84	2	9	19	35	1	4	1	1	rational	weight_84.json
84	84	2	1	19	15	1	5	1	1	rational	weight_84.json
84	84	2	74	19	40	1	6	1	1	rational	weight_84.json
84	84	2	79	19	50	1	7	1	1	rational	weight_84.json
86	86	2	83	19	0	1	1	1	1	rational	weight_86.json
86	86	2	73	19	60	1	2	1	1	rational	weight_86.json
86	86	2	38	19	20	1	3	1	1	rational	weight_86.json
86	86	2	92	19	50	1	4	1	1	rational	weight_86.json
86	86	2	52	19	60	1	5	1	1	rational	weight_86.json
86	86	2	112	19	45	1	6	1	1	rational	weight_86.json
88	88	2	39	19	35	1	1	1	1	rational	weight_88.json
88	88	2	71	19	15	1	2	1	1	rational	weight_88.json
88	88	2	36	19	10	1	3	1	1	rational	weight_88.json
88	88	2	91	19	0	1	4	1	1	rational	weight_88.json
88	88	2	104	19	115	1	5	1	1	rational	weight_88.json
88	88	2	61	19	85	1	6	1	1	rational	weight_88.json
88	88	2	34	19	0	1	7	1	1	rational	weight_88.json
90	90	2	87	19	80	1	1	1	1	rational	weight_90.json
90	90	2	42	19	10	1	2	1	1	rational	weight_90.json
90	90	2	108	19	110	1	3	1	1	rational	weight_90.json
90	90	2	77	19	120	1	4	1	1	rational	weight_90.json
90	90	2	92	19	60	1	5	1	1	rational	weight_90.json
90	90	2	48	19	120	1	6	1	1	rational	weight_90.json
90	90	2	13	19	105	1	7	1	1	rational	weight_90.json
92	92	2	9	19	40	1	1	1	1	rational	weight_92.json
92	92	2	124	19	45	1	2	1	1	rational	weight_92.json
92	92	2	21	19	55	1	3	1	1	rational	weight_92.json
92	92	2	26	19	120	1	4	1	1	rational	weight_92.json
92	92	2	16	19	115	1	5	1	1	rational	weight_92.json
92	92	2	34	19	90	1	6	1	1	rational	weight_92.json
92	92	2	76	19	20	1	7	1	1	rational	weight_92.json
94	94	2	112	19	115	1	1	1	1	rational	weight_94.json
94	94	2	32	19	110	1	2	1	1	rational	weight_94.json
94	94	2	72	19	50	1	3	1	1	rational	weight_94.json
94	94	2	63	19	65	1	4	1	1	rational	weight_94.json
94	94	2	7	19	85	1	5	1	1	rational	weight_94.json
94	94	2	18	19	60	1	6	1	1	rational	weight_94.json
94	94	2	113	19	15	1	7	1	1	rational	weight_94.json
96	96	2	69	19	75	1	1	1	1	rational	weight_96.json
96	96	2	31	19	0	1	2	1	1	rational	weight_96.json
96	96	2	6	19	50	1	3	1	1	rational	weight_96.json
96	96	2	9	19	55	1	4	1	1	rational	weight_96.json
96	96	2	16	19	5	1	5	1	1	rational	weight_96.json
96	96	2	39	19	65	1	6	1	1	rational	weight_96.json
96	96	2	84	19	80	1	7	1	1	rational	weight_96.json
96	96	2	91	19	105	1	8	1	1	rational	weight_96.json
98	98	2	22	19	110	1	1	1	1	rational	weight_98.json
98	98	2	102	19	65	1	2	1	1	rational	weight_98.json
98	98	2	28	19	60	1	3	1	1	rational	weight_98.json
98	98	2	52	19	15	1	4	1	1	rational	weight_98.json
98	98	2	47	19	10	1	5	1	1	rational	weight_98.json
98	98	2	63	19	25	1	6	1	1	rational	weight_98.json
98	98	2	53	19	35	1	7	1	1	rational	weight_98.json
100	0	2	9	19	120	1	1	1	1	rational	weight_100.json
100	0	2	84	19	20	1	2	1	1	rational	weight_100.json
100	0	2	61	19	80	1	3	1	1	rational	weight_100.json
100	0	2	66	19	95	1	4	1	1	rational	weight_100.json
100	0	2	44	19	15	1	5	1	1	rational	weight_100.json
100	0	2	6	19	40	1	6	1	1	rational	weight_100.json
100	0	2	69	19	65	1	7	1	1	rational	weight_100.json
100	0	2	16	19	70	1	8	1	1	rational	weight_100.json
102	2	2	43	19	5	1	1	1	1	rational	weight_102.json
102	2	2	32	19	80	1	2	1	1	rational	weight_102.json
102	2	2	13	19	110	1	3	1	1	rational	weight_102.json
102	2	2	7	19	55	1	4	1	1	rational	weight_102.json
102	2	2	88	19	35	1	5	1	1	rational	weight_102.json
102	2	2	122	19	20	1	6	1	1	rational	weight_102.json
102	2	2	12	19	10	1	7	1	1	rational	weight_102.json
102	2	2	18	19	30	1	8	1	1	rational	weight_102.json
104	4	2	9	19	110	1	1	1	1	rational	weight_104.json
104	4	2	4	19	100	1	2	1	1	rational	weight_104.json
104	4	2	41	19	10	1	3	1	1	rational	weight_104.json
104	4	2	49	19	65	1	4	1	1	rational	weight_104.json
104	4	2	121	19	100	1	5	1	1	rational	weight_104.json
104	4	2	99	19	40	1	6	1	1	rational	weight_104.json
104	4	2	51	19	115	1	7	1	1	rational	weight_104.json
104	4	2	66	19	85	1	8	1	1	rational	weight_104.json
106	6	2	67	19	75	1	1	1	1	rational	weight_106.json
106	6	2	2	19	60	1	2	1	1	rational	weight_106.json
106	6	2	63	19	45	1	3	1	1	rational	weight_106.json
106	6	2	12	19	120	1	4	1	1	rational	weight_106.json
106	6	2	38	19	70	1	5	1	1	rational	weight_106.json
106	6	2	117	19	0	1	6	1	1	rational	weight_106.json
106	6	2	33	19	100	1	7	1	1	rational	weight_106.json
106	6	2	123	19	60	1	8	1	1	rational	weight_106.json
108	8	2	34	19	75	1	1	1	1	rational	weight_108.json
108	8	2	4	19	115	1	2	1	1	rational	weight_108.json
108	8	2	64	19	35	1	3	1	1	rational	weight_108.json
108	8	2	91	19	75	1	4	1	1	rational	weight_108.json
108	8	2	96	19	40	1	5	1	1	rational	weight_108.json
108	8	2	21	19	65	1	6	1	1	rational	weight_108.json
108	8	2	89	19	85	1	7	1	1	rational	weight_108.json
108	8	2	111	19	60	1	8	1	2	rational	weight_108.json
110	10	2	33	19	110	1	1	1	1	rational	weight_110.json
110	10	2	2	19	95	1	2	1	1	rational	weight_110.json
110	10	2	62	19	105	1	3	1	1	rational	weight_110.json
110	10	2	108	19	35	1	4	1	1	rational	weight_110.json
110	10	2	13	19	30	1	5	1	1	rational	weight_110.json
110	10	2	123	19	95	1	6	1	1	rational	weight_110.json
110	10	2	117	19	10	1	7	1	2	rational	weight_110.json
112	12	2	49	19	95	1	1	1	1	rational	weight_112.json
112	12	2	54	19	30	1	2	1	1	rational	weight_112.json
112	12	2	41	19	15	1	3	1	1	rational	weight_112.json
112	12	2	101	19	45	1	4	1	1	rational	weight_112.json
112	12	2	71	19	30	1	5	1	1	rational	weight_112.json
112	12	2	101	19	45	1	6	1	1	rational	weight_112.json
112	12	2	16	19	65	1	7	1	1	rational	weight_112.json
112	12	2	34	19	40	1	8	1	2	rational	weight_112.json
114	14	2	87	19	15	1	1	1	1	rational	weight_114.json
114	14	2	107	19	110	1	2	1	1	rational	weight_114.json
114	14	2	97	19	0	1	3	1	1	rational	weight_114.json
114	14	2	37	19	90	1	4	1	1	rational	weight_114.json
114	14	2	28	19	0	1	5	1	1	rational	weight_114.json
114	14	2	63	19	115	1	6	2	1	rational	weight_114.json
114	14	2	68	19	60	1	7	1	1	rational	weight_114.json
114	14	2	107	19	110	1	8	1	1	rational	weight_114.json
116	16	2	9	19	5	1	1	1	1	rational	weight_116.json
116	16	2	56	19	25	1	2	1	1	rational	weight_116.json
116	16	2	9	19	5	1	3	1	1	rational	weight_116.json
116	16	2	91	19	55	1	4	1	1	rational	weight_116.json
116	16	2	56	19	25	1	5	1	1	rational	weight_116.json
116	16	2	91	19	55	1	6	1	1	rational	weight_116.json
116	16	2	61	19	65	1	7	1	1	rational	weight_116.json
116	16	2	64	19	65	1	8	1	1	rational	weight_116.json
116	16	2	19	19	50	1	9	1	1	rational	weight_116.json
118	18	2	103	19	35	1	1	1	1	rational	weight_118.json
118	18	2	63	19	75	1	2	1	1	rational	weight_118.json
118	18	2	73	19	65	1	3	1	1	rational	weight_118.json
118	18	2	62	19	75	1	4	1	1	rational	weight_118.json
118	18	2	97	19	110	1	5	1	1	rational	weight_118.json
118	18	2	97	19	110	1	6	1	1	rational	weight_118.json
118	18	2	103	19	35	1	7	1	1	rational	weight_118.json
118	18	2	77	19	90	1	8	1	2	rational	weight_118.json
120	20	2	86	19	105	1	1	1	1	rational	weight_120.json
120	20	2	94	19	65	1	2	2	1	rational	weight_120.json
120	20	2	66	19	45	1	3	1	1	rational	weight_120.json
120	20	2	39	19	105	1	4	1	1	rational	weight_120.json
120	20	2	81	19	90	1	5	1	1	rational	weight_120.json
120	20	2	66	19	45	1	6	1	1	rational	weight_120.json
120	20	2	84	19	95	1	7	1	1	rational	weight_120.json
120	20	2	84	19	95	1	8	1	1	rational	weight_120.json
120	20	2	81	19	90	1	9	1	1	rational	weight_120.json
122	22	2	87	19	10	1	1	1	1	rational	weight_122.json
122	22	2	87	19	10	1	2	1	1	rational	weight_122.json
122	22	2	57	19	30	1	3	1	1	rational	weight_122.json
122	22	2	118	19	105	1	4	1	1	rational	weight_122.json
122	22	2	57	19	30	1	5	1	1	rational	weight_122.json
122	22	2	13	19	35	1	6	2	1	rational	weight_122.json
122	22	2	118	19	105	1	7	1	1	rational	weight_122.json
122	22	2	97	19	45	1	8	1	1	rational	weight_122.json
124	24	2	9	19	60	1	1	1	1	rational	weight_124.json
124	24	2	101	19	90	1	2	1	1	rational	weight_124.json
124	24	2	124	19	40	1	3	1	1	rational	weight_124.json
124	24	2	71	19	25	1	4	1	1	rational	weight_124.json
124	24	2	9	19	60	1	5	1	1	rational	weight_124.json
124	24	2	124	19	40	1	6	1	1	rational	weight_124.json
124	24	2	101	19	90	1	7	1	1	rational	weight_124.json
124	24	2	54	19	25	1	8	1	1	rational	weight_124.json
124	24	2	66	19	35	1	9	1	2	rational	weight_124.json
126	26	2	38	19	120	1	1	1	1	rational	weight_126.json
126	26	2	108	19	75	1	2	1	1	rational	weight_126.json
126	26	2	42	19	100	1	3	1	1	rational	weight_126.json
126	26	2	42	19	100	1	4	1	1	rational	weight_126.json
126	26	2	37	19	70	1	5	1	1	rational	weight_126.json
126	26	2	108	19	75	1	6	1	1	rational	weight_126.json
126	26	2	37	19	70	1	7	1	1	rational	weight_126.json
126	26	2	77	19	60	1	8	1	1	rational	weight_126.json
126	26	2	38	19	120	1	9	1	1	rational	weight_126.json
126	26	2	48	19	60	1	10	1	1	rational	weight_126.json
128	28	2	34	19	25	1	1	1	1	rational	weight_128.json
128	28	2	91	19	25	1	2	1	1	rational	weight_128.json
128	28	2	29	19	115	1	3	1	1	rational	weight_128.json
128	28	2	61	19	110	1	4	1	1	rational	weight_128.json
128	28	2	121	19	65	1	5	1	1	rational	weight_128.json
128	28	2	121	19	65	1	6	1	1	rational	weight_128.json
128	28	2	36	19	35	1	7	1	1	rational	weight_128.json
128	28	2	29	19	115	1	8	1	1	rational	weight_128.json
128	28	2	14	19	10	1	9	1	2	rational	weight_128.json
130	30	2	13	19	80	1	1	1	1	rational	weight_130.json
130	30	2	13	19	80	1	2	1	1	rational	weight_130.json
130	30	2	83	19	110	1	3	2	1	rational	weight_130.json
130	30	2	73	19	70	1	4	1	1	rational	weight_130.json
130	30	2	67	19	10	1	5	1	1	rational	weight_130.json
130	30	2	37	19	5	1	6	1	1	rational	weight_130.json
130	30	2	17	19	85	1	7	1	1	rational	weight_130.json
130	30	2	52	19	70	1	8	1	1	rational	weight_130.json
130	30	2	37	19	5	1	9	1	1	rational	weight_130.json
132	32	2	99	19	20	1	1	1	1	rational	weight_132.json
132	32	2	121	19	5	1	2	1	1	rational	weight_132.json
132	32	2	4	19	5	1	3	1	1	rational	weight_132.json
132	32	2	59	19	40	1	4	1	1	rational	weight_132.json
132	32	2	1	19	70	1	5	1	1	rational	weight_132.json
132	32	2	16	19	15	1	6	2	1	rational	weight_132.json
132	32	2	34	19	115	1	7	1	1	rational	weight_132.json
132	32	2	51	19	95	1	8	1	1	rational	weight_132.json
132	32	2	99	19	20	1	9	1	1	rational	weight_132.json
132	32	2	1	19	70	1	10	1	1	rational	weight_132.json
134	34	2	118	19	60	1	1	1	1	rational	weight_134.json
134	34	2	63	19	40	1	2	1	1	rational	weight_134.json
134	34	2	13	19	90	1	3	1	1	rational	weight_134.json
134	34	2	118	19	60	1	4	1	1	rational	weight_134.json
134	34	2	82	19	10	1	5	1	1	rational	weight_134.json
134	34	2	3	19	75	1	6	1	1	rational	weight_134.json
134	34	2	122	19	75	1	7	1	1	rational	weight_134.json
134	34	2	57	19	110	1	8	1	1	rational	weight_134.json
134	34	2	87	19	65	1	9	1	2	rational	weight_134.json
136	36	2	9	19	80	1	1	1	1	rational	weight_136.json
136	36	2	91	19	5	1	2	1	1	rational	weight_136.json
136	36	2	91	19	5	1	3	1	1	rational	weight_136.json
136	36	2	41	19	105	1	4	1	1	rational	weight_136.json
136	36	2	59	19	55	1	5	1	1	rational	weight_136.json
136	36	2	106	19	0	1	6	1	1	rational	weight_136.json
136	36	2	36	19	65	1	7	1	1	rational	weight_136.json
136	36	2	94	19	25	1	8	1	1	rational	weight_136.json
136	36	2	94	19	25	1	9	1	1	rational	weight_136.json
136	36	2	89	19	65	1	10	1	1	rational	weight_136.json
136	36	2	81	19	50	1	11	1	1	rational	weight_136.json
138	38	2	52	19	115	1	1	1	1	rational	weight_138.json
138	38	2	22	19	85	1	2	1	1	rational	weight_138.json
138	38	2	53	19	10	1	3	1	1	rational	weight_138.json
138	38	2	62	19	0	1	4	1	1	rational	weight_138.json
138	38	2	28	19	35	1	5	1	1	rational	weight_138.json
138	38	2	63	19	0	1	6	1	1	rational	weight_138.json
138	38	2	48	19	15	1	7	2	1	rational	weight_138.json
138	38	2	47	19	110	1	8	1	1	rational	weight_138.json
138	38	2	22	19	85	1	9	1	1	rational	weight_138.json
138	38	2	102	19	40	1	10	1	1	rational	weight_138.json
140	40	2	119	19	65	1	1	1	1	rational	weight_140.json
140	40	2	84	19	45	1	2	1	1	rational	weight_140.json
140	40	2	111	19	5	1	3	1	1	rational	weight_140.json
140	40	2	14	19	5	1	4	1	1	rational	weight_140.json
140	40	2	19	19	115	1	5	1	1	rational	weight_140.json
140	40	2	66	19	120	1	6	1	1	rational	weight_140.json
140	40	2	116	19	20	1	7	1	1	rational	weight_140.json
140	40	2	34	19	70	1	8	1	1	rational	weight_140.json
140	40	2	31	19	15	1	9	1	1	rational	weight_140.json
140	40	2	56	19	90	1	10	1	2	rational	weight_140.json
142	42	2	13	19	85	1	1	1	1	rational	weight_142.json
142	42	2	68	19	80	1	2	1	1	rational	weight_142.json
142	42	2	63	19	35	1	3	1	1	rational	weight_142.json
142	42	2	72	19	70	1	4	1	1	rational	weight_142.json
142	42	2	37	19	10	1	5	1	1	rational	weight_142.json
142	42	2	93	19	55	1	6	1	1	rational	weight_142.json
142	42	2	82	19	105	1	7	1	1	rational	weight_142.json
142	42	2	107	19	5	1	8	1	1	rational	weight_142.json
142	42	2	53	19	70	1	9	1	1	rational	weight_142.json
142	42	2	87	19	60	1	10	1	2	rational	weight_142.json
144	44	2	66	19	110	1	1	1	1	rational	weight_144.json
144	44	2	109	19	85	1	2	1	1	rational	weight_144.json
144	44	2	21	19	75	1	3	1	1	rational	weight_144.json
144	44	2	21	19	75	1	4	1	1	rational	weight_144.json
144	44	2	24	19	40	1	5	1	1	rational	weight_144.json
144	44	2	91	19	60	1	6	1	1	rational	weight_144.json
144	44	2	104	19	75	1	7	1	1	rational	weight_144.json
144	44	2	109	19	85	1	8	1	1	rational	weight_144.json
144	44	2	26	19	65	1	9	1	1	rational	weight_144.json
144	44	2	76	19	90	1	10	1	1	rational	weight_144.json
144	44	2	74	19	15	1	11	1	1	rational	weight_144.json
144	44	2	9	19	10	1	12	1	1	rational	weight_144.json
146	46	2	98	19	60	1	1	1	1	rational	weight_146.json
146	46	2	17	19	0	1	2	1	1	rational	weight_146.json
146	46	2	38	19	45	1	3	1	1	rational	weight_146.json
146	46	2	13	19	70	1	4	1	1	rational	weight_146.json
146	46	2	27	19	60	1	5	1	1	rational	weight_146.json
146	46	2	62	19	20	1	6	1	1	rational	weight_146.json
146	46	2	37	19	120	1	7	1	1	rational	weight_146.json
146	46	2	58	19	50	1	8	1	1	rational	weight_146.json
146	46	2	92	19	75	1	9	1	1	rational	weight_146.json
146	46	2	8	19	100	1	10	1	1	rational	weight_146.json
146	46	2	27	19	60	1	11	1	1	rational	weight_146.json
148	48	2	21	19	90	1	1	1	1	rational	weight_148.json
148	48	2	96	19	65	1	2	1	1	rational	weight_148.json
148	48	2	4	19	15	1	3	1	1	rational	weight_148.json
148	48	2	34	19	100	1	4	1	1	rational	weight_148.json
148	48	2	86	19	10	1	5	1	1	rational	weight_148.json
148	48	2	54	19	115	1	6	1	1	rational	weight_148.json
148	48	2	89	19	110	1	7	1	1	rational	weight_148.json
148	48	2	111	19	85	1	8	1	1	rational	weight_148.json
148	48	2	64	19	60	1	9	1	1	rational	weight_148.json
148	48	2	91	19	100	1	10	1	1	rational	weight_148.json
148	48	2	11	19	35	1	11	1	1	rational	weight_148.json
148	48	2	34	19	100	1	12	1	1	rational	weight_148.json
150	50	2	102	19	45	1	1	1	1	rational	weight_150.json
150	50	2	17	19	10	1	2	1	1	rational	weight_150.json
150	50	2	37	19	55	1	3	1	1	rational	weight_150.json
150	50	2	42	19	35	1	4	1	1	rational	weight_150.json
150	50	2	92	19	85	1	5	1	1	rational	weight_150.json
150	50	2	23	19	45	1	6	1	1	rational	weight_150.json
150	50	2	23	19	45	1	7	1	1	rational	weight_150.json
150	50	2	58	19	60	1	8	1	1	rational	weight_150.json
150	50	2	38	19	105	1	9	1	1	rational	weight_150.json
150	50	2	13	19	5	1	10	1	1	rational	weight_150.json
150	50	2	12	19	30	1	11	1	1	rational	weight_150.json
150	50	2	8	19	110	1	12	1	1	rational	weight_150.json
152	52	2	24	19	70	1	1	1	1	rational	weight_152.json
152	52	2	59	19	115	1	2	1	1	rational	weight_152.json
152	52	2	79	19	105	1	3	1	1	rational	weight_152.json
152	52	2	116	19	15	1	4	1	1	rational	weight_152.json
152	52	2	16	19	90	1	5	1	1	rational	weight_152.json
152	52	2	26	19	95	1	6	1	1	rational	weight_152.json
152	52	2	46	19	105	1	7	1	1	rational	weight_152.json
152	52	2	1	19	20	1	8	1	1	rational	weight_152.json
152	52	2	76	19	120	1	9	1	1	rational	weight_152.json
152	52	2	74	19	45	1	10	1	1	rational	weight_152.json
152	52	2	84	19	40	1	11	1	1	rational	weight_152.json
152	52	2	34	19	65	1	12	1	1	rational	weight_152.json
154	54	2	22	19	25	1	1	1	1	rational	weight_154.json
154	54	2	18	19	85	1	2	1	1	rational	weight_154.json
154	54	2	7	19	110	1	3	1	1	rational	weight_154.json
154	54	2	88	19	65	1	4	1	1	rational	weight_154.json
154	54	2	57	19	35	1	5	1	1	rational	weight_154.json
154	54	2	12	19	40	1	6	1	1	rational	weight_154.json
154	54	2	103	19	25	1	7	1	1	rational	weight_154.json
154	54	2	43	19	60	1	8	1	1	rational	weight_154.json
154	54	2	87	19	115	1	9	1	1	rational	weight_154.json
154	54	2	13	19	15	1	10	1	1	rational	weight_154.json
154	54	2	32	19	10	1	11	1	1	rational	weight_154.json
154	54	2	63	19	90	1	12	1	1	rational	weight_154.json
156	56	2	109	19	105	1	1	1	1	rational	weight_156.json
156	56	2	31	19	100	1	2	1	1	rational	weight_156.json
156	56	2	59	19	5	1	3	1	1	rational	weight_156.json
156	56	2	41	19	55	1	4	1	1	rational	weight_156.json
156	56	2	114	19	65	1	5	1	1	rational	weight_156.json
156	56	2	106	19	75	1	6	1	1	rational	weight_156.json
156	56	2	6	19	25	1	7	1	1	rational	weight_156.json
156	56	2	11	19	65	1	8	1	1	rational	weight_156.json
156	56	2	44	19	0	1	9	1	1	rational	weight_156.json
156	56	2	69	19	50	1	10	1	1	rational	weight_156.json
156	56	2	9	19	30	1	11	1	1	rational	weight_156.json
156	56	2	91	19	80	1	12	1	1	rational	weight_156.json
156	56	2	116	19	30	1	13	1	1	rational	weight_156.json
158	58	2	3	19	110	1	1	1	1	rational	weight_158.json
158	58	2	27	19	15	1	2	1	1	rational	weight_158.json
158	58	2	23	19	90	1	3	1	1	rational	weight_158.json
158	58	2	73	19	40	1	4	1	1	rational	weight_158.json
158	58	2	62	19	50	1	5	1	1	rational	weight_158.json
158	58	2	97	19	85	1	6	1	1	rational	weight_158.json
158	58	2	122	19	110	1	7	1	1	rational	weight_158.json
158	58	2	72	19	60	1	8	1	1	rational	weight_158.json
158	58	2	78	19	35	1	9	1	1	rational	weight_158.json
158	58	2	103	19	10	1	10	1	1	rational	weight_158.json
158	58	2	63	19	50	1	11	1	1	rational	weight_158.json
158	58	2	2	19	115	1	12	1	1	rational	weight_158.json
160	60	2	69	19	40	1	1	1	1	rational	weight_160.json
160	60	2	109	19	45	1	2	1	1	rational	weight_160.json
160	60	2	11	19	30	1	3	1	1	rational	weight_160.json
160	60	2	66	19	70	1	4	1	1	rational	weight_160.json
160	60	2	19	19	65	1	5	1	1	rational	weight_160.json
160	60	2	34	19	20	1	6	1	1	rational	weight_160.json
160	60	2	6	19	15	1	7	1	1	rational	weight_160.json
160	60	2	84	19	120	1	8	1	1	rational	weight_160.json
160	60	2	31	19	90	1	9	1	1	rational	weight_160.json
160	60	2	116	19	95	1	10	1	1	rational	weight_160.json
160	60	2	114	19	30	1	11	1	1	rational	weight_160.json
160	60	2	41	19	120	1	12	1	1	rational	weight_160.json
160	60	2	106	19	65	1	13	1	1	rational	weight_160.json
162	62	2	113	19	35	1	1	1	1	rational	weight_162.json
162	62	2	43	19	30	1	2	1	1	rational	weight_162.json
162	62	2	18	19	55	1	3	1	1	rational	weight_162.json
162	62	2	13	19	10	1	4	1	1	rational	weight_162.json
162	62	2	7	19	80	1	5	1	1	rational	weight_162.json
162	62	2	78	19	95	1	6	1	1	rational	weight_162.json
162	62	2	87	19	110	1	7	1	1	rational	weight_162.json
162	62	2	37	19	60	1	8	1	1	rational	weight_162.json
162	62	2	47	19	95	1	9	1	1	rational	weight_162.json
162	62	2	32	19	105	1	10	1	1	rational	weight_162.json
162	62	2	112	19	10	1	11	1	1	rational	weight_162.json
162	62	2	68	19	5	1	12	1	1	rational	weight_162.json
162	62	2	107	19	55	1	13	1	1	rational	weight_162.json
164	64	2	29	19	0	1	1	1	1	rational	weight_164.json
164	64	2	96	19	0	1	2	1	1	rational	weight_164.json
164	64	2	1	19	65	1	3	1	1	rational	weight_164.json
164	64	2	116	19	85	1	4	1	1	rational	weight_164.json
164	64	2	49	19	40	1	5	1	1	rational	weight_164.json
164	64	2	109	19	35	1	6	1	1	rational	weight_164.json
164	64	2	51	19	90	1	7	1	1	rational	weight_164.json
164	64	2	24	19	115	1	8	1	1	rational	weight_164.json
164	64	2	84	19	110	1	9	1	1	rational	weight_164.json
164	64	2	9	19	85	1	10	1	1	rational	weight_164.json
164	64	2	96	19	0	1	11	1	1	rational	weight_164.json
164	64	2	76	19	40	1	12	1	1	rational	weight_164.json
164	64	2	66	19	60	1	13	1	1	rational	weight_164.json
166	66	2	62	19	70	1	1	1	1	rational	weight_166.json
166	66	2	87	19	95	1	2	1	1	rational	weight_166.json
166	66	2	117	19	25	1	3	1	1	rational	weight_166.json
166	66	2	38	19	95	1	4	1	1	rational	weight_166.json
166	66	2	17	19	50	1	5	1	1	rational	weight_166.json
166	66	2	23	19	60	1	6	1	1	rational	weight_166.json
166	66	2	102	19	60	1	7	1	1	rational	weight_166.json
166	66	2	37	19	45	1	8	1	1	rational	weight_166.json
166	66	2	8	19	25	1	9	1	1	rational	weight_166.json
166	66	2	113	19	20	1	10	1	1	rational	weight_166.json
166	66	2	102	19	60	1	11	1	1	rational	weight_166.json
166	66	2	33	19	0	1	12	1	1	rational	weight_166.json
166	66	2	83	19	75	1	13	1	1	rational	weight_166.json
168	68	2	104	19	40	1	1	1	1	rational	weight_168.json
168	68	2	86	19	85	1	2	1	1	rational	weight_168.json
168	68	2	29	19	15	1	3	1	1	rational	weight_168.json
168	68	2	61	19	10	1	4	1	1	rational	weight_168.json
168	68	2	91	19	50	1	5	1	1	rational	weight_168.json
168	68	2	36	19	60	1	6	1	1	rational	weight_168.json
168	68	2	11	19	110	1	7	1	1	rational	weight_168.json
168	68	2	34	19	50	1	8	1	1	rational	weight_168.json
168	68	2	71	19	65	1	9	1	1	rational	weight_168.json
168	68	2	39	19	85	1	10	1	1	rational	weight_168.json
168	68	2	79	19	115	1	11	1	1	rational	weight_168.json
168	68	2	34	19	50	1	12	1	1	rational	weight_168.json
168	68	2	114	19	110	1	13	1	1	rational	weight_168.json
168	68	2	46	19	115	1	14	1	1	rational	weight_168.json
170	70	2	13	19	55	1	1	1	1	rational	weight_170.json
170	70	2	42	19	85	1	2	1	1	rational	weight_170.json
170	70	2	67	19	110	1	3	1	1	rational	weight_170.json
170	70	2	98	19	20	1	4	1	1	rational	weight_170.json
170	70	2	92	19	10	1	5	1	1	rational	weight_170.json
170	70	2	117	19	35	1	6	1	1	rational	weight_170.json
170	70	2	112	19	55	1	7	1	1	rational	weight_170.json
170	70	2	37	19	105	1	8	1	1	rational	weight_170.json
170	70	2	33	19	10	1	9	1	1	rational	weight_170.json
170	70	2	63	19	5	1	10	1	1	rational	weight_170.json
170	70	2	58	19	110	1	11	1	1	rational	weight_170.json
170	70	2	27	19	20	1	12	1	1	rational	weight_170.json
170	70	2	98	19	20	1	13	1	1	rational	weight_170.json
172	72	2	59	19	65	1	1	1	1	rational	weight_172.json
172	72	2	109	19	40	1	2	1	1	rational	weight_172.json
172	72	2	76	19	70	1	3	1	1	rational	weight_172.json
172	72	2	49	19	70	1	4	1	1	rational	weight_172.json
172	72	2	96	19	80	1	5	1	1	rational	weight_172.json
172	72	2	29	19	80	1	6	1	1	rational	weight_172.json
172	72	2	84	19	115	1	7	1	1	rational	weight_172.json
172	72	2	96	19	80	1	8	1	1	rational	weight_172.json
172	72	2	16	19	40	1	9	1	1	rational	weight_172.json
172	72	2	74	19	120	1	10	1	1	rational	weight_172.json
172	72	2	26	19	45	1	11	1	1	rational	weight_172.json
172	72	2	34	19	15	1	12	1	1	rational	weight_172.json
172	72	2	51	19	120	1	13	1	1	rational	weight_172.json
172	72	2	91	19	15	1	14	1	1	rational	weight_172.json
174	74	2	47	19	100	1	1	1	1	rational	weight_174.json
174	74	2	93	19	60	1	2	1	1	rational	weight_174.json
174	74	2	43	19	110	1	3	1	1	rational	weight_174.json
174	74	2	78	19	100	1	4	1	1	rational	weight_174.json
174	74	2	38	19	40	1	5	1	1	rational	weight_174.json
174	74	2	62	19	15	1	6	1	1	rational	weight_174.json
174	74	2	88	19	115	1	7	1	1	rational	weight_174.json
174	74	2	47	19	100	1	8	1	1	rational	weight_174.json
174	74	2	82	19	110	1	9	1	1	rational	weight_174.json
174	74	2	87	19	40	1	10	1	1	rational	weight_174.json
174	74	2	32	19	60	1	11	1	1	rational	weight_174.json
174	74	2	63	19	15	1	12	1	1	rational	weight_174.json
174	74	2	107	19	10	1	13	1	1	rational	weight_174.json
174	74	2	13	19	65	1	14	1	1	rational	weight_174.json
176	76	2	14	19	65	1	1	1	1	rational	weight_176.json
176	76	2	6	19	100	1	2	1	1	rational	weight_176.json
176	76	2	9	19	105	1	3	1	1	rational	weight_176.json
176	76	2	116	19	105	1	4	1	1	rational	weight_176.json
176	76	2	56	19	0	1	5	1	1	rational	weight_176.json
176	76	2	34	19	30	1	6	1	1	rational	weight_176.json
176	76	2	119	19	100	1	7	1	1	rational	weight_176.json
176	76	2	111	19	65	1	8	1	1	rational	weight_176.json
176	76	2	66	19	80	1	9	1	1	rational	weight_176.json
176	76	2	91	19	30	1	10	1	1	rational	weight_176.json
176	76	2	14	19	65	1	11	1	1	rational	weight_176.json
176	76	2	44	19	75	1	12	1	1	rational	weight_176.json
176	76	2	81	19	75	1	13	1	1	rational	weight_176.json
176	76	2	59	19	80	1	14	1	1	rational	weight_176.json
178	78	2	27	19	65	1	1	1	1	rational	weight_178.json
178	78	2	98	19	65	1	2	1	1	rational	weight_178.json
178	78	2	53	19	110	1	3	1	1	rational	weight_178.json
178	78	2	102	19	15	1	4	1	1	rational	weight_178.json
178	78	2	63	19	100	1	5	1	1	rational	weight_178.json
178	78	2	3	19	35	1	6	1	1	rational	weight_178.json
178	78	2	63	19	100	1	7	1	1	rational	weight_178.json
178	78	2	62	19	100	1	8	1	1	rational	weight_178.json
178	78	2	122	19	35	1	9	1	1	rational	weight_178.json
178	78	2	123	19	40	1	10	1	1	rational	weight_178.json
178	78	2	72	19	110	1	11	1	1	rational	weight_178.json
178	78	2	78	19	85	1	12	1	1	rational	weight_178.json
178	78	2	47	19	85	1	13	1	1	rational	weight_178.json
178	78	2	2	19	40	1	14	1	1	rational	weight_178.json
180	80	2	84	19	70	1	1	1	1	rational	weight_180.json
180	80	2	59	19	20	1	2	1	1	rational	weight_180.json
180	80	2	66	19	20	1	3	1	1	rational	weight_180.json
180	80	2	56	19	115	1	4	1	1	rational	weight_180.json
180	80	2	89	19	55	1	5	1	1	rational	weight_180.json
180	80	2	34	19	95	1	6	1	1	rational	weight_180.json
180	80	2	91	19	95	1	7	1	1	rational	weight_180.json
180	80	2	41	19	70	1	8	1	1	rational	weight_180.json
180	80	2	36	19	55	1	9	1	1	rational	weight_180.json
180	80	2	36	19	55	1	10	1	1	rational	weight_180.json
180	80	2	44	19	65	1	11	1	1	rational	weight_180.json
180	80	2	119	19	90	1	12	1	1	rational	weight_180.json
180	80	2	69	19	115	1	13	1	1	rational	weight_180.json
180	80	2	6	19	90	1	14	1	1	rational	weight_180.json
180	80	2	81	19	65	1	15	1	1	rational	weight_180.json
182	82	2	43	19	80	1	1	1	1	rational	weight_182.json
182	82	2	118	19	5	1	2	1	1	rational	weight_182.json
182	82	2	7	19	5	1	3	1	1	rational	weight_182.json
182	82	2	103	19	120	1	4	1	1	rational	weight_182.json
182	82	2	112	19	60	1	5	1	1	rational	weight_182.json
182	82	2	93	19	30	1	6	1	1	rational	weight_182.json
182	82	2	38	19	35	1	7	1	1	rational	weight_182.json
182	82	2	32	19	30	1	8	1	1	rational	weight_182.json
182	82	2	62	19	10	1	9	1	1	rational	weight_182.json
182	82	2	63	19	10	1	10	1	1	rational	weight_182.json
182	82	2	82	19	80	1	11	1	1	rational	weight_182.json
182	82	2	13	19	60	1	12	1	1	rational	weight_182.json
182	82	2	22	19	120	1	13	1	1	rational	weight_182.json
182	82	2	87	19	35	1	14	1	1	rational	weight_182.json
184	84	2	124	19	15	1	1	1	1	rational	weight_184.json
184	84	2	51	19	40	1	2	1	1	rational	weight_184.json
184	84	2	66	19	10	1	3	1	1	rational	weight_184.json
184	84	2	59	19	10	1	4	1	1	rational	weight_184.json
184	84	2	26	19	90	1	5	1	1	rational	weight_184.json
184	84	2	79	19	50	1	6	1	1	rational	weight_184.json
184	84	2	116	19	35	1	7	1	1	rational	weight_184.json
184	84	2	74	19	40	1	8	1	1	rational	weight_184.json
184	84	2	1	19	15	1	9	1	1	rational	weight_184.json
184	84	2	99	19	90	1	10	1	1	rational	weight_184.json
184	84	2	16	19	110	1	11	1	1	rational	weight_184.json
184	84	2	46	19	50	1	12	1	1	rational	weight_184.json
184	84	2	109	19	110	1	13	1	1	rational	weight_184.json
184	84	2	9	19	35	1	14	1	1	rational	weight_184.json
184	84	2	46	19	50	1	15	1	1	rational	weight_184.json
186	86	2	87	19	20	1	1	1	1	rational	weight_186.json
186	86	2	52	19	60	1	2	1	1	rational	weight_186.json
186	86	2	38	19	20	1	3	1	1	rational	weight_186.json
186	86	2	83	19	0	1	4	1	1	rational	weight_186.json
186	86	2	33	19	50	1	5	1	1	rational	weight_186.json
186	86	2	112	19	45	1	6	1	1	rational	weight_186.json
186	86	2	92	19	50	1	7	1	1	rational	weight_186.json
186	86	2	13	19	45	1	8	1	1	rational	weight_186.json
186	86	2	67	19	25	1	9	1	1	rational	weight_186.json
186	86	2	73	19	60	1	10	1	1	rational	weight_186.json
186	86	2	37	19	95	1	11	1	1	rational	weight_186.json
186	86	2	88	19	95	1	12	1	1	rational	weight_186.json
186	86	2	42	19	0	1	13	1	1	rational	weight_186.json
186	86	2	52	19	60	1	14	1	1	rational	weight_186.json
186	86	2	58	19	25	1	15	1	1	rational	weight_186.json
188	88	2	39	19	35	1	1	1	1	rational	weight_188.json
188	88	2	86	19	35	1	2	1	1	rational	weight_188.json
188	88	2	114	19	60	1	3	1	1	rational	weight_188.json
188	88	2	11	19	60	1	4	1	1	rational	weight_188.json
188	88	2	21	19	115	1	5	1	1	rational	weight_188.json
188	88	2	91	19	0	1	6	1	1	rational	weight_188.json
188	88	2	54	19	15	1	7	1	1	rational	weight_188.json
188	88	2	71	19	15	1	8	1	1	rational	weight_188.json
188	88	2	34	19	0	1	9	1	1	rational	weight_188.json
188	88	2	79	19	65	1	10	1	1	rational	weight_188.json
188	88	2	104	19	115	1	11	1	1	rational	weight_188.json
188	88	2	36	19	10	1	12	1	1	rational	weight_188.json
188	88	2	46	19	65	1	13	1	1	rational	weight_188.json
188	88	2	34	19	0	1	14	1	1	rational	weight_188.json
188	88	2	61	19	85	1	15	1	1	rational	weight_188.json
190	90	2	42	19	10	1	1	1	1	rational	weight_190.json
190	90	2	92	19	60	1	2	1	1	rational	weight_190.json
190	90	2	13	19	105	1	3	1	1	rational	weight_190.json
190	90	2	87	19	80	1	4	1	1	rational	weight_190.json
190	90	2	108	19	110	1	5	1	1	rational	weight_190.json
190	90	2	8	19	85	1	6	1	1	rational	weight_190.json
190	90	2	17	19	110	1	7	1	1	rational	weight_190.json
190	90	2	48	19	120	1	8	1	1	rational	weight_190.json
190	90	2	77	19	120	1	9	1	1	rational	weight_190.json
190	90	2	38	19	80	1	10	1	1	rational	weight_190.json
190	90	2	112	19	105	1	11	1	1	rational	weight_190.json
190	90	2	88	19	30	1	12	1	1	rational	weight_190.json
190	90	2	117	19	85	1	13	1	1	rational	weight_190.json
190	90	2	37	19	30	1	14	1	1	rational	weight_190.json
190	90	2	48	19	120	1	15	1	1	rational	weight_190.json
192	92	2	101	19	95	1	1	1	1	rational	weight_192.json
192	92	2	104	19	55	1	2	1	1	rational	weight_192.json
192	92	2	16	19	115	1	3	1	1	rational	weight_192.json
192	92	2	9	19	40	1	4	1	1	rational	weight_192.json
192	92	2	21	19	55	1	5	1	1	rational	weight_192.json
192	92	2	21	19	55	1	6	1	1	rational	weight_192.json
192	92	2	109	19	115	1	7	1	1	rational	weight_192.json
192	92	2	24	19	95	1	8	1	1	rational	weight_192.json
192	92	2	59	19	15	1	9	1	1	rational	weight_192.json
192	92	2	66	19	15	1	10	1	1	rational	weight_192.json
192	92	2	49	19	20	1	11	1	1	rational	weight_192.json
192	92	2	124	19	45	1	12	1	1	rational	weight_192.json
192	92	2	26	19	120	1	13	1	1	rational	weight_192.json
192	92	2	76	19	20	1	14	1	1	rational	weight_192.json
192	92	2	34	19	90	1	15	1	1	rational	weight_192.json
192	92	2	1	19	45	1	16	1	1	rational	weight_192.json
194	94	2	7	19	85	1	1	1	1	rational	weight_194.json
194	94	2	63	19	65	1	2	1	1	rational	weight_194.json
194	94	2	113	19	15	1	3	1	1	rational	weight_194.json
194	94	2	32	19	110	1	4	1	1	rational	weight_194.json
194	94	2	72	19	50	1	5	1	1	rational	weight_194.json
194	94	2	68	19	10	1	6	1	1	rational	weight_194.json
194	94	2	38	19	90	1	7	1	1	rational	weight_194.json
194	94	2	72	19	50	1	8	1	1	rational	weight_194.json
194	94	2	53	19	50	1	9	1	1	rational	weight_194.json
194	94	2	13	19	115	1	10	1	1	rational	weight_194.json
194	94	2	112	19	115	1	11	1	1	rational	weight_194.json
194	94	2	107	19	60	1	12	1	1	rational	weight_194.json
194	94	2	87	19	90	1	13	1	1	rational	weight_194.json
194	94	2	18	19	60	1	14	1	1	rational	weight_194.json
194	94	2	57	19	10	1	15	1	1	rational	weight_194.json
196	96	2	39	19	65	1	1	1	1	rational	weight_196.json
196	96	2	86	19	65	1	2	1	1	rational	weight_196.json
196	96	2	39	19	65	1	3	1	1	rational	weight_196.json
196	96	2	106	19	100	1	4	1	1	rational	weight_196.json
196	96	2	91	19	105	1	5	1	1	rational	weight_196.json
196	96	2	69	19	75	1	6	1	1	rational	weight_196.json
196	96	2	66	19	30	1	7	1	1	rational	weight_196.json
196	96	2	9	19	55	1	8	1	1	rational	weight_196.json
196	96	2	59	19	30	1	9	1	1	rational	weight_196.json
196	96	2	31	19	0	1	10	1	1	rational	weight_196.json
196	96	2	16	19	5	1	11	1	1	rational	weight_196.json
196	96	2	19	19	100	1	12	1	1	rational	weight_196.json
196	96	2	34	19	105	1	13	1	1	rational	weight_196.json
196	96	2	6	19	50	1	14	1	1	rational	weight_196.json
196	96	2	84	19	80	1	15	1	1	rational	weight_196.json
196	96	2	56	19	75	1	16	1	1	rational	weight_196.json
198	98	2	98	19	115	1	1	1	1	rational	weight_198.json
198	98	2	78	19	10	1	2	1	1	rational	weight_198.json
198	98	2	52	19	15	1	3	1	1	rational	weight_198.json
198	98	2	102	19	65	1	4	1	1	rational	weight_198.json
198	98	2	2	19	90	1	5	1	1	rational	weight_198.json
198	98	2	62	19	25	1	6	1	1	rational	weight_198.json
198	98	2	63	19	25	1	7	1	1	rational	weight_198.json
198	98	2	47	19	10	1	8	1	1	rational	weight_198.json
198	98	2	63	19	25	1	9	1	1	rational	weight_198.json
198	98	2	122	19	85	1	10	1	1	rational	weight_198.json
198	98	2	3	19	85	1	11	1	1	rational	weight_198.json
198	98	2	22	19	110	1	12	1	1	rational	weight_198.json
198	98	2	53	19	35	1	13	1	1	rational	weight_198.json
198	98	2	27	19	115	1	14	1	1	rational	weight_198.json
198	98	2	28	19	60	1	15	1	1	rational	weight_198.json
198	98	2	123	19	90	1	16	1	1	rational	weight_198.json
200	0	2	61	19	80	1	1	1	1	rational	weight_200.json
200	0	2	106	19	90	1	2	1	1	rational	weight_200.json
200	0	2	61	19	80	1	3	1	1	rational	weight_200.json
200	0	2	6	19	40	1	4	1	1	rational	weight_200.json
200	0	2	84	19	20	1	5	1	1	rational	weight_200.json
200	0	2	94	19	115	1	6	1	1	rational	weight_200.json
200	0	2	31	19	115	1	7	1	1	rational	weight_200.json
200	0	2	91	19	45	1	8	1	1	rational	weight_200.json
200	0	2	16	19	70	1	9	1	1	rational	weight_200.json
200	0	2	64	19	80	1	10	1	1	rational	weight_200.json
200	0	2	34	19	45	1	11	1	1	rational	weight_200.json
200	0	2	19	19	90	1	12	1	1	rational	weight_200.json
200	0	2	9	19	120	1	13	1	1	rational	weight_200.json
200	0	2	66	19	95	1	14	1	1	rational	weight_200.json
200	0	2	69	19	65	1	15	1	1	rational	weight_200.json
200	0	2	44	19	15	1	16	1	1	rational	weight_200.json
202	2	2	7	19	55	1	1	1	1	rational	weight_202.json
202	2	2	43	19	5	1	2	1	1	rational	weight_202.json
202	2	2	32	19	80	1	3	1	1	rational	weight_202.json
202	2	2	62	19	60	1	4	1	1	rational	weight_202.json
202	2	2	88	19	35	1	5	1	1	rational	weight_202.json
202	2	2	3	19	20	1	6	1	1	rational	weight_202.json
202	2	2	12	19	10	1	7	1	1	rational	weight_202.json
202	2	2	122	19	20	1	8	1	1	rational	weight_202.json
202	2	2	18	19	30	1	9	1	1	rational	weight_202.json
202	2	2	38	19	85	1	10	1	1	rational	weight_202.json
202	2	2	13	19	110	1	11	1	1	rational	weight_202.json
202	2	2	87	19	85	1	12	1	1	rational	weight_202.json
202	2	2	122	19	20	1	13	1	1	rational	weight_202.json
202	2	2	57	19	105	1	14	1	1	rational	weight_202.json
202	2	2	63	19	60	1	15	1	1	rational	weight_202.json
202	2	2	68	19	105	1	16	1	1	rational	weight_202.json
204	4	2	109	19	60	1	1	1	1	rational	weight_204.json
204	4	2	91	19	35	1	2	1	1	rational	weight_204.json
204	4	2	16	19	60	1	3	1	1	rational	weight_204.json
204	4	2	99	19	40	1	4	1	1	rational	weight_204.json
204	4	2	51	19	115	1	5	1	1	rational	weight_204.json
204	4	2	4	19	100	1	6	1	1	rational	weight_204.json
204	4	2	1	19	90	1	7	1	1	rational	weight_204.json
204	4	2	4	19	100	1	8	1	1	rational	weight_204.json
204	4	2	121	19	100	1	9	1	1	rational	weight_204.json
204	4	2	9	19	110	1	10	1	1	rational	weight_204.json
204	4	2	49	19	65	1	11	1	1	rational	weight_204.json
204	4	2	121	19	100	1	12	1	1	rational	weight_204.json
204	4	2	101	19	15	1	13	1	1	rational	weight_204.json
204	4	2	41	19	10	1	14	1	1	rational	weight_204.json
204	4	2	66	19	85	1	15	1	1	rational	weight_204.json
204	4	2	24	19	15	1	16	1	1	rational	weight_204.json
204	4	2	34	19	35	1	17	1	1	rational	weight_204.json
206	6	2	37	19	20	1	1	1	1	rational	weight_206.json
206	6	2	33	19	100	1	2	1	1	rational	weight_206.json
206	6	2	12	19	120	1	3	1	1	rational	weight_206.json
206	6	2	83	19	50	1	4	1	1	rational	weight_206.json
206	6	2	123	19	60	1	5	1	1	rational	weight_206.json
206	6	2	108	19	25	1	6	1	1	rational	weight_206.json
206	6	2	38	19	70	1	7	1	1	rational	weight_206.json
206	6	2	123	19	60	1	8	1	1	rational	weight_206.json
206	6	2	13	19	95	1	9	1	1	rational	weight_206.json
206	6	2	67	19	75	1	10	1	1	rational	weight_206.json
206	6	2	112	19	95	1	11	1	1	rational	weight_206.json
206	6	2	117	19	0	1	12	1	1	rational	weight_206.json
206	6	2	2	19	60	1	13	1	1	rational	weight_206.json
206	6	2	17	19	25	1	14	1	1	rational	weight_206.json
206	6	2	63	19	45	1	15	1	1	rational	weight_206.json
206	6	2	2	19	60	1	16	1	1	rational	weight_206.json
208	8	2	4	19	115	1	1	1	1	rational	weight_208.json
208	8	2	89	19	85	1	2	1	1	rational	weight_208.json
208	8	2	46	19	15	1	3	1	1	rational	weight_208.json
208	8	2	91	19	75	1	4	1	1	rational	weight_208.json
208	8	2	64	19	35	1	5	1	1	rational	weight_208.json
208	8	2	86	19	110	1	6	1	1	rational	weight_208.json
208	8	2	11	19	10	1	7	1	1	rational	weight_208.json
208	8	2	54	19	90	1	8	1	1	rational	weight_208.json
208	8	2	114	19	10	1	9	1	1	rational	weight_208.json
208	8	2	91	19	75	1	10	1	1	rational	weight_208.json
208	8	2	21	19	65	1	11	1	1	rational	weight_208.json
208	8	2	34	19	75	1	12	1	1	rational	weight_208.json
208	8	2	96	19	40	1	13	1	1	rational	weight_208.json
208	8	2	34	19	75	1	14	1	1	rational	weight_208.json
208	8	2	79	19	15	1	15	1	1	rational	weight_208.json
208	8	2	111	19	60	1	16	1	2	rational	weight_208.json
210	10	2	123	19	95	1	1	1	1	rational	weight_210.json
210	10	2	38	19	5	1	2	1	1	rational	weight_210.json
210	10	2	13	19	30	1	3	1	1	rational	weight_210.json
210	10	2	108	19	35	1	4	1	1	rational	weight_210.json
210	10	2	83	19	60	1	5	1	1	rational	weight_210.json
210	10	2	117	19	10	1	6	1	1	rational	weight_210.json
210	10	2	2	19	95	1	7	1	1	rational	weight_210.json
210	10	2	33	19	110	1	8	1	1	rational	weight_210.json
210	10	2	42	19	60	1	9	1	1	rational	weight_210.json
210	10	2	67	19	85	1	10	1	1	rational	weight_210.json
210	10	2	62	19	105	1	11	1	1	rational	weight_210.json
210	10	2	123	19	95	1	12	1	1	rational	weight_210.json
210	10	2	37	19	80	1	13	1	1	rational	weight_210.json
210	10	2	117	19	10	1	14	1	1	rational	weight_210.json
210	10	2	113	19	55	1	15	1	1	rational	weight_210.json
210	10	2	87	19	5	1	16	1	1	rational	weight_210.json
210	10	2	2	19	95	1	17	1	1	rational	weight_210.json
212	12	2	71	19	30	1	1	1	1	rational	weight_212.json
212	12	2	116	19	115	1	2	1	1	rational	weight_212.json
212	12	2	51	19	20	1	3	1	1	rational	weight_212.json
212	12	2	99	19	70	1	4	1	1	rational	weight_212.json
212	12	2	54	19	30	1	5	1	1	rational	weight_212.json
212	12	2	124	19	120	1	6	1	1	rational	weight_212.json
212	12	2	59	19	90	1	7	1	1	rational	weight_212.json
212	12	2	49	19	95	1	8	1	1	rational	weight_212.json
212	12	2	101	19	45	1	9	1	1	rational	weight_212.json
212	12	2	16	19	65	1	10	1	1	rational	weight_212.json
212	12	2	41	19	15	1	11	1	1	rational	weight_212.json
212	12	2	34	19	40	1	12	2	1	rational	weight_212.json
212	12	2	101	19	45	1	13	1	1	rational	weight_212.json
212	12	2	71	19	30	1	14	1	1	rational	weight_212.json
212	12	2	9	19	115	1	15	1	1	rational	weight_212.json
212	12	2	26	19	70	1	16	1	1	rational	weight_212.json
214	14	2	112	19	40	1	1	1	1	rational	weight_214.json
214	14	2	113	19	65	1	2	1	1	rational	weight_214.json
214	14	2	13	19	40	1	3	1	1	rational	weight_214.json
214	14	2	107	19	110	1	4	1	1	rational	weight_214.json
214	14	2	107	19	110	1	5	1	1	rational	weight_214.json
214	14	2	37	19	90	1	6	1	1	rational	weight_214.json
214	14	2	97	19	0	1	7	1	1	rational	weight_214.json
214	14	2	43	19	85	1	8	1	1	rational	weight_214.json
214	14	2	7	19	10	1	9	1	1	rational	weight_214.json
214	14	2	93	19	35	1	10	1	1	rational	weight_214.json
214	14	2	82	19	85	1	11	1	1	rational	weight_214.json
214	14	2	97	19	0	1	12	1	1	rational	weight_214.json
214	14	2	28	19	0	1	13	1	1	rational	weight_214.json
214	14	2	68	19	60	1	14	1	1	rational	weight_214.json
214	14	2	87	19	15	1	15	1	1	rational	weight_214.json
214	14	2	63	19	115	1	16	1	2	rational	weight_214.json
216	16	2	64	19	65	1	1	1	1	rational	weight_216.json
216	16	2	16	19	80	1	2	1	1	rational	weight_216.json
216	16	2	91	19	55	1	3	1	1	rational	weight_216.json
216	16	2	9	19	5	1	4	1	1	rational	weight_216.json
216	16	2	64	19	65	1	5	1	1	rational	weight_216.json
216	16	2	19	19	50	1	6	1	1	rational	weight_216.json
216	16	2	56	19	25	1	7	1	1	rational	weight_216.json
216	16	2	119	19	0	1	8	1	1	rational	weight_216.json
216	16	2	31	19	75	1	9	1	1	rational	weight_216.json
216	16	2	81	19	100	1	10	1	1	rational	weight_216.json
216	16	2	84	19	30	1	11	1	1	rational	weight_216.json
216	16	2	56	19	25	1	12	1	1	rational	weight_216.json
216	16	2	9	19	5	1	13	1	1	rational	weight_216.json
216	16	2	44	19	100	1	14	1	1	rational	weight_216.json
216	16	2	61	19	65	1	15	1	1	rational	weight_216.json
216	16	2	41	19	30	1	16	1	1	rational	weight_216.json
216	16	2	91	19	55	1	17	1	1	rational	weight_216.json
216	16	2	59	19	105	1	18	1	1	rational	weight_216.json
218	18	2	73	19	65	1	1	1	1	rational	weight_218.json
218	18	2	78	19	60	1	2	1	1	rational	weight_218.json
218	18	2	103	19	35	1	3	1	1	rational	weight_218.json
218	18	2	2	19	15	1	4	1	1	rational	weight_218.json
218	18	2	77	19	90	1	5	2	1	rational	weight_218.json
218	18	2	97	19	110	1	6	1	1	rational	weight_218.json
218	18	2	103	19	35	1	7	1	1	rational	weight_218.json
218	18	2	27	19	40	1	8	1	1	rational	weight_218.json
218	18	2	62	19	75	1	9	1	1	rational	weight_218.json
218	18	2	72	19	85	1	10	1	1	rational	weight_218.json
218	18	2	122	19	10	1	11	1	1	rational	weight_218.json
218	18	2	3	19	10	1	12	1	1	rational	weight_218.json
218	18	2	63	19	75	1	13	1	1	rational	weight_218.json
218	18	2	97	19	110	1	14	1	1	rational	weight_218.json
218	18	2	23	19	115	1	15	1	1	rational	weight_218.json
218	18	2	63	19	75	1	16	1	1	rational	weight_218.json
220	20	2	66	19	45	1	1	1	1	rational	weight_220.json
220	20	2	16	19	20	1	2	1	1	rational	weight_220.json
220	20	2	86	19	105	1	3	1	1	rational	weight_220.json
220	20	2	66	19	45	1	4	1	1	rational	weight_220.json
220	20	2	116	19	70	1	5	1	1	rational	weight_220.json
220	20	2	34	19	120	1	6	1	1	rational	weight_220.json
220	20	2	69	19	15	1	7	1	1	rational	weight_220.json
220	20	2	106	19	40	1	8	1	1	rational	weight_220.json
220	20	2	39	19	105	1	9	1	1	rational	weight_220.json
220	20	2	84	19	95	1	10	1	1	rational	weight_220.json
220	20	2	86	19	105	1	11	1	1	rational	weight_220.json
220	20	2	9	19	70	1	12	1	1	rational	weight_220.json
220	20	2	84	19	95	1	13	1	1	rational	weight_220.json
220	20	2	119	19	115	1	14	1	1	rational	weight_220.json
220	20	2	81	19	90	1	15	1	1	rational	weight_220.json
220	20	2	81	19	90	1	16	1	1	rational	weight_220.json
220	20	2	94	19	65	1	17	1	2	rational	weight_220.json
222	22	2	88	19	85	1	1	1	1	rational	weight_222.json
222	22	2	18	19	80	1	2	1	1	rational	weight_222.json
222	22	2	63	19	110	1	3	1	1	rational	weight_222.json
222	22	2	82	19	55	1	4	1	1	rational	weight_222.json
222	22	2	97	19	45	1	5	1	1	rational	weight_222.json
222	22	2	12	19	60	1	6	1	1	rational	weight_222.json
222	22	2	32	19	5	1	7	1	1	rational	weight_222.json
222	22	2	87	19	10	1	8	1	1	rational	weight_222.json
222	22	2	87	19	10	1	9	1	1	rational	weight_222.json
222	22	2	97	19	45	1	10	1	1	rational	weight_222.json
222	22	2	57	19	30	1	11	1	1	rational	weight_222.json
222	22	2	93	19	5	1	12	1	1	rational	weight_222.json
222	22	2	118	19	105	1	13	1	1	rational	weight_222.json
222	22	2	118	19	105	1	14	1	1	rational	weight_222.json
222	22	2	57	19	30	1	15	1	1	rational	weight_222.json
222	22	2	28	19	45	1	16	1	1	rational	weight_222.json
222	22	2	13	19	35	1	17	1	2	rational	weight_222.json
224	24	2	101	19	90	1	1	1	1	rational	weight_224.json
224	24	2	124	19	40	1	2	1	1	rational	weight_224.json
224	24	2	109	19	10	1	3	1	1	rational	weight_224.json
224	24	2	49	19	15	1	4	1	1	rational	weight_224.json
224	24	2	54	19	25	1	5	1	1	rational	weight_224.json
224	24	2	9	19	60	1	6	1	1	rational	weight_224.json
224	24	2	91	19	110	1	7	1	1	rational	weight_224.json
224	24	2	101	19	90	1	8	1	1	rational	weight_224.json
224	24	2	71	19	25	1	9	1	1	rational	weight_224.json
224	24	2	54	19	25	1	10	1	1	rational	weight_224.json
224	24	2	41	19	85	1	11	1	1	rational	weight_224.json
224	24	2	124	19	40	1	12	1	1	rational	weight_224.json
224	24	2	66	19	35	1	13	2	1	rational	weight_224.json
224	24	2	74	19	65	1	14	1	1	rational	weight_224.json
224	24	2	26	19	115	1	15	1	1	rational	weight_224.json
224	24	2	71	19	25	1	16	1	1	rational	weight_224.json
224	24	2	9	19	60	1	17	1	1	rational	weight_224.json
226	26	2	92	19	25	1	1	1	1	rational	weight_226.json
226	26	2	108	19	75	1	2	1	1	rational	weight_226.json
226	26	2	38	19	120	1	3	1	1	rational	weight_226.json
226	26	2	77	19	60	1	4	1	1	rational	weight_226.json
226	26	2	48	19	60	1	5	1	1	rational	weight_226.json
226	26	2	13	19	20	1	6	1	1	rational	weight_226.json
226	26	2	58	19	0	1	7	1	1	rational	weight_226.json
226	26	2	38	19	120	1	8	1	1	rational	weight_226.json
226	26	2	42	19	100	1	9	1	1	rational	weight_226.json
226	26	2	42	19	100	1	10	1	1	rational	weight_226.json
226	26	2	37	19	70	1	11	1	1	rational	weight_226.json
226	26	2	12	19	45	1	12	1	1	rational	weight_226.json
226	26	2	37	19	70	1	13	1	1	rational	weight_226.json
226	26	2	117	19	50	1	14	1	1	rational	weight_226.json
226	26	2	108	19	75	1	15	1	1	rational	weight_226.json
226	26	2	63	19	95	1	16	1	1	rational	weight_226.json
226	26	2	48	19	60	1	17	1	1	rational	weight_226.json
226	26	2	77	19	60	1	18	1	1	rational	weight_226.json
228	28	2	91	19	25	1	1	1	1	rational	weight_228.json
228	28	2	91	19	25	1	2	1	1	rational	weight_228.json
228	28	2	29	19	115	1	3	1	1	rational	weight_228.json
228	28	2	34	19	25	1	4	1	1	rational	weight_228.json
228	28	2	36	19	35	1	5	1	1	rational	weight_228.json
228	28	2	39	19	60	1	6	1	1	rational	weight_228.json
228	28	2	34	19	25	1	7	1	1	rational	weight_228.json
228	28	2	61	19	110	1	8	1	1	rational	weight_228.json
228	28	2	46	19	90	1	9	1	1	rational	weight_228.json
228	28	2	104	19	15	1	10	1	1	rational	weight_228.json
228	28	2	121	19	65	1	11	1	1	rational	weight_228.json
228	28	2	61	19	110	1	12	1	1	rational	weight_228.json
228	28	2	71	19	40	1	13	1	1	rational	weight_228.json
228	28	2	114	19	85	1	14	1	1	rational	weight_228.json
228	28	2	29	19	115	1	15	1	1	rational	weight_228.json
228	28	2	121	19	65	1	16	1	1	rational	weight_228.json
228	28	2	36	19	35	1	17	1	1	rational	weight_228.json
228	28	2	14	19	10	1	18	1	2	rational	weight_228.json
230	30	2	8	19	60	1	1	1	1	rational	weight_230.json
230	30	2	38	19	55	1	2	1	1	rational	weight_230.json
230	30	2	62	19	30	1	3	1	1	rational	weight_230.json
230	30	2	33	19	35	1	4	1	1	rational	weight_230.json
230	30	2	67	19	10	1	5	1	1	rational	weight_230.json
230	30	2	13	19	80	1	6	1	1	rational	weight_230.json
230	30	2	37	19	5	1	7	1	1	rational	weight_230.json
230	30	2	13	19	80	1	8	1	1	rational	weight_230.json
230	30	2	73	19	70	1	9	1	1	rational	weight_230.json
230	30	2	67	19	10	1	10	1	1	rational	weight_230.json
230	30	2	17	19	85	1	11	1	1	rational	weight_230.json
230	30	2	17	19	85	1	12	1	1	rational	weight_230.json
230	30	2	52	19	70	1	13	1	1	rational	weight_230.json
230	30	2	37	19	5	1	14	1	1	rational	weight_230.json
230	30	2	73	19	70	1	15	1	1	rational	weight_230.json
230	30	2	52	19	70	1	16	1	1	rational	weight_230.json
230	30	2	83	19	110	1	17	1	2	rational	weight_230.json
232	32	2	24	19	120	1	1	1	1	rational	weight_232.json
232	32	2	59	19	40	1	2	1	1	rational	weight_232.json
232	32	2	99	19	20	1	3	1	1	rational	weight_232.json
232	32	2	99	19	20	1	4	1	1	rational	weight_232.json
232	32	2	51	19	95	1	5	1	1	rational	weight_232.json
232	32	2	59	19	40	1	6	1	1	rational	weight_232.json
232	32	2	4	19	5	1	7	1	1	rational	weight_232.json
232	32	2	1	19	70	1	8	1	1	rational	weight_232.json
232	32	2	116	19	65	1	9	1	1	rational	weight_232.json
232	32	2	121	19	5	1	10	1	1	rational	weight_232.json
232	32	2	121	19	5	1	11	1	1	rational	weight_232.json
232	32	2	34	19	115	1	12	1	1	rational	weight_232.json
232	32	2	1	19	70	1	13	1	1	rational	weight_232.json
232	32	2	34	19	115	1	14	1	1	rational	weight_232.json
232	32	2	4	19	5	1	15	1	1	rational	weight_232.json
232	32	2	51	19	95	1	16	1	1	rational	weight_232.json
232	32	2	41	19	90	1	17	1	1	rational	weight_232.json
232	32	2	16	19	15	1	18	1	2	rational	weight_232.json
234	34	2	118	19	60	1	1	1	1	rational	weight_234.json
234	34	2	82	19	10	1	2	1	1	rational	weight_234.json
234	34	2	118	19	60	1	3	1	1	rational	weight_234.json
234	34	2	13	19	90	1	4	1	1	rational	weight_234.json
234	34	2	12	19	115	1	5	1	1	rational	weight_234.json
234	34	2	93	19	85	1	6	1	1	rational	weight_234.json
234	34	2	87	19	65	1	7	2	1	rational	weight_234.json
234	34	2	57	19	110	1	8	1	1	rational	weight_234.json
234	34	2	122	19	75	1	9	1	1	rational	weight_234.json
234	34	2	63	19	40	1	10	1	1	rational	weight_234.json
234	34	2	37	19	15	1	11	1	1	rational	weight_234.json
234	34	2	82	19	10	1	12	1	1	rational	weight_234.json
234	34	2	13	19	90	1	13	1	1	rational	weight_234.json
234	34	2	57	19	110	1	14	1	1	rational	weight_234.json
234	34	2	63	19	40	1	15	1	1	rational	weight_234.json
234	34	2	3	19	75	1	16	1	1	rational	weight_234.json
234	34	2	122	19	75	1	17	1	1	rational	weight_234.json
234	34	2	3	19	75	1	18	1	1	rational	weight_234.json
236	36	2	106	19	0	1	1	1	1	rational	weight_236.json
236	36	2	94	19	25	1	2	1	1	rational	weight_236.json
236	36	2	36	19	65	1	3	1	1	rational	weight_236.json
236	36	2	89	19	65	1	4	1	1	rational	weight_236.json
236	36	2	91	19	5	1	5	1	1	rational	weight_236.json
236	36	2	94	19	25	1	6	1	1	rational	weight_236.json
236	36	2	119	19	75	1	7	1	1	rational	weight_236.json
236	36	2	41	19	105	1	8	1	1	rational	weight_236.json
236	36	2	81	19	50	1	9	1	1	rational	weight_236.json
236	36	2	91	19	5	1	10	1	1	rational	weight_236.json
236	36	2	59	19	55	1	11	1	1	rational	weight_236.json
236	36	2	106	19	0	1	12	1	1	rational	weight_236.json
236	36	2	59	19	55	1	13	1	1	rational	weight_236.json
236	36	2	9	19	80	1	14	1	1	rational	weight_236.json
236	36	2	89	19	65	1	15	1	1	rational	weight_236.json
236	36	2	41	19	105	1	16	1	1	rational	weight_236.json
236	36	2	36	19	65	1	17	1	1	rational	weight_236.json
236	36	2	81	19	50	1	18	1	1	rational	weight_236.json
236	36	2	9	19	80	1	19	1	1	rational	weight_236.json
238	38	2	28	19	35	1	1	1	1	rational	weight_238.json
238	38	2	53	19	10	1	2	1	1	rational	weight_238.json
238	38	2	102	19	40	1	3	1	1	rational	weight_238.json
238	38	2	102	19	40	1	4	1	1	rational	weight_238.json
238	38	2	63	19	0	1	5	1	1	rational	weight_238.json
238	38	2	62	19	0	1	6	1	1	rational	weight_238.json
238	38	2	28	19	35	1	7	1	1	rational	weight_238.json
238	38	2	22	19	85	1	8	1	1	rational	weight_238.json
238	38	2	52	19	115	1	9	1	1	rational	weight_238.json
238	38	2	47	19	110	1	10	1	1	rational	weight_238.json
238	38	2	62	19	0	1	11	1	1	rational	weight_238.json
238	38	2	47	19	110	1	12	1	1	rational	weight_238.json
238	38	2	53	19	10	1	13	1	1	rational	weight_238.json
238	38	2	52	19	115	1	14	1	1	rational	weight_238.json
238	38	2	98	19	90	1	15	1	1	rational	weight_238.json
238	38	2	22	19	85	1	16	1	1	rational	weight_238.json
238	38	2	63	19	0	1	17	1	1	rational	weight_238.json
238	38	2	48	19	15	1	18	1	2	rational	weight_238.json
240	40	2	14	19	5	1	1	1	1	rational	weight_240.json
240	40	2	31	19	15	1	2	1	1	rational	weight_240.json
240	40	2	116	19	20	1	3	1	1	rational	weight_240.json
240	40	2	19	19	115	1	4	1	1	rational	weight_240.json
240	40	2	111	19	5	1	5	1	1	rational	weight_240.json
240	40	2	14	19	5	1	6	1	1	rational	weight_240.json
240	40	2	84	19	45	1	7	1	1	rational	weight_240.json
240	40	2	119	19	65	1	8	1	1	rational	weight_240.json
240	40	2	34	19	70	1	9	1	1	rational	weight_240.json
240	40	2	19	19	115	1	10	1	1	rational	weight_240.json
240	40	2	66	19	120	1	11	1	1	rational	weight_240.json
240	40	2	34	19	70	1	12	1	1	rational	weight_240.json
240	40	2	66	19	120	1	13	1	1	rational	weight_240.json
240	40	2	84	19	45	1	14	1	1	rational	weight_240.json
240	40	2	116	19	20	1	15	1	1	rational	weight_240.json
240	40	2	31	19	15	1	16	1	1	rational	weight_240.json
240	40	2	119	19	65	1	17	1	1	rational	weight_240.json
240	40	2	111	19	5	1	18	1	1	rational	weight_240.json
240	40	2	56	19	90	1	19	1	2	rational	weight_240.json
242	42	2	107	19	5	1	1	1	1	rational	weight_242.json
242	42	2	37	19	10	1	2	1	1	rational	weight_242.json
242	42	2	107	19	5	1	3	1	1	rational	weight_242.json
242	42	2	63	19	35	1	4	1	1	rational	weight_242.json
242	42	2	82	19	105	1	5	1	1	rational	weight_242.json
242	42	2	37	19	10	1	6	1	1	rational	weight_242.json
242	42	2	87	19	60	1	7	2	1	rational	weight_242.json
242	42	2	68	19	80	1	8	1	1	rational	weight_242.json
242	42	2	72	19	70	1	9	1	1	rational	weight_242.json
242	42	2	53	19	70	1	10	1	1	rational	weight_242.json
242	42	2	63	19	35	1	11	1	1	rational	weight_242.json
242	42	2	82	19	105	1	12	1	1	rational	weight_242.json
242	42	2	13	19	85	1	13	1	1	rational	weight_242.json
242	42	2	93	19	55	1	14	1	1	rational	weight_242.json
242	42	2	68	19	80	1	15	1	1	rational	weight_242.json
242	42	2	13	19	85	1	16	1	1	rational	weight_242.json
242	42	2	93	19	55	1	17	1	1	rational	weight_242.json
242	42	2	72	19	70	1	18	1	1	rational	weight_242.json
244	44	2	21	19	75	1	1	1	1	rational	weight_244.json
244	44	2	26	19	65	1	2	1	1	rational	weight_244.json
244	44	2	74	19	15	1	3	1	1	rational	weight_244.json
244	44	2	76	19	90	1	4	1	1	rational	weight_244.json
244	44	2	91	19	60	1	5	1	1	rational	weight_244.json
244	44	2	21	19	75	1	6	1	1	rational	weight_244.json
244	44	2	24	19	40	1	7	1	1	rational	weight_244.json
244	44	2	76	19	90	1	8	1	1	rational	weight_244.json
244	44	2	9	19	10	1	9	1	1	rational	weight_244.json
244	44	2	74	19	15	1	10	1	1	rational	weight_244.json
244	44	2	104	19	75	1	11	1	1	rational	weight_244.json
244	44	2	66	19	110	1	12	1	1	rational	weight_244.json
244	44	2	9	19	10	1	13	1	1	rational	weight_244.json
244	44	2	24	19	40	1	14	1	1	rational	weight_244.json
244	44	2	104	19	75	1	15	1	1	rational	weight_244.json
244	44	2	26	19	65	1	16	1	1	rational	weight_244.json
244	44	2	91	19	60	1	17	1	1	rational	weight_244.json
244	44	2	66	19	110	1	18	1	1	rational	weight_244.json
244	44	2	109	19	85	1	19	1	2	rational	weight_244.json
246	46	2	13	19	70	1	1	1	1	rational	weight_246.json
246	46	2	37	19	120	1	2	1	1	rational	weight_246.json
246	46	2	17	19	0	1	3	1	1	rational	weight_246.json
246	46	2	38	19	45	1	4	1	1	rational	weight_246.json
246	46	2	13	19	70	1	5	1	1	rational	weight_246.json
246	46	2	98	19	60	1	6	1	1	rational	weight_246.json
246	46	2	38	19	45	1	7	1	1	rational	weight_246.json
246	46	2	27	19	60	1	8	1	1	rational	weight_246.json
246	46	2	62	19	20	1	9	1	1	rational	weight_246.json
246	46	2	8	19	100	1	10	1	1	rational	weight_246.json
246	46	2	58	19	50	1	11	1	1	rational	weight_246.json
246	46	2	37	19	120	1	12	1	1	rational	weight_246.json
246	46	2	98	19	60	1	13	1	1	rational	weight_246.json
246	46	2	17	19	0	1	14	1	1	rational	weight_246.json
246	46	2	27	19	60	1	15	1	1	rational	weight_246.json
246	46	2	58	19	50	1	16	1	1	rational	weight_246.json
246	46	2	92	19	75	1	17	1	1	rational	weight_246.json
246	46	2	62	19	20	1	18	1	1	rational	weight_246.json
246	46	2	92	19	75	1	19	1	1	rational	weight_246.json
246	46	2	8	19	100	1	20	1	1	rational	weight_246.json
248	48	2	91	19	100	1	1	1	1	rational	weight_248.json
248	48	2	96	19	65	1	2	1	1	rational	weight_248.json
248	48	2	96	19	65	1	3	1	1	rational	weight_248.json
248	48	2	21	19	90	1	4	1	1	rational	weight_248.json
248	48	2	4	19	15	1	5	1	1	rational	weight_248.json
248	48	2	34	19	100	1	6	1	1	rational	weight_248.json
248	48	2	86	19	10	1	7	1	1	rational	weight_248.json
248	48	2	4	19	15	1	8	1	1	rational	weight_248.json
248	48	2	54	19	115	1	9	1	1	rational	weight_248.json
248	48	2	21	19	90	1	10	1	1	rational	weight_248.json
248	48	2	111	19	85	1	11	1	1	rational	weight_248.json
248	48	2	54	19	115	1	12	1	1	rational	weight_248.json
248	48	2	91	19	100	1	13	1	1	rational	weight_248.json
248	48	2	11	19	35	1	14	1	1	rational	weight_248.json
248	48	2	64	19	60	1	15	1	1	rational	weight_248.json
248	48	2	64	19	60	1	16	1	1	rational	weight_248.json
248	48	2	89	19	110	1	17	1	1	rational	weight_248.json
248	48	2	111	19	85	1	18	1	1	rational	weight_248.json
248	48	2	89	19	110	1	19	1	1	rational	weight_248.json
248	48	2	34	19	100	1	20	1	1	rational	weight_248.json
250	50	2	8	19	110	1	1	1	1	rational	weight_250.json
250	50	2	38	19	105	1	2	1	1	rational	weight_250.json
250	50	2	38	19	105	1	3	1	1	rational	weight_250.json
250	50	2	92	19	85	1	4	1	1	rational	weight_250.json
250	50	2	12	19	30	1	5	1	1	rational	weight_250.json
250	50	2	92	19	85	1	6	1	1	rational	weight_250.json
250	50	2	37	19	55	1	7	1	1	rational	weight_250.json
250	50	2	17	19	10	1	8	1	1	rational	weight_250.json
250	50	2	13	19	5	1	9	1	1	rational	weight_250.json
250	50	2	12	19	30	1	10	1	1	rational	weight_250.json
250	50	2	23	19	45	1	11	1	1	rational	weight_250.json
250	50	2	8	19	110	1	12	1	1	rational	weight_250.json
250	50	2	37	19	55	1	13	1	1	rational	weight_250.json
250	50	2	58	19	60	1	14	1	1	rational	weight_250.json
250	50	2	58	19	60	1	15	1	1	rational	weight_250.json
250	50	2	42	19	35	1	16	1	1	rational	weight_250.json
250	50	2	102	19	45	1	17	1	1	rational	weight_250.json
250	50	2	23	19	45	1	18	1	1	rational	weight_250.json
250	50	2	102	19	45	1	19	1	1	rational	weight_250.json
250	50	2	13	19	5	1	20	1	1	rational	weight_250.json
252	52	2	26	19	95	1	1	1	1	rational	weight_252.json
252	52	2	26	19	95	1	2	1	1	rational	weight_252.json
252	52	2	74	19	45	1	3	1	1	rational	weight_252.json
252	52	2	84	19	40	1	4	1	1	rational	weight_252.json
252	52	2	79	19	105	1	5	1	1	rational	weight_252.json
252	52	2	116	19	15	1	6	1	1	rational	weight_252.json
252	52	2	24	19	70	1	7	1	1	rational	weight_252.json
252	52	2	1	19	20	1	8	1	1	rational	weight_252.json
252	52	2	59	19	115	1	9	1	1	rational	weight_252.json
252	52	2	59	19	115	1	10	1	1	rational	weight_252.json
252	52	2	76	19	120	1	11	1	1	rational	weight_252.json
252	52	2	16	19	90	1	12	1	1	rational	weight_252.json
252	52	2	74	19	45	1	13	1	1	rational	weight_252.json
252	52	2	16	19	90	1	14	1	1	rational	weight_252.json
252	52	2	24	19	70	1	15	1	1	rational	weight_252.json
252	52	2	76	19	120	1	16	1	1	rational	weight_252.json
252	52	2	79	19	105	1	17	1	1	rational	weight_252.json
252	52	2	46	19	105	1	18	1	1	rational	weight_252.json
252	52	2	34	19	65	1	19	1	1	rational	weight_252.json
252	52	2	116	19	15	1	20	1	1	rational	weight_252.json
252	52	2	46	19	105	1	21	1	1	rational	weight_252.json
254	54	2	63	19	90	1	1	1	1	rational	weight_254.json
254	54	2	87	19	115	1	2	1	1	rational	weight_254.json
254	54	2	12	19	40	1	3	1	1	rational	weight_254.json
254	54	2	57	19	35	1	4	1	1	rational	weight_254.json
254	54	2	32	19	10	1	5	1	1	rational	weight_254.json
254	54	2	43	19	60	1	6	1	1	rational	weight_254.json
254	54	2	103	19	25	1	7	1	1	rational	weight_254.json
254	54	2	87	19	115	1	8	1	1	rational	weight_254.json
254	54	2	18	19	85	1	9	1	1	rational	weight_254.json
254	54	2	22	19	25	1	10	1	1	rational	weight_254.json
254	54	2	7	19	110	1	11	1	1	rational	weight_254.json
254	54	2	12	19	40	1	12	1	1	rational	weight_254.json
254	54	2	13	19	15	1	13	1	1	rational	weight_254.json
254	54	2	13	19	15	1	14	1	1	rational	weight_254.json
254	54	2	22	19	25	1	15	1	1	rational	weight_254.json
254	54	2	43	19	60	1	16	1	1	rational	weight_254.json
254	54	2	103	19	25	1	17	1	1	rational	weight_254.json
254	54	2	18	19	85	1	18	1	1	rational	weight_254.json
254	54	2	32	19	10	1	19	1	1	rational	weight_254.json
254	54	2	88	19	65	1	20	1	1	rational	weight_254.json
256	56	2	44	19	0	1	1	1	1	rational	weight_256.json
256	56	2	6	19	25	1	2	1	1	rational	weight_256.json
256	56	2	69	19	50	1	3	1	1	rational	weight_256.json
256	56	2	91	19	80	1	4	1	1	rational	weight_256.json
256	56	2	11	19	65	1	5	1	1	rational	weight_256.json
256	56	2	109	19	105	1	6	1	1	rational	weight_256.json
256	56	2	59	19	5	1	7	1	1	rational	weight_256.json
256	56	2	44	19	0	1	8	1	1	rational	weight_256.json
256	56	2	9	19	30	1	9	1	1	rational	weight_256.json
256	56	2	91	19	80	1	10	1	1	rational	weight_256.json
256	56	2	106	19	75	1	11	1	1	rational	weight_256.json
256	56	2	11	19	65	1	12	1	1	rational	weight_256.json
256	56	2	6	19	25	1	13	1	1	rational	weight_256.json
256	56	2	41	19	55	1	14	1	1	rational	weight_256.json
256	56	2	59	19	5	1	15	1	1	rational	weight_256.json
256	56	2	114	19	65	1	16	1	1	rational	weight_256.json
256	56	2	31	19	100	1	17	1	1	rational	weight_256.json
256	56	2	69	19	50	1	18	1	1	rational	weight_256.json
256	56	2	114	19	65	1	19	1	1	rational	weight_256.json
256	56	2	41	19	55	1	20	1	1	rational	weight_256.json
256	56	2	116	19	30	1	21	1	1	rational	weight_256.json
258	58	2	122	19	110	1	1	1	1	rational	weight_258.json
258	58	2	97	19	85	1	2	1	1	rational	weight_258.json
258	58	2	63	19	50	1	3	1	1	rational	weight_258.json
258	58	2	2	19	115	1	4	1	1	rational	weight_258.json
258	58	2	73	19	40	1	5	1	1	rational	weight_258.json
258	58	2	78	19	35	1	6	1	1	rational	weight_258.json
258	58	2	72	19	60	1	7	1	1	rational	weight_258.json
258	58	2	72	19	60	1	8	1	1	rational	weight_258.json
258	58	2	97	19	85	1	9	1	1	rational	weight_258.json
258	58	2	63	19	50	1	10	1	1	rational	weight_258.json
258	58	2	62	19	50	1	11	1	1	rational	weight_258.json
258	58	2	103	19	10	1	12	1	1	rational	weight_258.json
258	58	2	73	19	40	1	13	1	1	rational	weight_258.json
258	58	2	103	19	10	1	14	1	1	rational	weight_258.json
258	58	2	3	19	110	1	15	1	1	rational	weight_258.json
258	58	2	27	19	15	1	16	1	1	rational	weight_258.json
258	58	2	62	19	50	1	17	1	1	rational	weight_258.json
258	58	2	23	19	90	1	18	1	1	rational	weight_258.json
258	58	2	23	19	90	1	19	1	1	rational	weight_258.json
258	58	2	77	19	65	1	20	1	2	rational	weight_258.json
260	60	2	109	19	45	1	1	1	1	rational	weight_260.json
260	60	2	11	19	30	1	2	1	1	rational	weight_260.json
260	60	2	66	19	70	1	3	1	1	rational	weight_260.json
260	60	2	34	19	20	1	4	1	1	rational	weight_260.json
260	60	2	31	19	90	1	5	1	1	rational	weight_260.json
260	60	2	114	19	30	1	6	1	1	rational	weight_260.json
260	60	2	11	19	30	1	7	1	1	rational	weight_260.json
260	60	2	116	19	95	1	8	1	1	rational	weight_260.json
260	60	2	41	19	120	1	9	1	1	rational	weight_260.json
260	60	2	34	19	20	1	10	1	1	rational	weight_260.json
260	60	2	6	19	15	1	11	1	1	rational	weight_260.json
260	60	2	114	19	30	1	12	1	1	rational	weight_260.json
260	60	2	44	19	115	1	13	2	1	rational	weight_260.json
260	60	2	106	19	65	1	14	1	1	rational	weight_260.json
260	60	2	19	19	65	1	15	1	1	rational	weight_260.json
260	60	2	116	19	95	1	16	1	1	rational	weight_260.json
260	60	2	31	19	90	1	17	1	1	rational	weight_260.json
260	60	2	69	19	40	1	18	1	1	rational	weight_260.json
260	60	2	84	19	120	1	19	1	1	rational	weight_260.json
260	60	2	6	19	15	1	20	1	1	rational	weight_260.json
262	62	2	43	19	30	1	1	1	1	rational	weight_262.json
262	62	2	107	19	55	1	2	1	1	rational	weight_262.json
262	62	2	78	19	95	1	3	1	1	rational	weight_262.json
262	62	2	78	19	95	1	4	1	1	rational	weight_262.json
262	62	2	7	19	80	1	5	1	1	rational	weight_262.json
262	62	2	7	19	80	1	6	1	1	rational	weight_262.json
262	62	2	32	19	105	1	7	1	1	rational	weight_262.json
262	62	2	37	19	60	1	8	1	1	rational	weight_262.json
262	62	2	13	19	10	1	9	1	1	rational	weight_262.json
262	62	2	113	19	35	1	10	1	1	rational	weight_262.json
262	62	2	68	19	5	1	11	1	1	rational	weight_262.json
262	62	2	87	19	110	1	12	1	1	rational	weight_262.json
262	62	2	47	19	95	1	13	1	1	rational	weight_262.json
262	62	2	18	19	55	1	14	1	1	rational	weight_262.json
262	62	2	47	19	95	1	15	1	1	rational	weight_262.json
262	62	2	87	19	110	1	16	1	1	rational	weight_262.json
262	62	2	43	19	30	1	17	1	1	rational	weight_262.json
262	62	2	112	19	10	1	18	1	1	rational	weight_262.json
262	62	2	37	19	60	1	19	1	1	rational	weight_262.json
262	62	2	63	19	85	1	20	1	2	rational	weight_262.json
264	64	2	116	19	85	1	1	1	1	rational	weight_264.json
264	64	2	24	19	115	1	2	1	1	rational	weight_264.json
264	64	2	109	19	35	1	3	1	1	rational	weight_264.json
264	64	2	9	19	85	1	4	1	1	rational	weight_264.json
264	64	2	51	19	90	1	5	1	1	rational	weight_264.json
264	64	2	96	19	0	1	6	1	1	rational	weight_264.json
264	64	2	99	19	15	1	7	1	1	rational	weight_264.json
264	64	2	84	19	110	1	8	1	1	rational	weight_264.json
264	64	2	99	19	15	1	9	1	1	rational	weight_264.json
264	64	2	29	19	0	1	10	1	1	rational	weight_264.json
264	64	2	96	19	0	1	11	1	1	rational	weight_264.json
264	64	2	96	19	0	1	12	1	1	rational	weight_264.json
264	64	2	1	19	65	1	13	1	1	rational	weight_264.json
264	64	2	76	19	40	1	14	1	1	rational	weight_264.json
264	64	2	1	19	65	1	15	1	1	rational	weight_264.json
264	64	2	29	19	0	1	16	1	1	rational	weight_264.json
264	64	2	109	19	35	1	17	1	1	rational	weight_264.json
264	64	2	66	19	60	1	18	1	1	rational	weight_264.json
264	64	2	84	19	110	1	19	1	1	rational	weight_264.json
264	64	2	49	19	40	1	20	1	1	rational	weight_264.json
264	64	2	91	19	10	1	21	1	2	rational	weight_264.json
266	66	2	102	19	60	1	1	1	1	rational	weight_266.json
266	66	2	117	19	25	1	2	1	1	rational	weight_266.json
266	66	2	67	19	100	1	3	1	1	rational	weight_266.json
266	66	2	102	19	60	1	4	1	1	rational	weight_266.json
266	66	2	38	19	95	1	5	1	1	rational	weight_266.json
266	66	2	33	19	0	1	6	1	1	rational	weight_266.json
266	66	2	62	19	70	1	7	1	1	rational	weight_266.json
266	66	2	13	19	120	1	8	1	1	rational	weight_266.json
266	66	2	13	19	120	1	9	1	1	rational	weight_266.json
266	66	2	37	19	45	1	10	1	1	rational	weight_266.json
266	66	2	102	19	60	1	11	1	1	rational	weight_266.json
266	66	2	62	19	70	1	12	1	1	rational	weight_266.json
266	66	2	8	19	25	1	13	1	1	rational	weight_266.json
266	66	2	113	19	20	1	14	1	1	rational	weight_266.json
266	66	2	67	19	100	1	15	1	1	rational	weight_266.json
266	66	2	23	19	60	1	16	1	1	rational	weight_266.json
266	66	2	83	19	75	1	17	1	1	rational	weight_266.json
266	66	2	87	19	95	1	18	1	1	rational	weight_266.json
266	66	2	17	19	50	1	19	1	1	rational	weight_266.json
266	66	2	23	19	60	1	20	1	1	rational	weight_266.json
266	66	2	83	19	75	1	21	1	1	rational	weight_266.json
268	68	2	71	19	65	1	1	1	1	rational	weight_268.json
268	68	2	104	19	40	1	2	1	1	rational	weight_268.json
268	68	2	39	19	85	1	3	1	1	rational	weight_268.json
268	68	2	46	19	115	1	4	1	1	rational	weight_268.json
268	68	2	121	19	90	1	5	1	1	rational	weight_268.json
268	68	2	79	19	115	1	6	1	1	rational	weight_268.json
268	68	2	91	19	50	1	7	1	1	rational	weight_268.json
268	68	2	121	19	90	1	8	1	1	rational	weight_268.json
268	68	2	86	19	85	1	9	1	1	rational	weight_268.json
268	68	2	34	19	50	1	10	1	1	rational	weight_268.json
268	68	2	29	19	15	1	11	1	1	rational	weight_268.json
268	68	2	114	19	110	1	12	1	1	rational	weight_268.json
268	68	2	14	19	35	1	13	2	1	rational	weight_268.json
268	68	2	61	19	10	1	14	1	1	rational	weight_268.json
268	68	2	36	19	60	1	15	1	1	rational	weight_268.json
268	68	2	34	19	50	1	16	1	1	rational	weight_268.json
268	68	2	34	19	50	1	17	1	1	rational	weight_268.json
268	68	2	91	19	50	1	18	1	1	rational	weight_268.json
268	68	2	36	19	60	1	19	1	1	rational	weight_268.json
268	68	2	11	19	110	1	20	1	1	rational	weight_268.json
268	68	2	29	19	15	1	21	1	1	rational	weight_268.json
270	70	2	42	19	85	1	1	1	1	rational	weight_270.json
270	70	2	63	19	5	1	2	1	1	rational	weight_270.json
270	70	2	117	19	35	1	3	1	1	rational	weight_270.json
270	70	2	92	19	10	1	4	1	1	rational	weight_270.json
270	70	2	37	19	105	1	5	1	1	rational	weight_270.json
270	70	2	13	19	55	1	6	1	1	rational	weight_270.json
270	70	2	38	19	30	1	7	1	1	rational	weight_270.json
270	70	2	58	19	110	1	8	1	1	rational	weight_270.json
270	70	2	12	19	80	1	9	1	1	rational	weight_270.json
270	70	2	67	19	110	1	10	1	1	rational	weight_270.json
270	70	2	38	19	30	1	11	1	1	rational	weight_270.json
270	70	2	98	19	20	1	12	1	1	rational	weight_270.json
270	70	2	98	19	20	1	13	1	1	rational	weight_270.json
270	70	2	33	19	10	1	14	1	1	rational	weight_270.json
270	70	2	98	19	20	1	15	1	1	rational	weight_270.json
270	70	2	27	19	20	1	16	1	1	rational	weight_270.json
270	70	2	12	19	80	1	17	1	1	rational	weight_270.json
270	70	2	112	19	55	1	18	1	1	rational	weight_270.json
270	70	2	27	19	20	1	19	1	1	rational	weight_270.json
270	70	2	117	19	35	1	20	1	1	rational	weight_270.json
270	70	2	108	19	60	1	21	1	2	rational	weight_270.json
272	72	2	96	19	80	1	1	1	1	rational	weight_272.json
272	72	2	91	19	15	1	2	1	1	rational	weight_272.json
272	72	2	84	19	115	1	3	1	1	rational	weight_272.json
272	72	2	59	19	65	1	4	1	1	rational	weight_272.json
272	72	2	49	19	70	1	5	1	1	rational	weight_272.json
272	72	2	26	19	45	1	6	1	1	rational	weight_272.json
272	72	2	34	19	15	1	7	1	1	rational	weight_272.json
272	72	2	16	19	40	1	8	1	1	rational	weight_272.json
272	72	2	124	19	95	1	9	1	1	rational	weight_272.json
272	72	2	74	19	120	1	10	1	1	rational	weight_272.json
272	72	2	101	19	20	1	11	1	1	rational	weight_272.json
272	72	2	84	19	115	1	12	1	1	rational	weight_272.json
272	72	2	29	19	80	1	13	1	1	rational	weight_272.json
272	72	2	124	19	95	1	14	1	1	rational	weight_272.json
272	72	2	76	19	70	1	15	1	1	rational	weight_272.json
272	72	2	101	19	20	1	16	1	1	rational	weight_272.json
272	72	2	96	19	80	1	17	1	1	rational	weight_272.json
272	72	2	51	19	120	1	18	1	1	rational	weight_272.json
272	72	2	109	19	40	1	19	1	1	rational	weight_272.json
272	72	2	29	19	80	1	20	1	1	rational	weight_272.json
272	72	2	116	19	90	1	21	1	2	rational	weight_272.json
274	74	2	107	19	10	1	1	1	1	rational	weight_274.json
274	74	2	88	19	115	1	2	1	1	rational	weight_274.json
274	74	2	32	19	60	1	3	1	1	rational	weight_274.json
274	74	2	63	19	15	1	4	1	1	rational	weight_274.json
274	74	2	13	19	65	1	5	1	1	rational	weight_274.json
274	74	2	47	19	100	1	6	1	1	rational	weight_274.json
274	74	2	12	19	90	1	7	1	1	rational	weight_274.json
274	74	2	43	19	110	1	8	1	1	rational	weight_274.json
274	74	2	13	19	65	1	9	1	1	rational	weight_274.json
274	74	2	82	19	110	1	10	1	1	rational	weight_274.json
274	74	2	87	19	40	1	11	1	1	rational	weight_274.json
274	74	2	68	19	85	1	12	1	1	rational	weight_274.json
274	74	2	7	19	35	1	13	1	1	rational	weight_274.json
274	74	2	68	19	85	1	14	1	1	rational	weight_274.json
274	74	2	47	19	100	1	15	1	1	rational	weight_274.json
274	74	2	78	19	100	1	16	1	1	rational	weight_274.json
274	74	2	7	19	35	1	17	1	1	rational	weight_274.json
274	74	2	38	19	40	1	18	1	1	rational	weight_274.json
274	74	2	78	19	100	1	19	1	1	rational	weight_274.json
274	74	2	93	19	60	1	20	1	1	rational	weight_274.json
274	74	2	62	19	15	1	21	1	1	rational	weight_274.json
274	74	2	12	19	90	1	22	1	1	rational	weight_274.json
276	76	2	19	19	25	1	1	1	1	rational	weight_276.json
276	76	2	19	19	25	1	2	1	1	rational	weight_276.json
276	76	2	111	19	65	1	3	1	1	rational	weight_276.json
276	76	2	6	19	100	1	4	1	1	rational	weight_276.json
276	76	2	41	19	5	1	5	1	1	rational	weight_276.json
276	76	2	116	19	105	1	6	1	1	rational	weight_276.json
276	76	2	119	19	100	1	7	1	1	rational	weight_276.json
276	76	2	34	19	30	1	8	1	1	rational	weight_276.json
276	76	2	9	19	105	1	9	1	1	rational	weight_276.json
276	76	2	109	19	55	1	10	1	1	rational	weight_276.json
276	76	2	91	19	30	1	11	1	1	rational	weight_276.json
276	76	2	44	19	75	1	12	1	1	rational	weight_276.json
276	76	2	31	19	50	1	13	1	1	rational	weight_276.json
276	76	2	111	19	65	1	14	1	1	rational	weight_276.json
276	76	2	81	19	75	1	15	1	1	rational	weight_276.json
276	76	2	56	19	0	1	16	1	1	rational	weight_276.json
276	76	2	109	19	55	1	17	1	1	rational	weight_276.json
276	76	2	14	19	65	1	18	1	1	rational	weight_276.json
276	76	2	14	19	65	1	19	1	1	rational	weight_276.json
276	76	2	31	19	50	1	20	1	1	rational	weight_276.json
276	76	2	41	19	5	1	21	1	1	rational	weight_276.json
276	76	2	66	19	80	1	22	1	1	rational	weight_276.json
276	76	2	59	19	80	1	23	1	1	rational	weight_276.json
278	78	2	102	19	15	1	1	1	1	rational	weight_278.json
278	78	2	28	19	10	1	2	1	1	rational	weight_278.json
278	78	2	28	19	10	1	3	1	1	rational	weight_278.json
278	78	2	62	19	100	1	4	1	1	rational	weight_278.json
278	78	2	53	19	110	1	5	1	1	rational	weight_278.json
278	78	2	63	19	100	1	6	1	1	rational	weight_278.json
278	78	2	52	19	90	1	7	1	1	rational	weight_278.json
278	78	2	27	19	65	1	8	1	1	rational	weight_278.json
278	78	2	48	19	115	1	9	2	1	rational	weight_278.json
278	78	2	122	19	35	1	10	1	1	rational	weight_278.json
278	78	2	78	19	85	1	11	1	1	rational	weight_278.json
278	78	2	22	19	60	1	12	1	1	rational	weight_278.json
278	78	2	2	19	40	1	13	1	1	rational	weight_278.json
278	78	2	47	19	85	1	14	1	1	rational	weight_278.json
278	78	2	72	19	110	1	15	1	1	rational	weight_278.json
278	78	2	3	19	35	1	16	1	1	rational	weight_278.json
278	78	2	123	19	40	1	17	1	1	rational	weight_278.json
278	78	2	98	19	65	1	18	1	1	rational	weight_278.json
278	78	2	22	19	60	1	19	1	1	rational	weight_278.json
278	78	2	62	19	100	1	20	1	1	rational	weight_278.json
278	78	2	63	19	100	1	21	1	1	rational	weight_278.json
280	80	2	89	19	55	1	1	1	1	rational	weight_280.json
280	80	2	36	19	55	1	2	1	1	rational	weight_280.json
280	80	2	109	19	120	1	3	1	1	rational	weight_280.json
280	80	2	59	19	20	1	4	1	1	rational	weight_280.json
280	80	2	36	19	55	1	5	1	1	rational	weight_280.json
280	80	2	91	19	95	1	6	1	1	rational	weight_280.json
280	80	2	34	19	95	1	7	1	1	rational	weight_280.json
280	80	2	44	19	65	1	8	1	1	rational	weight_280.json
280	80	2	109	19	120	1	9	1	1	rational	weight_280.json
280	80	2	119	19	90	1	10	1	1	rational	weight_280.json
280	80	2	6	19	90	1	11	1	1	rational	weight_280.json
280	80	2	81	19	65	1	12	1	1	rational	weight_280.json
280	80	2	66	19	20	1	13	1	1	rational	weight_280.json
280	80	2	94	19	40	1	14	1	1	rational	weight_280.json
280	80	2	116	19	45	1	15	1	1	rational	weight_280.json
280	80	2	84	19	70	1	16	1	1	rational	weight_280.json
280	80	2	56	19	115	1	17	1	1	rational	weight_280.json
280	80	2	116	19	45	1	18	1	1	rational	weight_280.json
280	80	2	41	19	70	1	19	1	1	rational	weight_280.json
280	80	2	69	19	115	1	20	1	1	rational	weight_280.json
280	80	2	89	19	55	1	21	1	1	rational	weight_280.json
280	80	2	106	19	15	1	22	1	2	rational	weight_280.json
282	82	2	13	19	60	1	1	1	1	rational	weight_282.json
282	82	2	103	19	120	1	2	1	1	rational	weight_282.json
282	82	2	113	19	85	1	3	1	1	rational	weight_282.json
282	82	2	112	19	60	1	4	1	1	rational	weight_282.json
282	82	2	57	19	55	1	5	1	1	rational	weight_282.json
282	82	2	87	19	35	1	6	1	1	rational	weight_282.json
282	82	2	62	19	10	1	7	1	1	rational	weight_282.json
282	82	2	63	19	10	1	8	1	1	rational	weight_282.json
282	82	2	18	19	105	1	9	1	1	rational	weight_282.json
282	82	2	7	19	5	1	10	1	1	rational	weight_282.json
282	82	2	18	19	105	1	11	1	1	rational	weight_282.json
282	82	2	32	19	30	1	12	1	1	rational	weight_282.json
282	82	2	38	19	35	1	13	1	1	rational	weight_282.json
282	82	2	93	19	30	1	14	1	1	rational	weight_282.json
282	82	2	22	19	120	1	15	1	1	rational	weight_282.json
282	82	2	22	19	120	1	16	1	1	rational	weight_282.json
282	82	2	103	19	120	1	17	1	1	rational	weight_282.json
282	82	2	43	19	80	1	18	1	1	rational	weight_282.json
282	82	2	82	19	80	1	19	1	1	rational	weight_282.json
282	82	2	118	19	5	1	20	1	1	rational	weight_282.json
282	82	2	57	19	55	1	21	1	1	rational	weight_282.json
282	82	2	37	19	110	1	22	1	2	rational	weight_282.json
284	84	2	51	19	40	1	1	1	1	rational	weight_284.json
284	84	2	79	19	50	1	2	1	1	rational	weight_284.json
284	84	2	59	19	10	1	3	1	1	rational	weight_284.json
284	84	2	116	19	35	1	4	1	1	rational	weight_284.json
284	84	2	84	19	60	1	5	2	1	rational	weight_284.json
284	84	2	46	19	50	1	6	1	1	rational	weight_284.json
284	84	2	9	19	35	1	7	1	1	rational	weight_284.json
284	84	2	91	19	85	1	8	1	1	rational	weight_284.json
284	84	2	74	19	40	1	9	1	1	rational	weight_284.json
284	84	2	124	19	15	1	10	1	1	rational	weight_284.json
284	84	2	46	19	50	1	11	1	1	rational	weight_284.json
284	84	2	101	19	65	1	12	1	1	rational	weight_284.json
284	84	2	99	19	90	1	13	1	1	rational	weight_284.json
284	84	2	49	19	115	1	14	1	1	rational	weight_284.json
284	84	2	66	19	10	1	15	1	1	rational	weight_284.json
284	84	2	79	19	50	1	16	1	1	rational	weight_284.json
284	84	2	16	19	110	1	17	1	1	rational	weight_284.json
284	84	2	1	19	15	1	18	1	1	rational	weight_284.json
284	84	2	101	19	65	1	19	1	1	rational	weight_284.json
284	84	2	109	19	110	1	20	1	1	rational	weight_284.json
284	84	2	26	19	90	1	21	1	1	rational	weight_284.json
284	84	2	46	19	50	1	22	1	1	rational	weight_284.json
286	86	2	33	19	50	1	1	1	1	rational	weight_286.json
286	86	2	62	19	120	1	2	1	1	rational	weight_286.json
286	86	2	87	19	20	1	3	1	1	rational	weight_286.json
286	86	2	108	19	100	1	4	1	1	rational	weight_286.json
286	86	2	13	19	45	1	5	1	1	rational	weight_286.json
286	86	2	108	19	100	1	6	1	1	rational	weight_286.json
286	86	2	88	19	95	1	7	1	1	rational	weight_286.json
286	86	2	52	19	60	1	8	1	1	rational	weight_286.json
286	86	2	52	19	60	1	9	1	1	rational	weight_286.json
286	86	2	42	19	0	1	10	1	1	rational	weight_286.json
286	86	2	58	19	25	1	11	1	1	rational	weight_286.json
286	86	2	37	19	95	1	12	1	1	rational	weight_286.json
286	86	2	62	19	120	1	13	1	1	rational	weight_286.json
286	86	2	73	19	60	1	14	1	1	rational	weight_286.json
286	86	2	112	19	45	1	15	1	1	rational	weight_286.json
286	86	2	92	19	50	1	16	1	1	rational	weight_286.json
286	86	2	67	19	25	1	17	1	1	rational	weight_286.json
286	86	2	73	19	60	1	18	1	1	rational	weight_286.json
286	86	2	113	19	70	1	19	1	1	rational	weight_286.json
286	86	2	52	19	60	1	20	1	1	rational	weight_286.json
286	86	2	83	19	0	1	21	1	1	rational	weight_286.json
286	86	2	117	19	75	1	22	1	1	rational	weight_286.json
286	86	2	38	19	20	1	23	1	1	rational	weight_286.json
288	88	2	4	19	40	1	1	1	1	rational	weight_288.json
288	88	2	104	19	115	1	2	1	1	rational	weight_288.json
288	88	2	91	19	0	1	3	1	1	rational	weight_288.json
288	88	2	39	19	35	1	4	1	1	rational	weight_288.json
288	88	2	36	19	10	1	5	1	1	rational	weight_288.json
288	88	2	71	19	15	1	6	1	1	rational	weight_288.json
288	88	2	34	19	0	1	7	1	1	rational	weight_288.json
288	88	2	54	19	15	1	8	1	1	rational	weight_288.json
288	88	2	64	19	85	1	9	1	1	rational	weight_288.json
288	88	2	79	19	65	1	10	1	1	rational	weight_288.json
288	88	2	34	19	0	1	11	1	1	rational	weight_288.json
288	88	2	4	19	40	1	12	1	1	rational	weight_288.json
288	88	2	96	19	90	1	13	1	1	rational	weight_288.json
288	88	2	114	19	60	1	14	1	1	rational	weight_288.json
288	88	2	46	19	65	1	15	1	1	rational	weight_288.json
288	88	2	11	19	60	1	16	1	1	rational	weight_288.json
288	88	2	91	19	0	1	17	1	1	rational	weight_288.json
288	88	2	21	19	115	1	18	1	1	rational	weight_288.json
288	88	2	89	19	10	1	19	1	1	rational	weight_288.json
288	88	2	86	19	35	1	20	1	1	rational	weight_288.json
288	88	2	61	19	85	1	21	1	1	rational	weight_288.json
288	88	2	34	19	0	1	22	1	1	rational	weight_288.json
288	88	2	111	19	110	1	23	1	2	rational	weight_288.json
290	90	2	48	19	120	1	1	1	1	rational	weight_290.json
290	90	2	38	19	80	1	2	1	1	rational	weight_290.json
290	90	2	117	19	85	1	3	1	1	rational	weight_290.json
290	90	2	112	19	105	1	4	1	1	rational	weight_290.json
290	90	2	42	19	10	1	5	1	1	rational	weight_290.json
290	90	2	12	19	5	1	6	1	1	rational	weight_290.json
290	90	2	8	19	85	1	7	1	1	rational	weight_290.json
290	90	2	83	19	10	1	8	1	1	rational	weight_290.json
290	90	2	77	19	120	1	9	1	1	rational	weight_290.json
290	90	2	48	19	120	1	10	1	1	rational	weight_290.json
290	90	2	67	19	35	1	11	2	1	rational	weight_290.json
290	90	2	48	19	120	1	12	1	1	rational	weight_290.json
290	90	2	108	19	110	1	13	1	1	rational	weight_290.json
290	90	2	77	19	120	1	14	1	1	rational	weight_290.json
290	90	2	92	19	60	1	15	1	1	rational	weight_290.json
290	90	2	63	19	55	1	16	1	1	rational	weight_290.json
290	90	2	17	19	110	1	17	1	1	rational	weight_290.json
290	90	2	37	19	30	1	18	1	1	rational	weight_290.json
290	90	2	13	19	105	1	19	1	1	rational	weight_290.json
290	90	2	88	19	30	1	20	1	1	rational	weight_290.json
290	90	2	33	19	60	1	21	1	1	rational	weight_290.json
290	90	2	87	19	80	1	22	1	1	rational	weight_290.json
292	92	2	101	19	95	1	1	1	1	rational	weight_292.json
292	92	2	21	19	55	1	2	1	1	rational	weight_292.json
292	92	2	109	19	115	1	3	1	1	rational	weight_292.json
292	92	2	66	19	15	1	4	1	1	rational	weight_292.json
292	92	2	26	19	120	1	5	1	1	rational	weight_292.json
292	92	2	1	19	45	1	6	1	1	rational	weight_292.json
292	92	2	9	19	40	1	7	1	1	rational	weight_292.json
292	92	2	116	19	40	1	8	1	1	rational	weight_292.json
292	92	2	104	19	55	1	9	1	1	rational	weight_292.json
292	92	2	34	19	90	1	10	1	1	rational	weight_292.json
292	92	2	16	19	115	1	11	1	1	rational	weight_292.json
292	92	2	21	19	55	1	12	1	1	rational	weight_292.json
292	92	2	124	19	45	1	13	1	1	rational	weight_292.json
292	92	2	99	19	120	1	14	1	1	rational	weight_292.json
292	92	2	49	19	20	1	15	1	1	rational	weight_292.json
292	92	2	51	19	70	1	16	1	1	rational	weight_292.json
292	92	2	104	19	55	1	17	1	1	rational	weight_292.json
292	92	2	59	19	15	1	18	1	1	rational	weight_292.json
292	92	2	76	19	20	1	19	1	1	rational	weight_292.json
292	92	2	91	19	90	1	20	1	1	rational	weight_292.json
292	92	2	21	19	55	1	21	1	1	rational	weight_292.json
292	92	2	24	19	95	1	22	1	1	rational	weight_292.json
292	92	2	84	19	65	1	23	1	2	rational	weight_292.json
294	94	2	107	19	60	1	1	1	1	rational	weight_294.json
294	94	2	62	19	65	1	2	1	1	rational	weight_294.json
294	94	2	82	19	35	1	3	1	1	rational	weight_294.json
294	94	2	53	19	50	1	4	1	1	rational	weight_294.json
294	94	2	72	19	50	1	5	1	1	rational	weight_294.json
294	94	2	118	19	85	1	6	1	1	rational	weight_294.json
294	94	2	93	19	110	1	7	1	1	rational	weight_294.json
294	94	2	112	19	115	1	8	1	1	rational	weight_294.json
294	94	2	7	19	85	1	9	1	1	rational	weight_294.json
294	94	2	87	19	90	1	10	1	1	rational	weight_294.json
294	94	2	113	19	15	1	11	1	1	rational	weight_294.json
294	94	2	63	19	65	1	12	1	1	rational	weight_294.json
294	94	2	72	19	50	1	13	1	1	rational	weight_294.json
294	94	2	57	19	10	1	14	1	1	rational	weight_294.json
294	94	2	68	19	10	1	15	1	1	rational	weight_294.json
294	94	2	53	19	50	1	16	1	1	rational	weight_294.json
294	94	2	12	19	15	1	17	1	1	rational	weight_294.json
294	94	2	18	19	60	1	18	1	1	rational	weight_294.json
294	94	2	13	19	115	1	19	1	1	rational	weight_294.json
294	94	2	38	19	90	1	20	1	1	rational	weight_294.json
294	94	2	32	19	110	1	21	1	1	rational	weight_294.json
294	94	2	72	19	50	1	22	1	1	rational	weight_294.json
294	94	2	88	19	40	1	23	1	2	rational	weight_294.json
296	96	2	9	19	55	1	1	1	1	rational	weight_296.json
296	96	2	94	19	0	1	2	1	1	rational	weight_296.json
296	96	2	34	19	105	1	3	1	1	rational	weight_296.json
296	96	2	59	19	30	1	4	1	1	rational	weight_296.json
296	96	2	91	19	105	1	5	1	1	rational	weight_296.json
296	96	2	84	19	80	1	6	1	1	rational	weight_296.json
296	96	2	109	19	5	1	7	1	1	rational	weight_296.json
296	96	2	31	19	0	1	8	1	1	rational	weight_296.json
296	96	2	39	19	65	1	9	1	1	rational	weight_296.json
296	96	2	19	19	100	1	10	1	1	rational	weight_296.json
296	96	2	56	19	75	1	11	1	1	rational	weight_296.json
296	96	2	86	19	65	1	12	1	1	rational	weight_296.json
296	96	2	106	19	100	1	13	1	1	rational	weight_296.json
296	96	2	6	19	50	1	14	1	1	rational	weight_296.json
296	96	2	66	19	30	1	15	1	1	rational	weight_296.json
296	96	2	86	19	65	1	16	1	1	rational	weight_296.json
296	96	2	119	19	50	1	17	1	1	rational	weight_296.json
296	96	2	81	19	25	1	18	1	1	rational	weight_296.json
296	96	2	39	19	65	1	19	1	1	rational	weight_296.json
296	96	2	16	19	5	1	20	1	1	rational	weight_296.json
296	96	2	41	19	80	1	21	1	1	rational	weight_296.json
296	96	2	39	19	65	1	22	1	1	rational	weight_296.json
296	96	2	116	19	55	1	23	1	1	rational	weight_296.json
296	96	2	69	19	75	1	24	1	1	rational	weight_296.json
298	98	2	63	19	25	1	1	1	1	rational	weight_298.json
298	98	2	77	19	40	1	2	1	1	rational	weight_298.json
298	98	2	122	19	85	1	3	1	1	rational	weight_298.json
298	98	2	22	19	110	1	4	1	1	rational	weight_298.json
298	98	2	78	19	10	1	5	1	1	rational	weight_298.json
298	98	2	63	19	25	1	6	1	1	rational	weight_298.json
298	98	2	63	19	25	1	7	1	1	rational	weight_298.json
298	98	2	52	19	15	1	8	1	1	rational	weight_298.json
298	98	2	123	19	90	1	9	1	1	rational	weight_298.json
298	98	2	73	19	15	1	10	1	1	rational	weight_298.json
298	98	2	103	19	110	1	11	1	1	rational	weight_298.json
298	98	2	72	19	35	1	12	1	1	rational	weight_298.json
298	98	2	2	19	90	1	13	1	1	rational	weight_298.json
298	98	2	23	19	65	1	14	1	1	rational	weight_298.json
298	98	2	62	19	25	1	15	1	1	rational	weight_298.json
298	98	2	47	19	10	1	16	1	1	rational	weight_298.json
298	98	2	3	19	85	1	17	1	1	rational	weight_298.json
298	98	2	97	19	60	1	18	1	1	rational	weight_298.json
298	98	2	28	19	60	1	19	1	1	rational	weight_298.json
298	98	2	62	19	25	1	20	1	1	rational	weight_298.json
298	98	2	27	19	115	1	21	1	1	rational	weight_298.json
298	98	2	102	19	65	1	22	1	1	rational	weight_298.json
298	98	2	98	19	115	1	23	1	1	rational	weight_298.json
298	98	2	53	19	35	1	24	1	1	rational	weight_298.json
300	0	2	16	19	70	1	1	1	1	rational	weight_300.json
300	0	2	119	19	40	1	2	1	1	rational	weight_300.json
300	0	2	9	19	120	1	3	1	1	rational	weight_300.json
300	0	2	69	19	65	1	4	1	1	rational	weight_300.json
300	0	2	61	19	80	1	5	1	1	rational	weight_300.json
300	0	2	61	19	80	1	6	1	1	rational	weight_300.json
300	0	2	81	19	15	1	7	1	1	rational	weight_300.json
300	0	2	6	19	40	1	8	1	1	rational	weight_300.json
300	0	2	61	19	80	1	9	1	1	rational	weight_300.json
300	0	2	109	19	70	1	10	1	1	rational	weight_300.json
300	0	2	44	19	15	1	11	1	1	rational	weight_300.json
300	0	2	41	19	20	1	12	1	1	rational	weight_300.json
300	0	2	59	19	95	1	13	1	1	rational	weight_300.json
300	0	2	91	19	45	1	14	1	1	rational	weight_300.json
300	0	2	64	19	80	1	15	1	1	rational	weight_300.json
300	0	2	34	19	45	1	16	1	1	rational	weight_300.json
300	0	2	116	19	120	1	17	1	1	rational	weight_300.json
300	0	2	64	19	80	1	18	1	1	rational	weight_300.json
300	0	2	84	19	20	1	19	1	1	rational	weight_300.json
300	0	2	56	19	65	1	20	1	1	rational	weight_300.json
300	0	2	106	19	90	1	21	1	1	rational	weight_300.json
300	0	2	94	19	115	1	22	1	1	rational	weight_300.json
300	0	2	31	19	115	1	23	1	1	rational	weight_300.json
300	0	2	66	19	95	1	24	1	1	rational	weight_300.json
300	0	2	19	19	90	1	25	1	1	rational	weight_300.json
302	2	2	122	19	20	1	1	1	1	rational	weight_302.json
302	2	2	88	19	35	1	2	1	1	rational	weight_302.json
302	2	2	32	19	80	1	3	1	1	rational	weight_302.json
302	2	2	63	19	60	1	4	1	1	rational	weight_302.json
302	2	2	112	19	110	1	5	1	1	rational	weight_302.json
302	2	2	82	19	5	1	6	1	1	rational	weight_302.json
302	2	2	43	19	5	1	7	1	1	rational	weight_302.json
302	2	2	3	19	20	1	8	1	1	rational	weight_302.json
302	2	2	118	19	55	1	9	1	1	rational	weight_302.json
302	2	2	87	19	85	1	10	1	1	rational	weight_302.json
302	2	2	13	19	110	1	11	1	1	rational	weight_302.json
302	2	2	38	19	85	1	12	1	1	rational	weight_302.json
302	2	2	107	19	30	1	13	1	1	rational	weight_302.json
302	2	2	62	19	60	1	14	1	1	rational	weight_302.json
302	2	2	12	19	10	1	15	1	1	rational	weight_302.json
302	2	2	113	19	10	1	16	1	1	rational	weight_302.json
302	2	2	3	19	20	1	17	1	1	rational	weight_302.json
302	2	2	18	19	30	1	18	1	1	rational	weight_302.json
302	2	2	37	19	35	1	19	1	1	rational	weight_302.json
302	2	2	93	19	80	1	20	1	1	rational	weight_302.json
302	2	2	7	19	55	1	21	1	1	rational	weight_302.json
302	2	2	122	19	20	1	22	1	1	rational	weight_302.json
302	2	2	57	19	105	1	23	1	1	rational	weight_302.json
302	2	2	68	19	105	1	24	1	1	rational	weight_302.json
304	4	2	1	19	90	1	1	1	1	rational	weight_304.json
304	4	2	121	19	100	1	2	1	1	rational	weight_304.json
304	4	2	116	19	110	1	3	1	1	rational	weight_304.json
304	4	2	16	19	60	1	4	1	1	rational	weight_304.json
304	4	2	76	19	65	1	5	1	1	rational	weight_304.json
304	4	2	4	19	100	1	6	1	1	rational	weight_304.json
304	4	2	101	19	15	1	7	1	1	rational	weight_304.json
304	4	2	41	19	10	1	8	1	1	rational	weight_304.json
304	4	2	84	19	10	1	9	1	1	rational	weight_304.json
304	4	2	24	19	15	1	10	1	1	rational	weight_304.json
304	4	2	124	19	90	1	11	1	1	rational	weight_304.json
304	4	2	91	19	35	1	12	1	1	rational	weight_304.json
304	4	2	49	19	65	1	13	1	1	rational	weight_304.json
304	4	2	99	19	40	1	14	1	1	rational	weight_304.json
304	4	2	51	19	115	1	15	1	1	rational	weight_304.json
304	4	2	121	19	100	1	16	1	1	rational	weight_304.json
304	4	2	74	19	115	1	17	1	1	rational	weight_304.json
304	4	2	109	19	60	1	18	1	1	rational	weight_304.json
304	4	2	26	19	40	1	19	1	1	rational	weight_304.json
304	4	2	121	19	100	1	20	1	1	rational	weight_304.json
304	4	2	9	19	110	1	21	1	1	rational	weight_304.json
304	4	2	66	19	85	1	22	1	1	rational	weight_304.json
304	4	2	4	19	100	1	23	1	1	rational	weight_304.json
304	4	2	34	19	35	1	24	1	1	rational	weight_304.json
304	4	2	59	19	85	1	25	1	1	rational	weight_304.json
306	6	2	113	19	120	1	1	1	1	rational	weight_306.json
306	6	2	112	19	95	1	2	1	1	rational	weight_306.json
306	6	2	88	19	20	1	3	1	1	rational	weight_306.json
306	6	2	117	19	0	1	4	1	1	rational	weight_306.json
306	6	2	63	19	45	1	5	1	1	rational	weight_306.json
306	6	2	12	19	120	1	6	1	1	rational	weight_306.json
306	6	2	42	19	50	1	7	1	1	rational	weight_306.json
306	6	2	37	19	20	1	8	1	1	rational	weight_306.json
306	6	2	38	19	70	1	9	1	1	rational	weight_306.json
306	6	2	58	19	75	1	10	1	1	rational	weight_306.json
306	6	2	13	19	95	1	11	1	1	rational	weight_306.json
306	6	2	67	19	75	1	12	1	1	rational	weight_306.json
306	6	2	2	19	60	1	13	1	1	rational	weight_306.json
306	6	2	83	19	50	1	14	1	1	rational	weight_306.json
306	6	2	17	19	25	1	15	1	1	rational	weight_306.json
306	6	2	62	19	45	1	16	1	1	rational	weight_306.json
306	6	2	2	19	60	1	17	1	1	rational	weight_306.json
306	6	2	2	19	60	1	18	1	1	rational	weight_306.json
306	6	2	8	19	0	1	19	1	1	rational	weight_306.json
306	6	2	92	19	100	1	20	1	1	rational	weight_306.json
306	6	2	123	19	60	1	21	1	1	rational	weight_306.json
306	6	2	123	19	60	1	22	1	1	rational	weight_306.json
306	6	2	108	19	25	1	23	1	1	rational	weight_306.json
306	6	2	33	19	100	1	24	1	1	rational	weight_306.json
306	6	2	87	19	70	1	25	1	1	rational	weight_306.json
308	8	2	86	19	110	1	1	1	1	rational	weight_308.json
308	8	2	34	19	75	1	2	1	1	rational	weight_308.json
308	8	2	114	19	10	1	3	1	1	rational	weight_308.json
308	8	2	104	19	65	1	4	1	1	rational	weight_308.json
308	8	2	91	19	75	1	5	1	1	rational	weight_308.json
308	8	2	11	19	10	1	6	1	1	rational	weight_308.json
308	8	2	4	19	115	1	7	1	1	rational	weight_308.json
308	8	2	34	19	75	1	8	1	1	rational	weight_308.json
308	8	2	64	19	35	1	9	1	1	rational	weight_308.json
308	8	2	91	19	75	1	10	1	1	rational	weight_308.json
308	8	2	89	19	85	1	11	1	1	rational	weight_308.json
308	8	2	34	19	75	1	12	1	1	rational	weight_308.json
308	8	2	29	19	40	1	13	1	1	rational	weight_308.json
308	8	2	71	19	90	1	14	1	1	rational	weight_308.json
308	8	2	46	19	15	1	15	1	1	rational	weight_308.json
308	8	2	36	19	85	1	16	1	1	rational	weight_308.json
308	8	2	21	19	65	1	17	1	1	rational	weight_308.json
308	8	2	96	19	40	1	18	1	1	rational	weight_308.json
308	8	2	121	19	115	1	19	1	1	rational	weight_308.json
308	8	2	61	19	35	1	20	1	1	rational	weight_308.json
308	8	2	54	19	90	1	21	1	1	rational	weight_308.json
308	8	2	79	19	15	1	22	1	1	rational	weight_308.json
308	8	2	39	19	110	1	23	1	1	rational	weight_308.json
308	8	2	111	19	60	1	24	1	2	rational	weight_308.json
310	10	2	83	19	60	1	1	1	1	rational	weight_310.json
310	10	2	67	19	85	1	2	1	1	rational	weight_310.json
310	10	2	62	19	105	1	3	1	1	rational	weight_310.json
310	10	2	42	19	60	1	4	1	1	rational	weight_310.json
310	10	2	108	19	35	1	5	1	1	rational	weight_310.json
310	10	2	112	19	30	1	6	1	1	rational	weight_310.json
310	10	2	38	19	5	1	7	1	1	rational	weight_310.json
310	10	2	2	19	95	1	8	1	1	rational	weight_310.json
310	10	2	12	19	55	1	9	1	1	rational	weight_310.json
310	10	2	113	19	55	1	10	1	1	rational	weight_310.json
310	10	2	88	19	80	1	11	1	1	rational	weight_310.json
310	10	2	63	19	105	1	12	1	1	rational	weight_310.json
310	10	2	123	19	95	1	13	1	1	rational	weight_310.json
310	10	2	13	19	30	1	14	1	1	rational	weight_310.json
310	10	2	87	19	5	1	15	1	1	rational	weight_310.json
310	10	2	92	19	110	1	16	1	1	rational	weight_310.json
310	10	2	37	19	80	1	17	1	1	rational	weight_310.json
310	10	2	58	19	85	1	18	1	1	rational	weight_310.json
310	10	2	17	19	35	1	19	1	1	rational	weight_310.json
310	10	2	123	19	95	1	20	1	1	rational	weight_310.json
310	10	2	33	19	110	1	21	1	1	rational	weight_310.json
310	10	2	2	19	95	1	22	1	1	rational	weight_310.json
310	10	2	123	19	95	1	23	1	1	rational	weight_310.json
310	10	2	117	19	10	1	24	1	2	rational	weight_310.json
312	12	2	51	19	20	1	1	1	1	rational	weight_312.json
312	12	2	1	19	120	1	2	1	1	rational	weight_312.json
312	12	2	16	19	65	1	3	1	1	rational	weight_312.json
312	12	2	41	19	15	1	4	1	1	rational	weight_312.json
312	12	2	71	19	30	1	5	1	1	rational	weight_312.json
312	12	2	99	19	70	1	6	1	1	rational	weight_312.json
312	12	2	124	19	120	1	7	1	1	rational	weight_312.json
312	12	2	71	19	30	1	8	1	1	rational	weight_312.json
312	12	2	26	19	70	1	9	1	1	rational	weight_312.json
312	12	2	109	19	65	1	10	1	1	rational	weight_312.json
312	12	2	116	19	115	1	11	1	1	rational	weight_312.json
312	12	2	24	19	45	1	12	1	1	rational	weight_312.json
312	12	2	101	19	45	1	13	1	1	rational	weight_312.json
312	12	2	101	19	45	1	14	1	1	rational	weight_312.json
312	12	2	49	19	95	1	15	1	1	rational	weight_312.json
312	12	2	71	19	30	1	16	1	1	rational	weight_312.json
312	12	2	74	19	20	1	17	1	1	rational	weight_312.json
312	12	2	54	19	30	1	18	1	1	rational	weight_312.json
312	12	2	84	19	15	1	19	1	1	rational	weight_312.json
312	12	2	66	19	90	1	20	1	1	rational	weight_312.json
312	12	2	9	19	115	1	21	1	1	rational	weight_312.json
312	12	2	76	19	95	1	22	1	1	rational	weight_312.json
312	12	2	34	19	40	1	23	2	1	rational	weight_312.json
312	12	2	59	19	90	1	24	1	1	rational	weight_312.json
312	12	2	54	19	30	1	25	1	1	rational	weight_312.json
314	14	2	38	19	15	1	1	1	1	rational	weight_314.json
314	14	2	97	19	0	1	2	1	1	rational	weight_314.json
314	14	2	13	19	40	1	3	1	1	rational	weight_314.json
314	14	2	28	19	0	1	4	1	1	rational	weight_314.json
314	14	2	107	19	110	1	5	1	1	rational	weight_314.json
314	14	2	28	19	0	1	6	1	1	rational	weight_314.json
314	14	2	87	19	15	1	7	1	1	rational	weight_314.json
314	14	2	37	19	90	1	8	1	1	rational	weight_314.json
314	14	2	57	19	60	1	9	1	1	rational	weight_314.json
314	14	2	118	19	10	1	10	1	1	rational	weight_314.json
314	14	2	7	19	10	1	11	1	1	rational	weight_314.json
314	14	2	107	19	110	1	12	1	1	rational	weight_314.json
314	14	2	68	19	60	1	13	1	1	rational	weight_314.json
314	14	2	97	19	0	1	14	1	1	rational	weight_314.json
314	14	2	43	19	85	1	15	1	1	rational	weight_314.json
314	14	2	32	19	35	1	16	1	1	rational	weight_314.json
314	14	2	82	19	85	1	17	1	1	rational	weight_314.json
314	14	2	97	19	0	1	18	1	1	rational	weight_314.json
314	14	2	12	19	65	1	19	1	1	rational	weight_314.json
314	14	2	88	19	90	1	20	1	1	rational	weight_314.json
314	14	2	113	19	65	1	21	1	1	rational	weight_314.json
314	14	2	93	19	35	1	22	1	1	rational	weight_314.json
314	14	2	112	19	40	1	23	1	1	rational	weight_314.json
314	14	2	63	19	115	1	24	1	2	rational	weight_314.json
316	16	2	64	19	65	1	1	1	1	rational	weight_316.json
316	16	2	9	19	5	1	2	1	1	rational	weight_316.json
316	16	2	6	19	0	1	3	1	1	rational	weight_316.json
316	16	2	56	19	25	1	4	1	1	rational	weight_316.json
316	16	2	64	19	65	1	5	1	1	rational	weight_316.json
316	16	2	34	19	55	1	6	1	1	rational	weight_316.json
316	16	2	94	19	75	1	7	1	1	rational	weight_316.json
316	16	2	106	19	50	1	8	1	1	rational	weight_316.json
316	16	2	61	19	65	1	9	1	1	rational	weight_316.json
316	16	2	81	19	100	1	10	1	1	rational	weight_316.json
316	16	2	91	19	55	1	11	1	1	rational	weight_316.json
316	16	2	41	19	30	1	12	1	1	rational	weight_316.json
316	16	2	119	19	0	1	13	1	1	rational	weight_316.json
316	16	2	19	19	50	1	14	1	1	rational	weight_316.json
316	16	2	91	19	55	1	15	1	1	rational	weight_316.json
316	16	2	9	19	5	1	16	1	1	rational	weight_316.json
316	16	2	56	19	25	1	17	1	1	rational	weight_316.json
316	16	2	109	19	80	1	18	1	1	rational	weight_316.json
316	16	2	31	19	75	1	19	1	1	rational	weight_316.json
316	16	2	16	19	80	1	20	1	1	rational	weight_316.json
316	16	2	84	19	30	1	21	1	1	rational	weight_316.json
316	16	2	44	19	100	1	22	1	1	rational	weight_316.json
316	16	2	66	19	105	1	23	1	1	rational	weight_316.json
316	16	2	59	19	105	1	24	1	1	rational	weight_316.json
316	16	2	64	19	65	1	25	1	1	rational	weight_316.json
316	16	2	61	19	65	1	26	1	1	rational	weight_316.json
318	18	2	103	19	35	1	1	1	1	rational	weight_318.json
318	18	2	2	19	15	1	2	1	1	rational	weight_318.json
318	18	2	28	19	110	1	3	1	1	rational	weight_318.json
318	18	2	97	19	110	1	4	1	1	rational	weight_318.json
318	18	2	47	19	60	1	5	1	1	rational	weight_318.json
318	18	2	62	19	75	1	6	1	1	rational	weight_318.json
318	18	2	63	19	75	1	7	1	1	rational	weight_318.json
318	18	2	78	19	60	1	8	1	1	rational	weight_318.json
318	18	2	97	19	110	1	9	1	1	rational	weight_318.json
318	18	2	98	19	40	1	10	1	1	rational	weight_318.json
318	18	2	62	19	75	1	11	1	1	rational	weight_318.json
318	18	2	102	19	115	1	12	1	1	rational	weight_318.json
318	18	2	103	19	35	1	13	1	1	rational	weight_318.json
318	18	2	53	19	85	1	14	1	1	rational	weight_318.json
318	18	2	123	19	15	1	15	1	1	rational	weight_318.json
318	18	2	72	19	85	1	16	1	1	rational	weight_318.json
318	18	2	52	19	65	1	17	1	1	rational	weight_318.json
318	18	2	63	19	75	1	18	1	1	rational	weight_318.json
318	18	2	27	19	40	1	19	1	1	rational	weight_318.json
318	18	2	122	19	10	1	20	1	1	rational	weight_318.json
318	18	2	23	19	115	1	21	1	1	rational	weight_318.json
318	18	2	3	19	10	1	22	1	1	rational	weight_318.json
318	18	2	63	19	75	1	23	1	1	rational	weight_318.json
318	18	2	73	19	65	1	24	1	1	rational	weight_318.json
318	18	2	77	19	90	1	25	1	2	rational	weight_318.json
320	20	2	91	19	120	1	1	1	1	rational	weight_320.json
320	20	2	86	19	105	1	2	1	1	rational	weight_320.json
320	20	2	6	19	115	1	3	1	1	rational	weight_320.json
320	20	2	39	19	105	1	4	1	1	rational	weight_320.json
320	20	2	16	19	20	1	5	1	1	rational	weight_320.json
320	20	2	56	19	15	1	6	1	1	rational	weight_320.json
320	20	2	81	19	90	1	7	1	1	rational	weight_320.json
320	20	2	69	19	15	1	8	1	1	rational	weight_320.json
320	20	2	116	19	70	1	9	1	1	rational	weight_320.json
320	20	2	86	19	105	1	10	1	1	rational	weight_320.json
320	20	2	39	19	105	1	11	1	1	rational	weight_320.json
320	20	2	119	19	115	1	12	1	1	rational	weight_320.json
320	20	2	66	19	45	1	13	1	1	rational	weight_320.json
320	20	2	81	19	90	1	14	1	1	rational	weight_320.json
320	20	2	84	19	95	1	15	1	1	rational	weight_320.json
320	20	2	86	19	105	1	16	1	1	rational	weight_320.json
320	20	2	34	19	120	1	17	1	1	rational	weight_320.json
320	20	2	44	19	90	1	18	1	1	rational	weight_320.json
320	20	2	19	19	40	1	19	1	1	rational	weight_320.json
320	20	2	109	19	20	1	20	1	1	rational	weight_320.json
320	20	2	84	19	95	1	21	1	1	rational	weight_320.json
320	20	2	106	19	40	1	22	1	1	rational	weight_320.json
320	20	2	66	19	45	1	23	1	1	rational	weight_320.json
320	20	2	9	19	70	1	24	1	1	rational	weight_320.json
320	20	2	94	19	65	1	25	1	2	rational	weight_320.json
322	22	2	62	19	110	1	1	1	1	rational	weight_322.json
322	22	2	107	19	80	1	2	1	1	rational	weight_322.json
322	22	2	18	19	80	1	3	1	1	rational	weight_322.json
322	22	2	63	19	110	1	4	1	1	rational	weight_322.json
322	22	2	97	19	45	1	5	1	1	rational	weight_322.json
322	22	2	82	19	55	1	6	1	1	rational	weight_322.json
322	22	2	87	19	10	1	7	1	1	rational	weight_322.json
322	22	2	28	19	45	1	8	1	1	rational	weight_322.json
322	22	2	118	19	105	1	9	1	1	rational	weight_322.json
322	22	2	32	19	5	1	10	1	1	rational	weight_322.json
322	22	2	113	19	60	1	11	1	1	rational	weight_322.json
322	22	2	97	19	45	1	12	1	1	rational	weight_322.json
322	22	2	43	19	55	1	13	1	1	rational	weight_322.json
322	22	2	38	19	10	1	14	1	1	rational	weight_322.json
322	22	2	37	19	85	1	15	1	1	rational	weight_322.json
322	22	2	88	19	85	1	16	1	1	rational	weight_322.json
322	22	2	93	19	5	1	17	1	1	rational	weight_322.json
322	22	2	87	19	10	1	18	1	1	rational	weight_322.json
322	22	2	28	19	45	1	19	1	1	rational	weight_322.json
322	22	2	12	19	60	1	20	1	1	rational	weight_322.json
322	22	2	97	19	45	1	21	1	1	rational	weight_322.json
322	22	2	57	19	30	1	22	1	1	rational	weight_322.json
322	22	2	118	19	105	1	23	1	1	rational	weight_322.json
322	22	2	57	19	30	1	24	1	1	rational	weight_322.json
322	22	2	13	19	35	1	25	1	2	rational	weight_322.json
324	24	2	9	19	60	1	1	1	1	rational	weight_324.json
324	24	2	76	19	15	1	2	1	1	rational	weight_324.json
324	24	2	54	19	25	1	3	1	1	rational	weight_324.json
324	24	2	124	19	40	1	4	1	1	rational	weight_324.json
324	24	2	116	19	60	1	5	1	1	rational	weight_324.json
324	24	2	26	19	115	1	6	1	1	rational	weight_324.json
324	24	2	91	19	110	1	7	1	1	rational	weight_324.json
324	24	2	34	19	110	1	8	1	1	rational	weight_324.json
324	24	2	66	19	35	1	9	2	1	rational	weight_324.json
324	24	2	9	19	60	1	10	1	1	rational	weight_324.json
324	24	2	109	19	10	1	11	1	1	rational	weight_324.json
324	24	2	71	19	25	1	12	1	1	rational	weight_324.json
324	24	2	99	19	115	1	13	1	1	rational	weight_324.json
324	24	2	54	19	25	1	14	1	1	rational	weight_324.json
324	24	2	84	19	85	1	15	1	1	rational	weight_324.json
324	24	2	71	19	25	1	16	1	1	rational	weight_324.json
324	24	2	51	19	65	1	17	1	1	rational	weight_324.json
324	24	2	16	19	10	1	18	1	1	rational	weight_324.json
324	24	2	124	19	40	1	19	1	1	rational	weight_324.json
324	24	2	101	19	90	1	20	1	1	rational	weight_324.json
324	24	2	74	19	65	1	21	1	1	rational	weight_324.json
324	24	2	41	19	85	1	22	1	1	rational	weight_324.json
324	24	2	54	19	25	1	23	1	1	rational	weight_324.json
324	24	2	71	19	25	1	24	1	1	rational	weight_324.json
324	24	2	49	19	15	1	25	1	1	rational	weight_324.json
324	24	2	101	19	90	1	26	1	1	rational	weight_324.json
326	26	2	37	19	70	1	1	1	1	rational	weight_326.json
326	26	2	112	19	20	1	2	1	1	rational	weight_326.json
326	26	2	67	19	0	1	3	1	1	rational	weight_326.json
326	26	2	42	19	100	1	4	1	1	rational	weight_326.json
326	26	2	33	19	25	1	5	1	1	rational	weight_326.json
326	26	2	37	19	70	1	6	1	1	rational	weight_326.json
326	26	2	8	19	50	1	7	1	1	rational	weight_326.json
326	26	2	77	19	60	1	8	1	1	rational	weight_326.json
326	26	2	77	19	60	1	9	1	1	rational	weight_326.json
326	26	2	63	19	95	1	10	1	1	rational	weight_326.json
326	26	2	38	19	120	1	11	1	1	rational	weight_326.json
326	26	2	38	19	120	1	12	1	1	rational	weight_326.json
326	26	2	113	19	45	1	13	1	1	rational	weight_326.json
326	26	2	108	19	75	1	14	1	1	rational	weight_326.json
326	26	2	48	19	60	1	15	1	1	rational	weight_326.json
326	26	2	77	19	60	1	16	1	1	rational	weight_326.json
326	26	2	92	19	25	1	17	1	1	rational	weight_326.json
326	26	2	58	19	0	1	18	1	1	rational	weight_326.json
326	26	2	117	19	50	1	19	1	1	rational	weight_326.json
326	26	2	48	19	60	1	20	1	1	rational	weight_326.json
326	26	2	13	19	20	1	21	1	1	rational	weight_326.json
326	26	2	108	19	75	1	22	1	1	rational	weight_326.json
326	26	2	62	19	95	1	23	1	1	rational	weight_326.json
326	26	2	12	19	45	1	24	1	1	rational	weight_326.json
326	26	2	48	19	60	1	25	1	1	rational	weight_326.json
326	26	2	42	19	100	1	26	1	1	rational	weight_326.json
328	28	2	61	19	110	1	1	1	1	rational	weight_328.json
328	28	2	21	19	15	1	2	1	1	rational	weight_328.json
328	28	2	29	19	115	1	3	1	1	rational	weight_328.json
328	28	2	104	19	15	1	4	1	1	rational	weight_328.json
328	28	2	46	19	90	1	5	1	1	rational	weight_328.json
328	28	2	39	19	60	1	6	1	1	rational	weight_328.json
328	28	2	11	19	85	1	7	1	1	rational	weight_328.json
328	28	2	91	19	25	1	8	1	1	rational	weight_328.json
328	28	2	71	19	40	1	9	1	1	rational	weight_328.json
328	28	2	121	19	65	1	10	1	1	rational	weight_328.json
328	28	2	34	19	25	1	11	1	1	rational	weight_328.json
328	28	2	14	19	10	1	12	2	1	rational	weight_328.json
328	28	2	91	19	25	1	13	1	1	rational	weight_328.json
328	28	2	36	19	35	1	14	1	1	rational	weight_328.json
328	28	2	34	19	25	1	15	1	1	rational	weight_328.json
328	28	2	121	19	65	1	16	1	1	rational	weight_328.json
328	28	2	64	19	110	1	17	1	1	rational	weight_328.json
328	28	2	86	19	60	1	18	1	1	rational	weight_328.json
328	28	2	34	19	25	1	19	1	1	rational	weight_328.json
328	28	2	91	19	25	1	20	1	1	rational	weight_328.json
328	28	2	79	19	90	1	21	1	1	rational	weight_328.json
328	28	2	114	19	85	1	22	1	1	rational	weight_328.json
328	28	2	54	19	40	1	23	1	1	rational	weight_328.json
328	28	2	29	19	115	1	24	1	1	rational	weight_328.json
328	28	2	61	19	110	1	25	1	1	rational	weight_328.json
328	28	2	36	19	35	1	26	1	1	rational	weight_328.json
330	30	2	73	19	70	1	1	1	1	rational	weight_330.json
330	30	2	13	19	80	1	2	1	1	rational	weight_330.json
330	30	2	67	19	10	1	3	1	1	rational	weight_330.json
330	30	2	8	19	60	1	4	1	1	rational	weight_330.json
330	30	2	67	19	10	1	5	1	1	rational	weight_330.json
330	30	2	63	19	30	1	6	1	1	rational	weight_330.json
330	30	2	38	19	55	1	7	1	1	rational	weight_330.json
330	30	2	73	19	70	1	8	1	1	rational	weight_330.json
330	30	2	33	19	35	1	9	1	1	rational	weight_330.json
330	30	2	92	19	35	1	10	1	1	rational	weight_330.json
330	30	2	117	19	60	1	11	1	1	rational	weight_330.json
330	30	2	52	19	70	1	12	1	1	rational	weight_330.json
330	30	2	37	19	5	1	13	1	1	rational	weight_330.json
330	30	2	12	19	105	1	14	1	1	rational	weight_330.json
330	30	2	58	19	10	1	15	1	1	rational	weight_330.json
330	30	2	73	19	70	1	16	1	1	rational	weight_330.json
330	30	2	87	19	55	1	17	1	1	rational	weight_330.json
330	30	2	13	19	80	1	18	1	1	rational	weight_330.json
330	30	2	37	19	5	1	19	1	1	rational	weight_330.json
330	30	2	17	19	85	1	20	1	1	rational	weight_330.json
330	30	2	52	19	70	1	21	1	1	rational	weight_330.json
330	30	2	113	19	105	1	22	1	1	rational	weight_330.json
330	30	2	52	19	70	1	23	1	1	rational	weight_330.json
330	30	2	62	19	30	1	24	1	1	rational	weight_330.json
330	30	2	17	19	85	1	25	1	1	rational	weight_330.json
330	30	2	83	19	110	1	26	1	2	rational	weight_330.json
332	32	2	4	19	5	1	1	1	1	rational	weight_332.json
332	32	2	121	19	5	1	2	1	1	rational	weight_332.json
332	32	2	101	19	120	1	3	1	1	rational	weight_332.json
332	32	2	49	19	45	1	4	1	1	rational	weight_332.json
332	32	2	1	19	70	1	5	1	1	rational	weight_332.json
332	32	2	1	19	70	1	6	1	1	rational	weight_332.json
332	32	2	24	19	120	1	7	1	1	rational	weight_332.json
332	32	2	51	19	95	1	8	1	1	rational	weight_332.json
332	32	2	9	19	65	1	9	1	1	rational	weight_332.json
332	32	2	76	19	45	1	10	1	1	rational	weight_332.json
332	32	2	51	19	95	1	11	1	1	rational	weight_332.json
332	32	2	34	19	115	1	12	1	1	rational	weight_332.json
332	32	2	59	19	40	1	13	1	1	rational	weight_332.json
332	32	2	99	19	20	1	14	1	1	rational	weight_332.json
332	32	2	99	19	20	1	15	1	1	rational	weight_332.json
332	32	2	84	19	90	1	16	1	1	rational	weight_332.json
332	32	2	121	19	5	1	17	1	1	rational	weight_332.json
332	32	2	121	19	5	1	18	1	1	rational	weight_332.json
332	32	2	59	19	40	1	19	1	1	rational	weight_332.json
332	32	2	74	19	95	1	20	1	1	rational	weight_332.json
332	32	2	91	19	115	1	21	1	1	rational	weight_332.json
332	32	2	4	19	5	1	22	1	1	rational	weight_332.json
332	32	2	116	19	65	1	23	1	1	rational	weight_332.json
332	32	2	41	19	90	1	24	1	1	rational	weight_332.json
332	32	2	34	19	115	1	25	1	1	rational	weight_332.json
332	32	2	16	19	15	1	26	1	2	rational	weight_332.json
334	34	2	63	19	40	1	1	1	1	rational	weight_334.json
334	34	2	3	19	75	1	2	1	1	rational	weight_334.json
334	34	2	18	19	35	1	3	1	1	rational	weight_334.json
334	34	2	122	19	75	1	4	1	1	rational	weight_334.json
334	34	2	82	19	10	1	5	1	1	rational	weight_334.json
334	34	2	122	19	75	1	6	1	1	rational	weight_334.json
334	34	2	68	19	110	1	7	1	1	rational	weight_334.json
334	34	2	37	19	15	1	8	1	1	rational	weight_334.json
334	34	2	63	19	40	1	9	1	1	rational	weight_334.json
334	34	2	82	19	10	1	10	1	1	rational	weight_334.json
334	34	2	113	19	115	1	11	1	1	rational	weight_334.json
334	34	2	13	19	90	1	12	1	1	rational	weight_334.json
334	34	2	32	19	85	1	13	1	1	rational	weight_334.json
334	34	2	57	19	110	1	14	1	1	rational	weight_334.json
334	34	2	57	19	110	1	15	1	1	rational	weight_334.json
334	34	2	87	19	65	1	16	2	1	rational	weight_334.json
334	34	2	13	19	90	1	17	1	1	rational	weight_334.json
334	34	2	88	19	15	1	18	1	1	rational	weight_334.json
334	34	2	118	19	60	1	19	1	1	rational	weight_334.json
334	34	2	118	19	60	1	20	1	1	rational	weight_334.json
334	34	2	122	19	75	1	21	1	1	rational	weight_334.json
334	34	2	93	19	85	1	22	1	1	rational	weight_334.json
334	34	2	112	19	90	1	23	1	1	rational	weight_334.json
334	34	2	3	19	75	1	24	1	1	rational	weight_334.json
334	34	2	12	19	115	1	25	1	1	rational	weight_334.json
334	34	2	107	19	35	1	26	1	1	rational	weight_334.json
336	36	2	109	19	30	1	1	1	1	rational	weight_336.json
336	36	2	91	19	5	1	2	1	1	rational	weight_336.json
336	36	2	41	19	105	1	3	1	1	rational	weight_336.json
336	36	2	59	19	55	1	4	1	1	rational	weight_336.json
336	36	2	9	19	80	1	5	1	1	rational	weight_336.json
336	36	2	89	19	65	1	6	1	1	rational	weight_336.json
336	36	2	119	19	75	1	7	1	1	rational	weight_336.json
336	36	2	94	19	25	1	8	1	1	rational	weight_336.json
336	36	2	6	19	75	1	9	1	1	rational	weight_336.json
336	36	2	9	19	80	1	10	1	1	rational	weight_336.json
336	36	2	106	19	0	1	11	1	1	rational	weight_336.json
336	36	2	59	19	55	1	12	1	1	rational	weight_336.json
336	36	2	41	19	105	1	13	1	1	rational	weight_336.json
336	36	2	81	19	50	1	14	1	1	rational	weight_336.json
336	36	2	84	19	105	1	15	1	1	rational	weight_336.json
336	36	2	106	19	0	1	16	1	1	rational	weight_336.json
336	36	2	81	19	50	1	17	1	1	rational	weight_336.json
336	36	2	89	19	65	1	18	1	1	rational	weight_336.json
336	36	2	94	19	25	1	19	1	1	rational	weight_336.json
336	36	2	56	19	100	1	20	1	1	rational	weight_336.json
336	36	2	69	19	100	1	21	1	1	rational	weight_336.json
336	36	2	19	19	0	1	22	1	1	rational	weight_336.json
336	36	2	89	19	65	1	23	1	1	rational	weight_336.json
336	36	2	16	19	30	1	24	1	1	rational	weight_336.json
336	36	2	36	19	65	1	25	1	1	rational	weight_336.json
336	36	2	91	19	5	1	26	1	1	rational	weight_336.json
336	36	2	116	19	80	1	27	1	1	rational	weight_336.json
336	36	2	36	19	65	1	28	1	1	rational	weight_336.json
338	38	2	22	19	85	1	1	1	1	rational	weight_338.json
338	38	2	63	19	0	1	2	1	1	rational	weight_338.json
338	38	2	2	19	65	1	3	1	1	rational	weight_338.json
338	38	2	53	19	10	1	4	1	1	rational	weight_338.json
338	38	2	72	19	10	1	5	1	1	rational	weight_338.json
338	38	2	63	19	0	1	6	1	1	rational	weight_338.json
338	38	2	28	19	35	1	7	1	1	rational	weight_338.json
338	38	2	102	19	40	1	8	1	1	rational	weight_338.json
338	38	2	62	19	0	1	9	1	1	rational	weight_338.json
338	38	2	52	19	115	1	10	1	1	rational	weight_338.json
338	38	2	78	19	110	1	11	1	1	rational	weight_338.json
338	38	2	63	19	0	1	12	1	1	rational	weight_338.json
338	38	2	27	19	90	1	13	1	1	rational	weight_338.json
338	38	2	62	19	0	1	14	1	1	rational	weight_338.json
338	38	2	28	19	35	1	15	1	1	rational	weight_338.json
338	38	2	3	19	60	1	16	1	1	rational	weight_338.json
338	38	2	102	19	40	1	17	1	1	rational	weight_338.json
338	38	2	123	19	65	1	18	1	1	rational	weight_338.json
338	38	2	47	19	110	1	19	1	1	rational	weight_338.json
338	38	2	47	19	110	1	20	1	1	rational	weight_338.json
338	38	2	122	19	60	1	21	1	1	rational	weight_338.json
338	38	2	52	19	115	1	22	1	1	rational	weight_338.json
338	38	2	22	19	85	1	23	1	1	rational	weight_338.json
338	38	2	53	19	10	1	24	1	1	rational	weight_338.json
338	38	2	98	19	90	1	25	1	1	rational	weight_338.json
338	38	2	48	19	15	1	26	1	2	rational	weight_338.json
340	40	2	66	19	120	1	1	1	1	rational	weight_340.json
340	40	2	111	19	5	1	2	1	1	rational	weight_340.json
340	40	2	44	19	40	1	3	1	1	rational	weight_340.json
340	40	2	34	19	70	1	4	1	1	rational	weight_340.json
340	40	2	19	19	115	1	5	1	1	rational	weight_340.json
340	40	2	56	19	90	1	6	2	1	rational	weight_340.json
340	40	2	14	19	5	1	7	1	1	rational	weight_340.json
340	40	2	109	19	95	1	8	1	1	rational	weight_340.json
340	40	2	119	19	65	1	9	1	1	rational	weight_340.json
340	40	2	34	19	70	1	10	1	1	rational	weight_340.json
340	40	2	111	19	5	1	11	1	1	rational	weight_340.json
340	40	2	119	19	65	1	12	1	1	rational	weight_340.json
340	40	2	31	19	15	1	13	1	1	rational	weight_340.json
340	40	2	31	19	15	1	14	1	1	rational	weight_340.json
340	40	2	84	19	45	1	15	1	1	rational	weight_340.json
340	40	2	41	19	45	1	16	1	1	rational	weight_340.json
340	40	2	84	19	45	1	17	1	1	rational	weight_340.json
340	40	2	116	19	20	1	18	1	1	rational	weight_340.json
340	40	2	111	19	5	1	19	1	1	rational	weight_340.json
340	40	2	66	19	120	1	20	1	1	rational	weight_340.json
340	40	2	81	19	40	1	21	1	1	rational	weight_340.json
340	40	2	94	19	15	1	22	1	1	rational	weight_340.json
340	40	2	16	19	95	1	23	1	1	rational	weight_340.json
340	40	2	14	19	5	1	24	1	1	rational	weight_340.json
340	40	2	19	19	115	1	25	1	1	rational	weight_340.json
340	40	2	116	19	20	1	26	1	1	rational	weight_340.json
340	40	2	9	19	20	1	27	1	1	rational	weight_340.json
342	42	2	107	19	5	1	1	1	1	rational	weight_342.json
342	42	2	12	19	110	1	2	1	1	rational	weight_342.json
342	42	2	72	19	70	1	3	1	1	rational	weight_342.json
342	42	2	57	19	80	1	4	1	1	rational	weight_342.json
342	42	2	72	19	70	1	5	1	1	rational	weight_342.json
342	42	2	13	19	85	1	6	1	1	rational	weight_342.json
342	42	2	82	19	105	1	7	1	1	rational	weight_342.json
342	42	2	107	19	5	1	8	1	1	rational	weight_342.json
342	42	2	68	19	80	1	9	1	1	rational	weight_342.json
342	42	2	37	19	10	1	10	1	1	rational	weight_342.json
342	42	2	63	19	35	1	11	1	1	rational	weight_342.json
342	42	2	72	19	70	1	12	1	1	rational	weight_342.json
342	42	2	87	19	60	1	13	2	1	rational	weight_342.json
342	42	2	82	19	105	1	14	1	1	rational	weight_342.json
342	42	2	118	19	30	1	15	1	1	rational	weight_342.json
342	42	2	68	19	80	1	16	1	1	rational	weight_342.json
342	42	2	7	19	30	1	17	1	1	rational	weight_342.json
342	42	2	63	19	35	1	18	1	1	rational	weight_342.json
342	42	2	93	19	55	1	19	1	1	rational	weight_342.json
342	42	2	113	19	110	1	20	1	1	rational	weight_342.json
342	42	2	37	19	10	1	21	1	1	rational	weight_342.json
342	42	2	43	19	105	1	22	1	1	rational	weight_342.json
342	42	2	93	19	55	1	23	1	1	rational	weight_342.json
342	42	2	88	19	10	1	24	1	1	rational	weight_342.json
342	42	2	13	19	85	1	25	1	1	rational	weight_342.json
342	42	2	53	19	70	1	26	1	1	rational	weight_342.json
342	42	2	53	19	70	1	27	1	1	rational	weight_342.json
344	44	2	9	19	10	1	1	1	1	rational	weight_344.json
344	44	2	66	19	110	1	2	1	1	rational	weight_344.json
344	44	2	91	19	60	1	3	1	1	rational	weight_344.json
344	44	2	24	19	40	1	4	1	1	rational	weight_344.json
344	44	2	116	19	10	1	5	1	1	rational	weight_344.json
344	44	2	26	19	65	1	6	1	1	rational	weight_344.json
344	44	2	91	19	60	1	7	1	1	rational	weight_344.json
344	44	2	104	19	75	1	8	1	1	rational	weight_344.json
344	44	2	99	19	65	1	9	1	1	rational	weight_344.json
344	44	2	66	19	110	1	10	1	1	rational	weight_344.json
344	44	2	41	19	35	1	11	1	1	rational	weight_344.json
344	44	2	74	19	15	1	12	1	1	rational	weight_344.json
344	44	2	9	19	10	1	13	1	1	rational	weight_344.json
344	44	2	104	19	75	1	14	1	1	rational	weight_344.json
344	44	2	26	19	65	1	15	1	1	rational	weight_344.json
344	44	2	74	19	15	1	16	1	1	rational	weight_344.json
344	44	2	76	19	90	1	17	1	1	rational	weight_344.json
344	44	2	21	19	75	1	18	1	1	rational	weight_344.json
344	44	2	1	19	115	1	19	1	1	rational	weight_344.json
344	44	2	21	19	75	1	20	1	1	rational	weight_344.json
344	44	2	104	19	75	1	21	1	1	rational	weight_344.json
344	44	2	76	19	90	1	22	1	1	rational	weight_344.json
344	44	2	124	19	115	1	23	1	1	rational	weight_344.json
344	44	2	21	19	75	1	24	1	1	rational	weight_344.json
344	44	2	84	19	35	1	25	1	1	rational	weight_344.json
344	44	2	24	19	40	1	26	1	1	rational	weight_344.json
344	44	2	109	19	85	1	27	1	2	rational	weight_344.json
346	46	2	38	19	45	1	1	1	1	rational	weight_346.json
346	46	2	17	19	0	1	2	1	1	rational	weight_346.json
346	46	2	8	19	100	1	3	1	1	rational	weight_346.json
346	46	2	37	19	120	1	4	1	1	rational	weight_346.json
346	46	2	98	19	60	1	5	1	1	rational	weight_346.json
346	46	2	8	19	100	1	6	1	1	rational	weight_346.json
346	46	2	62	19	20	1	7	1	1	rational	weight_346.json
346	46	2	63	19	20	1	8	1	1	rational	weight_346.json
346	46	2	113	19	95	1	9	1	1	rational	weight_346.json
346	46	2	92	19	75	1	10	1	1	rational	weight_346.json
346	46	2	13	19	70	1	11	1	1	rational	weight_346.json
346	46	2	98	19	60	1	12	1	1	rational	weight_346.json
346	46	2	92	19	75	1	13	1	1	rational	weight_346.json
346	46	2	62	19	20	1	14	1	1	rational	weight_346.json
346	46	2	27	19	60	1	15	1	1	rational	weight_346.json
346	46	2	58	19	50	1	16	1	1	rational	weight_346.json
346	46	2	83	19	25	1	17	1	1	rational	weight_346.json
346	46	2	42	19	25	1	18	1	1	rational	weight_346.json
346	46	2	58	19	50	1	19	1	1	rational	weight_346.json
346	46	2	37	19	120	1	20	1	1	rational	weight_346.json
346	46	2	98	19	60	1	21	1	1	rational	weight_346.json
346	46	2	38	19	45	1	22	1	1	rational	weight_346.json
346	46	2	67	19	50	1	23	1	1	rational	weight_346.json
346	46	2	12	19	95	1	24	1	1	rational	weight_346.json
346	46	2	27	19	60	1	25	1	1	rational	weight_346.json
346	46	2	17	19	0	1	26	1	1	rational	weight_346.json
346	46	2	13	19	70	1	27	1	1	rational	weight_346.json
346	46	2	27	19	60	1	28	1	1	rational	weight_346.json
348	48	2	34	19	100	1	1	1	1	rational	weight_348.json
348	48	2	91	19	100	1	2	1	1	rational	weight_348.json
348	48	2	89	19	110	1	3	1	1	rational	weight_348.json
348	48	2	79	19	40	1	4	1	1	rational	weight_348.json
348	48	2	54	19	115	1	5	1	1	rational	weight_348.json
348	48	2	111	19	85	1	6	1	1	rational	weight_348.json
348	48	2	4	19	15	1	7	1	1	rational	weight_348.json
348	48	2	96	19	65	1	8	1	1	rational	weight_348.json
348	48	2	86	19	10	1	9	1	1	rational	weight_348.json
348	48	2	86	19	10	1	10	1	1	rational	weight_348.json
348	48	2	64	19	60	1	11	1	1	rational	weight_348.json
348	48	2	64	19	60	1	12	1	1	rational	weight_348.json
348	48	2	91	19	100	1	13	1	1	rational	weight_348.json
348	48	2	11	19	35	1	14	1	1	rational	weight_348.json
348	48	2	91	19	100	1	15	1	1	rational	weight_348.json
348	48	2	4	19	15	1	16	1	1	rational	weight_348.json
348	48	2	34	19	100	1	17	1	1	rational	weight_348.json
348	48	2	111	19	85	1	18	1	1	rational	weight_348.json
348	48	2	71	19	115	1	19	1	1	rational	weight_348.json
348	48	2	21	19	90	1	20	1	1	rational	weight_348.json
348	48	2	39	19	10	1	21	1	1	rational	weight_348.json
348	48	2	54	19	115	1	22	1	1	rational	weight_348.json
348	48	2	114	19	35	1	23	1	1	rational	weight_348.json
348	48	2	34	19	100	1	24	1	1	rational	weight_348.json
348	48	2	46	19	40	1	25	1	1	rational	weight_348.json
348	48	2	21	19	90	1	26	1	1	rational	weight_348.json
348	48	2	11	19	35	1	27	1	1	rational	weight_348.json
348	48	2	96	19	65	1	28	1	1	rational	weight_348.json
348	48	2	89	19	110	1	29	1	1	rational	weight_348.json
350	50	2	23	19	45	1	1	1	1	rational	weight_350.json
350	50	2	8	19	110	1	2	1	1	rational	weight_350.json
350	50	2	102	19	45	1	3	1	1	rational	weight_350.json
350	50	2	92	19	85	1	4	1	1	rational	weight_350.json
350	50	2	37	19	55	1	5	1	1	rational	weight_350.json
350	50	2	62	19	80	1	6	1	1	rational	weight_350.json
350	50	2	17	19	10	1	7	1	1	rational	weight_350.json
350	50	2	17	19	10	1	8	1	1	rational	weight_350.json
350	50	2	83	19	35	1	9	1	1	rational	weight_350.json
350	50	2	13	19	5	1	10	1	1	rational	weight_350.json
350	50	2	38	19	105	1	11	1	1	rational	weight_350.json
350	50	2	8	19	110	1	12	1	1	rational	weight_350.json
350	50	2	13	19	5	1	13	1	1	rational	weight_350.json
350	50	2	23	19	45	1	14	1	1	rational	weight_350.json
350	50	2	58	19	60	1	15	1	1	rational	weight_350.json
350	50	2	38	19	105	1	16	1	1	rational	weight_350.json
350	50	2	102	19	45	1	17	1	1	rational	weight_350.json
350	50	2	42	19	35	1	18	1	1	rational	weight_350.json
350	50	2	58	19	60	1	19	1	1	rational	weight_350.json
350	50	2	102	19	45	1	20	1	1	rational	weight_350.json
350	50	2	23	19	45	1	21	1	1	rational	weight_350.json
350	50	2	12	19	30	1	22	1	1	rational	weight_350.json
350	50	2	12	19	30	1	23	1	1	rational	weight_350.json
350	50	2	92	19	85	1	24	1	1	rational	weight_350.json
350	50	2	108	19	10	1	25	1	1	rational	weight_350.json
350	50	2	63	19	80	1	26	1	1	rational	weight_350.json
350	50	2	42	19	35	1	27	1	1	rational	weight_350.json
350	50	2	37	19	55	1	28	1	1	rational	weight_350.json
352	52	2	16	19	90	1	1	1	1	rational	weight_352.json
352	52	2	26	19	95	1	2	1	1	rational	weight_352.json
352	52	2	1	19	20	1	3	1	1	rational	weight_352.json
352	52	2	124	19	20	1	4	1	1	rational	weight_352.json
352	52	2	26	19	95	1	5	1	1	rational	weight_352.json
352	52	2	91	19	65	1	6	1	1	rational	weight_352.json
352	52	2	34	19	65	1	7	1	1	rational	weight_352.json
352	52	2	46	19	105	1	8	1	1	rational	weight_352.json
352	52	2	79	19	105	1	9	1	1	rational	weight_352.json
352	52	2	84	19	40	1	10	1	1	rational	weight_352.json
352	52	2	59	19	115	1	11	1	1	rational	weight_352.json
352	52	2	74	19	45	1	12	1	1	rational	weight_352.json
352	52	2	79	19	105	1	13	1	1	rational	weight_352.json
352	52	2	84	19	40	1	14	1	1	rational	weight_352.json
352	52	2	24	19	70	1	15	1	1	rational	weight_352.json
352	52	2	76	19	120	1	16	1	1	rational	weight_352.json
352	52	2	76	19	120	1	17	1	1	rational	weight_352.json
352	52	2	74	19	45	1	18	1	1	rational	weight_352.json
352	52	2	24	19	70	1	19	1	1	rational	weight_352.json
352	52	2	16	19	90	1	20	1	1	rational	weight_352.json
352	52	2	79	19	105	1	21	1	1	rational	weight_352.json
352	52	2	41	19	40	1	22	1	1	rational	weight_352.json
352	52	2	1	19	20	1	23	1	1	rational	weight_352.json
352	52	2	46	19	105	1	24	1	1	rational	weight_352.json
352	52	2	34	19	65	1	25	1	1	rational	weight_352.json
352	52	2	46	19	105	1	26	1	1	rational	weight_352.json
352	52	2	59	19	115	1	27	1	1	rational	weight_352.json
352	52	2	116	19	15	1	28	1	1	rational	weight_352.json
352	52	2	116	19	15	1	29	1	1	rational	weight_352.json
354	54	2	43	19	60	1	1	1	1	rational	weight_354.json
354	54	2	103	19	25	1	2	1	1	rational	weight_354.json
354	54	2	57	19	35	1	3	1	1	rational	weight_354.json
354	54	2	63	19	90	1	4	1	1	rational	weight_354.json
354	54	2	32	19	10	1	5	1	1	rational	weight_354.json
354	54	2	57	19	35	1	6	1	1	rational	weight_354.json
354	54	2	63	19	90	1	7	1	1	rational	weight_354.json
354	54	2	87	19	115	1	8	1	1	rational	weight_354.json
354	54	2	87	19	115	1	9	1	1	rational	weight_354.json
354	54	2	22	19	25	1	10	1	1	rational	weight_354.json
354	54	2	32	19	10	1	11	1	1	rational	weight_354.json
354	54	2	13	19	15	1	12	1	1	rational	weight_354.json
354	54	2	37	19	65	1	13	1	1	rational	weight_354.json
354	54	2	7	19	110	1	14	1	1	rational	weight_354.json
354	54	2	18	19	85	1	15	1	1	rational	weight_354.json
354	54	2	103	19	25	1	16	1	1	rational	weight_354.json
354	54	2	103	19	25	1	17	1	1	rational	weight_354.json
354	54	2	88	19	65	1	18	1	1	rational	weight_354.json
354	54	2	18	19	85	1	19	1	1	rational	weight_354.json
354	54	2	118	19	110	1	20	1	1	rational	weight_354.json
354	54	2	22	19	25	1	21	1	1	rational	weight_354.json
354	54	2	22	19	25	1	22	1	1	rational	weight_354.json
354	54	2	43	19	60	1	23	1	1	rational	weight_354.json
354	54	2	7	19	110	1	24	1	1	rational	weight_354.json
354	54	2	12	19	40	1	25	1	1	rational	weight_354.json
354	54	2	62	19	90	1	26	1	1	rational	weight_354.json
354	54	2	12	19	40	1	27	1	1	rational	weight_354.json
354	54	2	13	19	15	1	28	1	1	rational	weight_354.json
354	54	2	88	19	65	1	29	1	1	rational	weight_354.json
356	56	2	109	19	105	1	1	1	1	rational	weight_356.json
356	56	2	9	19	30	1	2	1	1	rational	weight_356.json
356	56	2	11	19	65	1	3	1	1	rational	weight_356.json
356	56	2	69	19	50	1	4	1	1	rational	weight_356.json
356	56	2	91	19	80	1	5	1	1	rational	weight_356.json
356	56	2	94	19	100	1	6	1	1	rational	weight_356.json
356	56	2	41	19	55	1	7	1	1	rational	weight_356.json
356	56	2	6	19	25	1	8	1	1	rational	weight_356.json
356	56	2	116	19	30	1	9	1	1	rational	weight_356.json
356	56	2	11	19	65	1	10	1	1	rational	weight_356.json
356	56	2	9	19	30	1	11	1	1	rational	weight_356.json
356	56	2	59	19	5	1	12	1	1	rational	weight_356.json
356	56	2	11	19	65	1	13	1	1	rational	weight_356.json
356	56	2	59	19	5	1	14	1	1	rational	weight_356.json
356	56	2	69	19	50	1	15	1	1	rational	weight_356.json
356	56	2	31	19	100	1	16	1	1	rational	weight_356.json
356	56	2	114	19	65	1	17	1	1	rational	weight_356.json
356	56	2	31	19	100	1	18	1	1	rational	weight_356.json
356	56	2	109	19	105	1	19	1	1	rational	weight_356.json
356	56	2	106	19	75	1	20	1	1	rational	weight_356.json
356	56	2	114	19	65	1	21	1	1	rational	weight_356.json
356	56	2	91	19	80	1	22	1	1	rational	weight_356.json
356	56	2	114	19	65	1	23	1	1	rational	weight_356.json
356	56	2	6	19	25	1	24	1	1	rational	weight_356.json
356	56	2	116	19	30	1	25	1	1	rational	weight_356.json
356	56	2	44	19	0	1	26	1	1	rational	weight_356.json
356	56	2	44	19	0	1	27	1	1	rational	weight_356.json
356	56	2	41	19	55	1	28	1	1	rational	weight_356.json
356	56	2	106	19	75	1	29	1	1	rational	weight_356.json
358	58	2	3	19	110	1	1	1	1	rational	weight_358.json
358	58	2	97	19	85	1	2	1	1	rational	weight_358.json
358	58	2	62	19	50	1	3	1	1	rational	weight_358.json
358	58	2	72	19	60	1	4	1	1	rational	weight_358.json
358	58	2	63	19	50	1	5	1	1	rational	weight_358.json
358	58	2	97	19	85	1	6	1	1	rational	weight_358.json
358	58	2	2	19	115	1	7	1	1	rational	weight_358.json
358	58	2	78	19	35	1	8	1	1	rational	weight_358.json
358	58	2	23	19	90	1	9	1	1	rational	weight_358.json
358	58	2	23	19	90	1	10	1	1	rational	weight_358.json
358	58	2	122	19	110	1	11	1	1	rational	weight_358.json
358	58	2	122	19	110	1	12	1	1	rational	weight_358.json
358	58	2	78	19	35	1	13	1	1	rational	weight_358.json
358	58	2	123	19	115	1	14	1	1	rational	weight_358.json
358	58	2	63	19	50	1	15	1	1	rational	weight_358.json
358	58	2	103	19	10	1	16	1	1	rational	weight_358.json
358	58	2	63	19	50	1	17	1	1	rational	weight_358.json
358	58	2	103	19	10	1	18	1	1	rational	weight_358.json
358	58	2	27	19	15	1	19	1	1	rational	weight_358.json
358	58	2	72	19	60	1	20	1	1	rational	weight_358.json
358	58	2	27	19	15	1	21	1	1	rational	weight_358.json
358	58	2	2	19	115	1	22	1	1	rational	weight_358.json
358	58	2	3	19	110	1	23	1	1	rational	weight_358.json
358	58	2	62	19	50	1	24	1	1	rational	weight_358.json
358	58	2	73	19	40	1	25	1	1	rational	weight_358.json
358	58	2	73	19	40	1	26	1	1	rational	weight_358.json
358	58	2	62	19	50	1	27	1	1	rational	weight_358.json
358	58	2	77	19	65	1	28	1	2	rational	weight_358.json
360	60	2	116	19	95	1	1	1	1	rational	weight_360.json
360	60	2	109	19	45	1	2	1	1	rational	weight_360.json
360	60	2	114	19	30	1	3	1	1	rational	weight_360.json
360	60	2	19	19	65	1	4	1	1	rational	weight_360.json
360	60	2	69	19	40	1	5	1	1	rational	weight_360.json
360	60	2	34	19	20	1	6	1	1	rational	weight_360.json
360	60	2	41	19	120	1	7	1	1	rational	weight_360.json
360	60	2	11	19	30	1	8	1	1	rational	weight_360.json
360	60	2	44	19	115	1	9	2	1	rational	weight_360.json
360	60	2	66	19	70	1	10	1	1	rational	weight_360.json
360	60	2	106	19	65	1	11	1	1	rational	weight_360.json
360	60	2	116	19	95	1	12	1	1	rational	weight_360.json
360	60	2	69	19	40	1	13	1	1	rational	weight_360.json
360	60	2	84	19	120	1	14	1	1	rational	weight_360.json
360	60	2	6	19	15	1	15	1	1	rational	weight_360.json
360	60	2	84	19	120	1	16	1	1	rational	weight_360.json
360	60	2	106	19	65	1	17	1	1	rational	weight_360.json
360	60	2	41	19	120	1	18	1	1	rational	weight_360.json
360	60	2	6	19	15	1	19	1	1	rational	weight_360.json
360	60	2	34	19	20	1	20	1	1	rational	weight_360.json
360	60	2	66	19	70	1	21	1	1	rational	weight_360.json
360	60	2	109	19	45	1	22	1	1	rational	weight_360.json
360	60	2	11	19	30	1	23	1	1	rational	weight_360.json
360	60	2	19	19	65	1	24	1	1	rational	weight_360.json
360	60	2	31	19	90	1	25	1	1	rational	weight_360.json
360	60	2	31	19	90	1	26	1	1	rational	weight_360.json
360	60	2	11	19	30	1	27	1	1	rational	weight_360.json
360	60	2	114	19	30	1	28	1	1	rational	weight_360.json
360	60	2	114	19	30	1	29	1	1	rational	weight_360.json
362	62	2	113	19	35	1	1	1	1	rational	weight_362.json
362	62	2	18	19	55	1	2	1	1	rational	weight_362.json
362	62	2	7	19	80	1	3	1	1	rational	weight_362.json
362	62	2	68	19	5	1	4	1	1	rational	weight_362.json
362	62	2	18	19	55	1	5	1	1	rational	weight_362.json
362	62	2	43	19	30	1	6	1	1	rational	weight_362.json
362	62	2	78	19	95	1	7	1	1	rational	weight_362.json
362	62	2	43	19	30	1	8	1	1	rational	weight_362.json
362	62	2	113	19	35	1	9	1	1	rational	weight_362.json
362	62	2	87	19	110	1	10	1	1	rational	weight_362.json
362	62	2	63	19	85	1	11	1	1	rational	weight_362.json
362	62	2	37	19	60	1	12	1	1	rational	weight_362.json
362	62	2	47	19	95	1	13	1	1	rational	weight_362.json
362	62	2	107	19	55	1	14	1	1	rational	weight_362.json
362	62	2	7	19	80	1	15	1	1	rational	weight_362.json
362	62	2	32	19	105	1	16	1	1	rational	weight_362.json
362	62	2	68	19	5	1	17	1	1	rational	weight_362.json
362	62	2	107	19	55	1	18	1	1	rational	weight_362.json
362	62	2	47	19	95	1	19	1	1	rational	weight_362.json
362	62	2	63	19	85	1	20	1	1	rational	weight_362.json
362	62	2	47	19	95	1	21	1	1	rational	weight_362.json
362	62	2	112	19	10	1	22	1	1	rational	weight_362.json
362	62	2	13	19	10	1	23	1	1	rational	weight_362.json
362	62	2	13	19	10	1	24	1	1	rational	weight_362.json
362	62	2	112	19	10	1	25	1	1	rational	weight_362.json
362	62	2	78	19	95	1	26	1	1	rational	weight_362.json
362	62	2	32	19	105	1	27	1	1	rational	weight_362.json
362	62	2	37	19	60	1	28	1	1	rational	weight_362.json
362	62	2	87	19	110	1	29	1	1	rational	weight_362.json
364	64	2	109	19	35	1	1	1	1	rational	weight_364.json
364	64	2	76	19	40	1	2	1	1	rational	weight_364.json
364	64	2	84	19	110	1	3	1	1	rational	weight_364.json
364	64	2	51	19	90	1	4	1	1	rational	weight_364.json
364	64	2	76	19	40	1	5	1	1	rational	weight_364.json
364	64	2	49	19	40	1	6	1	1	rational	weight_364.json
364	64	2	96	19	0	1	7	1	1	rational	weight_364.json
364	64	2	51	19	90	1	8	1	1	rational	weight_364.json
364	64	2	1	19	65	1	9	1	1	rational	weight_364.json
364	64	2	9	19	85	1	10	1	1	rational	weight_364.json
364	64	2	116	19	85	1	11	1	1	rational	weight_364.json
364	64	2	109	19	35	1	12	1	1	rational	weight_364.json
364	64	2	96	19	0	1	13	1	1	rational	weight_364.json
364	64	2	29	19	0	1	14	1	1	rational	weight_364.json
364	64	2	24	19	115	1	15	1	1	rational	weight_364.json
364	64	2	49	19	40	1	16	1	1	rational	weight_364.json
364	64	2	24	19	115	1	17	1	1	rational	weight_364.json
364	64	2	116	19	85	1	18	1	1	rational	weight_364.json
364	64	2	1	19	65	1	19	1	1	rational	weight_364.json
364	64	2	66	19	60	1	20	1	1	rational	weight_364.json
364	64	2	99	19	15	1	21	1	1	rational	weight_364.json
364	64	2	99	19	15	1	22	1	1	rational	weight_364.json
364	64	2	29	19	0	1	23	1	1	rational	weight_364.json
364	64	2	29	19	0	1	24	1	1	rational	weight_364.json
364	64	2	9	19	85	1	25	1	1	rational	weight_364.json
364	64	2	96	19	0	1	26	1	1	rational	weight_364.json
364	64	2	66	19	60	1	27	1	1	rational	weight_364.json
364	64	2	84	19	110	1	28	1	1	rational	weight_364.json
364	64	2	91	19	10	1	29	1	2	rational	weight_364.json
366	66	2	37	19	45	1	1	1	1	rational	weight_366.json
366	66	2	13	19	120	1	2	1	1	rational	weight_366.json
366	66	2	17	19	50	1	3	1	1	rational	weight_366.json
366	66	2	67	19	100	1	4	1	1	rational	weight_366.json
366	66	2	83	19	75	1	5	1	1	rational	weight_366.json
366	66	2	117	19	25	1	6	1	1	rational	weight_366.json
366	66	2	33	19	0	1	7	1	1	rational	weight_366.json
366	66	2	113	19	20	1	8	1	1	rational	weight_366.json
366	66	2	67	19	100	1	9	1	1	rational	weight_366.json
366	66	2	33	19	0	1	10	1	1	rational	weight_366.json
366	66	2	83	19	75	1	11	1	1	rational	weight_366.json
366	66	2	17	19	50	1	12	1	1	rational	weight_366.json
366	66	2	87	19	95	1	13	1	1	rational	weight_366.json
366	66	2	8	19	25	1	14	1	1	rational	weight_366.json
366	66	2	87	19	95	1	15	1	1	rational	weight_366.json
366	66	2	117	19	25	1	16	1	1	rational	weight_366.json
366	66	2	102	19	60	1	17	1	1	rational	weight_366.json
366	66	2	37	19	45	1	18	1	1	rational	weight_366.json
366	66	2	23	19	60	1	19	1	1	rational	weight_366.json
366	66	2	23	19	60	1	20	1	1	rational	weight_366.json
366	66	2	38	19	95	1	21	1	1	rational	weight_366.json
366	66	2	102	19	60	1	22	1	1	rational	weight_366.json
366	66	2	102	19	60	1	23	1	1	rational	weight_366.json
366	66	2	62	19	70	1	24	1	1	rational	weight_366.json
366	66	2	38	19	95	1	25	1	1	rational	weight_366.json
366	66	2	13	19	120	1	26	1	1	rational	weight_366.json
366	66	2	8	19	25	1	27	1	1	rational	weight_366.json
366	66	2	113	19	20	1	28	1	1	rational	weight_366.json
366	66	2	62	19	70	1	29	1	1	rational	weight_366.json
366	66	2	23	19	60	1	30	1	1	rational	weight_366.json
368	68	2	91	19	50	1	1	1	1	rational	weight_368.json
368	68	2	71	19	65	1	2	1	1	rational	weight_368.json
368	68	2	29	19	15	1	3	1	1	rational	weight_368.json
368	68	2	114	19	110	1	4	1	1	rational	weight_368.json
368	68	2	79	19	115	1	5	1	1	rational	weight_368.json
368	68	2	104	19	40	1	6	1	1	rational	weight_368.json
368	68	2	34	19	50	1	7	1	1	rational	weight_368.json
368	68	2	34	19	50	1	8	1	1	rational	weight_368.json
368	68	2	114	19	110	1	9	1	1	rational	weight_368.json
368	68	2	34	19	50	1	10	1	1	rational	weight_368.json
368	68	2	14	19	35	1	11	2	1	rational	weight_368.json
368	68	2	36	19	60	1	12	1	1	rational	weight_368.json
368	68	2	39	19	85	1	13	1	1	rational	weight_368.json
368	68	2	104	19	40	1	14	1	1	rational	weight_368.json
368	68	2	46	19	115	1	15	1	1	rational	weight_368.json
368	68	2	29	19	15	1	16	1	1	rational	weight_368.json
368	68	2	71	19	65	1	17	1	1	rational	weight_368.json
368	68	2	11	19	110	1	18	1	1	rational	weight_368.json
368	68	2	39	19	85	1	19	1	1	rational	weight_368.json
368	68	2	91	19	50	1	20	1	1	rational	weight_368.json
368	68	2	79	19	115	1	21	1	1	rational	weight_368.json
368	68	2	91	19	50	1	22	1	1	rational	weight_368.json
368	68	2	61	19	10	1	23	1	1	rational	weight_368.json
368	68	2	46	19	115	1	24	1	1	rational	weight_368.json
368	68	2	61	19	10	1	25	1	1	rational	weight_368.json
368	68	2	121	19	90	1	26	1	1	rational	weight_368.json
368	68	2	36	19	60	1	27	1	1	rational	weight_368.json
368	68	2	121	19	90	1	28	1	1	rational	weight_368.json
368	68	2	86	19	85	1	29	1	1	rational	weight_368.json
370	70	2	33	19	10	1	1	1	1	rational	weight_370.json
370	70	2	92	19	10	1	2	1	1	rational	weight_370.json
370	70	2	112	19	55	1	3	1	1	rational	weight_370.json
370	70	2	63	19	5	1	4	1	1	rational	weight_370.json
370	70	2	42	19	85	1	5	1	1	rational	weight_370.json
370	70	2	117	19	35	1	6	1	1	rational	weight_370.json
370	70	2	67	19	110	1	7	1	1	rational	weight_370.json
370	70	2	58	19	110	1	8	1	1	rational	weight_370.json
370	70	2	38	19	30	1	9	1	1	rational	weight_370.json
370	70	2	27	19	20	1	10	1	1	rational	weight_370.json
370	70	2	13	19	55	1	11	1	1	rational	weight_370.json
370	70	2	98	19	20	1	12	1	1	rational	weight_370.json
370	70	2	117	19	35	1	13	1	1	rational	weight_370.json
370	70	2	27	19	20	1	14	1	1	rational	weight_370.json
370	70	2	112	19	55	1	15	1	1	rational	weight_370.json
370	70	2	27	19	20	1	16	1	1	rational	weight_370.json
370	70	2	63	19	5	1	17	1	1	rational	weight_370.json
370	70	2	37	19	105	1	18	1	1	rational	weight_370.json
370	70	2	37	19	105	1	19	1	1	rational	weight_370.json
370	70	2	13	19	55	1	20	1	1	rational	weight_370.json
370	70	2	98	19	20	1	21	1	1	rational	weight_370.json
370	70	2	58	19	110	1	22	1	1	rational	weight_370.json
370	70	2	33	19	10	1	23	1	1	rational	weight_370.json
370	70	2	12	19	80	1	24	1	1	rational	weight_370.json
370	70	2	42	19	85	1	25	1	1	rational	weight_370.json
370	70	2	98	19	20	1	26	1	1	rational	weight_370.json
370	70	2	12	19	80	1	27	1	1	rational	weight_370.json
370	70	2	38	19	30	1	28	1	1	rational	weight_370.json
370	70	2	108	19	60	1	29	1	2	rational	weight_370.json
372	72	2	26	19	45	1	1	1	1	rational	weight_372.json
372	72	2	51	19	120	1	2	1	1	rational	weight_372.json
372	72	2	96	19	80	1	3	1	1	rational	weight_372.json
372	72	2	91	19	15	1	4	1	1	rational	weight_372.json
372	72	2	34	19	15	1	5	1	1	rational	weight_372.json
372	72	2	29	19	80	1	6	1	1	rational	weight_372.json
372	72	2	76	19	70	1	7	1	1	rational	weight_372.json
372	72	2	16	19	40	1	8	1	1	rational	weight_372.json
372	72	2	59	19	65	1	9	1	1	rational	weight_372.json
372	72	2	84	19	115	1	10	1	1	rational	weight_372.json
372	72	2	109	19	40	1	11	1	1	rational	weight_372.json
372	72	2	124	19	95	1	12	1	1	rational	weight_372.json
372	72	2	96	19	80	1	13	1	1	rational	weight_372.json
372	72	2	74	19	120	1	14	1	1	rational	weight_372.json
372	72	2	59	19	65	1	15	1	1	rational	weight_372.json
372	72	2	26	19	45	1	16	1	1	rational	weight_372.json
372	72	2	101	19	20	1	17	1	1	rational	weight_372.json
372	72	2	51	19	120	1	18	1	1	rational	weight_372.json
372	72	2	29	19	80	1	19	1	1	rational	weight_372.json
372	72	2	29	19	80	1	20	1	1	rational	weight_372.json
372	72	2	124	19	95	1	21	1	1	rational	weight_372.json
372	72	2	49	19	70	1	22	1	1	rational	weight_372.json
372	72	2	49	19	70	1	23	1	1	rational	weight_372.json
372	72	2	74	19	120	1	24	1	1	rational	weight_372.json
372	72	2	16	19	40	1	25	1	1	rational	weight_372.json
372	72	2	84	19	115	1	26	1	1	rational	weight_372.json
372	72	2	91	19	15	1	27	1	1	rational	weight_372.json
372	72	2	101	19	20	1	28	1	1	rational	weight_372.json
372	72	2	96	19	80	1	29	1	1	rational	weight_372.json
372	72	2	116	19	90	1	30	1	2	rational	weight_372.json
374	74	2	63	19	15	1	1	1	1	rational	weight_374.json
374	74	2	78	19	100	1	2	1	1	rational	weight_374.json
374	74	2	107	19	10	1	3	1	1	rational	weight_374.json
374	74	2	13	19	65	1	4	1	1	rational	weight_374.json
374	74	2	47	19	100	1	5	1	1	rational	weight_374.json
374	74	2	88	19	115	1	6	1	1	rational	weight_374.json
374	74	2	87	19	40	1	7	1	1	rational	weight_374.json
374	74	2	68	19	85	1	8	1	1	rational	weight_374.json
374	74	2	47	19	100	1	9	1	1	rational	weight_374.json
374	74	2	47	19	100	1	10	1	1	rational	weight_374.json
374	74	2	32	19	60	1	11	1	1	rational	weight_374.json
374	74	2	68	19	85	1	12	1	1	rational	weight_374.json
374	74	2	93	19	60	1	13	1	1	rational	weight_374.json
374	74	2	38	19	40	1	14	1	1	rational	weight_374.json
374	74	2	78	19	100	1	15	1	1	rational	weight_374.json
374	74	2	12	19	90	1	16	2	1	rational	weight_374.json
374	74	2	87	19	40	1	17	1	1	rational	weight_374.json
374	74	2	78	19	100	1	18	1	1	rational	weight_374.json
374	74	2	62	19	15	1	19	1	1	rational	weight_374.json
374	74	2	107	19	10	1	20	1	1	rational	weight_374.json
374	74	2	43	19	110	1	21	1	1	rational	weight_374.json
374	74	2	13	19	65	1	22	1	1	rational	weight_374.json
374	74	2	43	19	110	1	23	1	1	rational	weight_374.json
374	74	2	7	19	35	1	24	1	1	rational	weight_374.json
374	74	2	7	19	35	1	25	1	1	rational	weight_374.json
374	74	2	93	19	60	1	26	1	1	rational	weight_374.json
374	74	2	82	19	110	1	27	1	1	rational	weight_374.json
374	74	2	62	19	15	1	28	1	1	rational	weight_374.json
374	74	2	88	19	115	1	29	1	1	rational	weight_374.json
376	76	2	44	19	75	1	1	1	1	rational	weight_376.json
376	76	2	111	19	65	1	2	1	1	rational	weight_376.json
376	76	2	31	19	50	1	3	1	1	rational	weight_376.json
376	76	2	119	19	100	1	4	1	1	rational	weight_376.json
376	76	2	34	19	30	1	5	1	1	rational	weight_376.json
376	76	2	6	19	100	1	6	1	1	rational	weight_376.json
376	76	2	66	19	80	1	7	1	1	rational	weight_376.json
376	76	2	14	19	65	1	8	1	1	rational	weight_376.json
376	76	2	111	19	65	1	9	1	1	rational	weight_376.json
376	76	2	41	19	5	1	10	1	1	rational	weight_376.json
376	76	2	111	19	65	1	11	1	1	rational	weight_376.json
376	76	2	91	19	30	1	12	1	1	rational	weight_376.json
376	76	2	56	19	0	1	13	1	1	rational	weight_376.json
376	76	2	19	19	25	1	14	1	1	rational	weight_376.json
376	76	2	14	19	65	1	15	1	1	rational	weight_376.json
376	76	2	14	19	65	1	16	1	1	rational	weight_376.json
376	76	2	116	19	105	1	17	1	1	rational	weight_376.json
376	76	2	9	19	105	1	18	1	1	rational	weight_376.json
376	76	2	56	19	0	1	19	1	1	rational	weight_376.json
376	76	2	59	19	80	1	20	1	1	rational	weight_376.json
376	76	2	116	19	105	1	21	1	1	rational	weight_376.json
376	76	2	119	19	100	1	22	1	1	rational	weight_376.json
376	76	2	19	19	25	1	23	1	1	rational	weight_376.json
376	76	2	81	19	75	1	24	1	1	rational	weight_376.json
376	76	2	31	19	50	1	25	1	1	rational	weight_376.json
376	76	2	44	19	75	1	26	1	1	rational	weight_376.json
376	76	2	109	19	55	1	27	1	1	rational	weight_376.json
376	76	2	91	19	30	1	28	1	1	rational	weight_376.json
376	76	2	109	19	55	1	29	1	1	rational	weight_376.json
376	76	2	41	19	5	1	30	1	1	rational	weight_376.json
376	76	2	59	19	80	1	31	1	1	rational	weight_376.json
378	78	2	123	19	40	1	1	1	1	rational	weight_378.json
378	78	2	102	19	15	1	2	1	1	rational	weight_378.json
378	78	2	63	19	100	1	3	1	1	rational	weight_378.json
378	78	2	62	19	100	1	4	1	1	rational	weight_378.json
378	78	2	22	19	60	1	5	1	1	rational	weight_378.json
378	78	2	98	19	65	1	6	1	1	rational	weight_378.json
378	78	2	122	19	35	1	7	1	1	rational	weight_378.json
378	78	2	78	19	85	1	8	1	1	rational	weight_378.json
378	78	2	63	19	100	1	9	1	1	rational	weight_378.json
378	78	2	62	19	100	1	10	1	1	rational	weight_378.json
378	78	2	47	19	85	1	11	1	1	rational	weight_378.json
378	78	2	28	19	10	1	12	1	1	rational	weight_378.json
378	78	2	123	19	40	1	13	1	1	rational	weight_378.json
378	78	2	28	19	10	1	14	1	1	rational	weight_378.json
378	78	2	47	19	85	1	15	1	1	rational	weight_378.json
378	78	2	72	19	110	1	16	1	1	rational	weight_378.json
378	78	2	22	19	60	1	17	1	1	rational	weight_378.json
378	78	2	52	19	90	1	18	1	1	rational	weight_378.json
378	78	2	122	19	35	1	19	1	1	rational	weight_378.json
378	78	2	102	19	15	1	20	1	1	rational	weight_378.json
378	78	2	27	19	65	1	21	1	1	rational	weight_378.json
378	78	2	2	19	40	1	22	1	1	rational	weight_378.json
378	78	2	98	19	65	1	23	1	1	rational	weight_378.json
378	78	2	3	19	35	1	24	1	1	rational	weight_378.json
378	78	2	53	19	110	1	25	1	1	rational	weight_378.json
378	78	2	62	19	100	1	26	1	1	rational	weight_378.json
378	78	2	63	19	100	1	27	1	1	rational	weight_378.json
378	78	2	52	19	90	1	28	1	1	rational	weight_378.json
378	78	2	53	19	110	1	29	1	1	rational	weight_378.json
378	78	2	48	19	115	1	30	2	1	rational	weight_378.json
380	80	2	36	19	55	1	1	1	1	rational	weight_380.json
380	80	2	59	19	20	1	2	1	1	rational	weight_380.json
380	80	2	41	19	70	1	3	1	1	rational	weight_380.json
380	80	2	119	19	90	1	4	1	1	rational	weight_380.json
380	80	2	81	19	65	1	5	1	1	rational	weight_380.json
380	80	2	41	19	70	1	6	1	1	rational	weight_380.json
380	80	2	66	19	20	1	7	1	1	rational	weight_380.json
380	80	2	109	19	120	1	8	1	1	rational	weight_380.json
380	80	2	109	19	120	1	9	1	1	rational	weight_380.json
380	80	2	116	19	45	1	10	1	1	rational	weight_380.json
380	80	2	56	19	115	1	11	1	1	rational	weight_380.json
380	80	2	44	19	65	1	12	1	1	rational	weight_380.json
380	80	2	69	19	115	1	13	1	1	rational	weight_380.json
380	80	2	94	19	40	1	14	1	1	rational	weight_380.json
380	80	2	81	19	65	1	15	1	1	rational	weight_380.json
380	80	2	6	19	90	1	16	1	1	rational	weight_380.json
380	80	2	89	19	55	1	17	1	1	rational	weight_380.json
380	80	2	91	19	95	1	18	1	1	rational	weight_380.json
380	80	2	36	19	55	1	19	1	1	rational	weight_380.json
380	80	2	69	19	115	1	20	1	1	rational	weight_380.json
380	80	2	84	19	70	1	21	1	1	rational	weight_380.json
380	80	2	34	19	95	1	22	1	1	rational	weight_380.json
380	80	2	94	19	40	1	23	1	1	rational	weight_380.json
380	80	2	36	19	55	1	24	1	1	rational	weight_380.json
380	80	2	89	19	55	1	25	1	1	rational	weight_380.json
380	80	2	116	19	45	1	26	1	1	rational	weight_380.json
380	80	2	6	19	90	1	27	1	1	rational	weight_380.json
380	80	2	34	19	95	1	28	1	1	rational	weight_380.json
380	80	2	89	19	55	1	29	1	1	rational	weight_380.json
380	80	2	106	19	15	1	30	1	2	rational	weight_380.json
382	82	2	22	19	120	1	1	1	1	rational	weight_382.json
382	82	2	22	19	120	1	2	1	1	rational	weight_382.json
382	82	2	118	19	5	1	3	1	1	rational	weight_382.json
382	82	2	93	19	30	1	4	1	1	rational	weight_382.json
382	82	2	22	19	120	1	5	1	1	rational	weight_382.json
382	82	2	113	19	85	1	6	1	1	rational	weight_382.json
382	82	2	63	19	10	1	7	1	1	rational	weight_382.json
382	82	2	13	19	60	1	8	1	1	rational	weight_382.json
382	82	2	112	19	60	1	9	1	1	rational	weight_382.json
382	82	2	38	19	35	1	10	1	1	rational	weight_382.json
382	82	2	18	19	105	1	11	1	1	rational	weight_382.json
382	82	2	57	19	55	1	12	1	1	rational	weight_382.json
382	82	2	43	19	80	1	13	1	1	rational	weight_382.json
382	82	2	103	19	120	1	14	1	1	rational	weight_382.json
382	82	2	63	19	10	1	15	1	1	rational	weight_382.json
382	82	2	87	19	35	1	16	1	1	rational	weight_382.json
382	82	2	7	19	5	1	17	1	1	rational	weight_382.json
382	82	2	57	19	55	1	18	1	1	rational	weight_382.json
382	82	2	112	19	60	1	19	1	1	rational	weight_382.json
382	82	2	118	19	5	1	20	1	1	rational	weight_382.json
382	82	2	113	19	85	1	21	1	1	rational	weight_382.json
382	82	2	18	19	105	1	22	1	1	rational	weight_382.json
382	82	2	62	19	10	1	23	1	1	rational	weight_382.json
382	82	2	103	19	120	1	24	1	1	rational	weight_382.json
382	82	2	32	19	30	1	25	1	1	rational	weight_382.json
382	82	2	87	19	35	1	26	1	1	rational	weight_382.json
382	82	2	32	19	30	1	27	1	1	rational	weight_382.json
382	82	2	82	19	80	1	28	1	1	rational	weight_382.json
382	82	2	103	19	120	1	29	1	1	rational	weight_382.json
382	82	2	37	19	110	1	30	1	2	rational	weight_382.json
384	84	2	99	19	90	1	1	1	1	rational	weight_384.json
384	84	2	9	19	35	1	2	1	1	rational	weight_384.json
384	84	2	101	19	65	1	3	1	1	rational	weight_384.json
384	84	2	66	19	10	1	4	1	1	rational	weight_384.json
384	84	2	109	19	110	1	5	1	1	rational	weight_384.json
384	84	2	49	19	115	1	6	1	1	rational	weight_384.json
384	84	2	59	19	10	1	7	1	1	rational	weight_384.json
384	84	2	116	19	35	1	8	1	1	rational	weight_384.json
384	84	2	101	19	65	1	9	1	1	rational	weight_384.json
384	84	2	79	19	50	1	10	1	1	rational	weight_384.json
384	84	2	51	19	40	1	11	1	1	rational	weight_384.json
384	84	2	59	19	10	1	12	1	1	rational	weight_384.json
384	84	2	46	19	50	1	13	1	1	rational	weight_384.json
384	84	2	91	19	85	1	14	1	1	rational	weight_384.json
384	84	2	49	19	115	1	15	1	1	rational	weight_384.json
384	84	2	91	19	85	1	16	1	1	rational	weight_384.json
384	84	2	46	19	50	1	17	1	1	rational	weight_384.json
384	84	2	16	19	110	1	18	1	1	rational	weight_384.json
384	84	2	124	19	15	1	19	1	1	rational	weight_384.json
384	84	2	46	19	50	1	20	1	1	rational	weight_384.json
384	84	2	1	19	15	1	21	1	1	rational	weight_384.json
384	84	2	26	19	90	1	22	1	1	rational	weight_384.json
384	84	2	109	19	110	1	23	1	1	rational	weight_384.json
384	84	2	74	19	40	1	24	1	1	rational	weight_384.json
384	84	2	116	19	35	1	25	1	1	rational	weight_384.json
384	84	2	51	19	40	1	26	1	1	rational	weight_384.json
384	84	2	79	19	50	1	27	1	1	rational	weight_384.json
384	84	2	124	19	15	1	28	1	1	rational	weight_384.json
384	84	2	79	19	50	1	29	1	1	rational	weight_384.json
384	84	2	46	19	50	1	30	1	1	rational	weight_384.json
384	84	2	84	19	60	1	31	2	1	rational	weight_384.json
386	86	2	37	19	95	1	1	1	1	rational	weight_386.json
386	86	2	33	19	50	1	2	1	1	rational	weight_386.json
386	86	2	73	19	60	1	3	1	1	rational	weight_386.json
386	86	2	52	19	60	1	4	1	1	rational	weight_386.json
386	86	2	62	19	120	1	5	1	1	rational	weight_386.json
386	86	2	42	19	0	1	6	1	1	rational	weight_386.json
386	86	2	62	19	120	1	7	1	1	rational	weight_386.json
386	86	2	87	19	20	1	8	1	1	rational	weight_386.json
386	86	2	73	19	60	1	9	1	1	rational	weight_386.json
386	86	2	88	19	95	1	10	1	1	rational	weight_386.json
386	86	2	58	19	25	1	11	1	1	rational	weight_386.json
386	86	2	113	19	70	1	12	1	1	rational	weight_386.json
386	86	2	112	19	45	1	13	1	1	rational	weight_386.json
386	86	2	67	19	25	1	14	1	1	rational	weight_386.json
386	86	2	117	19	75	1	15	1	1	rational	weight_386.json
386	86	2	83	19	0	1	16	1	1	rational	weight_386.json
386	86	2	108	19	100	1	17	1	1	rational	weight_386.json
386	86	2	33	19	50	1	18	1	1	rational	weight_386.json
386	86	2	92	19	50	1	19	1	1	rational	weight_386.json
386	86	2	52	19	60	1	20	1	1	rational	weight_386.json
386	86	2	73	19	60	1	21	1	1	rational	weight_386.json
386	86	2	13	19	45	1	22	1	1	rational	weight_386.json
386	86	2	87	19	20	1	23	1	1	rational	weight_386.json
386	86	2	117	19	75	1	24	1	1	rational	weight_386.json
386	86	2	52	19	60	1	25	1	1	rational	weight_386.json
386	86	2	38	19	20	1	26	1	1	rational	weight_386.json
386	86	2	113	19	70	1	27	1	1	rational	weight_386.json
386	86	2	108	19	100	1	28	1	1	rational	weight_386.json
386	86	2	42	19	0	1	29	1	1	rational	weight_386.json
386	86	2	13	19	45	1	30	1	1	rational	weight_386.json
386	86	2	52	19	60	1	31	1	1	rational	weight_386.json
388	88	2	114	19	60	1	1	1	1	rational	weight_388.json
388	88	2	91	19	0	1	2	1	1	rational	weight_388.json
388	88	2	21	19	115	1	3	1	1	rational	weight_388.json
388	88	2	46	19	65	1	4	1	1	rational	weight_388.json
388	88	2	54	19	15	1	5	1	1	rational	weight_388.json
388	88	2	39	19	35	1	6	1	1	rational	weight_388.json
388	88	2	11	19	60	1	7	1	1	rational	weight_388.json
388	88	2	89	19	10	1	8	1	1	rational	weight_388.json
388	88	2	104	19	115	1	9	1	1	rational	weight_388.json
388	88	2	79	19	65	1	10	1	1	rational	weight_388.json
388	88	2	86	19	35	1	11	1	1	rational	weight_388.json
388	88	2	96	19	90	1	12	1	1	rational	weight_388.json
388	88	2	34	19	0	1	13	1	1	rational	weight_388.json
388	88	2	4	19	40	1	14	1	1	rational	weight_388.json
388	88	2	91	19	0	1	15	1	1	rational	weight_388.json
388	88	2	34	19	0	1	16	1	1	rational	weight_388.json
388	88	2	96	19	90	1	17	1	1	rational	weight_388.json
388	88	2	91	19	0	1	18	1	1	rational	weight_388.json
388	88	2	61	19	85	1	19	1	1	rational	weight_388.json
388	88	2	54	19	15	1	20	1	1	rational	weight_388.json
388	88	2	89	19	10	1	21	1	1	rational	weight_388.json
388	88	2	34	19	0	1	22	1	1	rational	weight_388.json
388	88	2	64	19	85	1	23	1	1	rational	weight_388.json
388	88	2	64	19	85	1	24	1	1	rational	weight_388.json
388	88	2	86	19	35	1	25	1	1	rational	weight_388.json
388	88	2	21	19	115	1	26	1	1	rational	weight_388.json
388	88	2	36	19	10	1	27	1	1	rational	weight_388.json
388	88	2	71	19	15	1	28	1	1	rational	weight_388.json
388	88	2	4	19	40	1	29	1	1	rational	weight_388.json
388	88	2	34	19	0	1	30	1	1	rational	weight_388.json
388	88	2	111	19	110	1	31	1	2	rational	weight_388.json
390	90	2	83	19	10	1	1	1	1	rational	weight_390.json
390	90	2	77	19	120	1	2	1	1	rational	weight_390.json
390	90	2	8	19	85	1	3	1	1	rational	weight_390.json
390	90	2	88	19	30	1	4	1	1	rational	weight_390.json
390	90	2	87	19	80	1	5	1	1	rational	weight_390.json
390	90	2	48	19	120	1	6	1	1	rational	weight_390.json
390	90	2	48	19	120	1	7	1	1	rational	weight_390.json
390	90	2	38	19	80	1	8	1	1	rational	weight_390.json
390	90	2	17	19	110	1	9	1	1	rational	weight_390.json
390	90	2	77	19	120	1	10	1	1	rational	weight_390.json
390	90	2	37	19	30	1	11	1	1	rational	weight_390.json
390	90	2	83	19	10	1	12	1	1	rational	weight_390.json
390	90	2	12	19	5	1	13	1	1	rational	weight_390.json
390	90	2	92	19	60	1	14	1	1	rational	weight_390.json
390	90	2	12	19	5	1	15	1	1	rational	weight_390.json
390	90	2	63	19	55	1	16	1	1	rational	weight_390.json
390	90	2	42	19	10	1	17	1	1	rational	weight_390.json
390	90	2	48	19	120	1	18	1	1	rational	weight_390.json
390	90	2	38	19	80	1	19	1	1	rational	weight_390.json
390	90	2	17	19	110	1	20	1	1	rational	weight_390.json
390	90	2	33	19	60	1	21	1	1	rational	weight_390.json
390	90	2	108	19	110	1	22	1	1	rational	weight_390.json
390	90	2	112	19	105	1	23	1	1	rational	weight_390.json
390	90	2	117	19	85	1	24	1	1	rational	weight_390.json
390	90	2	112	19	105	1	25	1	1	rational	weight_390.json
390	90	2	77	19	120	1	26	1	1	rational	weight_390.json
390	90	2	33	19	60	1	27	1	1	rational	weight_390.json
390	90	2	13	19	105	1	28	1	1	rational	weight_390.json
390	90	2	48	19	120	1	29	1	1	rational	weight_390.json
390	90	2	63	19	55	1	30	1	1	rational	weight_390.json
390	90	2	67	19	35	1	31	1	2	rational	weight_390.json
392	92	2	21	19	55	1	1	1	1	rational	weight_392.json
392	92	2	116	19	40	1	2	1	1	rational	weight_392.json
392	92	2	21	19	55	1	3	1	1	rational	weight_392.json
392	92	2	116	19	40	1	4	1	1	rational	weight_392.json
392	92	2	9	19	40	1	5	1	1	rational	weight_392.json
392	92	2	59	19	15	1	6	1	1	rational	weight_392.json
392	92	2	66	19	15	1	7	1	1	rational	weight_392.json
392	92	2	34	19	90	1	8	1	1	rational	weight_392.json
392	92	2	109	19	115	1	9	1	1	rational	weight_392.json
392	92	2	51	19	70	1	10	1	1	rational	weight_392.json
392	92	2	99	19	120	1	11	1	1	rational	weight_392.json
392	92	2	76	19	20	1	12	1	1	rational	weight_392.json
392	92	2	104	19	55	1	13	1	1	rational	weight_392.json
392	92	2	21	19	55	1	14	1	1	rational	weight_392.json
392	92	2	26	19	120	1	15	1	1	rational	weight_392.json
392	92	2	99	19	120	1	16	1	1	rational	weight_392.json
392	92	2	124	19	45	1	17	1	1	rational	weight_392.json
392	92	2	49	19	20	1	18	1	1	rational	weight_392.json
392	92	2	16	19	115	1	19	1	1	rational	weight_392.json
392	92	2	104	19	55	1	20	1	1	rational	weight_392.json
392	92	2	109	19	115	1	21	1	1	rational	weight_392.json
392	92	2	91	19	90	1	22	1	1	rational	weight_392.json
392	92	2	24	19	95	1	23	1	1	rational	weight_392.json
392	92	2	49	19	20	1	24	1	1	rational	weight_392.json
392	92	2	101	19	95	1	25	1	1	rational	weight_392.json
392	92	2	51	19	70	1	26	1	1	rational	weight_392.json
392	92	2	1	19	45	1	27	1	1	rational	weight_392.json
392	92	2	104	19	55	1	28	1	1	rational	weight_392.json
392	92	2	91	19	90	1	29	1	1	rational	weight_392.json
392	92	2	1	19	45	1	30	1	1	rational	weight_392.json
392	92	2	84	19	65	1	31	2	1	rational	weight_392.json
394	94	2	118	19	85	1	1	1	1	rational	weight_394.json
394	94	2	12	19	15	1	2	1	1	rational	weight_394.json
394	94	2	68	19	10	1	3	1	1	rational	weight_394.json
394	94	2	87	19	90	1	4	1	1	rational	weight_394.json
394	94	2	62	19	65	1	5	1	1	rational	weight_394.json
394	94	2	112	19	115	1	6	1	1	rational	weight_394.json
394	94	2	62	19	65	1	7	1	1	rational	weight_394.json
394	94	2	107	19	60	1	8	1	1	rational	weight_394.json
394	94	2	82	19	35	1	9	1	1	rational	weight_394.json
394	94	2	72	19	50	1	10	1	1	rational	weight_394.json
394	94	2	13	19	115	1	11	1	1	rational	weight_394.json
394	94	2	53	19	50	1	12	1	1	rational	weight_394.json
394	94	2	12	19	15	1	13	1	1	rational	weight_394.json
394	94	2	82	19	35	1	14	1	1	rational	weight_394.json
394	94	2	72	19	50	1	15	1	1	rational	weight_394.json
394	94	2	107	19	60	1	16	1	1	rational	weight_394.json
394	94	2	32	19	110	1	17	1	1	rational	weight_394.json
394	94	2	13	19	115	1	18	1	1	rational	weight_394.json
394	94	2	18	19	60	1	19	1	1	rational	weight_394.json
394	94	2	72	19	50	1	20	1	1	rational	weight_394.json
394	94	2	113	19	15	1	21	1	1	rational	weight_394.json
394	94	2	53	19	50	1	22	1	1	rational	weight_394.json
394	94	2	57	19	10	1	23	1	1	rational	weight_394.json
394	94	2	38	19	90	1	24	1	1	rational	weight_394.json
394	94	2	7	19	85	1	25	1	1	rational	weight_394.json
394	94	2	93	19	110	1	26	1	1	rational	weight_394.json
394	94	2	63	19	65	1	27	1	1	rational	weight_394.json
394	94	2	53	19	50	1	28	1	1	rational	weight_394.json
394	94	2	93	19	110	1	29	1	1	rational	weight_394.json
394	94	2	118	19	85	1	30	1	1	rational	weight_394.json
394	94	2	88	19	40	1	31	1	2	rational	weight_394.json
396	96	2	19	19	100	1	1	1	1	rational	weight_396.json
396	96	2	106	19	100	1	2	1	1	rational	weight_396.json
396	96	2	6	19	50	1	3	1	1	rational	weight_396.json
396	96	2	59	19	30	1	4	1	1	rational	weight_396.json
396	96	2	86	19	65	1	5	1	1	rational	weight_396.json
396	96	2	34	19	105	1	6	1	1	rational	weight_396.json
396	96	2	86	19	65	1	7	1	1	rational	weight_396.json
396	96	2	56	19	75	1	8	1	1	rational	weight_396.json
396	96	2	94	19	0	1	9	1	1	rational	weight_396.json
396	96	2	39	19	65	1	10	1	1	rational	weight_396.json
396	96	2	116	19	55	1	11	1	1	rational	weight_396.json
396	96	2	81	19	25	1	12	1	1	rational	weight_396.json
396	96	2	94	19	0	1	13	1	1	rational	weight_396.json
396	96	2	41	19	80	1	14	1	1	rational	weight_396.json
396	96	2	66	19	30	1	15	1	1	rational	weight_396.json
396	96	2	39	19	65	1	16	1	1	rational	weight_396.json
396	96	2	109	19	5	1	17	1	1	rational	weight_396.json
396	96	2	119	19	50	1	18	1	1	rational	weight_396.json
396	96	2	56	19	75	1	19	1	1	rational	weight_396.json
396	96	2	39	19	65	1	20	1	1	rational	weight_396.json
396	96	2	31	19	0	1	21	1	1	rational	weight_396.json
396	96	2	69	19	75	1	22	1	1	rational	weight_396.json
396	96	2	81	19	25	1	23	1	1	rational	weight_396.json
396	96	2	41	19	80	1	24	1	1	rational	weight_396.json
396	96	2	9	19	55	1	25	1	1	rational	weight_396.json
396	96	2	84	19	80	1	26	1	1	rational	weight_396.json
396	96	2	109	19	5	1	27	1	1	rational	weight_396.json
396	96	2	34	19	105	1	28	1	1	rational	weight_396.json
396	96	2	16	19	5	1	29	1	1	rational	weight_396.json
396	96	2	91	19	105	1	30	1	1	rational	weight_396.json
396	96	2	119	19	50	1	31	1	1	rational	weight_396.json
396	96	2	86	19	65	1	32	1	1	rational	weight_396.json
396	96	2	116	19	55	1	33	1	1	rational	weight_396.json
398	98	2	62	19	25	1	1	1	1	rational	weight_398.json
398	98	2	103	19	110	1	2	1	1	rational	weight_398.json
398	98	2	22	19	110	1	3	1	1	rational	weight_398.json
398	98	2	97	19	60	1	4	1	1	rational	weight_398.json
398	98	2	23	19	65	1	5	1	1	rational	weight_398.json
398	98	2	72	19	35	1	6	1	1	rational	weight_398.json
398	98	2	77	19	40	1	7	1	1	rational	weight_398.json
398	98	2	102	19	65	1	8	1	1	rational	weight_398.json
398	98	2	53	19	35	1	9	1	1	rational	weight_398.json
398	98	2	122	19	85	1	10	1	1	rational	weight_398.json
398	98	2	72	19	35	1	11	1	1	rational	weight_398.json
398	98	2	3	19	85	1	12	1	1	rational	weight_398.json
398	98	2	63	19	25	1	13	1	1	rational	weight_398.json
398	98	2	23	19	65	1	14	1	1	rational	weight_398.json
398	98	2	103	19	110	1	15	1	1	rational	weight_398.json
398	98	2	27	19	115	1	16	1	1	rational	weight_398.json
398	98	2	73	19	15	1	17	1	1	rational	weight_398.json
398	98	2	98	19	115	1	18	1	1	rational	weight_398.json
398	98	2	28	19	60	1	19	1	1	rational	weight_398.json
398	98	2	123	19	90	1	20	1	1	rational	weight_398.json
398	98	2	62	19	25	1	21	1	1	rational	weight_398.json
398	98	2	62	19	25	1	22	1	1	rational	weight_398.json
398	98	2	47	19	10	1	23	1	1	rational	weight_398.json
398	98	2	97	19	60	1	24	1	1	rational	weight_398.json
398	98	2	78	19	10	1	25	1	1	rational	weight_398.json
398	98	2	63	19	25	1	26	1	1	rational	weight_398.json
398	98	2	63	19	25	1	27	1	1	rational	weight_398.json
398	98	2	2	19	90	1	28	1	1	rational	weight_398.json
398	98	2	52	19	15	1	29	1	1	rational	weight_398.json
398	98	2	77	19	40	1	30	1	1	rational	weight_398.json
398	98	2	73	19	15	1	31	1	1	rational	weight_398.json
398	98	2	78	19	10	1	32	1	1	rational	weight_398.json
400	0	2	34	19	45	1	1	1	1	rational	weight_400.json
400	0	2	64	19	80	1	2	1	1	rational	weight_400.json
400	0	2	116	19	120	1	3	1	1	rational	weight_400.json
400	0	2	61	19	80	1	4	1	1	rational	weight_400.json
400	0	2	66	19	95	1	5	1	1	rational	weight_400.json
400	0	2	119	19	40	1	6	1	1	rational	weight_400.json
400	0	2	119	19	40	1	7	1	1	rational	weight_400.json
400	0	2	19	19	90	1	8	1	1	rational	weight_400.json
400	0	2	106	19	90	1	9	1	1	rational	weight_400.json
400	0	2	31	19	115	1	10	1	1	rational	weight_400.json
400	0	2	44	19	15	1	11	1	1	rational	weight_400.json
400	0	2	81	19	15	1	12	1	1	rational	weight_400.json
400	0	2	9	19	120	1	13	1	1	rational	weight_400.json
400	0	2	116	19	120	1	14	1	1	rational	weight_400.json
400	0	2	56	19	65	1	15	1	1	rational	weight_400.json
400	0	2	41	19	20	1	16	1	1	rational	weight_400.json
400	0	2	41	19	20	1	17	1	1	rational	weight_400.json
400	0	2	91	19	45	1	18	1	1	rational	weight_400.json
400	0	2	94	19	115	1	19	1	1	rational	weight_400.json
400	0	2	64	19	80	1	20	1	1	rational	weight_400.json
400	0	2	109	19	70	1	21	1	1	rational	weight_400.json
400	0	2	109	19	70	1	22	1	1	rational	weight_400.json
400	0	2	59	19	95	1	23	1	1	rational	weight_400.json
400	0	2	64	19	80	1	24	1	1	rational	weight_400.json
400	0	2	6	19	40	1	25	1	1	rational	weight_400.json
400	0	2	69	19	65	1	26	1	1	rational	weight_400.json
400	0	2	81	19	15	1	27	1	1	rational	weight_400.json
400	0	2	16	19	70	1	28	1	1	rational	weight_400.json
400	0	2	61	19	80	1	29	1	1	rational	weight_400.json
400	0	2	59	19	95	1	30	1	1	rational	weight_400.json
400	0	2	84	19	20	1	31	1	1	rational	weight_400.json
400	0	2	61	19	80	1	32	1	1	rational	weight_400.json
400	0	2	56	19	65	1	33	1	1	rational	weight_400.json
402	2	2	3	19	20	1	1	1	1	rational	weight_402.json
402	2	2	118	19	55	1	2	1	1	rational	weight_402.json
402	2	2	37	19	35	1	3	1	1	rational	weight_402.json
402	2	2	93	19	80	1	4	1	1	rational	weight_402.json
402	2	2	122	19	20	1	5	1	1	rational	weight_402.json
402	2	2	32	19	80	1	6	1	1	rational	weight_402.json
402	2	2	7	19	55	1	7	1	1	rational	weight_402.json
402	2	2	113	19	10	1	8	1	1	rational	weight_402.json
402	2	2	37	19	35	1	9	1	1	rational	weight_402.json
402	2	2	18	19	30	1	10	1	1	rational	weight_402.json
402	2	2	112	19	110	1	11	1	1	rational	weight_402.json
402	2	2	118	19	55	1	12	1	1	rational	weight_402.json
402	2	2	38	19	85	1	13	1	1	rational	weight_402.json
402	2	2	82	19	5	1	14	1	1	rational	weight_402.json
402	2	2	3	19	20	1	15	1	1	rational	weight_402.json
402	2	2	113	19	10	1	16	1	1	rational	weight_402.json
402	2	2	82	19	5	1	17	1	1	rational	weight_402.json
402	2	2	12	19	10	1	18	1	1	rational	weight_402.json
402	2	2	107	19	30	1	19	1	1	rational	weight_402.json
402	2	2	57	19	105	1	20	1	1	rational	weight_402.json
402	2	2	13	19	110	1	21	1	1	rational	weight_402.json
402	2	2	88	19	35	1	22	1	1	rational	weight_402.json
402	2	2	62	19	60	1	23	1	1	rational	weight_402.json
402	2	2	87	19	85	1	24	1	1	rational	weight_402.json
402	2	2	122	19	20	1	25	1	1	rational	weight_402.json
402	2	2	112	19	110	1	26	1	1	rational	weight_402.json
402	2	2	63	19	60	1	27	1	1	rational	weight_402.json
402	2	2	122	19	20	1	28	1	1	rational	weight_402.json
402	2	2	68	19	105	1	29	1	1	rational	weight_402.json
402	2	2	93	19	80	1	30	1	1	rational	weight_402.json
402	2	2	107	19	30	1	31	1	1	rational	weight_402.json
402	2	2	3	19	20	1	32	1	1	rational	weight_402.json
402	2	2	43	19	5	1	33	1	1	rational	weight_402.json
404	4	2	66	19	85	1	1	1	1	rational	weight_404.json
404	4	2	121	19	100	1	2	1	1	rational	weight_404.json
404	4	2	91	19	35	1	3	1	1	rational	weight_404.json
404	4	2	74	19	115	1	4	1	1	rational	weight_404.json
404	4	2	124	19	90	1	5	1	1	rational	weight_404.json
404	4	2	41	19	10	1	6	1	1	rational	weight_404.json
404	4	2	4	19	100	1	7	1	1	rational	weight_404.json
404	4	2	84	19	10	1	8	1	1	rational	weight_404.json
404	4	2	59	19	85	1	9	1	1	rational	weight_404.json
404	4	2	51	19	115	1	10	1	1	rational	weight_404.json
404	4	2	24	19	15	1	11	1	1	rational	weight_404.json
404	4	2	116	19	110	1	12	1	1	rational	weight_404.json
404	4	2	101	19	15	1	13	1	1	rational	weight_404.json
404	4	2	26	19	40	1	14	1	1	rational	weight_404.json
404	4	2	9	19	110	1	15	1	1	rational	weight_404.json
404	4	2	1	19	90	1	16	1	1	rational	weight_404.json
404	4	2	16	19	60	1	17	1	1	rational	weight_404.json
404	4	2	121	19	100	1	18	1	1	rational	weight_404.json
404	4	2	4	19	100	1	19	1	1	rational	weight_404.json
404	4	2	121	19	100	1	20	1	1	rational	weight_404.json
404	4	2	121	19	100	1	21	1	1	rational	weight_404.json
404	4	2	74	19	115	1	22	1	1	rational	weight_404.json
404	4	2	116	19	110	1	23	1	1	rational	weight_404.json
404	4	2	59	19	85	1	24	1	1	rational	weight_404.json
404	4	2	76	19	65	1	25	1	1	rational	weight_404.json
404	4	2	99	19	40	1	26	1	1	rational	weight_404.json
404	4	2	109	19	60	1	27	1	1	rational	weight_404.json
404	4	2	34	19	35	1	28	1	1	rational	weight_404.json
404	4	2	26	19	40	1	29	1	1	rational	weight_404.json
404	4	2	49	19	65	1	30	1	1	rational	weight_404.json
404	4	2	76	19	65	1	31	1	1	rational	weight_404.json
404	4	2	4	19	100	1	32	1	1	rational	weight_404.json
404	4	2	84	19	10	1	33	1	1	rational	weight_404.json
406	6	2	42	19	50	1	1	1	1	rational	weight_406.json
406	6	2	2	19	60	1	2	1	1	rational	weight_406.json
406	6	2	17	19	25	1	3	1	1	rational	weight_406.json
406	6	2	62	19	45	1	4	1	1	rational	weight_406.json
406	6	2	113	19	120	1	5	1	1	rational	weight_406.json
406	6	2	2	19	60	1	6	1	1	rational	weight_406.json
406	6	2	8	19	0	1	7	1	1	rational	weight_406.json
406	6	2	123	19	60	1	8	1	1	rational	weight_406.json
406	6	2	83	19	50	1	9	1	1	rational	weight_406.json
406	6	2	58	19	75	1	10	1	1	rational	weight_406.json
406	6	2	123	19	60	1	11	1	1	rational	weight_406.json
406	6	2	117	19	0	1	12	1	1	rational	weight_406.json
406	6	2	8	19	0	1	13	1	1	rational	weight_406.json
406	6	2	63	19	45	1	14	1	1	rational	weight_406.json
406	6	2	38	19	70	1	15	1	1	rational	weight_406.json
406	6	2	108	19	25	1	16	1	1	rational	weight_406.json
406	6	2	92	19	100	1	17	1	1	rational	weight_406.json
406	6	2	87	19	70	1	18	1	1	rational	weight_406.json
406	6	2	58	19	75	1	19	1	1	rational	weight_406.json
406	6	2	2	19	60	1	20	1	1	rational	weight_406.json
406	6	2	12	19	120	1	21	1	1	rational	weight_406.json
406	6	2	67	19	75	1	22	1	1	rational	weight_406.json
406	6	2	113	19	120	1	23	1	1	rational	weight_406.json
406	6	2	88	19	20	1	24	1	1	rational	weight_406.json
406	6	2	2	19	60	1	25	1	1	rational	weight_406.json
406	6	2	87	19	70	1	26	1	1	rational	weight_406.json
406	6	2	13	19	95	1	27	1	1	rational	weight_406.json
406	6	2	37	19	20	1	28	1	1	rational	weight_406.json
406	6	2	112	19	95	1	29	1	1	rational	weight_406.json
406	6	2	123	19	60	1	30	1	1	rational	weight_406.json
406	6	2	92	19	100	1	31	1	1	rational	weight_406.json
406	6	2	33	19	100	1	32	1	1	rational	weight_406.json
406	6	2	62	19	45	1	33	1	1	rational	weight_406.json
408	8	2	91	19	75	1	1	1	1	rational	weight_408.json
408	8	2	11	19	10	1	2	1	1	rational	weight_408.json
408	8	2	34	19	75	1	3	1	1	rational	weight_408.json
408	8	2	61	19	35	1	4	1	1	rational	weight_408.json
408	8	2	64	19	35	1	5	1	1	rational	weight_408.json
408	8	2	36	19	85	1	6	1	1	rational	weight_408.json
408	8	2	46	19	15	1	7	1	1	rational	weight_408.json
408	8	2	4	19	115	1	8	1	1	rational	weight_408.json
408	8	2	29	19	40	1	9	1	1	rational	weight_408.json
408	8	2	34	19	75	1	10	1	1	rational	weight_408.json
408	8	2	104	19	65	1	11	1	1	rational	weight_408.json
408	8	2	114	19	10	1	12	1	1	rational	weight_408.json
408	8	2	91	19	75	1	13	1	1	rational	weight_408.json
408	8	2	54	19	90	1	14	1	1	rational	weight_408.json
408	8	2	34	19	75	1	15	1	1	rational	weight_408.json
408	8	2	89	19	85	1	16	1	1	rational	weight_408.json
408	8	2	21	19	65	1	17	1	1	rational	weight_408.json
408	8	2	36	19	85	1	18	1	1	rational	weight_408.json
408	8	2	104	19	65	1	19	1	1	rational	weight_408.json
408	8	2	71	19	90	1	20	1	1	rational	weight_408.json
408	8	2	39	19	110	1	21	1	1	rational	weight_408.json
408	8	2	79	19	15	1	22	1	1	rational	weight_408.json
408	8	2	86	19	110	1	23	1	1	rational	weight_408.json
408	8	2	121	19	115	1	24	1	1	rational	weight_408.json
408	8	2	61	19	35	1	25	1	1	rational	weight_408.json
408	8	2	96	19	40	1	26	1	1	rational	weight_408.json
408	8	2	121	19	115	1	27	1	1	rational	weight_408.json
408	8	2	29	19	40	1	28	1	1	rational	weight_408.json
408	8	2	91	19	75	1	29	1	1	rational	weight_408.json
408	8	2	34	19	75	1	30	1	1	rational	weight_408.json
408	8	2	111	19	60	1	31	2	1	rational	weight_408.json
408	8	2	14	19	60	1	32	1	2	rational	weight_408.json
410	10	2	112	19	30	1	1	1	1	rational	weight_410.json
410	10	2	62	19	105	1	2	1	1	rational	weight_410.json
410	10	2	2	19	95	1	3	1	1	rational	weight_410.json
410	10	2	12	19	55	1	4	1	1	rational	weight_410.json
410	10	2	123	19	95	1	5	1	1	rational	weight_410.json
410	10	2	38	19	5	1	6	1	1	rational	weight_410.json
410	10	2	13	19	30	1	7	1	1	rational	weight_410.json
410	10	2	63	19	105	1	8	1	1	rational	weight_410.json
410	10	2	108	19	35	1	9	1	1	rational	weight_410.json
410	10	2	123	19	95	1	10	1	1	rational	weight_410.json
410	10	2	17	19	35	1	11	1	1	rational	weight_410.json
410	10	2	17	19	35	1	12	1	1	rational	weight_410.json
410	10	2	123	19	95	1	13	1	1	rational	weight_410.json
410	10	2	67	19	85	1	14	1	1	rational	weight_410.json
410	10	2	113	19	55	1	15	1	1	rational	weight_410.json
410	10	2	2	19	95	1	16	1	1	rational	weight_410.json
410	10	2	63	19	105	1	17	1	1	rational	weight_410.json
410	10	2	123	19	95	1	18	1	1	rational	weight_410.json
410	10	2	58	19	85	1	19	1	1	rational	weight_410.json
410	10	2	2	19	95	1	20	1	1	rational	weight_410.json
410	10	2	42	19	60	1	21	1	1	rational	weight_410.json
410	10	2	92	19	110	1	22	1	1	rational	weight_410.json
410	10	2	112	19	30	1	23	1	1	rational	weight_410.json
410	10	2	87	19	5	1	24	1	1	rational	weight_410.json
410	10	2	92	19	110	1	25	1	1	rational	weight_410.json
410	10	2	88	19	80	1	26	1	1	rational	weight_410.json
410	10	2	37	19	80	1	27	1	1	rational	weight_410.json
410	10	2	33	19	110	1	28	1	1	rational	weight_410.json
410	10	2	83	19	60	1	29	1	1	rational	weight_410.json
410	10	2	117	19	10	1	30	1	2	rational	weight_410.json
410	10	2	8	19	10	1	31	2	1	rational	weight_410.json
412	12	2	99	19	70	1	1	1	1	rational	weight_412.json
412	12	2	71	19	30	1	2	1	1	rational	weight_412.json
412	12	2	54	19	30	1	3	1	1	rational	weight_412.json
412	12	2	101	19	45	1	4	1	1	rational	weight_412.json
412	12	2	76	19	95	1	5	1	1	rational	weight_412.json
412	12	2	16	19	65	1	6	1	1	rational	weight_412.json
412	12	2	24	19	45	1	7	1	1	rational	weight_412.json
412	12	2	101	19	45	1	8	1	1	rational	weight_412.json
412	12	2	116	19	115	1	9	1	1	rational	weight_412.json
412	12	2	51	19	20	1	10	1	1	rational	weight_412.json
412	12	2	76	19	95	1	11	1	1	rational	weight_412.json
412	12	2	71	19	30	1	12	1	1	rational	weight_412.json
412	12	2	66	19	90	1	13	1	1	rational	weight_412.json
412	12	2	124	19	120	1	14	1	1	rational	weight_412.json
412	12	2	9	19	115	1	15	1	1	rational	weight_412.json
412	12	2	24	19	45	1	16	1	1	rational	weight_412.json
412	12	2	54	19	30	1	17	1	1	rational	weight_412.json
412	12	2	71	19	30	1	18	1	1	rational	weight_412.json
412	12	2	84	19	15	1	19	1	1	rational	weight_412.json
412	12	2	71	19	30	1	20	1	1	rational	weight_412.json
412	12	2	59	19	90	1	21	1	1	rational	weight_412.json
412	12	2	109	19	65	1	22	1	1	rational	weight_412.json
412	12	2	109	19	65	1	23	1	1	rational	weight_412.json
412	12	2	74	19	20	1	24	1	1	rational	weight_412.json
412	12	2	41	19	15	1	25	1	1	rational	weight_412.json
412	12	2	26	19	70	1	26	1	1	rational	weight_412.json
412	12	2	84	19	15	1	27	1	1	rational	weight_412.json
412	12	2	1	19	120	1	28	1	1	rational	weight_412.json
412	12	2	49	19	95	1	29	1	1	rational	weight_412.json
412	12	2	54	19	30	1	30	1	1	rational	weight_412.json
412	12	2	34	19	40	1	31	1	2	rational	weight_412.json
412	12	2	91	19	40	1	32	2	1	rational	weight_412.json
414	14	2	38	19	15	1	1	1	1	rational	weight_414.json
414	14	2	12	19	65	1	2	1	1	rational	weight_414.json
414	14	2	57	19	60	1	3	1	1	rational	weight_414.json
414	14	2	32	19	35	1	4	1	1	rational	weight_414.json
414	14	2	88	19	90	1	5	1	1	rational	weight_414.json
414	14	2	37	19	90	1	6	1	1	rational	weight_414.json
414	14	2	107	19	110	1	7	1	1	rational	weight_414.json
414	14	2	97	19	0	1	8	1	1	rational	weight_414.json
414	14	2	43	19	85	1	9	1	1	rational	weight_414.json
414	14	2	28	19	0	1	10	1	1	rational	weight_414.json
414	14	2	112	19	40	1	11	1	1	rational	weight_414.json
414	14	2	113	19	65	1	12	1	1	rational	weight_414.json
414	14	2	97	19	0	1	13	1	1	rational	weight_414.json
414	14	2	13	19	40	1	14	1	1	rational	weight_414.json
414	14	2	82	19	85	1	15	1	1	rational	weight_414.json
414	14	2	97	19	0	1	16	1	1	rational	weight_414.json
414	14	2	57	19	60	1	17	1	1	rational	weight_414.json
414	14	2	18	19	110	1	18	1	1	rational	weight_414.json
414	14	2	68	19	60	1	19	1	1	rational	weight_414.json
414	14	2	87	19	15	1	20	1	1	rational	weight_414.json
414	14	2	38	19	15	1	21	1	1	rational	weight_414.json
414	14	2	88	19	90	1	22	1	1	rational	weight_414.json
414	14	2	28	19	0	1	23	1	1	rational	weight_414.json
414	14	2	107	19	110	1	24	1	1	rational	weight_414.json
414	14	2	63	19	115	1	25	1	1	rational	weight_414.json
414	14	2	63	19	115	1	26	1	1	rational	weight_414.json
414	14	2	28	19	0	1	27	1	1	rational	weight_414.json
414	14	2	118	19	10	1	28	1	1	rational	weight_414.json
414	14	2	7	19	10	1	29	1	1	rational	weight_414.json
414	14	2	97	19	0	1	30	1	1	rational	weight_414.json
414	14	2	93	19	35	1	31	1	1	rational	weight_414.json
414	14	2	18	19	110	1	32	1	1	rational	weight_414.json
414	14	2	62	19	115	1	33	1	2	rational	weight_414.json
416	16	2	116	19	5	1	1	1	1	rational	weight_416.json
416	16	2	81	19	100	1	2	1	1	rational	weight_416.json
416	16	2	106	19	50	1	3	1	1	rational	weight_416.json
416	16	2	64	19	65	1	4	1	1	rational	weight_416.json
416	16	2	94	19	75	1	5	1	1	rational	weight_416.json
416	16	2	61	19	65	1	6	1	1	rational	weight_416.json
416	16	2	91	19	55	1	7	1	1	rational	weight_416.json
416	16	2	6	19	0	1	8	1	1	rational	weight_416.json
416	16	2	64	19	65	1	9	1	1	rational	weight_416.json
416	16	2	84	19	30	1	10	1	1	rational	weight_416.json
416	16	2	41	19	30	1	11	1	1	rational	weight_416.json
416	16	2	34	19	55	1	12	1	1	rational	weight_416.json
416	16	2	34	19	55	1	13	1	1	rational	weight_416.json
416	16	2	106	19	50	1	14	1	1	rational	weight_416.json
416	16	2	64	19	65	1	15	1	1	rational	weight_416.json
416	16	2	69	19	25	1	16	1	1	rational	weight_416.json
416	16	2	64	19	65	1	17	1	1	rational	weight_416.json
416	16	2	61	19	65	1	18	1	1	rational	weight_416.json
416	16	2	109	19	80	1	19	1	1	rational	weight_416.json
416	16	2	69	19	25	1	20	1	1	rational	weight_416.json
416	16	2	56	19	25	1	21	1	1	rational	weight_416.json
416	16	2	119	19	0	1	22	1	1	rational	weight_416.json
416	16	2	19	19	50	1	23	1	1	rational	weight_416.json
416	16	2	66	19	105	1	24	1	1	rational	weight_416.json
416	16	2	44	19	100	1	25	1	1	rational	weight_416.json
416	16	2	116	19	5	1	26	1	1	rational	weight_416.json
416	16	2	91	19	55	1	27	1	1	rational	weight_416.json
416	16	2	56	19	25	1	28	1	1	rational	weight_416.json
416	16	2	16	19	80	1	29	1	1	rational	weight_416.json
416	16	2	59	19	105	1	30	1	1	rational	weight_416.json
416	16	2	61	19	65	1	31	1	1	rational	weight_416.json
416	16	2	9	19	5	1	32	1	1	rational	weight_416.json
416	16	2	9	19	5	1	33	1	1	rational	weight_416.json
416	16	2	31	19	75	1	34	1	1	rational	weight_416.json
418	18	2	22	19	35	1	1	1	1	rational	weight_418.json
418	18	2	102	19	115	1	2	1	1	rational	weight_418.json
418	18	2	63	19	75	1	3	1	1	rational	weight_418.json
418	18	2	97	19	110	1	4	1	1	rational	weight_418.json
418	18	2	122	19	10	1	5	1	1	rational	weight_418.json
418	18	2	63	19	75	1	6	1	1	rational	weight_418.json
418	18	2	78	19	60	1	7	1	1	rational	weight_418.json
418	18	2	52	19	65	1	8	1	1	rational	weight_418.json
418	18	2	22	19	35	1	9	1	1	rational	weight_418.json
418	18	2	47	19	60	1	10	1	1	rational	weight_418.json
418	18	2	3	19	10	1	11	1	1	rational	weight_418.json
418	18	2	98	19	40	1	12	1	1	rational	weight_418.json
418	18	2	73	19	65	1	13	1	1	rational	weight_418.json
418	18	2	103	19	35	1	14	1	1	rational	weight_418.json
418	18	2	97	19	110	1	15	1	1	rational	weight_418.json
418	18	2	62	19	75	1	16	1	1	rational	weight_418.json
418	18	2	2	19	15	1	17	1	1	rational	weight_418.json
418	18	2	63	19	75	1	18	1	1	rational	weight_418.json
418	18	2	52	19	65	1	19	1	1	rational	weight_418.json
418	18	2	103	19	35	1	20	1	1	rational	weight_418.json
418	18	2	123	19	15	1	21	1	1	rational	weight_418.json
418	18	2	62	19	75	1	22	1	1	rational	weight_418.json
418	18	2	28	19	110	1	23	1	1	rational	weight_418.json
418	18	2	53	19	85	1	24	1	1	rational	weight_418.json
418	18	2	28	19	110	1	25	1	1	rational	weight_418.json
418	18	2	63	19	75	1	26	1	1	rational	weight_418.json
418	18	2	72	19	85	1	27	1	1	rational	weight_418.json
418	18	2	27	19	40	1	28	1	1	rational	weight_418.json
418	18	2	23	19	115	1	29	1	1	rational	weight_418.json
418	18	2	62	19	75	1	30	1	1	rational	weight_418.json
418	18	2	48	19	90	1	31	2	1	rational	weight_418.json
418	18	2	77	19	90	1	32	1	2	rational	weight_418.json
420	20	2	59	19	45	1	1	1	1	rational	weight_420.json
420	20	2	19	19	40	1	2	1	1	rational	weight_420.json
420	20	2	116	19	70	1	3	1	1	rational	weight_420.json
420	20	2	86	19	105	1	4	1	1	rational	weight_420.json
420	20	2	106	19	40	1	5	1	1	rational	weight_420.json
420	20	2	6	19	115	1	6	1	1	rational	weight_420.json
420	20	2	39	19	105	1	7	1	1	rational	weight_420.json
420	20	2	44	19	90	1	8	1	1	rational	weight_420.json
420	20	2	84	19	95	1	9	1	1	rational	weight_420.json
420	20	2	84	19	95	1	10	1	1	rational	weight_420.json
420	20	2	86	19	105	1	11	1	1	rational	weight_420.json
420	20	2	41	19	95	1	12	1	1	rational	weight_420.json
420	20	2	91	19	120	1	13	1	1	rational	weight_420.json
420	20	2	119	19	115	1	14	1	1	rational	weight_420.json
420	20	2	69	19	15	1	15	1	1	rational	weight_420.json
420	20	2	39	19	105	1	16	1	1	rational	weight_420.json
420	20	2	44	19	90	1	17	1	1	rational	weight_420.json
420	20	2	56	19	15	1	18	1	1	rational	weight_420.json
420	20	2	9	19	70	1	19	1	1	rational	weight_420.json
420	20	2	39	19	105	1	20	1	1	rational	weight_420.json
420	20	2	59	19	45	1	21	1	1	rational	weight_420.json
420	20	2	81	19	90	1	22	1	1	rational	weight_420.json
420	20	2	86	19	105	1	23	1	1	rational	weight_420.json
420	20	2	66	19	45	1	24	1	1	rational	weight_420.json
420	20	2	81	19	90	1	25	1	1	rational	weight_420.json
420	20	2	66	19	45	1	26	1	1	rational	weight_420.json
420	20	2	16	19	20	1	27	1	1	rational	weight_420.json
420	20	2	34	19	120	1	28	1	1	rational	weight_420.json
420	20	2	109	19	20	1	29	1	1	rational	weight_420.json
420	20	2	41	19	95	1	30	1	1	rational	weight_420.json
420	20	2	86	19	105	1	31	1	1	rational	weight_420.json
420	20	2	94	19	65	1	32	2	1	rational	weight_420.json
420	20	2	31	19	65	1	33	1	2	rational	weight_420.json
422	22	2	43	19	55	1	1	1	1	rational	weight_422.json
422	22	2	28	19	45	1	2	1	1	rational	weight_422.json
422	22	2	63	19	110	1	3	1	1	rational	weight_422.json
422	22	2	18	19	80	1	4	1	1	rational	weight_422.json
422	22	2	28	19	45	1	5	1	1	rational	weight_422.json
422	22	2	118	19	105	1	6	1	1	rational	weight_422.json
422	22	2	62	19	110	1	7	1	1	rational	weight_422.json
422	22	2	57	19	30	1	8	1	1	rational	weight_422.json
422	22	2	68	19	30	1	9	1	1	rational	weight_422.json
422	22	2	87	19	10	1	10	1	1	rational	weight_422.json
422	22	2	88	19	85	1	11	1	1	rational	weight_422.json
422	22	2	57	19	30	1	12	1	1	rational	weight_422.json
422	22	2	32	19	5	1	13	1	1	rational	weight_422.json
422	22	2	87	19	10	1	14	1	1	rational	weight_422.json
422	22	2	7	19	105	1	15	1	1	rational	weight_422.json
422	22	2	107	19	80	1	16	1	1	rational	weight_422.json
422	22	2	7	19	105	1	17	1	1	rational	weight_422.json
422	22	2	118	19	105	1	18	1	1	rational	weight_422.json
422	22	2	38	19	10	1	19	1	1	rational	weight_422.json
422	22	2	37	19	85	1	20	1	1	rational	weight_422.json
422	22	2	12	19	60	1	21	1	1	rational	weight_422.json
422	22	2	97	19	45	1	22	1	1	rational	weight_422.json
422	22	2	93	19	5	1	23	1	1	rational	weight_422.json
422	22	2	68	19	30	1	24	1	1	rational	weight_422.json
422	22	2	97	19	45	1	25	1	1	rational	weight_422.json
422	22	2	38	19	10	1	26	1	1	rational	weight_422.json
422	22	2	28	19	45	1	27	1	1	rational	weight_422.json
422	22	2	97	19	45	1	28	1	1	rational	weight_422.json
422	22	2	82	19	55	1	29	1	1	rational	weight_422.json
422	22	2	113	19	60	1	30	1	1	rational	weight_422.json
422	22	2	112	19	35	1	31	1	2	rational	weight_422.json
422	22	2	13	19	35	1	32	2	1	rational	weight_422.json
424	24	2	54	19	25	1	1	1	1	rational	weight_424.json
424	24	2	74	19	65	1	2	1	1	rational	weight_424.json
424	24	2	54	19	25	1	3	1	1	rational	weight_424.json
424	24	2	1	19	40	1	4	1	1	rational	weight_424.json
424	24	2	124	19	40	1	5	1	1	rational	weight_424.json
424	24	2	34	19	110	1	6	1	1	rational	weight_424.json
424	24	2	9	19	60	1	7	1	1	rational	weight_424.json
424	24	2	124	19	40	1	8	1	1	rational	weight_424.json
424	24	2	24	19	90	1	9	1	1	rational	weight_424.json
424	24	2	24	19	90	1	10	1	1	rational	weight_424.json
424	24	2	91	19	110	1	11	1	1	rational	weight_424.json
424	24	2	41	19	85	1	12	1	1	rational	weight_424.json
424	24	2	116	19	60	1	13	1	1	rational	weight_424.json
424	24	2	54	19	25	1	14	1	1	rational	weight_424.json
424	24	2	71	19	25	1	15	1	1	rational	weight_424.json
424	24	2	9	19	60	1	16	1	1	rational	weight_424.json
424	24	2	71	19	25	1	17	1	1	rational	weight_424.json
424	24	2	109	19	10	1	18	1	1	rational	weight_424.json
424	24	2	99	19	115	1	19	1	1	rational	weight_424.json
424	24	2	71	19	25	1	20	1	1	rational	weight_424.json
424	24	2	51	19	65	1	21	1	1	rational	weight_424.json
424	24	2	101	19	90	1	22	1	1	rational	weight_424.json
424	24	2	116	19	60	1	23	1	1	rational	weight_424.json
424	24	2	26	19	115	1	24	1	1	rational	weight_424.json
424	24	2	76	19	15	1	25	1	1	rational	weight_424.json
424	24	2	16	19	10	1	26	1	1	rational	weight_424.json
424	24	2	84	19	85	1	27	1	1	rational	weight_424.json
424	24	2	71	19	25	1	28	1	1	rational	weight_424.json
424	24	2	49	19	15	1	29	1	1	rational	weight_424.json
424	24	2	1	19	40	1	30	1	1	rational	weight_424.json
424	24	2	101	19	90	1	31	1	1	rational	weight_424.json
424	24	2	59	19	35	1	32	2	1	rational	weight_424.json
424	24	2	66	19	35	1	33	1	2	rational	weight_424.json
426	26	2	77	19	60	1	1	1	1	rational	weight_426.json
426	26	2	42	19	100	1	2	1	1	rational	weight_426.json
426	26	2	38	19	120	1	3	1	1	rational	weight_426.json
426	26	2	88	19	70	1	4	1	1	rational	weight_426.json
426	26	2	108	19	75	1	5	1	1	rational	weight_426.json
426	26	2	87	19	120	1	6	1	1	rational	weight_426.json
426	26	2	37	19	70	1	7	1	1	rational	weight_426.json
426	26	2	48	19	60	1	8	1	1	rational	weight_426.json
426	26	2	112	19	20	1	9	1	1	rational	weight_426.json
426	26	2	83	19	100	1	10	1	1	rational	weight_426.json
426	26	2	38	19	120	1	11	1	1	rational	weight_426.json
426	26	2	92	19	25	1	12	1	1	rational	weight_426.json
426	26	2	48	19	60	1	13	1	1	rational	weight_426.json
426	26	2	48	19	60	1	14	1	1	rational	weight_426.json
426	26	2	63	19	95	1	15	1	1	rational	weight_426.json
426	26	2	37	19	70	1	16	1	1	rational	weight_426.json
426	26	2	33	19	25	1	17	1	1	rational	weight_426.json
426	26	2	83	19	100	1	18	1	1	rational	weight_426.json
426	26	2	13	19	20	1	19	1	1	rational	weight_426.json
426	26	2	117	19	50	1	20	1	1	rational	weight_426.json
426	26	2	77	19	60	1	21	1	1	rational	weight_426.json
426	26	2	77	19	60	1	22	1	1	rational	weight_426.json
426	26	2	12	19	45	1	23	1	1	rational	weight_426.json
426	26	2	17	19	75	1	24	1	1	rational	weight_426.json
426	26	2	67	19	0	1	25	1	1	rational	weight_426.json
426	26	2	108	19	75	1	26	1	1	rational	weight_426.json
426	26	2	42	19	100	1	27	1	1	rational	weight_426.json
426	26	2	17	19	75	1	28	1	1	rational	weight_426.json
426	26	2	88	19	70	1	29	1	1	rational	weight_426.json
426	26	2	87	19	120	1	30	1	1	rational	weight_426.json
426	26	2	8	19	50	1	31	1	1	rational	weight_426.json
426	26	2	77	19	60	1	32	1	1	rational	weight_426.json
426	26	2	62	19	95	1	33	1	1	rational	weight_426.json
426	26	2	113	19	45	1	34	1	1	rational	weight_426.json
426	26	2	58	19	0	1	35	1	1	rational	weight_426.json
428	28	2	61	19	110	1	1	1	1	rational	weight_428.json
428	28	2	96	19	115	1	2	1	1	rational	weight_428.json
428	28	2	34	19	25	1	3	1	1	rational	weight_428.json
428	28	2	89	19	35	1	4	1	1	rational	weight_428.json
428	28	2	96	19	115	1	5	1	1	rational	weight_428.json
428	28	2	21	19	15	1	6	1	1	rational	weight_428.json
428	28	2	29	19	115	1	7	1	1	rational	weight_428.json
428	28	2	121	19	65	1	8	1	1	rational	weight_428.json
428	28	2	11	19	85	1	9	1	1	rational	weight_428.json
428	28	2	79	19	90	1	10	1	1	rational	weight_428.json
428	28	2	36	19	35	1	11	1	1	rational	weight_428.json
428	28	2	54	19	40	1	12	1	1	rational	weight_428.json
428	28	2	71	19	40	1	13	1	1	rational	weight_428.json
428	28	2	29	19	115	1	14	1	1	rational	weight_428.json
428	28	2	34	19	25	1	15	1	1	rational	weight_428.json
428	28	2	86	19	60	1	16	1	1	rational	weight_428.json
428	28	2	121	19	65	1	17	1	1	rational	weight_428.json
428	28	2	34	19	25	1	18	1	1	rational	weight_428.json
428	28	2	36	19	35	1	19	1	1	rational	weight_428.json
428	28	2	39	19	60	1	20	1	1	rational	weight_428.json
428	28	2	61	19	110	1	21	1	1	rational	weight_428.json
428	28	2	114	19	85	1	22	1	1	rational	weight_428.json
428	28	2	91	19	25	1	23	1	1	rational	weight_428.json
428	28	2	34	19	25	1	24	1	1	rational	weight_428.json
428	28	2	104	19	15	1	25	1	1	rational	weight_428.json
428	28	2	91	19	25	1	26	1	1	rational	weight_428.json
428	28	2	4	19	65	1	27	1	1	rational	weight_428.json
428	28	2	46	19	90	1	28	1	1	rational	weight_428.json
428	28	2	91	19	25	1	29	1	1	rational	weight_428.json
428	28	2	4	19	65	1	30	1	1	rational	weight_428.json
428	28	2	64	19	110	1	31	1	1	rational	weight_428.json
428	28	2	14	19	10	1	32	1	2	rational	weight_428.json
428	28	2	111	19	10	1	33	2	1	rational	weight_428.json
430	30	2	13	19	80	1	1	1	1	rational	weight_430.json
430	30	2	37	19	5	1	2	1	1	rational	weight_430.json
430	30	2	52	19	70	1	3	1	1	rational	weight_430.json
430	30	2	92	19	35	1	4	1	1	rational	weight_430.json
430	30	2	52	19	70	1	5	1	1	rational	weight_430.json
430	30	2	73	19	70	1	6	1	1	rational	weight_430.json
430	30	2	33	19	35	1	7	1	1	rational	weight_430.json
430	30	2	17	19	85	1	8	1	1	rational	weight_430.json
430	30	2	62	19	30	1	9	1	1	rational	weight_430.json
430	30	2	88	19	5	1	10	1	1	rational	weight_430.json
430	30	2	37	19	5	1	11	1	1	rational	weight_430.json
430	30	2	112	19	80	1	12	1	1	rational	weight_430.json
430	30	2	67	19	10	1	13	1	1	rational	weight_430.json
430	30	2	88	19	5	1	14	1	1	rational	weight_430.json
430	30	2	108	19	85	1	15	1	1	rational	weight_430.json
430	30	2	63	19	30	1	16	1	1	rational	weight_430.json
430	30	2	8	19	60	1	17	1	1	rational	weight_430.json
430	30	2	73	19	70	1	18	1	1	rational	weight_430.json
430	30	2	58	19	10	1	19	1	1	rational	weight_430.json
430	30	2	13	19	80	1	20	1	1	rational	weight_430.json
430	30	2	87	19	55	1	21	1	1	rational	weight_430.json
430	30	2	67	19	10	1	22	1	1	rational	weight_430.json
430	30	2	17	19	85	1	23	1	1	rational	weight_430.json
430	30	2	52	19	70	1	24	1	1	rational	weight_430.json
430	30	2	38	19	55	1	25	1	1	rational	weight_430.json
430	30	2	12	19	105	1	26	1	1	rational	weight_430.json
430	30	2	73	19	70	1	27	1	1	rational	weight_430.json
430	30	2	112	19	80	1	28	1	1	rational	weight_430.json
430	30	2	113	19	105	1	29	1	1	rational	weight_430.json
430	30	2	73	19	70	1	30	1	1	rational	weight_430.json
430	30	2	117	19	60	1	31	1	1	rational	weight_430.json
430	30	2	83	19	110	1	32	1	2	rational	weight_430.json
430	30	2	42	19	110	1	33	1	2	rational	weight_430.json
432	32	2	34	19	115	1	1	1	1	rational	weight_432.json
432	32	2	51	19	95	1	2	1	1	rational	weight_432.json
432	32	2	121	19	5	1	3	1	1	rational	weight_432.json
432	32	2	41	19	90	1	4	1	1	rational	weight_432.json
432	32	2	51	19	95	1	5	1	1	rational	weight_432.json
432	32	2	101	19	120	1	6	1	1	rational	weight_432.json
432	32	2	124	19	70	1	7	1	1	rational	weight_432.json
432	32	2	4	19	5	1	8	1	1	rational	weight_432.json
432	32	2	76	19	45	1	9	1	1	rational	weight_432.json
432	32	2	116	19	65	1	10	1	1	rational	weight_432.json
432	32	2	9	19	65	1	11	1	1	rational	weight_432.json
432	32	2	26	19	20	1	12	1	1	rational	weight_432.json
432	32	2	1	19	70	1	13	1	1	rational	weight_432.json
432	32	2	4	19	5	1	14	1	1	rational	weight_432.json
432	32	2	1	19	70	1	15	1	1	rational	weight_432.json
432	32	2	74	19	95	1	16	1	1	rational	weight_432.json
432	32	2	91	19	115	1	17	1	1	rational	weight_432.json
432	32	2	49	19	45	1	18	1	1	rational	weight_432.json
432	32	2	99	19	20	1	19	1	1	rational	weight_432.json
432	32	2	26	19	20	1	20	1	1	rational	weight_432.json
432	32	2	4	19	5	1	21	1	1	rational	weight_432.json
432	32	2	121	19	5	1	22	1	1	rational	weight_432.json
432	32	2	59	19	40	1	23	1	1	rational	weight_432.json
432	32	2	121	19	5	1	24	1	1	rational	weight_432.json
432	32	2	59	19	40	1	25	1	1	rational	weight_432.json
432	32	2	124	19	70	1	26	1	1	rational	weight_432.json
432	32	2	24	19	120	1	27	1	1	rational	weight_432.json
432	32	2	34	19	115	1	28	1	1	rational	weight_432.json
432	32	2	99	19	20	1	29	1	1	rational	weight_432.json
432	32	2	66	19	40	1	30	1	1	rational	weight_432.json
432	32	2	121	19	5	1	31	1	1	rational	weight_432.json
432	32	2	84	19	90	1	32	1	1	rational	weight_432.json
432	32	2	16	19	15	1	33	2	1	rational	weight_432.json
432	32	2	109	19	15	1	34	1	2	rational	weight_432.json
434	34	2	122	19	75	1	1	1	1	rational	weight_434.json
434	34	2	82	19	10	1	2	1	1	rational	weight_434.json
434	34	2	7	19	60	1	3	1	1	rational	weight_434.json
434	34	2	118	19	60	1	4	1	1	rational	weight_434.json
434	34	2	13	19	90	1	5	1	1	rational	weight_434.json
434	34	2	43	19	10	1	6	1	1	rational	weight_434.json
434	34	2	122	19	75	1	7	1	1	rational	weight_434.json
434	34	2	107	19	35	1	8	1	1	rational	weight_434.json
434	34	2	63	19	40	1	9	1	1	rational	weight_434.json
434	34	2	57	19	110	1	10	1	1	rational	weight_434.json
434	34	2	122	19	75	1	11	1	1	rational	weight_434.json
434	34	2	63	19	40	1	12	1	1	rational	weight_434.json
434	34	2	93	19	85	1	13	1	1	rational	weight_434.json
434	34	2	118	19	60	1	14	1	1	rational	weight_434.json
434	34	2	113	19	115	1	15	1	1	rational	weight_434.json
434	34	2	32	19	85	1	16	1	1	rational	weight_434.json
434	34	2	3	19	75	1	17	1	1	rational	weight_434.json
434	34	2	57	19	110	1	18	1	1	rational	weight_434.json
434	34	2	3	19	75	1	19	1	1	rational	weight_434.json
434	34	2	12	19	115	1	20	1	1	rational	weight_434.json
434	34	2	68	19	110	1	21	1	1	rational	weight_434.json
434	34	2	112	19	90	1	22	1	1	rational	weight_434.json
434	34	2	3	19	75	1	23	1	1	rational	weight_434.json
434	34	2	88	19	15	1	24	1	1	rational	weight_434.json
434	34	2	122	19	75	1	25	1	1	rational	weight_434.json
434	34	2	82	19	10	1	26	1	1	rational	weight_434.json
434	34	2	62	19	40	1	27	1	1	rational	weight_434.json
434	34	2	7	19	60	1	28	1	1	rational	weight_434.json
434	34	2	37	19	15	1	29	1	1	rational	weight_434.json
434	34	2	18	19	35	1	30	1	1	rational	weight_434.json
434	34	2	13	19	90	1	31	1	1	rational	weight_434.json
434	34	2	38	19	65	1	32	2	1	rational	weight_434.json
434	34	2	87	19	65	1	33	1	2	rational	weight_434.json
436	36	2	34	19	5	1	1	1	1	rational	weight_436.json
436	36	2	36	19	65	1	2	1	1	rational	weight_436.json
436	36	2	89	19	65	1	3	1	1	rational	weight_436.json
436	36	2	44	19	50	1	4	1	1	rational	weight_436.json
436	36	2	89	19	65	1	5	1	1	rational	weight_436.json
436	36	2	81	19	50	1	6	1	1	rational	weight_436.json
436	36	2	89	19	65	1	7	1	1	rational	weight_436.json
436	36	2	106	19	0	1	8	1	1	rational	weight_436.json
436	36	2	41	19	105	1	9	1	1	rational	weight_436.json
436	36	2	91	19	5	1	10	1	1	rational	weight_436.json
436	36	2	59	19	55	1	11	1	1	rational	weight_436.json
436	36	2	31	19	25	1	12	1	1	rational	weight_436.json
436	36	2	31	19	25	1	13	1	1	rational	weight_436.json
436	36	2	69	19	100	1	14	1	1	rational	weight_436.json
436	36	2	91	19	5	1	15	1	1	rational	weight_436.json
436	36	2	41	19	105	1	16	1	1	rational	weight_436.json
436	36	2	56	19	100	1	17	1	1	rational	weight_436.json
436	36	2	34	19	5	1	18	1	1	rational	weight_436.json
436	36	2	81	19	50	1	19	1	1	rational	weight_436.json
436	36	2	109	19	30	1	20	1	1	rational	weight_436.json
436	36	2	16	19	30	1	21	1	1	rational	weight_436.json
436	36	2	19	19	0	1	22	1	1	rational	weight_436.json
436	36	2	89	19	65	1	23	1	1	rational	weight_436.json
436	36	2	94	19	25	1	24	1	1	rational	weight_436.json
436	36	2	116	19	80	1	25	1	1	rational	weight_436.json
436	36	2	66	19	55	1	26	1	1	rational	weight_436.json
436	36	2	59	19	55	1	27	1	1	rational	weight_436.json
436	36	2	94	19	25	1	28	1	1	rational	weight_436.json
436	36	2	106	19	0	1	29	1	1	rational	weight_436.json
436	36	2	119	19	75	1	30	1	1	rational	weight_436.json
436	36	2	84	19	105	1	31	1	1	rational	weight_436.json
436	36	2	9	19	80	1	32	1	1	rational	weight_436.json
436	36	2	6	19	75	1	33	1	1	rational	weight_436.json
436	36	2	9	19	80	1	34	1	1	rational	weight_436.json
436	36	2	36	19	65	1	35	1	1	rational	weight_436.json
436	36	2	36	19	65	1	36	1	1	rational	weight_436.json
438	38	2	123	19	65	1	1	1	1	rational	weight_438.json
438	38	2	98	19	90	1	2	1	1	rational	weight_438.json
438	38	2	27	19	90	1	3	1	1	rational	weight_438.json
438	38	2	63	19	0	1	4	1	1	rational	weight_438.json
438	38	2	3	19	60	1	5	1	1	rational	weight_438.json
438	38	2	102	19	40	1	6	1	1	rational	weight_438.json
438	38	2	53	19	10	1	7	1	1	rational	weight_438.json
438	38	2	62	19	0	1	8	1	1	rational	weight_438.json
438	38	2	52	19	115	1	9	1	1	rational	weight_438.json
438	38	2	73	19	115	1	10	1	1	rational	weight_438.json
438	38	2	22	19	85	1	11	1	1	rational	weight_438.json
438	38	2	63	19	0	1	12	1	1	rational	weight_438.json
438	38	2	97	19	35	1	13	1	1	rational	weight_438.json
438	38	2	103	19	85	1	14	1	1	rational	weight_438.json
438	38	2	52	19	115	1	15	1	1	rational	weight_438.json
438	38	2	22	19	85	1	16	1	1	rational	weight_438.json
438	38	2	23	19	40	1	17	1	1	rational	weight_438.json
438	38	2	122	19	60	1	18	1	1	rational	weight_438.json
438	38	2	78	19	110	1	19	1	1	rational	weight_438.json
438	38	2	62	19	0	1	20	1	1	rational	weight_438.json
438	38	2	53	19	10	1	21	1	1	rational	weight_438.json
438	38	2	28	19	35	1	22	1	1	rational	weight_438.json
438	38	2	63	19	0	1	23	1	1	rational	weight_438.json
438	38	2	103	19	85	1	24	1	1	rational	weight_438.json
438	38	2	47	19	110	1	25	1	1	rational	weight_438.json
438	38	2	2	19	65	1	26	1	1	rational	weight_438.json
438	38	2	63	19	0	1	27	1	1	rational	weight_438.json
438	38	2	62	19	0	1	28	1	1	rational	weight_438.json
438	38	2	47	19	110	1	29	1	1	rational	weight_438.json
438	38	2	72	19	10	1	30	1	1	rational	weight_438.json
438	38	2	28	19	35	1	31	1	1	rational	weight_438.json
438	38	2	102	19	40	1	32	1	1	rational	weight_438.json
438	38	2	77	19	15	1	33	1	2	rational	weight_438.json
438	38	2	48	19	15	1	34	2	1	rational	weight_438.json
440	40	2	19	19	115	1	1	1	1	rational	weight_440.json
440	40	2	84	19	45	1	2	1	1	rational	weight_440.json
440	40	2	41	19	45	1	3	1	1	rational	weight_440.json
440	40	2	66	19	120	1	4	1	1	rational	weight_440.json
440	40	2	31	19	15	1	5	1	1	rational	weight_440.json
440	40	2	111	19	5	1	6	1	1	rational	weight_440.json
440	40	2	6	19	65	1	7	1	1	rational	weight_440.json
440	40	2	109	19	95	1	8	1	1	rational	weight_440.json
440	40	2	91	19	70	1	9	1	1	rational	weight_440.json
440	40	2	34	19	70	1	10	1	1	rational	weight_440.json
440	40	2	84	19	45	1	11	1	1	rational	weight_440.json
440	40	2	9	19	20	1	12	1	1	rational	weight_440.json
440	40	2	14	19	5	1	13	1	1	rational	weight_440.json
440	40	2	111	19	5	1	14	1	1	rational	weight_440.json
440	40	2	59	19	120	1	15	1	1	rational	weight_440.json
440	40	2	111	19	5	1	16	1	1	rational	weight_440.json
440	40	2	106	19	115	1	17	1	1	rational	weight_440.json
440	40	2	116	19	20	1	18	1	1	rational	weight_440.json
440	40	2	34	19	70	1	19	1	1	rational	weight_440.json
440	40	2	66	19	120	1	20	1	1	rational	weight_440.json
440	40	2	111	19	5	1	21	1	1	rational	weight_440.json
440	40	2	31	19	15	1	22	1	1	rational	weight_440.json
440	40	2	19	19	115	1	23	1	1	rational	weight_440.json
440	40	2	119	19	65	1	24	1	1	rational	weight_440.json
440	40	2	16	19	95	1	25	1	1	rational	weight_440.json
440	40	2	44	19	40	1	26	1	1	rational	weight_440.json
440	40	2	81	19	40	1	27	1	1	rational	weight_440.json
440	40	2	14	19	5	1	28	1	1	rational	weight_440.json
440	40	2	119	19	65	1	29	1	1	rational	weight_440.json
440	40	2	14	19	5	1	30	1	1	rational	weight_440.json
440	40	2	116	19	20	1	31	1	1	rational	weight_440.json
440	40	2	94	19	15	1	32	1	1	rational	weight_440.json
440	40	2	56	19	90	1	33	1	2	rational	weight_440.json
440	40	2	69	19	90	1	34	2	1	rational	weight_440.json
442	42	2	63	19	35	1	1	1	1	rational	weight_442.json
442	42	2	68	19	80	1	2	1	1	rational	weight_442.json
442	42	2	7	19	30	1	3	1	1	rational	weight_442.json
442	42	2	37	19	10	1	4	1	1	rational	weight_442.json
442	42	2	72	19	70	1	5	1	1	rational	weight_442.json
442	42	2	107	19	5	1	6	1	1	rational	weight_442.json
442	42	2	72	19	70	1	7	1	1	rational	weight_442.json
442	42	2	37	19	10	1	8	1	1	rational	weight_442.json
442	42	2	82	19	105	1	9	1	1	rational	weight_442.json
442	42	2	112	19	85	1	10	1	1	rational	weight_442.json
442	42	2	113	19	110	1	11	1	1	rational	weight_442.json
442	42	2	13	19	85	1	12	1	1	rational	weight_442.json
442	42	2	32	19	55	1	13	1	1	rational	weight_442.json
442	42	2	13	19	85	1	14	1	1	rational	weight_442.json
442	42	2	43	19	105	1	15	1	1	rational	weight_442.json
442	42	2	107	19	5	1	16	1	1	rational	weight_442.json
442	42	2	82	19	105	1	17	1	1	rational	weight_442.json
442	42	2	57	19	80	1	18	1	1	rational	weight_442.json
442	42	2	93	19	55	1	19	1	1	rational	weight_442.json
442	42	2	68	19	80	1	20	1	1	rational	weight_442.json
442	42	2	62	19	35	1	21	1	1	rational	weight_442.json
442	42	2	88	19	10	1	22	1	1	rational	weight_442.json
442	42	2	18	19	5	1	23	1	1	rational	weight_442.json
442	42	2	53	19	70	1	24	1	1	rational	weight_442.json
442	42	2	72	19	70	1	25	1	1	rational	weight_442.json
442	42	2	53	19	70	1	26	1	1	rational	weight_442.json
442	42	2	93	19	55	1	27	1	1	rational	weight_442.json
442	42	2	72	19	70	1	28	1	1	rational	weight_442.json
442	42	2	12	19	110	1	29	1	1	rational	weight_442.json
442	42	2	118	19	30	1	30	1	1	rational	weight_442.json
442	42	2	63	19	35	1	31	1	1	rational	weight_442.json
442	42	2	53	19	70	1	32	1	1	rational	weight_442.json
442	42	2	38	19	60	1	33	1	2	rational	weight_442.json
442	42	2	87	19	60	1	34	1	2	rational	weight_442.json
444	44	2	26	19	65	1	1	1	1	rational	weight_444.json
444	44	2	59	19	110	1	2	1	1	rational	weight_444.json
444	44	2	109	19	85	1	3	1	1	rational	weight_444.json
444	44	2	51	19	15	1	4	1	1	rational	weight_444.json
444	44	2	104	19	75	1	5	1	1	rational	weight_444.json
444	44	2	104	19	75	1	6	1	1	rational	weight_444.json
444	44	2	9	19	10	1	7	1	1	rational	weight_444.json
444	44	2	74	19	15	1	8	1	1	rational	weight_444.json
444	44	2	74	19	15	1	9	1	1	rational	weight_444.json
444	44	2	109	19	85	1	10	1	1	rational	weight_444.json
444	44	2	99	19	65	1	11	1	1	rational	weight_444.json
444	44	2	124	19	115	1	12	1	1	rational	weight_444.json
444	44	2	49	19	90	1	13	1	1	rational	weight_444.json
444	44	2	91	19	60	1	14	1	1	rational	weight_444.json
444	44	2	9	19	10	1	15	1	1	rational	weight_444.json
444	44	2	84	19	35	1	16	1	1	rational	weight_444.json
444	44	2	91	19	60	1	17	1	1	rational	weight_444.json
444	44	2	76	19	90	1	18	1	1	rational	weight_444.json
444	44	2	104	19	75	1	19	1	1	rational	weight_444.json
444	44	2	26	19	65	1	20	1	1	rational	weight_444.json
444	44	2	21	19	75	1	21	1	1	rational	weight_444.json
444	44	2	76	19	90	1	22	1	1	rational	weight_444.json
444	44	2	21	19	75	1	23	1	1	rational	weight_444.json
444	44	2	116	19	10	1	24	1	1	rational	weight_444.json
444	44	2	41	19	35	1	25	1	1	rational	weight_444.json
444	44	2	66	19	110	1	26	1	1	rational	weight_444.json
444	44	2	34	19	60	1	27	1	1	rational	weight_444.json
444	44	2	21	19	75	1	28	1	1	rational	weight_444.json
444	44	2	24	19	40	1	29	1	1	rational	weight_444.json
444	44	2	21	19	75	1	30	1	1	rational	weight_444.json
444	44	2	104	19	75	1	31	1	1	rational	weight_444.json
444	44	2	66	19	110	1	32	1	1	rational	weight_444.json
444	44	2	101	19	40	1	33	1	1	rational	weight_444.json
444	44	2	1	19	115	1	34	1	1	rational	weight_444.json
444	44	2	24	19	40	1	35	1	1	rational	weight_444.json
444	44	2	16	19	85	1	36	1	2	rational	weight_444.json
446	46	2	58	19	50	1	1	1	1	rational	weight_446.json
446	46	2	83	19	25	1	2	1	1	rational	weight_446.json
446	46	2	63	19	20	1	3	1	1	rational	weight_446.json
446	46	2	38	19	45	1	4	1	1	rational	weight_446.json
446	46	2	27	19	60	1	5	1	1	rational	weight_446.json
446	46	2	62	19	20	1	6	1	1	rational	weight_446.json
446	46	2	108	19	0	1	7	1	1	rational	weight_446.json
446	46	2	98	19	60	1	8	1	1	rational	weight_446.json
446	46	2	12	19	95	1	9	1	1	rational	weight_446.json
446	46	2	13	19	70	1	10	1	1	rational	weight_446.json
446	46	2	27	19	60	1	11	1	1	rational	weight_446.json
446	46	2	92	19	75	1	12	1	1	rational	weight_446.json
446	46	2	117	19	100	1	13	1	1	rational	weight_446.json
446	46	2	98	19	60	1	14	1	1	rational	weight_446.json
446	46	2	67	19	50	1	15	1	1	rational	weight_446.json
446	46	2	58	19	50	1	16	1	1	rational	weight_446.json
446	46	2	88	19	120	1	17	1	1	rational	weight_446.json
446	46	2	87	19	45	1	18	1	1	rational	weight_446.json
446	46	2	38	19	45	1	19	1	1	rational	weight_446.json
446	46	2	98	19	60	1	20	1	1	rational	weight_446.json
446	46	2	37	19	120	1	21	1	1	rational	weight_446.json
446	46	2	98	19	60	1	22	1	1	rational	weight_446.json
446	46	2	27	19	60	1	23	1	1	rational	weight_446.json
446	46	2	17	19	0	1	24	1	1	rational	weight_446.json
446	46	2	33	19	75	1	25	1	1	rational	weight_446.json
446	46	2	37	19	120	1	26	1	1	rational	weight_446.json
446	46	2	42	19	25	1	27	1	1	rational	weight_446.json
446	46	2	113	19	95	1	28	1	1	rational	weight_446.json
446	46	2	8	19	100	1	29	1	1	rational	weight_446.json
446	46	2	17	19	0	1	30	1	1	rational	weight_446.json
446	46	2	8	19	100	1	31	1	1	rational	weight_446.json
446	46	2	112	19	70	1	32	1	1	rational	weight_446.json
446	46	2	92	19	75	1	33	1	1	rational	weight_446.json
446	46	2	13	19	70	1	34	1	1	rational	weight_446.json
446	46	2	27	19	60	1	35	1	1	rational	weight_446.json
446	46	2	62	19	20	1	36	1	1	rational	weight_446.json
448	48	2	79	19	40	1	1	1	1	rational	weight_448.json
448	48	2	54	19	115	1	2	1	1	rational	weight_448.json
448	48	2	111	19	85	1	3	1	1	rational	weight_448.json
448	48	2	4	19	15	1	4	1	1	rational	weight_448.json
448	48	2	34	19	100	1	5	1	1	rational	weight_448.json
448	48	2	96	19	65	1	6	1	1	rational	weight_448.json
448	48	2	114	19	35	1	7	1	1	rational	weight_448.json
448	48	2	104	19	90	1	8	1	1	rational	weight_448.json
448	48	2	14	19	85	1	9	1	1	rational	weight_448.json
448	48	2	91	19	100	1	10	1	1	rational	weight_448.json
448	48	2	89	19	110	1	11	1	1	rational	weight_448.json
448	48	2	34	19	100	1	12	1	1	rational	weight_448.json
448	48	2	64	19	60	1	13	1	1	rational	weight_448.json
448	48	2	96	19	65	1	14	1	1	rational	weight_448.json
448	48	2	4	19	15	1	15	1	1	rational	weight_448.json
448	48	2	89	19	110	1	16	1	1	rational	weight_448.json
448	48	2	34	19	100	1	17	1	1	rational	weight_448.json
448	48	2	21	19	90	1	18	1	1	rational	weight_448.json
448	48	2	11	19	35	1	19	1	1	rational	weight_448.json
448	48	2	46	19	40	1	20	1	1	rational	weight_448.json
448	48	2	111	19	85	1	21	1	1	rational	weight_448.json
448	48	2	11	19	35	1	22	1	1	rational	weight_448.json
448	48	2	71	19	115	1	23	1	1	rational	weight_448.json
448	48	2	86	19	10	1	24	1	1	rational	weight_448.json
448	48	2	91	19	100	1	25	1	1	rational	weight_448.json
448	48	2	121	19	15	1	26	1	1	rational	weight_448.json
448	48	2	61	19	60	1	27	1	1	rational	weight_448.json
448	48	2	36	19	110	1	28	1	1	rational	weight_448.json
448	48	2	34	19	100	1	29	1	1	rational	weight_448.json
448	48	2	21	19	90	1	30	1	1	rational	weight_448.json
448	48	2	39	19	10	1	31	1	1	rational	weight_448.json
448	48	2	54	19	115	1	32	1	1	rational	weight_448.json
448	48	2	64	19	60	1	33	1	1	rational	weight_448.json
448	48	2	91	19	100	1	34	1	1	rational	weight_448.json
448	48	2	29	19	65	1	35	1	1	rational	weight_448.json
448	48	2	91	19	100	1	36	1	1	rational	weight_448.json
448	48	2	86	19	10	1	37	1	1	rational	weight_448.json
450	50	2	112	19	5	1	1	1	1	rational	weight_450.json
450	50	2	42	19	35	1	2	1	1	rational	weight_450.json
450	50	2	12	19	30	1	3	1	1	rational	weight_450.json
450	50	2	23	19	45	1	4	1	1	rational	weight_450.json
450	50	2	8	19	110	1	5	1	1	rational	weight_450.json
450	50	2	13	19	5	1	6	1	1	rational	weight_450.json
450	50	2	13	19	5	1	7	1	1	rational	weight_450.json
450	50	2	42	19	35	1	8	1	1	rational	weight_450.json
450	50	2	83	19	35	1	9	1	1	rational	weight_450.json
450	50	2	17	19	10	1	10	1	1	rational	weight_450.json
450	50	2	108	19	10	1	11	1	1	rational	weight_450.json
450	50	2	38	19	105	1	12	1	1	rational	weight_450.json
450	50	2	88	19	55	1	13	1	1	rational	weight_450.json
450	50	2	92	19	85	1	14	1	1	rational	weight_450.json
450	50	2	33	19	85	1	15	1	1	rational	weight_450.json
450	50	2	92	19	85	1	16	1	1	rational	weight_450.json
450	50	2	23	19	45	1	17	1	1	rational	weight_450.json
450	50	2	102	19	45	1	18	1	1	rational	weight_450.json
450	50	2	58	19	60	1	19	1	1	rational	weight_450.json
450	50	2	102	19	45	1	20	1	1	rational	weight_450.json
450	50	2	113	19	30	1	21	1	1	rational	weight_450.json
450	50	2	12	19	30	1	22	1	1	rational	weight_450.json
450	50	2	17	19	10	1	23	1	1	rational	weight_450.json
450	50	2	102	19	45	1	24	1	1	rational	weight_450.json
450	50	2	38	19	105	1	25	1	1	rational	weight_450.json
450	50	2	102	19	45	1	26	1	1	rational	weight_450.json
450	50	2	8	19	110	1	27	1	1	rational	weight_450.json
450	50	2	117	19	110	1	28	1	1	rational	weight_450.json
450	50	2	87	19	105	1	29	1	1	rational	weight_450.json
450	50	2	67	19	60	1	30	1	1	rational	weight_450.json
450	50	2	58	19	60	1	31	1	1	rational	weight_450.json
450	50	2	37	19	55	1	32	1	1	rational	weight_450.json
450	50	2	63	19	80	1	33	1	1	rational	weight_450.json
450	50	2	62	19	80	1	34	1	1	rational	weight_450.json
450	50	2	23	19	45	1	35	1	1	rational	weight_450.json
450	50	2	37	19	55	1	36	1	1	rational	weight_450.json
450	50	2	23	19	45	1	37	1	1	rational	weight_450.json
452	52	2	16	19	90	1	1	1	1	rational	weight_452.json
452	52	2	34	19	65	1	2	1	1	rational	weight_452.json
452	52	2	124	19	20	1	3	1	1	rational	weight_452.json
452	52	2	66	19	115	1	4	1	1	rational	weight_452.json
452	52	2	24	19	70	1	5	1	1	rational	weight_452.json
452	52	2	116	19	15	1	6	1	1	rational	weight_452.json
452	52	2	79	19	105	1	7	1	1	rational	weight_452.json
452	52	2	59	19	115	1	8	1	1	rational	weight_452.json
452	52	2	109	19	90	1	9	1	1	rational	weight_452.json
452	52	2	16	19	90	1	10	1	1	rational	weight_452.json
452	52	2	46	19	105	1	11	1	1	rational	weight_452.json
452	52	2	59	19	115	1	12	1	1	rational	weight_452.json
452	52	2	34	19	65	1	13	1	1	rational	weight_452.json
452	52	2	41	19	40	1	14	1	1	rational	weight_452.json
452	52	2	74	19	45	1	15	1	1	rational	weight_452.json
452	52	2	91	19	65	1	16	1	1	rational	weight_452.json
452	52	2	46	19	105	1	17	1	1	rational	weight_452.json
452	52	2	79	19	105	1	18	1	1	rational	weight_452.json
452	52	2	99	19	95	1	19	1	1	rational	weight_452.json
452	52	2	76	19	120	1	20	1	1	rational	weight_452.json
452	52	2	1	19	20	1	21	1	1	rational	weight_452.json
452	52	2	76	19	120	1	22	1	1	rational	weight_452.json
452	52	2	79	19	105	1	23	1	1	rational	weight_452.json
452	52	2	51	19	45	1	24	1	1	rational	weight_452.json
452	52	2	46	19	105	1	25	1	1	rational	weight_452.json
452	52	2	84	19	40	1	26	1	1	rational	weight_452.json
452	52	2	24	19	70	1	27	1	1	rational	weight_452.json
452	52	2	101	19	70	1	28	1	1	rational	weight_452.json
452	52	2	84	19	40	1	29	1	1	rational	weight_452.json
452	52	2	26	19	95	1	30	1	1	rational	weight_452.json
452	52	2	9	19	15	1	31	1	1	rational	weight_452.json
452	52	2	1	19	20	1	32	1	1	rational	weight_452.json
452	52	2	116	19	15	1	33	1	1	rational	weight_452.json
452	52	2	74	19	45	1	34	1	1	rational	weight_452.json
452	52	2	46	19	105	1	35	1	1	rational	weight_452.json
452	52	2	49	19	120	1	36	1	1	rational	weight_452.json
452	52	2	26	19	95	1	37	1	1	rational	weight_452.json
454	54	2	38	19	115	1	1	1	1	rational	weight_454.json
454	54	2	37	19	65	1	2	1	1	rational	weight_454.json
454	54	2	103	19	25	1	3	1	1	rational	weight_454.json
454	54	2	22	19	25	1	4	1	1	rational	weight_454.json
454	54	2	82	19	60	1	5	1	1	rational	weight_454.json
454	54	2	88	19	65	1	6	1	1	rational	weight_454.json
454	54	2	112	19	15	1	7	1	1	rational	weight_454.json
454	54	2	107	19	85	1	8	1	1	rational	weight_454.json
454	54	2	93	19	10	1	9	1	1	rational	weight_454.json
454	54	2	68	19	35	1	10	1	1	rational	weight_454.json
454	54	2	103	19	25	1	11	1	1	rational	weight_454.json
454	54	2	22	19	25	1	12	1	1	rational	weight_454.json
454	54	2	63	19	90	1	13	1	1	rational	weight_454.json
454	54	2	87	19	115	1	14	1	1	rational	weight_454.json
454	54	2	32	19	10	1	15	1	1	rational	weight_454.json
454	54	2	113	19	40	1	16	1	1	rational	weight_454.json
454	54	2	18	19	85	1	17	1	1	rational	weight_454.json
454	54	2	7	19	110	1	18	1	1	rational	weight_454.json
454	54	2	12	19	40	1	19	1	1	rational	weight_454.json
454	54	2	22	19	25	1	20	1	1	rational	weight_454.json
454	54	2	118	19	110	1	21	1	1	rational	weight_454.json
454	54	2	18	19	85	1	22	1	1	rational	weight_454.json
454	54	2	57	19	35	1	23	1	1	rational	weight_454.json
454	54	2	32	19	10	1	24	1	1	rational	weight_454.json
454	54	2	57	19	35	1	25	1	1	rational	weight_454.json
454	54	2	13	19	15	1	26	1	1	rational	weight_454.json
454	54	2	13	19	15	1	27	1	1	rational	weight_454.json
454	54	2	43	19	60	1	28	1	1	rational	weight_454.json
454	54	2	43	19	60	1	29	1	1	rational	weight_454.json
454	54	2	88	19	65	1	30	1	1	rational	weight_454.json
454	54	2	87	19	115	1	31	1	1	rational	weight_454.json
454	54	2	63	19	90	1	32	1	1	rational	weight_454.json
454	54	2	103	19	25	1	33	1	1	rational	weight_454.json
454	54	2	7	19	110	1	34	1	1	rational	weight_454.json
454	54	2	12	19	40	1	35	1	1	rational	weight_454.json
454	54	2	22	19	25	1	36	1	1	rational	weight_454.json
454	54	2	62	19	90	1	37	1	1	rational	weight_454.json
456	56	2	19	19	75	1	1	1	1	rational	weight_456.json
456	56	2	11	19	65	1	2	1	1	rational	weight_456.json
456	56	2	84	19	55	1	3	1	1	rational	weight_456.json
456	56	2	114	19	65	1	4	1	1	rational	weight_456.json
456	56	2	6	19	25	1	5	1	1	rational	weight_456.json
456	56	2	69	19	50	1	6	1	1	rational	weight_456.json
456	56	2	9	19	30	1	7	1	1	rational	weight_456.json
456	56	2	106	19	75	1	8	1	1	rational	weight_456.json
456	56	2	16	19	105	1	9	1	1	rational	weight_456.json
456	56	2	59	19	5	1	10	1	1	rational	weight_456.json
456	56	2	9	19	30	1	11	1	1	rational	weight_456.json
456	56	2	41	19	55	1	12	1	1	rational	weight_456.json
456	56	2	91	19	80	1	13	1	1	rational	weight_456.json
456	56	2	116	19	30	1	14	1	1	rational	weight_456.json
456	56	2	106	19	75	1	15	1	1	rational	weight_456.json
456	56	2	114	19	65	1	16	1	1	rational	weight_456.json
456	56	2	44	19	0	1	17	1	1	rational	weight_456.json
456	56	2	119	19	25	1	18	1	1	rational	weight_456.json
456	56	2	31	19	100	1	19	1	1	rational	weight_456.json
456	56	2	31	19	100	1	20	1	1	rational	weight_456.json
456	56	2	114	19	65	1	21	1	1	rational	weight_456.json
456	56	2	44	19	0	1	22	1	1	rational	weight_456.json
456	56	2	11	19	65	1	23	1	1	rational	weight_456.json
456	56	2	81	19	0	1	24	1	1	rational	weight_456.json
456	56	2	6	19	25	1	25	1	1	rational	weight_456.json
456	56	2	59	19	5	1	26	1	1	rational	weight_456.json
456	56	2	109	19	105	1	27	1	1	rational	weight_456.json
456	56	2	114	19	65	1	28	1	1	rational	weight_456.json
456	56	2	41	19	55	1	29	1	1	rational	weight_456.json
456	56	2	66	19	5	1	30	1	1	rational	weight_456.json
456	56	2	116	19	30	1	31	1	1	rational	weight_456.json
456	56	2	34	19	80	1	32	1	1	rational	weight_456.json
456	56	2	94	19	100	1	33	1	1	rational	weight_456.json
456	56	2	11	19	65	1	34	1	1	rational	weight_456.json
456	56	2	91	19	80	1	35	1	1	rational	weight_456.json
456	56	2	69	19	50	1	36	1	1	rational	weight_456.json
456	56	2	56	19	50	1	37	1	1	rational	weight_456.json
456	56	2	109	19	105	1	38	1	1	rational	weight_456.json
458	58	2	63	19	50	1	1	1	1	rational	weight_458.json
458	58	2	62	19	50	1	2	1	1	rational	weight_458.json
458	58	2	28	19	85	1	3	1	1	rational	weight_458.json
458	58	2	62	19	50	1	4	1	1	rational	weight_458.json
458	58	2	72	19	60	1	5	1	1	rational	weight_458.json
458	58	2	122	19	110	1	6	1	1	rational	weight_458.json
458	58	2	27	19	15	1	7	1	1	rational	weight_458.json
458	58	2	97	19	85	1	8	1	1	rational	weight_458.json
458	58	2	2	19	115	1	9	1	1	rational	weight_458.json
458	58	2	98	19	15	1	10	1	1	rational	weight_458.json
458	58	2	53	19	60	1	11	1	1	rational	weight_458.json
458	58	2	63	19	50	1	12	1	1	rational	weight_458.json
458	58	2	103	19	10	1	13	1	1	rational	weight_458.json
458	58	2	72	19	60	1	14	1	1	rational	weight_458.json
458	58	2	102	19	90	1	15	1	1	rational	weight_458.json
458	58	2	23	19	90	1	16	1	1	rational	weight_458.json
458	58	2	78	19	35	1	17	1	1	rational	weight_458.json
458	58	2	73	19	40	1	18	1	1	rational	weight_458.json
458	58	2	27	19	15	1	19	1	1	rational	weight_458.json
458	58	2	3	19	110	1	20	1	1	rational	weight_458.json
458	58	2	52	19	40	1	21	1	1	rational	weight_458.json
458	58	2	122	19	110	1	22	1	1	rational	weight_458.json
458	58	2	123	19	115	1	23	1	1	rational	weight_458.json
458	58	2	97	19	85	1	24	1	1	rational	weight_458.json
458	58	2	63	19	50	1	25	1	1	rational	weight_458.json
458	58	2	2	19	115	1	26	1	1	rational	weight_458.json
458	58	2	62	19	50	1	27	1	1	rational	weight_458.json
458	58	2	22	19	10	1	28	1	1	rational	weight_458.json
458	58	2	47	19	35	1	29	1	1	rational	weight_458.json
458	58	2	3	19	110	1	30	1	1	rational	weight_458.json
458	58	2	103	19	10	1	31	1	1	rational	weight_458.json
458	58	2	63	19	50	1	32	1	1	rational	weight_458.json
458	58	2	78	19	35	1	33	1	1	rational	weight_458.json
458	58	2	73	19	40	1	34	1	1	rational	weight_458.json
458	58	2	23	19	90	1	35	1	1	rational	weight_458.json
458	58	2	77	19	65	1	36	2	1	rational	weight_458.json
460	60	2	69	19	40	1	1	1	1	rational	weight_460.json
460	60	2	11	19	30	1	2	1	1	rational	weight_460.json
460	60	2	34	19	20	1	3	1	1	rational	weight_460.json
460	60	2	56	19	40	1	4	1	1	rational	weight_460.json
460	60	2	19	19	65	1	5	1	1	rational	weight_460.json
460	60	2	91	19	20	1	6	1	1	rational	weight_460.json
460	60	2	16	19	45	1	7	1	1	rational	weight_460.json
460	60	2	6	19	15	1	8	1	1	rational	weight_460.json
460	60	2	109	19	45	1	9	1	1	rational	weight_460.json
460	60	2	106	19	65	1	10	1	1	rational	weight_460.json
460	60	2	6	19	15	1	11	1	1	rational	weight_460.json
460	60	2	31	19	90	1	12	1	1	rational	weight_460.json
460	60	2	84	19	120	1	13	1	1	rational	weight_460.json
460	60	2	109	19	45	1	14	1	1	rational	weight_460.json
460	60	2	59	19	70	1	15	1	1	rational	weight_460.json
460	60	2	11	19	30	1	16	1	1	rational	weight_460.json
460	60	2	116	19	95	1	17	1	1	rational	weight_460.json
460	60	2	19	19	65	1	18	1	1	rational	weight_460.json
460	60	2	114	19	30	1	19	1	1	rational	weight_460.json
460	60	2	69	19	40	1	20	1	1	rational	weight_460.json
460	60	2	114	19	30	1	21	1	1	rational	weight_460.json
460	60	2	114	19	30	1	22	1	1	rational	weight_460.json
460	60	2	41	19	120	1	23	1	1	rational	weight_460.json
460	60	2	106	19	65	1	24	1	1	rational	weight_460.json
460	60	2	66	19	70	1	25	1	1	rational	weight_460.json
460	60	2	9	19	95	1	26	1	1	rational	weight_460.json
460	60	2	116	19	95	1	27	1	1	rational	weight_460.json
460	60	2	84	19	120	1	28	1	1	rational	weight_460.json
460	60	2	31	19	90	1	29	1	1	rational	weight_460.json
460	60	2	66	19	70	1	30	1	1	rational	weight_460.json
460	60	2	11	19	30	1	31	1	1	rational	weight_460.json
460	60	2	34	19	20	1	32	1	1	rational	weight_460.json
460	60	2	94	19	90	1	33	1	1	rational	weight_460.json
460	60	2	119	19	15	1	34	1	1	rational	weight_460.json
460	60	2	41	19	120	1	35	1	1	rational	weight_460.json
460	60	2	11	19	30	1	36	1	1	rational	weight_460.json
460	60	2	44	19	115	1	37	1	2	rational	weight_460.json
462	62	2	7	19	80	1	1	1	1	rational	weight_462.json
462	62	2	118	19	80	1	2	1	1	rational	weight_462.json
462	62	2	43	19	30	1	3	1	1	rational	weight_462.json
462	62	2	93	19	105	1	4	1	1	rational	weight_462.json
462	62	2	57	19	5	1	5	1	1	rational	weight_462.json
462	62	2	7	19	80	1	6	1	1	rational	weight_462.json
462	62	2	112	19	10	1	7	1	1	rational	weight_462.json
462	62	2	87	19	110	1	8	1	1	rational	weight_462.json
462	62	2	68	19	5	1	9	1	1	rational	weight_462.json
462	62	2	12	19	35	1	10	1	1	rational	weight_462.json
462	62	2	18	19	55	1	11	1	1	rational	weight_462.json
462	62	2	88	19	60	1	12	1	1	rational	weight_462.json
462	62	2	37	19	60	1	13	1	1	rational	weight_462.json
462	62	2	37	19	60	1	14	1	1	rational	weight_462.json
462	62	2	78	19	95	1	15	1	1	rational	weight_462.json
462	62	2	13	19	10	1	16	1	1	rational	weight_462.json
462	62	2	68	19	5	1	17	1	1	rational	weight_462.json
462	62	2	78	19	95	1	18	1	1	rational	weight_462.json
462	62	2	43	19	30	1	19	1	1	rational	weight_462.json
462	62	2	32	19	105	1	20	1	1	rational	weight_462.json
462	62	2	47	19	95	1	21	1	1	rational	weight_462.json
462	62	2	47	19	95	1	22	1	1	rational	weight_462.json
462	62	2	113	19	35	1	23	1	1	rational	weight_462.json
462	62	2	113	19	35	1	24	1	1	rational	weight_462.json
462	62	2	107	19	55	1	25	1	1	rational	weight_462.json
462	62	2	13	19	10	1	26	1	1	rational	weight_462.json
462	62	2	78	19	95	1	27	1	1	rational	weight_462.json
462	62	2	32	19	105	1	28	1	1	rational	weight_462.json
462	62	2	107	19	55	1	29	1	1	rational	weight_462.json
462	62	2	87	19	110	1	30	1	1	rational	weight_462.json
462	62	2	82	19	30	1	31	1	1	rational	weight_462.json
462	62	2	47	19	95	1	32	1	1	rational	weight_462.json
462	62	2	47	19	95	1	33	1	1	rational	weight_462.json
462	62	2	38	19	110	1	34	1	1	rational	weight_462.json
462	62	2	18	19	55	1	35	1	1	rational	weight_462.json
462	62	2	112	19	10	1	36	1	1	rational	weight_462.json
462	62	2	63	19	85	1	37	1	2	rational	weight_462.json
464	64	2	96	19	0	1	1	1	1	rational	weight_464.json
464	64	2	49	19	40	1	2	1	1	rational	weight_464.json
464	64	2	66	19	60	1	3	1	1	rational	weight_464.json
464	64	2	76	19	40	1	4	1	1	rational	weight_464.json
464	64	2	29	19	0	1	5	1	1	rational	weight_464.json
464	64	2	49	19	40	1	6	1	1	rational	weight_464.json
464	64	2	29	19	0	1	7	1	1	rational	weight_464.json
464	64	2	76	19	40	1	8	1	1	rational	weight_464.json
464	64	2	116	19	85	1	9	1	1	rational	weight_464.json
464	64	2	1	19	65	1	10	1	1	rational	weight_464.json
464	64	2	96	19	0	1	11	1	1	rational	weight_464.json
464	64	2	101	19	115	1	12	1	1	rational	weight_464.json
464	64	2	24	19	115	1	13	1	1	rational	weight_464.json
464	64	2	16	19	35	1	14	1	1	rational	weight_464.json
464	64	2	51	19	90	1	15	1	1	rational	weight_464.json
464	64	2	99	19	15	1	16	1	1	rational	weight_464.json
464	64	2	9	19	85	1	17	1	1	rational	weight_464.json
464	64	2	29	19	0	1	18	1	1	rational	weight_464.json
464	64	2	84	19	110	1	19	1	1	rational	weight_464.json
464	64	2	66	19	60	1	20	1	1	rational	weight_464.json
464	64	2	84	19	110	1	21	1	1	rational	weight_464.json
464	64	2	124	19	65	1	22	1	1	rational	weight_464.json
464	64	2	109	19	35	1	23	1	1	rational	weight_464.json
464	64	2	24	19	115	1	24	1	1	rational	weight_464.json
464	64	2	74	19	90	1	25	1	1	rational	weight_464.json
464	64	2	109	19	35	1	26	1	1	rational	weight_464.json
464	64	2	59	19	60	1	27	1	1	rational	weight_464.json
464	64	2	51	19	90	1	28	1	1	rational	weight_464.json
464	64	2	116	19	85	1	29	1	1	rational	weight_464.json
464	64	2	29	19	0	1	30	1	1	rational	weight_464.json
464	64	2	99	19	15	1	31	1	1	rational	weight_464.json
464	64	2	9	19	85	1	32	1	1	rational	weight_464.json
464	64	2	96	19	0	1	33	1	1	rational	weight_464.json
464	64	2	96	19	0	1	34	1	1	rational	weight_464.json
464	64	2	41	19	110	1	35	1	1	rational	weight_464.json
464	64	2	1	19	65	1	36	1	1	rational	weight_464.json
464	64	2	91	19	10	1	37	2	1	rational	weight_464.json
466	66	2	13	19	120	1	1	1	1	rational	weight_466.json
466	66	2	38	19	95	1	2	1	1	rational	weight_466.json
466	66	2	63	19	70	1	3	1	1	rational	weight_466.json
466	66	2	23	19	60	1	4	1	1	rational	weight_466.json
466	66	2	117	19	25	1	5	1	1	rational	weight_466.json
466	66	2	113	19	20	1	6	1	1	rational	weight_466.json
466	66	2	92	19	0	1	7	1	1	rational	weight_466.json
466	66	2	67	19	100	1	8	1	1	rational	weight_466.json
466	66	2	23	19	60	1	9	1	1	rational	weight_466.json
466	66	2	37	19	45	1	10	1	1	rational	weight_466.json
466	66	2	102	19	60	1	11	1	1	rational	weight_466.json
466	66	2	117	19	25	1	12	1	1	rational	weight_466.json
466	66	2	88	19	45	1	13	1	1	rational	weight_466.json
466	66	2	38	19	95	1	14	1	1	rational	weight_466.json
466	66	2	8	19	25	1	15	1	1	rational	weight_466.json
466	66	2	33	19	0	1	16	1	1	rational	weight_466.json
466	66	2	17	19	50	1	17	1	1	rational	weight_466.json
466	66	2	37	19	45	1	18	1	1	rational	weight_466.json
466	66	2	13	19	120	1	19	1	1	rational	weight_466.json
466	66	2	83	19	75	1	20	1	1	rational	weight_466.json
466	66	2	17	19	50	1	21	1	1	rational	weight_466.json
466	66	2	87	19	95	1	22	1	1	rational	weight_466.json
466	66	2	113	19	20	1	23	1	1	rational	weight_466.json
466	66	2	12	19	20	1	24	1	1	rational	weight_466.json
466	66	2	23	19	60	1	25	1	1	rational	weight_466.json
466	66	2	62	19	70	1	26	1	1	rational	weight_466.json
466	66	2	102	19	60	1	27	1	1	rational	weight_466.json
466	66	2	108	19	50	1	28	1	1	rational	weight_466.json
466	66	2	23	19	60	1	29	1	1	rational	weight_466.json
466	66	2	102	19	60	1	30	1	1	rational	weight_466.json
466	66	2	87	19	95	1	31	1	1	rational	weight_466.json
466	66	2	62	19	70	1	32	1	1	rational	weight_466.json
466	66	2	8	19	25	1	33	1	1	rational	weight_466.json
466	66	2	67	19	100	1	34	1	1	rational	weight_466.json
466	66	2	42	19	75	1	35	1	1	rational	weight_466.json
466	66	2	83	19	75	1	36	1	1	rational	weight_466.json
466	66	2	33	19	0	1	37	1	1	rational	weight_466.json
466	66	2	102	19	60	1	38	1	1	rational	weight_466.json
468	68	2	11	19	110	1	1	1	1	rational	weight_468.json
468	68	2	86	19	85	1	2	1	1	rational	weight_468.json
468	68	2	114	19	110	1	3	1	1	rational	weight_468.json
468	68	2	21	19	40	1	4	1	1	rational	weight_468.json
468	68	2	11	19	110	1	5	1	1	rational	weight_468.json
468	68	2	64	19	10	1	6	1	1	rational	weight_468.json
468	68	2	91	19	50	1	7	1	1	rational	weight_468.json
468	68	2	29	19	15	1	8	1	1	rational	weight_468.json
468	68	2	46	19	115	1	9	1	1	rational	weight_468.json
468	68	2	34	19	50	1	10	1	1	rational	weight_468.json
468	68	2	39	19	85	1	11	1	1	rational	weight_468.json
468	68	2	91	19	50	1	12	1	1	rational	weight_468.json
468	68	2	61	19	10	1	13	1	1	rational	weight_468.json
468	68	2	79	19	115	1	14	1	1	rational	weight_468.json
468	68	2	91	19	50	1	15	1	1	rational	weight_468.json
468	68	2	34	19	50	1	16	1	1	rational	weight_468.json
468	68	2	104	19	40	1	17	1	1	rational	weight_468.json
468	68	2	79	19	115	1	18	1	1	rational	weight_468.json
468	68	2	36	19	60	1	19	1	1	rational	weight_468.json
468	68	2	71	19	65	1	20	1	1	rational	weight_468.json
468	68	2	114	19	110	1	21	1	1	rational	weight_468.json
468	68	2	54	19	65	1	22	1	1	rational	weight_468.json
468	68	2	29	19	15	1	23	1	1	rational	weight_468.json
468	68	2	96	19	15	1	24	1	1	rational	weight_468.json
468	68	2	39	19	85	1	25	1	1	rational	weight_468.json
468	68	2	91	19	50	1	26	1	1	rational	weight_468.json
468	68	2	61	19	10	1	27	1	1	rational	weight_468.json
468	68	2	104	19	40	1	28	1	1	rational	weight_468.json
468	68	2	71	19	65	1	29	1	1	rational	weight_468.json
468	68	2	86	19	85	1	30	1	1	rational	weight_468.json
468	68	2	36	19	60	1	31	1	1	rational	weight_468.json
468	68	2	89	19	60	1	32	1	1	rational	weight_468.json
468	68	2	121	19	90	1	33	1	1	rational	weight_468.json
468	68	2	46	19	115	1	34	1	1	rational	weight_468.json
468	68	2	121	19	90	1	35	1	1	rational	weight_468.json
468	68	2	34	19	50	1	36	1	1	rational	weight_468.json
468	68	2	34	19	50	1	37	1	1	rational	weight_468.json
468	68	2	14	19	35	1	38	1	2	rational	weight_468.json
470	70	2	38	19	30	1	1	1	1	rational	weight_470.json
470	70	2	33	19	10	1	2	1	1	rational	weight_470.json
470	70	2	92	19	10	1	3	1	1	rational	weight_470.json
470	70	2	42	19	85	1	4	1	1	rational	weight_470.json
470	70	2	112	19	55	1	5	1	1	rational	weight_470.json
470	70	2	12	19	80	1	6	1	1	rational	weight_470.json
470	70	2	63	19	5	1	7	1	1	rational	weight_470.json
470	70	2	27	19	20	1	8	1	1	rational	weight_470.json
470	70	2	37	19	105	1	9	1	1	rational	weight_470.json
470	70	2	58	19	110	1	10	1	1	rational	weight_470.json
470	70	2	98	19	20	1	11	1	1	rational	weight_470.json
470	70	2	98	19	20	1	12	1	1	rational	weight_470.json
470	70	2	98	19	20	1	13	1	1	rational	weight_470.json
470	70	2	27	19	20	1	14	1	1	rational	weight_470.json
470	70	2	112	19	55	1	15	1	1	rational	weight_470.json
470	70	2	83	19	85	1	16	1	1	rational	weight_470.json
470	70	2	33	19	10	1	17	1	1	rational	weight_470.json
470	70	2	58	19	110	1	18	1	1	rational	weight_470.json
470	70	2	38	19	30	1	19	1	1	rational	weight_470.json
470	70	2	92	19	10	1	20	1	1	rational	weight_470.json
470	70	2	88	19	105	1	21	1	1	rational	weight_470.json
470	70	2	27	19	20	1	22	1	1	rational	weight_470.json
470	70	2	67	19	110	1	23	1	1	rational	weight_470.json
470	70	2	62	19	5	1	24	1	1	rational	weight_470.json
470	70	2	12	19	80	1	25	1	1	rational	weight_470.json
470	70	2	117	19	35	1	26	1	1	rational	weight_470.json
470	70	2	63	19	5	1	27	1	1	rational	weight_470.json
470	70	2	37	19	105	1	28	1	1	rational	weight_470.json
470	70	2	13	19	55	1	29	1	1	rational	weight_470.json
470	70	2	67	19	110	1	30	1	1	rational	weight_470.json
470	70	2	27	19	20	1	31	1	1	rational	weight_470.json
470	70	2	117	19	35	1	32	1	1	rational	weight_470.json
470	70	2	13	19	55	1	33	1	1	rational	weight_470.json
470	70	2	42	19	85	1	34	1	1	rational	weight_470.json
470	70	2	98	19	20	1	35	1	1	rational	weight_470.json
470	70	2	8	19	35	1	36	1	1	rational	weight_470.json
470	70	2	108	19	60	1	37	2	1	rational	weight_470.json
472	72	2	74	19	120	1	1	1	1	rational	weight_472.json
472	72	2	99	19	45	1	2	1	1	rational	weight_472.json
472	72	2	16	19	40	1	3	1	1	rational	weight_472.json
472	72	2	91	19	15	1	4	1	1	rational	weight_472.json
472	72	2	59	19	65	1	5	1	1	rational	weight_472.json
472	72	2	41	19	115	1	6	1	1	rational	weight_472.json
472	72	2	26	19	45	1	7	1	1	rational	weight_472.json
472	72	2	59	19	65	1	8	1	1	rational	weight_472.json
472	72	2	91	19	15	1	9	1	1	rational	weight_472.json
472	72	2	51	19	120	1	10	1	1	rational	weight_472.json
472	72	2	96	19	80	1	11	1	1	rational	weight_472.json
472	72	2	76	19	70	1	12	1	1	rational	weight_472.json
472	72	2	109	19	40	1	13	1	1	rational	weight_472.json
472	72	2	29	19	80	1	14	1	1	rational	weight_472.json
472	72	2	84	19	115	1	15	1	1	rational	weight_472.json
472	72	2	29	19	80	1	16	1	1	rational	weight_472.json
472	72	2	101	19	20	1	17	1	1	rational	weight_472.json
472	72	2	74	19	120	1	18	1	1	rational	weight_472.json
472	72	2	34	19	15	1	19	1	1	rational	weight_472.json
472	72	2	96	19	80	1	20	1	1	rational	weight_472.json
472	72	2	84	19	115	1	21	1	1	rational	weight_472.json
472	72	2	51	19	120	1	22	1	1	rational	weight_472.json
472	72	2	66	19	65	1	23	1	1	rational	weight_472.json
472	72	2	34	19	15	1	24	1	1	rational	weight_472.json
472	72	2	124	19	95	1	25	1	1	rational	weight_472.json
472	72	2	109	19	40	1	26	1	1	rational	weight_472.json
472	72	2	49	19	70	1	27	1	1	rational	weight_472.json
472	72	2	96	19	80	1	28	1	1	rational	weight_472.json
472	72	2	101	19	20	1	29	1	1	rational	weight_472.json
472	72	2	16	19	40	1	30	1	1	rational	weight_472.json
472	72	2	29	19	80	1	31	1	1	rational	weight_472.json
472	72	2	96	19	80	1	32	1	1	rational	weight_472.json
472	72	2	26	19	45	1	33	1	1	rational	weight_472.json
472	72	2	49	19	70	1	34	1	1	rational	weight_472.json
472	72	2	76	19	70	1	35	1	1	rational	weight_472.json
472	72	2	29	19	80	1	36	1	1	rational	weight_472.json
472	72	2	124	19	95	1	37	1	1	rational	weight_472.json
472	72	2	116	19	90	1	38	2	1	rational	weight_472.json
474	74	2	47	19	100	1	1	1	1	rational	weight_474.json
474	74	2	82	19	110	1	2	1	1	rational	weight_474.json
474	74	2	43	19	110	1	3	1	1	rational	weight_474.json
474	74	2	88	19	115	1	4	1	1	rational	weight_474.json
474	74	2	7	19	35	1	5	1	1	rational	weight_474.json
474	74	2	107	19	10	1	6	1	1	rational	weight_474.json
474	74	2	107	19	10	1	7	1	1	rational	weight_474.json
474	74	2	13	19	65	1	8	1	1	rational	weight_474.json
474	74	2	87	19	40	1	9	1	1	rational	weight_474.json
474	74	2	43	19	110	1	10	1	1	rational	weight_474.json
474	74	2	47	19	100	1	11	1	1	rational	weight_474.json
474	74	2	32	19	60	1	12	1	1	rational	weight_474.json
474	74	2	82	19	110	1	13	1	1	rational	weight_474.json
474	74	2	47	19	100	1	14	1	1	rational	weight_474.json
474	74	2	63	19	15	1	15	1	1	rational	weight_474.json
474	74	2	37	19	115	1	16	1	1	rational	weight_474.json
474	74	2	68	19	85	1	17	1	1	rational	weight_474.json
474	74	2	87	19	40	1	18	1	1	rational	weight_474.json
474	74	2	13	19	65	1	19	1	1	rational	weight_474.json
474	74	2	32	19	60	1	20	1	1	rational	weight_474.json
474	74	2	78	19	100	1	21	1	1	rational	weight_474.json
474	74	2	7	19	35	1	22	1	1	rational	weight_474.json
474	74	2	78	19	100	1	23	1	1	rational	weight_474.json
474	74	2	38	19	40	1	24	1	1	rational	weight_474.json
474	74	2	93	19	60	1	25	1	1	rational	weight_474.json
474	74	2	62	19	15	1	26	1	1	rational	weight_474.json
474	74	2	63	19	15	1	27	1	1	rational	weight_474.json
474	74	2	68	19	85	1	28	1	1	rational	weight_474.json
474	74	2	93	19	60	1	29	1	1	rational	weight_474.json
474	74	2	18	19	10	1	30	1	1	rational	weight_474.json
474	74	2	38	19	40	1	31	1	1	rational	weight_474.json
474	74	2	62	19	15	1	32	1	1	rational	weight_474.json
474	74	2	78	19	100	1	33	1	1	rational	weight_474.json
474	74	2	47	19	100	1	34	1	1	rational	weight_474.json
474	74	2	112	19	65	1	35	1	1	rational	weight_474.json
474	74	2	88	19	115	1	36	1	1	rational	weight_474.json
474	74	2	78	19	100	1	37	1	1	rational	weight_474.json
474	74	2	12	19	90	1	38	1	2	rational	weight_474.json
476	76	2	19	19	25	1	1	1	1	rational	weight_476.json
476	76	2	14	19	65	1	2	1	1	rational	weight_476.json
476	76	2	59	19	80	1	3	1	1	rational	weight_476.json
476	76	2	81	19	75	1	4	1	1	rational	weight_476.json
476	76	2	44	19	75	1	5	1	1	rational	weight_476.json
476	76	2	6	19	100	1	6	1	1	rational	weight_476.json
476	76	2	119	19	100	1	7	1	1	rational	weight_476.json
476	76	2	31	19	50	1	8	1	1	rational	weight_476.json
476	76	2	41	19	5	1	9	1	1	rational	weight_476.json
476	76	2	91	19	30	1	10	1	1	rational	weight_476.json
476	76	2	109	19	55	1	11	1	1	rational	weight_476.json
476	76	2	44	19	75	1	12	1	1	rational	weight_476.json
476	76	2	111	19	65	1	13	1	1	rational	weight_476.json
476	76	2	14	19	65	1	14	1	1	rational	weight_476.json
476	76	2	116	19	105	1	15	1	1	rational	weight_476.json
476	76	2	81	19	75	1	16	1	1	rational	weight_476.json
476	76	2	91	19	30	1	17	1	1	rational	weight_476.json
476	76	2	14	19	65	1	18	1	1	rational	weight_476.json
476	76	2	19	19	25	1	19	1	1	rational	weight_476.json
476	76	2	31	19	50	1	20	1	1	rational	weight_476.json
476	76	2	9	19	105	1	21	1	1	rational	weight_476.json
476	76	2	66	19	80	1	22	1	1	rational	weight_476.json
476	76	2	14	19	65	1	23	1	1	rational	weight_476.json
476	76	2	34	19	30	1	24	1	1	rational	weight_476.json
476	76	2	41	19	5	1	25	1	1	rational	weight_476.json
476	76	2	9	19	105	1	26	1	1	rational	weight_476.json
476	76	2	34	19	30	1	27	1	1	rational	weight_476.json
476	76	2	111	19	65	1	28	1	1	rational	weight_476.json
476	76	2	119	19	100	1	29	1	1	rational	weight_476.json
476	76	2	56	19	0	1	30	1	1	rational	weight_476.json
476	76	2	69	19	0	1	31	1	1	rational	weight_476.json
476	76	2	6	19	100	1	32	1	1	rational	weight_476.json
476	76	2	111	19	65	1	33	1	1	rational	weight_476.json
476	76	2	66	19	80	1	34	1	1	rational	weight_476.json
476	76	2	109	19	55	1	35	1	1	rational	weight_476.json
476	76	2	116	19	105	1	36	1	1	rational	weight_476.json
476	76	2	56	19	0	1	37	1	1	rational	weight_476.json
476	76	2	59	19	80	1	38	1	1	rational	weight_476.json
476	76	2	111	19	65	1	39	1	1	rational	weight_476.json
478	78	2	63	19	100	1	1	1	1	rational	weight_478.json
478	78	2	47	19	85	1	2	1	1	rational	weight_478.json
478	78	2	27	19	65	1	3	1	1	rational	weight_478.json
478	78	2	72	19	110	1	4	1	1	rational	weight_478.json
478	78	2	123	19	40	1	5	1	1	rational	weight_478.json
478	78	2	27	19	65	1	6	1	1	rational	weight_478.json
478	78	2	63	19	100	1	7	1	1	rational	weight_478.json
478	78	2	102	19	15	1	8	1	1	rational	weight_478.json
478	78	2	63	19	100	1	9	1	1	rational	weight_478.json
478	78	2	52	19	90	1	10	1	1	rational	weight_478.json
478	78	2	23	19	15	1	11	1	1	rational	weight_478.json
478	78	2	3	19	35	1	12	1	1	rational	weight_478.json
478	78	2	52	19	90	1	13	1	1	rational	weight_478.json
478	78	2	122	19	35	1	14	1	1	rational	weight_478.json
478	78	2	62	19	100	1	15	1	1	rational	weight_478.json
478	78	2	22	19	60	1	16	1	1	rational	weight_478.json
478	78	2	3	19	35	1	17	1	1	rational	weight_478.json
478	78	2	28	19	10	1	18	1	1	rational	weight_478.json
478	78	2	2	19	40	1	19	1	1	rational	weight_478.json
478	78	2	63	19	100	1	20	1	1	rational	weight_478.json
478	78	2	102	19	15	1	21	1	1	rational	weight_478.json
478	78	2	22	19	60	1	22	1	1	rational	weight_478.json
478	78	2	78	19	85	1	23	1	1	rational	weight_478.json
478	78	2	28	19	10	1	24	1	1	rational	weight_478.json
478	78	2	122	19	35	1	25	1	1	rational	weight_478.json
478	78	2	78	19	85	1	26	1	1	rational	weight_478.json
478	78	2	53	19	110	1	27	1	1	rational	weight_478.json
478	78	2	98	19	65	1	28	1	1	rational	weight_478.json
478	78	2	2	19	40	1	29	1	1	rational	weight_478.json
478	78	2	62	19	100	1	30	1	1	rational	weight_478.json
478	78	2	47	19	85	1	31	1	1	rational	weight_478.json
478	78	2	98	19	65	1	32	1	1	rational	weight_478.json
478	78	2	62	19	100	1	33	1	1	rational	weight_478.json
478	78	2	62	19	100	1	34	1	1	rational	weight_478.json
478	78	2	123	19	40	1	35	1	1	rational	weight_478.json
478	78	2	53	19	110	1	36	1	1	rational	weight_478.json
478	78	2	72	19	110	1	37	1	1	rational	weight_478.json
478	78	2	48	19	115	1	38	1	2	rational	weight_478.json
480	80	2	36	19	55	1	1	1	1	rational	weight_480.json
480	80	2	66	19	20	1	2	1	1	rational	weight_480.json
480	80	2	36	19	55	1	3	1	1	rational	weight_480.json
480	80	2	116	19	45	1	4	1	1	rational	weight_480.json
480	80	2	34	19	95	1	5	1	1	rational	weight_480.json
480	80	2	119	19	90	1	6	1	1	rational	weight_480.json
480	80	2	44	19	65	1	7	1	1	rational	weight_480.json
480	80	2	36	19	55	1	8	1	1	rational	weight_480.json
480	80	2	69	19	115	1	9	1	1	rational	weight_480.json
480	80	2	109	19	120	1	10	1	1	rational	weight_480.json
480	80	2	66	19	20	1	11	1	1	rational	weight_480.json
480	80	2	94	19	40	1	12	1	1	rational	weight_480.json
480	80	2	59	19	20	1	13	1	1	rational	weight_480.json
480	80	2	91	19	95	1	14	1	1	rational	weight_480.json
480	80	2	94	19	40	1	15	1	1	rational	weight_480.json
480	80	2	89	19	55	1	16	1	1	rational	weight_480.json
480	80	2	6	19	90	1	17	1	1	rational	weight_480.json
480	80	2	109	19	120	1	18	1	1	rational	weight_480.json
480	80	2	41	19	70	1	19	1	1	rational	weight_480.json
480	80	2	69	19	115	1	20	1	1	rational	weight_480.json
480	80	2	89	19	55	1	21	1	1	rational	weight_480.json
480	80	2	44	19	65	1	22	1	1	rational	weight_480.json
480	80	2	81	19	65	1	23	1	1	rational	weight_480.json
480	80	2	119	19	90	1	24	1	1	rational	weight_480.json
480	80	2	116	19	45	1	25	1	1	rational	weight_480.json
480	80	2	56	19	115	1	26	1	1	rational	weight_480.json
480	80	2	84	19	70	1	27	1	1	rational	weight_480.json
480	80	2	89	19	55	1	28	1	1	rational	weight_480.json
480	80	2	89	19	55	1	29	1	1	rational	weight_480.json
480	80	2	81	19	65	1	30	1	1	rational	weight_480.json
480	80	2	36	19	55	1	31	1	1	rational	weight_480.json
480	80	2	59	19	20	1	32	1	1	rational	weight_480.json
480	80	2	91	19	95	1	33	1	1	rational	weight_480.json
480	80	2	34	19	95	1	34	1	1	rational	weight_480.json
480	80	2	56	19	115	1	35	1	1	rational	weight_480.json
480	80	2	41	19	70	1	36	1	1	rational	weight_480.json
480	80	2	6	19	90	1	37	1	1	rational	weight_480.json
480	80	2	84	19	70	1	38	1	1	rational	weight_480.json
480	80	2	106	19	15	1	39	2	1	rational	weight_480.json
482	82	2	7	19	5	1	1	1	1	rational	weight_482.json
482	82	2	43	19	80	1	2	1	1	rational	weight_482.json
482	82	2	118	19	5	1	3	1	1	rational	weight_482.json
482	82	2	103	19	120	1	4	1	1	rational	weight_482.json
482	82	2	103	19	120	1	5	1	1	rational	weight_482.json
482	82	2	43	19	80	1	6	1	1	rational	weight_482.json
482	82	2	118	19	5	1	7	1	1	rational	weight_482.json
482	82	2	87	19	35	1	8	1	1	rational	weight_482.json
482	82	2	22	19	120	1	9	1	1	rational	weight_482.json
482	82	2	32	19	30	1	10	1	1	rational	weight_482.json
482	82	2	22	19	120	1	11	1	1	rational	weight_482.json
482	82	2	113	19	85	1	12	1	1	rational	weight_482.json
482	82	2	103	19	120	1	13	1	1	rational	weight_482.json
482	82	2	18	19	105	1	14	1	1	rational	weight_482.json
482	82	2	112	19	60	1	15	1	1	rational	weight_482.json
482	82	2	62	19	10	1	16	1	1	rational	weight_482.json
482	82	2	57	19	55	1	17	1	1	rational	weight_482.json
482	82	2	82	19	80	1	18	1	1	rational	weight_482.json
482	82	2	112	19	60	1	19	1	1	rational	weight_482.json
482	82	2	62	19	10	1	20	1	1	rational	weight_482.json
482	82	2	63	19	10	1	21	1	1	rational	weight_482.json
482	82	2	82	19	80	1	22	1	1	rational	weight_482.json
482	82	2	93	19	30	1	23	1	1	rational	weight_482.json
482	82	2	32	19	30	1	24	1	1	rational	weight_482.json
482	82	2	87	19	35	1	25	1	1	rational	weight_482.json
482	82	2	63	19	10	1	26	1	1	rational	weight_482.json
482	82	2	22	19	120	1	27	1	1	rational	weight_482.json
482	82	2	38	19	35	1	28	1	1	rational	weight_482.json
482	82	2	93	19	30	1	29	1	1	rational	weight_482.json
482	82	2	113	19	85	1	30	1	1	rational	weight_482.json
482	82	2	18	19	105	1	31	1	1	rational	weight_482.json
482	82	2	13	19	60	1	32	1	1	rational	weight_482.json
482	82	2	57	19	55	1	33	1	1	rational	weight_482.json
482	82	2	22	19	120	1	34	1	1	rational	weight_482.json
482	82	2	7	19	5	1	35	1	1	rational	weight_482.json
482	82	2	13	19	60	1	36	1	1	rational	weight_482.json
482	82	2	38	19	35	1	37	1	1	rational	weight_482.json
482	82	2	37	19	110	1	38	2	1	rational	weight_482.json
484	84	2	59	19	10	1	1	1	1	rational	weight_484.json
484	84	2	46	19	50	1	2	1	1	rational	weight_484.json
484	84	2	74	19	40	1	3	1	1	rational	weight_484.json
484	84	2	16	19	110	1	4	1	1	rational	weight_484.json
484	84	2	101	19	65	1	5	1	1	rational	weight_484.json
484	84	2	66	19	10	1	6	1	1	rational	weight_484.json
484	84	2	26	19	90	1	7	1	1	rational	weight_484.json
484	84	2	66	19	10	1	8	1	1	rational	weight_484.json
484	84	2	116	19	35	1	9	1	1	rational	weight_484.json
484	84	2	99	19	90	1	10	1	1	rational	weight_484.json
484	84	2	49	19	115	1	11	1	1	rational	weight_484.json
484	84	2	26	19	90	1	12	1	1	rational	weight_484.json
484	84	2	124	19	15	1	13	1	1	rational	weight_484.json
484	84	2	99	19	90	1	14	1	1	rational	weight_484.json
484	84	2	109	19	110	1	15	1	1	rational	weight_484.json
484	84	2	101	19	65	1	16	1	1	rational	weight_484.json
484	84	2	46	19	50	1	17	1	1	rational	weight_484.json
484	84	2	51	19	40	1	18	1	1	rational	weight_484.json
484	84	2	16	19	110	1	19	1	1	rational	weight_484.json
484	84	2	46	19	50	1	20	1	1	rational	weight_484.json
484	84	2	79	19	50	1	21	1	1	rational	weight_484.json
484	84	2	79	19	50	1	22	1	1	rational	weight_484.json
484	84	2	9	19	35	1	23	1	1	rational	weight_484.json
484	84	2	1	19	15	1	24	1	1	rational	weight_484.json
484	84	2	9	19	35	1	25	1	1	rational	weight_484.json
484	84	2	46	19	50	1	26	1	1	rational	weight_484.json
484	84	2	74	19	40	1	27	1	1	rational	weight_484.json
484	84	2	49	19	115	1	28	1	1	rational	weight_484.json
484	84	2	79	19	50	1	29	1	1	rational	weight_484.json
484	84	2	124	19	15	1	30	1	1	rational	weight_484.json
484	84	2	91	19	85	1	31	1	1	rational	weight_484.json
484	84	2	59	19	10	1	32	1	1	rational	weight_484.json
484	84	2	51	19	40	1	33	1	1	rational	weight_484.json
484	84	2	79	19	50	1	34	1	1	rational	weight_484.json
484	84	2	116	19	35	1	35	1	1	rational	weight_484.json
484	84	2	1	19	15	1	36	1	1	rational	weight_484.json
484	84	2	109	19	110	1	37	1	1	rational	weight_484.json
484	84	2	91	19	85	1	38	1	1	rational	weight_484.json
484	84	2	84	19	60	1	39	1	2	rational	weight_484.json
486	86	2	83	19	0	1	1	1	1	rational	weight_486.json
486	86	2	52	19	60	1	2	1	1	rational	weight_486.json
486	86	2	67	19	25	1	3	1	1	rational	weight_486.json
486	86	2	33	19	50	1	4	1	1	rational	weight_486.json
486	86	2	13	19	45	1	5	1	1	rational	weight_486.json
486	86	2	113	19	70	1	6	1	1	rational	weight_486.json
486	86	2	108	19	100	1	7	1	1	rational	weight_486.json
486	86	2	13	19	45	1	8	1	1	rational	weight_486.json
486	86	2	58	19	25	1	9	1	1	rational	weight_486.json
486	86	2	42	19	0	1	10	1	1	rational	weight_486.json
486	86	2	42	19	0	1	11	1	1	rational	weight_486.json
486	86	2	73	19	60	1	12	1	1	rational	weight_486.json
486	86	2	88	19	95	1	13	1	1	rational	weight_486.json
486	86	2	83	19	0	1	14	1	1	rational	weight_486.json
486	86	2	37	19	95	1	15	1	1	rational	weight_486.json
486	86	2	62	19	120	1	16	1	1	rational	weight_486.json
486	86	2	38	19	20	1	17	1	1	rational	weight_486.json
486	86	2	112	19	45	1	18	1	1	rational	weight_486.json
486	86	2	117	19	75	1	19	1	1	rational	weight_486.json
486	86	2	92	19	50	1	20	1	1	rational	weight_486.json
486	86	2	73	19	60	1	21	1	1	rational	weight_486.json
486	86	2	108	19	100	1	22	1	1	rational	weight_486.json
486	86	2	117	19	75	1	23	1	1	rational	weight_486.json
486	86	2	62	19	120	1	24	1	1	rational	weight_486.json
486	86	2	73	19	60	1	25	1	1	rational	weight_486.json
486	86	2	87	19	20	1	26	1	1	rational	weight_486.json
486	86	2	58	19	25	1	27	1	1	rational	weight_486.json
486	86	2	38	19	20	1	28	1	1	rational	weight_486.json
486	86	2	113	19	70	1	29	1	1	rational	weight_486.json
486	86	2	67	19	25	1	30	1	1	rational	weight_486.json
486	86	2	52	19	60	1	31	1	1	rational	weight_486.json
486	86	2	88	19	95	1	32	1	1	rational	weight_486.json
486	86	2	92	19	50	1	33	1	1	rational	weight_486.json
486	86	2	52	19	60	1	34	1	1	rational	weight_486.json
486	86	2	33	19	50	1	35	1	1	rational	weight_486.json
486	86	2	87	19	20	1	36	1	1	rational	weight_486.json
486	86	2	73	19	60	1	37	1	1	rational	weight_486.json
486	86	2	52	19	60	1	38	1	1	rational	weight_486.json
486	86	2	112	19	45	1	39	1	1	rational	weight_486.json
486	86	2	37	19	95	1	40	1	1	rational	weight_486.json
488	88	2	11	19	60	1	1	1	1	rational	weight_488.json
488	88	2	91	19	0	1	2	1	1	rational	weight_488.json
488	88	2	34	19	0	1	3	1	1	rational	weight_488.json
488	88	2	36	19	10	1	4	1	1	rational	weight_488.json
488	88	2	61	19	85	1	5	1	1	rational	weight_488.json
488	88	2	91	19	0	1	6	1	1	rational	weight_488.json
488	88	2	71	19	15	1	7	1	1	rational	weight_488.json
488	88	2	11	19	60	1	8	1	1	rational	weight_488.json
488	88	2	91	19	0	1	9	1	1	rational	weight_488.json
488	88	2	46	19	65	1	10	1	1	rational	weight_488.json
488	88	2	34	19	0	1	11	1	1	rational	weight_488.json
488	88	2	79	19	65	1	12	1	1	rational	weight_488.json
488	88	2	104	19	115	1	13	1	1	rational	weight_488.json
488	88	2	96	19	90	1	14	1	1	rational	weight_488.json
488	88	2	86	19	35	1	15	1	1	rational	weight_488.json
488	88	2	4	19	40	1	16	1	1	rational	weight_488.json
488	88	2	21	19	115	1	17	1	1	rational	weight_488.json
488	88	2	34	19	0	1	18	1	1	rational	weight_488.json
488	88	2	34	19	0	1	19	1	1	rational	weight_488.json
488	88	2	89	19	10	1	20	1	1	rational	weight_488.json
488	88	2	46	19	65	1	21	1	1	rational	weight_488.json
488	88	2	89	19	10	1	22	1	1	rational	weight_488.json
488	88	2	4	19	40	1	23	1	1	rational	weight_488.json
488	88	2	114	19	60	1	24	1	1	rational	weight_488.json
488	88	2	91	19	0	1	25	1	1	rational	weight_488.json
488	88	2	71	19	15	1	26	1	1	rational	weight_488.json
488	88	2	79	19	65	1	27	1	1	rational	weight_488.json
488	88	2	96	19	90	1	28	1	1	rational	weight_488.json
488	88	2	104	19	115	1	29	1	1	rational	weight_488.json
488	88	2	21	19	115	1	30	1	1	rational	weight_488.json
488	88	2	86	19	35	1	31	1	1	rational	weight_488.json
488	88	2	64	19	85	1	32	1	1	rational	weight_488.json
488	88	2	54	19	15	1	33	1	1	rational	weight_488.json
488	88	2	39	19	35	1	34	1	1	rational	weight_488.json
488	88	2	54	19	15	1	35	1	1	rational	weight_488.json
488	88	2	114	19	60	1	36	1	1	rational	weight_488.json
488	88	2	64	19	85	1	37	1	1	rational	weight_488.json
488	88	2	39	19	35	1	38	1	1	rational	weight_488.json
488	88	2	111	19	110	1	39	2	1	rational	weight_488.json
490	90	2	108	19	110	1	1	1	1	rational	weight_490.json
490	90	2	117	19	85	1	2	1	1	rational	weight_490.json
490	90	2	63	19	55	1	3	1	1	rational	weight_490.json
490	90	2	42	19	10	1	4	1	1	rational	weight_490.json
490	90	2	87	19	80	1	5	1	1	rational	weight_490.json
490	90	2	117	19	85	1	6	1	1	rational	weight_490.json
490	90	2	33	19	60	1	7	1	1	rational	weight_490.json
490	90	2	83	19	10	1	8	1	1	rational	weight_490.json
490	90	2	37	19	30	1	9	1	1	rational	weight_490.json
490	90	2	87	19	80	1	10	1	1	rational	weight_490.json
490	90	2	108	19	110	1	11	1	1	rational	weight_490.json
490	90	2	83	19	10	1	12	1	1	rational	weight_490.json
490	90	2	37	19	30	1	13	1	1	rational	weight_490.json
490	90	2	17	19	110	1	14	1	1	rational	weight_490.json
490	90	2	8	19	85	1	15	1	1	rational	weight_490.json
490	90	2	17	19	110	1	16	1	1	rational	weight_490.json
490	90	2	77	19	120	1	17	1	1	rational	weight_490.json
490	90	2	77	19	120	1	18	1	1	rational	weight_490.json
490	90	2	48	19	120	1	19	1	1	rational	weight_490.json
490	90	2	33	19	60	1	20	1	1	rational	weight_490.json
490	90	2	112	19	105	1	21	1	1	rational	weight_490.json
490	90	2	13	19	105	1	22	1	1	rational	weight_490.json
490	90	2	77	19	120	1	23	1	1	rational	weight_490.json
490	90	2	63	19	55	1	24	1	1	rational	weight_490.json
490	90	2	13	19	105	1	25	1	1	rational	weight_490.json
490	90	2	38	19	80	1	26	1	1	rational	weight_490.json
490	90	2	88	19	30	1	27	1	1	rational	weight_490.json
490	90	2	48	19	120	1	28	1	1	rational	weight_490.json
490	90	2	77	19	120	1	29	1	1	rational	weight_490.json
490	90	2	48	19	120	1	30	1	1	rational	weight_490.json
490	90	2	88	19	30	1	31	1	1	rational	weight_490.json
490	90	2	12	19	5	1	32	1	1	rational	weight_490.json
490	90	2	12	19	5	1	33	1	1	rational	weight_490.json
490	90	2	8	19	85	1	34	1	1	rational	weight_490.json
490	90	2	38	19	80	1	35	1	1	rational	weight_490.json
490	90	2	48	19	120	1	36	1	1	rational	weight_490.json
490	90	2	92	19	60	1	37	1	1	rational	weight_490.json
490	90	2	112	19	105	1	38	1	1	rational	weight_490.json
490	90	2	67	19	35	1	39	1	2	rational	weight_490.json
492	92	2	76	19	20	1	1	1	1	rational	weight_492.json
492	92	2	1	19	45	1	2	1	1	rational	weight_492.json
492	92	2	116	19	40	1	3	1	1	rational	weight_492.json
492	92	2	1	19	45	1	4	1	1	rational	weight_492.json
492	92	2	59	19	15	1	5	1	1	rational	weight_492.json
492	92	2	59	19	15	1	6	1	1	rational	weight_492.json
492	92	2	66	19	15	1	7	1	1	rational	weight_492.json
492	92	2	49	19	20	1	8	1	1	rational	weight_492.json
492	92	2	76	19	20	1	9	1	1	rational	weight_492.json
492	92	2	21	19	55	1	10	1	1	rational	weight_492.json
492	92	2	24	19	95	1	11	1	1	rational	weight_492.json
492	92	2	101	19	95	1	12	1	1	rational	weight_492.json
492	92	2	16	19	115	1	13	1	1	rational	weight_492.json
492	92	2	24	19	95	1	14	1	1	rational	weight_492.json
492	92	2	104	19	55	1	15	1	1	rational	weight_492.json
492	92	2	104	19	55	1	16	1	1	rational	weight_492.json
492	92	2	21	19	55	1	17	1	1	rational	weight_492.json
492	92	2	21	19	55	1	18	1	1	rational	weight_492.json
492	92	2	21	19	55	1	19	1	1	rational	weight_492.json
492	92	2	101	19	95	1	20	1	1	rational	weight_492.json
492	92	2	91	19	90	1	21	1	1	rational	weight_492.json
492	92	2	124	19	45	1	22	1	1	rational	weight_492.json
492	92	2	104	19	55	1	23	1	1	rational	weight_492.json
492	92	2	99	19	120	1	24	1	1	rational	weight_492.json
492	92	2	49	19	20	1	25	1	1	rational	weight_492.json
492	92	2	116	19	40	1	26	1	1	rational	weight_492.json
492	92	2	124	19	45	1	27	1	1	rational	weight_492.json
492	92	2	104	19	55	1	28	1	1	rational	weight_492.json
492	92	2	66	19	15	1	29	1	1	rational	weight_492.json
492	92	2	109	19	115	1	30	1	1	rational	weight_492.json
492	92	2	109	19	115	1	31	1	1	rational	weight_492.json
492	92	2	51	19	70	1	32	1	1	rational	weight_492.json
492	92	2	26	19	120	1	33	1	1	rational	weight_492.json
492	92	2	34	19	90	1	34	1	1	rational	weight_492.json
492	92	2	51	19	70	1	35	1	1	rational	weight_492.json
492	92	2	9	19	40	1	36	1	1	rational	weight_492.json
492	92	2	99	19	120	1	37	1	1	rational	weight_492.json
492	92	2	91	19	90	1	38	1	1	rational	weight_492.json
492	92	2	16	19	115	1	39	1	1	rational	weight_492.json
492	92	2	84	19	65	1	40	1	2	rational	weight_492.json
494	94	2	118	19	85	1	1	1	1	rational	weight_494.json
494	94	2	93	19	110	1	2	1	1	rational	weight_494.json
494	94	2	82	19	35	1	3	1	1	rational	weight_494.json
494	94	2	62	19	65	1	4	1	1	rational	weight_494.json
494	94	2	113	19	15	1	5	1	1	rational	weight_494.json
494	94	2	53	19	50	1	6	1	1	rational	weight_494.json
494	94	2	82	19	35	1	7	1	1	rational	weight_494.json
494	94	2	107	19	60	1	8	1	1	rational	weight_494.json
494	94	2	32	19	110	1	9	1	1	rational	weight_494.json
494	94	2	68	19	10	1	10	1	1	rational	weight_494.json
494	94	2	72	19	50	1	11	1	1	rational	weight_494.json
494	94	2	112	19	115	1	12	1	1	rational	weight_494.json
494	94	2	18	19	60	1	13	1	1	rational	weight_494.json
494	94	2	107	19	60	1	14	1	1	rational	weight_494.json
494	94	2	118	19	85	1	15	1	1	rational	weight_494.json
494	94	2	12	19	15	1	16	1	1	rational	weight_494.json
494	94	2	62	19	65	1	17	1	1	rational	weight_494.json
494	94	2	38	19	90	1	18	1	1	rational	weight_494.json
494	94	2	7	19	85	1	19	1	1	rational	weight_494.json
494	94	2	12	19	15	1	20	1	1	rational	weight_494.json
494	94	2	53	19	50	1	21	1	1	rational	weight_494.json
494	94	2	38	19	90	1	22	1	1	rational	weight_494.json
494	94	2	72	19	50	1	23	1	1	rational	weight_494.json
494	94	2	57	19	10	1	24	1	1	rational	weight_494.json
494	94	2	72	19	50	1	25	1	1	rational	weight_494.json
494	94	2	63	19	65	1	26	1	1	rational	weight_494.json
494	94	2	57	19	10	1	27	1	1	rational	weight_494.json
494	94	2	53	19	50	1	28	1	1	rational	weight_494.json
494	94	2	13	19	115	1	29	1	1	rational	weight_494.json
494	94	2	72	19	50	1	30	1	1	rational	weight_494.json
494	94	2	93	19	110	1	31	1	1	rational	weight_494.json
494	94	2	53	19	50	1	32	1	1	rational	weight_494.json
494	94	2	13	19	115	1	33	1	1	rational	weight_494.json
494	94	2	68	19	10	1	34	1	1	rational	weight_494.json
494	94	2	87	19	90	1	35	1	1	rational	weight_494.json
494	94	2	112	19	115	1	36	1	1	rational	weight_494.json
494	94	2	18	19	60	1	37	1	1	rational	weight_494.json
494	94	2	87	19	90	1	38	1	1	rational	weight_494.json
494	94	2	88	19	40	1	39	2	1	rational	weight_494.json
496	96	2	86	19	65	1	1	1	1	rational	weight_496.json
496	96	2	109	19	5	1	2	1	1	rational	weight_496.json
496	96	2	119	19	50	1	3	1	1	rational	weight_496.json
496	96	2	91	19	105	1	4	1	1	rational	weight_496.json
496	96	2	84	19	80	1	5	1	1	rational	weight_496.json
496	96	2	56	19	75	1	6	1	1	rational	weight_496.json
496	96	2	81	19	25	1	7	1	1	rational	weight_496.json
496	96	2	19	19	100	1	8	1	1	rational	weight_496.json
496	96	2	69	19	75	1	9	1	1	rational	weight_496.json
496	96	2	39	19	65	1	10	1	1	rational	weight_496.json
496	96	2	109	19	5	1	11	1	1	rational	weight_496.json
496	96	2	34	19	105	1	12	1	1	rational	weight_496.json
496	96	2	59	19	30	1	13	1	1	rational	weight_496.json
496	96	2	39	19	65	1	14	1	1	rational	weight_496.json
496	96	2	86	19	65	1	15	1	1	rational	weight_496.json
496	96	2	94	19	0	1	16	1	1	rational	weight_496.json
496	96	2	16	19	5	1	17	1	1	rational	weight_496.json
496	96	2	19	19	100	1	18	1	1	rational	weight_496.json
496	96	2	86	19	65	1	19	1	1	rational	weight_496.json
496	96	2	41	19	80	1	20	1	1	rational	weight_496.json
496	96	2	119	19	50	1	21	1	1	rational	weight_496.json
496	96	2	56	19	75	1	22	1	1	rational	weight_496.json
496	96	2	9	19	55	1	23	1	1	rational	weight_496.json
496	96	2	6	19	50	1	24	1	1	rational	weight_496.json
496	96	2	69	19	75	1	25	1	1	rational	weight_496.json
496	96	2	31	19	0	1	26	1	1	rational	weight_496.json
496	96	2	66	19	30	1	27	1	1	rational	weight_496.json
496	96	2	81	19	25	1	28	1	1	rational	weight_496.json
496	96	2	91	19	105	1	29	1	1	rational	weight_496.json
496	96	2	116	19	55	1	30	1	1	rational	weight_496.json
496	96	2	66	19	30	1	31	1	1	rational	weight_496.json
496	96	2	34	19	105	1	32	1	1	rational	weight_496.json
496	96	2	59	19	30	1	33	1	1	rational	weight_496.json
496	96	2	94	19	0	1	34	1	1	rational	weight_496.json
496	96	2	41	19	80	1	35	1	1	rational	weight_496.json
496	96	2	106	19	100	1	36	1	1	rational	weight_496.json
496	96	2	39	19	65	1	37	1	1	rational	weight_496.json
496	96	2	39	19	65	1	38	1	1	rational	weight_496.json
496	96	2	106	19	100	1	39	1	1	rational	weight_496.json
496	96	2	86	19	65	1	40	1	1	rational	weight_496.json
496	96	2	116	19	55	1	41	1	1	rational	weight_496.json
498	98	2	72	19	35	1	1	1	1	rational	weight_498.json
498	98	2	62	19	25	1	2	1	1	rational	weight_498.json
498	98	2	22	19	110	1	3	1	1	rational	weight_498.json
498	98	2	23	19	65	1	4	1	1	rational	weight_498.json
498	98	2	123	19	90	1	5	1	1	rational	weight_498.json
498	98	2	97	19	60	1	6	1	1	rational	weight_498.json
498	98	2	103	19	110	1	7	1	1	rational	weight_498.json
498	98	2	3	19	85	1	8	1	1	rational	weight_498.json
498	98	2	97	19	60	1	9	1	1	rational	weight_498.json
498	98	2	98	19	115	1	10	1	1	rational	weight_498.json
498	98	2	103	19	110	1	11	1	1	rational	weight_498.json
498	98	2	47	19	10	1	12	1	1	rational	weight_498.json
498	98	2	2	19	90	1	13	1	1	rational	weight_498.json
498	98	2	63	19	25	1	14	1	1	rational	weight_498.json
498	98	2	78	19	10	1	15	1	1	rational	weight_498.json
498	98	2	102	19	65	1	16	1	1	rational	weight_498.json
498	98	2	98	19	115	1	17	1	1	rational	weight_498.json
498	98	2	77	19	40	1	18	1	1	rational	weight_498.json
498	98	2	63	19	25	1	19	1	1	rational	weight_498.json
498	98	2	23	19	65	1	20	1	1	rational	weight_498.json
498	98	2	62	19	25	1	21	1	1	rational	weight_498.json
498	98	2	63	19	25	1	22	1	1	rational	weight_498.json
498	98	2	28	19	60	1	23	1	1	rational	weight_498.json
498	98	2	63	19	25	1	24	1	1	rational	weight_498.json
498	98	2	27	19	115	1	25	1	1	rational	weight_498.json
498	98	2	47	19	10	1	26	1	1	rational	weight_498.json
498	98	2	122	19	85	1	27	1	1	rational	weight_498.json
498	98	2	78	19	10	1	28	1	1	rational	weight_498.json
498	98	2	2	19	90	1	29	1	1	rational	weight_498.json
498	98	2	122	19	85	1	30	1	1	rational	weight_498.json
498	98	2	53	19	35	1	31	1	1	rational	weight_498.json
498	98	2	77	19	40	1	32	1	1	rational	weight_498.json
498	98	2	73	19	15	1	33	1	1	rational	weight_498.json
498	98	2	62	19	25	1	34	1	1	rational	weight_498.json
498	98	2	52	19	15	1	35	1	1	rational	weight_498.json
498	98	2	73	19	15	1	36	1	1	rational	weight_498.json
498	98	2	123	19	90	1	37	1	1	rational	weight_498.json
498	98	2	3	19	85	1	38	1	1	rational	weight_498.json
498	98	2	72	19	35	1	39	1	1	rational	weight_498.json
498	98	2	27	19	115	1	40	1	1	rational	weight_498.json
498	98	2	62	19	25	1	41	1	1	rational	weight_498.json
500	0	2	94	19	115	1	1	1	1	rational	weight_500.json
500	0	2	61	19	80	1	2	1	1	rational	weight_500.json
500	0	2	61	19	80	1	3	1	1	rational	weight_500.json
500	0	2	116	19	120	1	4	1	1	rational	weight_500.json
500	0	2	91	19	45	1	5	1	1	rational	weight_500.json
500	0	2	56	19	65	1	6	1	1	rational	weight_500.json
500	0	2	19	19	90	1	7	1	1	rational	weight_500.json
500	0	2	81	19	15	1	8	1	1	rational	weight_500.json
500	0	2	9	19	120	1	9	1	1	rational	weight_500.json
500	0	2	41	19	20	1	10	1	1	rational	weight_500.json
500	0	2	64	19	80	1	11	1	1	rational	weight_500.json
500	0	2	69	19	65	1	12	1	1	rational	weight_500.json
500	0	2	31	19	115	1	13	1	1	rational	weight_500.json
500	0	2	84	19	20	1	14	1	1	rational	weight_500.json
500	0	2	41	19	20	1	15	1	1	rational	weight_500.json
500	0	2	19	19	90	1	16	1	1	rational	weight_500.json
500	0	2	61	19	80	1	17	1	1	rational	weight_500.json
500	0	2	44	19	15	1	18	1	1	rational	weight_500.json
500	0	2	34	19	45	1	19	1	1	rational	weight_500.json
500	0	2	56	19	65	1	20	1	1	rational	weight_500.json
500	0	2	59	19	95	1	21	1	1	rational	weight_500.json
500	0	2	61	19	80	1	22	1	1	rational	weight_500.json
500	0	2	64	19	80	1	23	1	1	rational	weight_500.json
500	0	2	81	19	15	1	24	1	1	rational	weight_500.json
500	0	2	119	19	40	1	25	1	1	rational	weight_500.json
500	0	2	6	19	40	1	26	1	1	rational	weight_500.json
500	0	2	66	19	95	1	27	1	1	rational	weight_500.json
500	0	2	116	19	120	1	28	1	1	rational	weight_500.json
500	0	2	94	19	115	1	29	1	1	rational	weight_500.json
500	0	2	64	19	80	1	30	1	1	rational	weight_500.json
500	0	2	34	19	45	1	31	1	1	rational	weight_500.json
500	0	2	106	19	90	1	32	1	1	rational	weight_500.json
500	0	2	91	19	45	1	33	1	1	rational	weight_500.json
500	0	2	16	19	70	1	34	1	1	rational	weight_500.json
500	0	2	109	19	70	1	35	1	1	rational	weight_500.json
500	0	2	106	19	90	1	36	1	1	rational	weight_500.json
500	0	2	119	19	40	1	37	1	1	rational	weight_500.json
500	0	2	59	19	95	1	38	1	1	rational	weight_500.json
500	0	2	109	19	70	1	39	1	1	rational	weight_500.json
500	0	2	31	19	115	1	40	1	1	rational	weight_500.json
500	0	2	64	19	80	1	41	1	1	rational	weight_500.json
502	2	2	122	19	20	1	1	1	1	rational	weight_502.json
502	2	2	122	19	20	1	2	1	1	rational	weight_502.json
502	2	2	3	19	20	1	3	1	1	rational	weight_502.json
502	2	2	122	19	20	1	4	1	1	rational	weight_502.json
502	2	2	107	19	30	1	5	1	1	rational	weight_502.json
502	2	2	38	19	85	1	6	1	1	rational	weight_502.json
502	2	2	82	19	5	1	7	1	1	rational	weight_502.json
502	2	2	87	19	85	1	8	1	1	rational	weight_502.json
502	2	2	118	19	55	1	9	1	1	rational	weight_502.json
502	2	2	113	19	10	1	10	1	1	rational	weight_502.json
502	2	2	93	19	80	1	11	1	1	rational	weight_502.json
502	2	2	18	19	30	1	12	1	1	rational	weight_502.json
502	2	2	3	19	20	1	13	1	1	rational	weight_502.json
502	2	2	107	19	30	1	14	1	1	rational	weight_502.json
502	2	2	93	19	80	1	15	1	1	rational	weight_502.json
502	2	2	12	19	10	1	16	1	1	rational	weight_502.json
502	2	2	82	19	5	1	17	1	1	rational	weight_502.json
502	2	2	37	19	35	1	18	1	1	rational	weight_502.json
502	2	2	63	19	60	1	19	1	1	rational	weight_502.json
502	2	2	113	19	10	1	20	1	1	rational	weight_502.json
502	2	2	88	19	35	1	21	1	1	rational	weight_502.json
502	2	2	68	19	105	1	22	1	1	rational	weight_502.json
502	2	2	118	19	55	1	23	1	1	rational	weight_502.json
502	2	2	62	19	60	1	24	1	1	rational	weight_502.json
502	2	2	63	19	60	1	25	1	1	rational	weight_502.json
502	2	2	57	19	105	1	26	1	1	rational	weight_502.json
502	2	2	7	19	55	1	27	1	1	rational	weight_502.json
502	2	2	37	19	35	1	28	1	1	rational	weight_502.json
502	2	2	112	19	110	1	29	1	1	rational	weight_502.json
502	2	2	57	19	105	1	30	1	1	rational	weight_502.json
502	2	2	122	19	20	1	31	1	1	rational	weight_502.json
502	2	2	3	19	20	1	32	1	1	rational	weight_502.json
502	2	2	38	19	85	1	33	1	1	rational	weight_502.json
502	2	2	43	19	5	1	34	1	1	rational	weight_502.json
502	2	2	13	19	110	1	35	1	1	rational	weight_502.json
502	2	2	32	19	80	1	36	1	1	rational	weight_502.json
502	2	2	68	19	105	1	37	1	1	rational	weight_502.json
502	2	2	112	19	110	1	38	1	1	rational	weight_502.json
502	2	2	87	19	85	1	39	1	1	rational	weight_502.json
502	2	2	62	19	60	1	40	1	1	rational	weight_502.json
502	2	2	3	19	20	1	41	1	1	rational	weight_502.json
504	4	2	59	19	85	1	1	1	1	rational	weight_504.json
504	4	2	116	19	110	1	2	1	1	rational	weight_504.json
504	4	2	26	19	40	1	3	1	1	rational	weight_504.json
504	4	2	34	19	35	1	4	1	1	rational	weight_504.json
504	4	2	101	19	15	1	5	1	1	rational	weight_504.json
504	4	2	34	19	35	1	6	1	1	rational	weight_504.json
504	4	2	9	19	110	1	7	1	1	rational	weight_504.json
504	4	2	74	19	115	1	8	1	1	rational	weight_504.json
504	4	2	24	19	15	1	9	1	1	rational	weight_504.json
504	4	2	124	19	90	1	10	1	1	rational	weight_504.json
504	4	2	76	19	65	1	11	1	1	rational	weight_504.json
504	4	2	116	19	110	1	12	1	1	rational	weight_504.json
504	4	2	109	19	60	1	13	1	1	rational	weight_504.json
504	4	2	16	19	60	1	14	1	1	rational	weight_504.json
504	4	2	4	19	100	1	15	1	1	rational	weight_504.json
504	4	2	91	19	35	1	16	1	1	rational	weight_504.json
504	4	2	66	19	85	1	17	1	1	rational	weight_504.json
504	4	2	41	19	10	1	18	1	1	rational	weight_504.json
504	4	2	59	19	85	1	19	1	1	rational	weight_504.json
504	4	2	101	19	15	1	20	1	1	rational	weight_504.json
504	4	2	51	19	115	1	21	1	1	rational	weight_504.json
504	4	2	121	19	100	1	22	1	1	rational	weight_504.json
504	4	2	74	19	115	1	23	1	1	rational	weight_504.json
504	4	2	124	19	90	1	24	1	1	rational	weight_504.json
504	4	2	4	19	100	1	25	1	1	rational	weight_504.json
504	4	2	99	19	40	1	26	1	1	rational	weight_504.json
504	4	2	121	19	100	1	27	1	1	rational	weight_504.json
504	4	2	121	19	100	1	28	1	1	rational	weight_504.json
504	4	2	26	19	40	1	29	1	1	rational	weight_504.json
504	4	2	49	19	65	1	30	1	1	rational	weight_504.json
504	4	2	121	19	100	1	31	1	1	rational	weight_504.json
504	4	2	16	19	60	1	32	1	1	rational	weight_504.json
504	4	2	4	19	100	1	33	1	1	rational	weight_504.json
504	4	2	84	19	10	1	34	1	1	rational	weight_504.json
504	4	2	109	19	60	1	35	1	1	rational	weight_504.json
504	4	2	24	19	15	1	36	1	1	rational	weight_504.json
504	4	2	76	19	65	1	37	1	1	rational	weight_504.json
504	4	2	4	19	100	1	38	1	1	rational	weight_504.json
504	4	2	1	19	90	1	39	1	1	rational	weight_504.json
504	4	2	121	19	100	1	40	1	1	rational	weight_504.json
504	4	2	91	19	35	1	41	1	1	rational	weight_504.json
504	4	2	84	19	10	1	42	1	1	rational	weight_504.json
506	6	2	88	19	20	1	1	1	1	rational	weight_506.json
506	6	2	2	19	60	1	2	1	1	rational	weight_506.json
506	6	2	13	19	95	1	3	1	1	rational	weight_506.json
506	6	2	2	19	60	1	4	1	1	rational	weight_506.json
506	6	2	87	19	70	1	5	1	1	rational	weight_506.json
506	6	2	38	19	70	1	6	1	1	rational	weight_506.json
506	6	2	112	19	95	1	7	1	1	rational	weight_506.json
506	6	2	58	19	75	1	8	1	1	rational	weight_506.json
506	6	2	123	19	60	1	9	1	1	rational	weight_506.json
506	6	2	42	19	50	1	10	1	1	rational	weight_506.json
506	6	2	83	19	50	1	11	1	1	rational	weight_506.json
506	6	2	2	19	60	1	12	1	1	rational	weight_506.json
506	6	2	58	19	75	1	13	1	1	rational	weight_506.json
506	6	2	13	19	95	1	14	1	1	rational	weight_506.json
506	6	2	33	19	100	1	15	1	1	rational	weight_506.json
506	6	2	113	19	120	1	16	1	1	rational	weight_506.json
506	6	2	88	19	20	1	17	1	1	rational	weight_506.json
506	6	2	17	19	25	1	18	1	1	rational	weight_506.json
506	6	2	67	19	75	1	19	1	1	rational	weight_506.json
506	6	2	17	19	25	1	20	1	1	rational	weight_506.json
506	6	2	117	19	0	1	21	1	1	rational	weight_506.json
506	6	2	108	19	25	1	22	1	1	rational	weight_506.json
506	6	2	123	19	60	1	23	1	1	rational	weight_506.json
506	6	2	2	19	60	1	24	1	1	rational	weight_506.json
506	6	2	62	19	45	1	25	1	1	rational	weight_506.json
506	6	2	92	19	100	1	26	1	1	rational	weight_506.json
506	6	2	113	19	120	1	27	1	1	rational	weight_506.json
506	6	2	2	19	60	1	28	1	1	rational	weight_506.json
506	6	2	112	19	95	1	29	1	1	rational	weight_506.json
506	6	2	123	19	60	1	30	1	1	rational	weight_506.json
506	6	2	108	19	25	1	31	1	1	rational	weight_506.json
506	6	2	42	19	50	1	32	1	1	rational	weight_506.json
506	6	2	12	19	120	1	33	1	1	rational	weight_506.json
506	6	2	37	19	20	1	34	1	1	rational	weight_506.json
506	6	2	123	19	60	1	35	1	1	rational	weight_506.json
506	6	2	62	19	45	1	36	1	1	rational	weight_506.json
506	6	2	92	19	100	1	37	1	1	rational	weight_506.json
506	6	2	8	19	0	1	38	1	1	rational	weight_506.json
506	6	2	8	19	0	1	39	1	1	rational	weight_506.json
506	6	2	87	19	70	1	40	1	1	rational	weight_506.json
506	6	2	63	19	45	1	41	1	1	rational	weight_506.json
508	8	2	54	19	90	1	1	1	1	rational	weight_508.json
508	8	2	79	19	15	1	2	1	1	rational	weight_508.json
508	8	2	36	19	85	1	3	1	1	rational	weight_508.json
508	8	2	34	19	75	1	4	1	1	rational	weight_508.json
508	8	2	46	19	15	1	5	1	1	rational	weight_508.json
508	8	2	4	19	115	1	6	1	1	rational	weight_508.json
508	8	2	71	19	90	1	7	1	1	rational	weight_508.json
508	8	2	121	19	115	1	8	1	1	rational	weight_508.json
508	8	2	114	19	10	1	9	1	1	rational	weight_508.json
508	8	2	91	19	75	1	10	1	1	rational	weight_508.json
508	8	2	39	19	110	1	11	1	1	rational	weight_508.json
508	8	2	89	19	85	1	12	1	1	rational	weight_508.json
508	8	2	64	19	35	1	13	1	1	rational	weight_508.json
508	8	2	61	19	35	1	14	1	1	rational	weight_508.json
508	8	2	34	19	75	1	15	1	1	rational	weight_508.json
508	8	2	34	19	75	1	16	1	1	rational	weight_508.json
508	8	2	21	19	65	1	17	1	1	rational	weight_508.json
508	8	2	11	19	10	1	18	1	1	rational	weight_508.json
508	8	2	96	19	40	1	19	1	1	rational	weight_508.json
508	8	2	61	19	35	1	20	1	1	rational	weight_508.json
508	8	2	34	19	75	1	21	1	1	rational	weight_508.json
508	8	2	91	19	75	1	22	1	1	rational	weight_508.json
508	8	2	121	19	115	1	23	1	1	rational	weight_508.json
508	8	2	104	19	65	1	24	1	1	rational	weight_508.json
508	8	2	114	19	10	1	25	1	1	rational	weight_508.json
508	8	2	86	19	110	1	26	1	1	rational	weight_508.json
508	8	2	29	19	40	1	27	1	1	rational	weight_508.json
508	8	2	79	19	15	1	28	1	1	rational	weight_508.json
508	8	2	104	19	65	1	29	1	1	rational	weight_508.json
508	8	2	71	19	90	1	30	1	1	rational	weight_508.json
508	8	2	46	19	15	1	31	1	1	rational	weight_508.json
508	8	2	34	19	75	1	32	1	1	rational	weight_508.json
508	8	2	29	19	40	1	33	1	1	rational	weight_508.json
508	8	2	36	19	85	1	34	1	1	rational	weight_508.json
508	8	2	91	19	75	1	35	1	1	rational	weight_508.json
508	8	2	39	19	110	1	36	1	1	rational	weight_508.json
508	8	2	111	19	60	1	37	1	1	rational	weight_508.json
508	8	2	111	19	60	1	38	1	1	rational	weight_508.json
508	8	2	11	19	10	1	39	1	1	rational	weight_508.json
508	8	2	91	19	75	1	40	1	1	rational	weight_508.json
508	8	2	14	19	60	1	41	2	1	rational	weight_508.json
510	10	2	88	19	80	1	1	1	1	rational	weight_510.json
510	10	2	42	19	60	1	2	1	1	rational	weight_510.json
510	10	2	58	19	85	1	3	1	1	rational	weight_510.json
510	10	2	63	19	105	1	4	1	1	rational	weight_510.json
510	10	2	112	19	30	1	5	1	1	rational	weight_510.json
510	10	2	33	19	110	1	6	1	1	rational	weight_510.json
510	10	2	123	19	95	1	7	1	1	rational	weight_510.json
510	10	2	63	19	105	1	8	1	1	rational	weight_510.json
510	10	2	117	19	10	1	9	1	1	rational	weight_510.json
510	10	2	83	19	60	1	10	1	1	rational	weight_510.json
510	10	2	123	19	95	1	11	1	1	rational	weight_510.json
510	10	2	117	19	10	1	12	1	1	rational	weight_510.json
510	10	2	62	19	105	1	13	1	1	rational	weight_510.json
510	10	2	17	19	35	1	14	1	1	rational	weight_510.json
510	10	2	12	19	55	1	15	1	1	rational	weight_510.json
510	10	2	2	19	95	1	16	1	1	rational	weight_510.json
510	10	2	112	19	30	1	17	1	1	rational	weight_510.json
510	10	2	88	19	80	1	18	1	1	rational	weight_510.json
510	10	2	123	19	95	1	19	1	1	rational	weight_510.json
510	10	2	58	19	85	1	20	1	1	rational	weight_510.json
510	10	2	17	19	35	1	21	1	1	rational	weight_510.json
510	10	2	38	19	5	1	22	1	1	rational	weight_510.json
510	10	2	13	19	30	1	23	1	1	rational	weight_510.json
510	10	2	123	19	95	1	24	1	1	rational	weight_510.json
510	10	2	87	19	5	1	25	1	1	rational	weight_510.json
510	10	2	108	19	35	1	26	1	1	rational	weight_510.json
510	10	2	38	19	5	1	27	1	1	rational	weight_510.json
510	10	2	113	19	55	1	28	1	1	rational	weight_510.json
510	10	2	42	19	60	1	29	1	1	rational	weight_510.json
510	10	2	2	19	95	1	30	1	1	rational	weight_510.json
510	10	2	92	19	110	1	31	1	1	rational	weight_510.json
510	10	2	87	19	5	1	32	1	1	rational	weight_510.json
510	10	2	2	19	95	1	33	1	1	rational	weight_510.json
510	10	2	2	19	95	1	34	1	1	rational	weight_510.json
510	10	2	123	19	95	1	35	1	1	rational	weight_510.json
510	10	2	83	19	60	1	36	1	1	rational	weight_510.json
510	10	2	12	19	55	1	37	1	1	rational	weight_510.json
510	10	2	92	19	110	1	38	1	1	rational	weight_510.json
510	10	2	37	19	80	1	39	1	1	rational	weight_510.json
510	10	2	67	19	85	1	40	1	1	rational	weight_510.json
510	10	2	8	19	10	1	41	1	2	rational	weight_510.json
512	12	2	26	19	70	1	1	1	1	rational	weight_512.json
512	12	2	71	19	30	1	2	1	1	rational	weight_512.json
512	12	2	74	19	20	1	3	1	1	rational	weight_512.json
512	12	2	76	19	95	1	4	1	1	rational	weight_512.json
512	12	2	54	19	30	1	5	1	1	rational	weight_512.json
512	12	2	59	19	90	1	6	1	1	rational	weight_512.json
512	12	2	54	19	30	1	7	1	1	rational	weight_512.json
512	12	2	116	19	115	1	8	1	1	rational	weight_512.json
512	12	2	54	19	30	1	9	1	1	rational	weight_512.json
512	12	2	66	19	90	1	10	1	1	rational	weight_512.json
512	12	2	99	19	70	1	11	1	1	rational	weight_512.json
512	12	2	49	19	95	1	12	1	1	rational	weight_512.json
512	12	2	24	19	45	1	13	1	1	rational	weight_512.json
512	12	2	51	19	20	1	14	1	1	rational	weight_512.json
512	12	2	99	19	70	1	15	1	1	rational	weight_512.json
512	12	2	71	19	30	1	16	1	1	rational	weight_512.json
512	12	2	116	19	115	1	17	1	1	rational	weight_512.json
512	12	2	101	19	45	1	18	1	1	rational	weight_512.json
512	12	2	71	19	30	1	19	1	1	rational	weight_512.json
512	12	2	54	19	30	1	20	1	1	rational	weight_512.json
512	12	2	109	19	65	1	21	1	1	rational	weight_512.json
512	12	2	16	19	65	1	22	1	1	rational	weight_512.json
512	12	2	76	19	95	1	23	1	1	rational	weight_512.json
512	12	2	34	19	40	1	24	1	1	rational	weight_512.json
512	12	2	26	19	70	1	25	1	1	rational	weight_512.json
512	12	2	1	19	120	1	26	1	1	rational	weight_512.json
512	12	2	84	19	15	1	27	1	1	rational	weight_512.json
512	12	2	84	19	15	1	28	1	1	rational	weight_512.json
512	12	2	9	19	115	1	29	1	1	rational	weight_512.json
512	12	2	1	19	120	1	30	1	1	rational	weight_512.json
512	12	2	24	19	45	1	31	1	1	rational	weight_512.json
512	12	2	66	19	90	1	32	1	1	rational	weight_512.json
512	12	2	9	19	115	1	33	1	1	rational	weight_512.json
512	12	2	34	19	40	1	34	1	1	rational	weight_512.json
512	12	2	74	19	20	1	35	1	1	rational	weight_512.json
512	12	2	41	19	15	1	36	1	1	rational	weight_512.json
512	12	2	101	19	45	1	37	1	1	rational	weight_512.json
512	12	2	109	19	65	1	38	1	1	rational	weight_512.json
512	12	2	124	19	120	1	39	1	1	rational	weight_512.json
512	12	2	71	19	30	1	40	1	1	rational	weight_512.json
512	12	2	91	19	40	1	41	1	2	rational	weight_512.json
514	14	2	118	19	10	1	1	1	1	rational	weight_514.json
514	14	2	28	19	0	1	2	1	1	rational	weight_514.json
514	14	2	28	19	0	1	3	1	1	rational	weight_514.json
514	14	2	37	19	90	1	4	1	1	rational	weight_514.json
514	14	2	28	19	0	1	5	1	1	rational	weight_514.json
514	14	2	63	19	115	1	6	1	1	rational	weight_514.json
514	14	2	88	19	90	1	7	1	1	rational	weight_514.json
514	14	2	97	19	0	1	8	1	1	rational	weight_514.json
514	14	2	18	19	110	1	9	1	1	rational	weight_514.json
514	14	2	93	19	35	1	10	1	1	rational	weight_514.json
514	14	2	82	19	85	1	11	1	1	rational	weight_514.json
514	14	2	28	19	0	1	12	1	1	rational	weight_514.json
514	14	2	18	19	110	1	13	1	1	rational	weight_514.json
514	14	2	32	19	35	1	14	1	1	rational	weight_514.json
514	14	2	32	19	35	1	15	1	1	rational	weight_514.json
514	14	2	112	19	40	1	16	1	1	rational	weight_514.json
514	14	2	87	19	15	1	17	1	1	rational	weight_514.json
514	14	2	107	19	110	1	18	1	1	rational	weight_514.json
514	14	2	82	19	85	1	19	1	1	rational	weight_514.json
514	14	2	43	19	85	1	20	1	1	rational	weight_514.json
514	14	2	43	19	85	1	21	1	1	rational	weight_514.json
514	14	2	68	19	60	1	22	1	1	rational	weight_514.json
514	14	2	12	19	65	1	23	1	1	rational	weight_514.json
514	14	2	112	19	40	1	24	1	1	rational	weight_514.json
514	14	2	38	19	15	1	25	1	1	rational	weight_514.json
514	14	2	97	19	0	1	26	1	1	rational	weight_514.json
514	14	2	13	19	40	1	27	1	1	rational	weight_514.json
514	14	2	38	19	15	1	28	1	1	rational	weight_514.json
514	14	2	12	19	65	1	29	1	1	rational	weight_514.json
514	14	2	97	19	0	1	30	1	1	rational	weight_514.json
514	14	2	107	19	110	1	31	1	1	rational	weight_514.json
514	14	2	13	19	40	1	32	1	1	rational	weight_514.json
514	14	2	88	19	90	1	33	1	1	rational	weight_514.json
514	14	2	57	19	60	1	34	1	1	rational	weight_514.json
514	14	2	118	19	10	1	35	1	1	rational	weight_514.json
514	14	2	57	19	60	1	36	1	1	rational	weight_514.json
514	14	2	113	19	65	1	37	1	1	rational	weight_514.json
514	14	2	63	19	115	1	38	1	1	rational	weight_514.json
514	14	2	7	19	10	1	39	1	1	rational	weight_514.json
514	14	2	97	19	0	1	40	1	1	rational	weight_514.json
514	14	2	62	19	115	1	41	2	1	rational	weight_514.json
516	16	2	84	19	30	1	1	1	1	rational	weight_516.json
516	16	2	61	19	65	1	2	1	1	rational	weight_516.json
516	16	2	94	19	75	1	3	1	1	rational	weight_516.json
516	16	2	106	19	50	1	4	1	1	rational	weight_516.json
516	16	2	119	19	0	1	5	1	1	rational	weight_516.json
516	16	2	81	19	100	1	6	1	1	rational	weight_516.json
516	16	2	9	19	5	1	7	1	1	rational	weight_516.json
516	16	2	16	19	80	1	8	1	1	rational	weight_516.json
516	16	2	109	19	80	1	9	1	1	rational	weight_516.json
516	16	2	19	19	50	1	10	1	1	rational	weight_516.json
516	16	2	69	19	25	1	11	1	1	rational	weight_516.json
516	16	2	61	19	65	1	12	1	1	rational	weight_516.json
516	16	2	6	19	0	1	13	1	1	rational	weight_516.json
516	16	2	64	19	65	1	14	1	1	rational	weight_516.json
516	16	2	64	19	65	1	15	1	1	rational	weight_516.json
516	16	2	34	19	55	1	16	1	1	rational	weight_516.json
516	16	2	106	19	50	1	17	1	1	rational	weight_516.json
516	16	2	66	19	105	1	18	1	1	rational	weight_516.json
516	16	2	116	19	5	1	19	1	1	rational	weight_516.json
516	16	2	31	19	75	1	20	1	1	rational	weight_516.json
516	16	2	69	19	25	1	21	1	1	rational	weight_516.json
516	16	2	66	19	105	1	22	1	1	rational	weight_516.json
516	16	2	109	19	80	1	23	1	1	rational	weight_516.json
516	16	2	81	19	100	1	24	1	1	rational	weight_516.json
516	16	2	91	19	55	1	25	1	1	rational	weight_516.json
516	16	2	59	19	105	1	26	1	1	rational	weight_516.json
516	16	2	61	19	65	1	27	1	1	rational	weight_516.json
516	16	2	91	19	55	1	28	1	1	rational	weight_516.json
516	16	2	44	19	100	1	29	1	1	rational	weight_516.json
516	16	2	41	19	30	1	30	1	1	rational	weight_516.json
516	16	2	116	19	5	1	31	1	1	rational	weight_516.json
516	16	2	6	19	0	1	32	1	1	rational	weight_516.json
516	16	2	41	19	30	1	33	1	1	rational	weight_516.json
516	16	2	64	19	65	1	34	1	1	rational	weight_516.json
516	16	2	94	19	75	1	35	1	1	rational	weight_516.json
516	16	2	9	19	5	1	36	1	1	rational	weight_516.json
516	16	2	44	19	100	1	37	1	1	rational	weight_516.json
516	16	2	61	19	65	1	38	1	1	rational	weight_516.json
516	16	2	64	19	65	1	39	1	1	rational	weight_516.json
516	16	2	34	19	55	1	40	1	1	rational	weight_516.json
516	16	2	84	19	30	1	41	1	1	rational	weight_516.json
516	16	2	56	19	25	1	42	1	2	rational	weight_516.json
518	18	2	62	19	75	1	1	1	1	rational	weight_518.json
518	18	2	63	19	75	1	2	1	1	rational	weight_518.json
518	18	2	97	19	110	1	3	1	1	rational	weight_518.json
518	18	2	23	19	115	1	4	1	1	rational	weight_518.json
518	18	2	122	19	10	1	5	1	1	rational	weight_518.json
518	18	2	73	19	65	1	6	1	1	rational	weight_518.json
518	18	2	103	19	35	1	7	1	1	rational	weight_518.json
518	18	2	63	19	75	1	8	1	1	rational	weight_518.json
518	18	2	98	19	40	1	9	1	1	rational	weight_518.json
518	18	2	22	19	35	1	10	1	1	rational	weight_518.json
518	18	2	22	19	35	1	11	1	1	rational	weight_518.json
518	18	2	47	19	60	1	12	1	1	rational	weight_518.json
518	18	2	97	19	110	1	13	1	1	rational	weight_518.json
518	18	2	62	19	75	1	14	1	1	rational	weight_518.json
518	18	2	103	19	35	1	15	1	1	rational	weight_518.json
518	18	2	52	19	65	1	16	1	1	rational	weight_518.json
518	18	2	77	19	90	1	17	1	1	rational	weight_518.json
518	18	2	3	19	10	1	18	1	1	rational	weight_518.json
518	18	2	2	19	15	1	19	1	1	rational	weight_518.json
518	18	2	3	19	10	1	20	1	1	rational	weight_518.json
518	18	2	47	19	60	1	21	1	1	rational	weight_518.json
518	18	2	72	19	85	1	22	1	1	rational	weight_518.json
518	18	2	122	19	10	1	23	1	1	rational	weight_518.json
518	18	2	52	19	65	1	24	1	1	rational	weight_518.json
518	18	2	102	19	115	1	25	1	1	rational	weight_518.json
518	18	2	63	19	75	1	26	1	1	rational	weight_518.json
518	18	2	123	19	15	1	27	1	1	rational	weight_518.json
518	18	2	53	19	85	1	28	1	1	rational	weight_518.json
518	18	2	62	19	75	1	29	1	1	rational	weight_518.json
518	18	2	28	19	110	1	30	1	1	rational	weight_518.json
518	18	2	28	19	110	1	31	1	1	rational	weight_518.json
518	18	2	98	19	40	1	32	1	1	rational	weight_518.json
518	18	2	78	19	60	1	33	1	1	rational	weight_518.json
518	18	2	53	19	85	1	34	1	1	rational	weight_518.json
518	18	2	77	19	90	1	35	1	1	rational	weight_518.json
518	18	2	62	19	75	1	36	1	1	rational	weight_518.json
518	18	2	27	19	40	1	37	1	1	rational	weight_518.json
518	18	2	102	19	115	1	38	1	1	rational	weight_518.json
518	18	2	63	19	75	1	39	1	1	rational	weight_518.json
518	18	2	123	19	15	1	40	1	1	rational	weight_518.json
518	18	2	48	19	90	1	41	1	2	rational	weight_518.json
520	20	2	39	19	105	1	1	1	1	rational	weight_520.json
520	20	2	94	19	65	1	2	1	1	rational	weight_520.json
520	20	2	109	19	20	1	3	1	1	rational	weight_520.json
520	20	2	44	19	90	1	4	1	1	rational	weight_520.json
520	20	2	116	19	70	1	5	1	1	rational	weight_520.json
520	20	2	91	19	120	1	6	1	1	rational	weight_520.json
520	20	2	86	19	105	1	7	1	1	rational	weight_520.json
520	20	2	81	19	90	1	8	1	1	rational	weight_520.json
520	20	2	66	19	45	1	9	1	1	rational	weight_520.json
520	20	2	86	19	105	1	10	1	1	rational	weight_520.json
520	20	2	66	19	45	1	11	1	1	rational	weight_520.json
520	20	2	86	19	105	1	12	1	1	rational	weight_520.json
520	20	2	91	19	120	1	13	1	1	rational	weight_520.json
520	20	2	41	19	95	1	14	1	1	rational	weight_520.json
520	20	2	39	19	105	1	15	1	1	rational	weight_520.json
520	20	2	59	19	45	1	16	1	1	rational	weight_520.json
520	20	2	84	19	95	1	17	1	1	rational	weight_520.json
520	20	2	116	19	70	1	18	1	1	rational	weight_520.json
520	20	2	19	19	40	1	19	1	1	rational	weight_520.json
520	20	2	109	19	20	1	20	1	1	rational	weight_520.json
520	20	2	9	19	70	1	21	1	1	rational	weight_520.json
520	20	2	84	19	95	1	22	1	1	rational	weight_520.json
520	20	2	86	19	105	1	23	1	1	rational	weight_520.json
520	20	2	16	19	20	1	24	1	1	rational	weight_520.json
520	20	2	56	19	15	1	25	1	1	rational	weight_520.json
520	20	2	44	19	90	1	26	1	1	rational	weight_520.json
520	20	2	59	19	45	1	27	1	1	rational	weight_520.json
520	20	2	6	19	115	1	28	1	1	rational	weight_520.json
520	20	2	39	19	105	1	29	1	1	rational	weight_520.json
520	20	2	119	19	115	1	30	1	1	rational	weight_520.json
520	20	2	19	19	40	1	31	1	1	rational	weight_520.json
520	20	2	41	19	95	1	32	1	1	rational	weight_520.json
520	20	2	69	19	15	1	33	1	1	rational	weight_520.json
520	20	2	39	19	105	1	34	1	1	rational	weight_520.json
520	20	2	34	19	120	1	35	1	1	rational	weight_520.json
520	20	2	106	19	40	1	36	1	1	rational	weight_520.json
520	20	2	81	19	90	1	37	1	1	rational	weight_520.json
520	20	2	9	19	70	1	38	1	1	rational	weight_520.json
520	20	2	94	19	65	1	39	1	1	rational	weight_520.json
520	20	2	6	19	115	1	40	1	1	rational	weight_520.json
520	20	2	56	19	15	1	41	1	1	rational	weight_520.json
520	20	2	31	19	65	1	42	2	1	rational	weight_520.json
522	22	2	93	19	5	1	1	1	1	rational	weight_522.json
522	22	2	113	19	60	1	2	1	1	rational	weight_522.json
522	22	2	82	19	55	1	3	1	1	rational	weight_522.json
522	22	2	97	19	45	1	4	1	1	rational	weight_522.json
522	22	2	57	19	30	1	5	1	1	rational	weight_522.json
522	22	2	62	19	110	1	6	1	1	rational	weight_522.json
522	22	2	38	19	10	1	7	1	1	rational	weight_522.json
522	22	2	62	19	110	1	8	1	1	rational	weight_522.json
522	22	2	37	19	85	1	9	1	1	rational	weight_522.json
522	22	2	38	19	10	1	10	1	1	rational	weight_522.json
522	22	2	68	19	30	1	11	1	1	rational	weight_522.json
522	22	2	118	19	105	1	12	1	1	rational	weight_522.json
522	22	2	57	19	30	1	13	1	1	rational	weight_522.json
522	22	2	18	19	80	1	14	1	1	rational	weight_522.json
522	22	2	32	19	5	1	15	1	1	rational	weight_522.json
522	22	2	7	19	105	1	16	1	1	rational	weight_522.json
522	22	2	13	19	35	1	17	1	1	rational	weight_522.json
522	22	2	107	19	80	1	18	1	1	rational	weight_522.json
522	22	2	7	19	105	1	19	1	1	rational	weight_522.json
522	22	2	28	19	45	1	20	1	1	rational	weight_522.json
522	22	2	12	19	60	1	21	1	1	rational	weight_522.json
522	22	2	107	19	80	1	22	1	1	rational	weight_522.json
522	22	2	97	19	45	1	23	1	1	rational	weight_522.json
522	22	2	28	19	45	1	24	1	1	rational	weight_522.json
522	22	2	87	19	10	1	25	1	1	rational	weight_522.json
522	22	2	118	19	105	1	26	1	1	rational	weight_522.json
522	22	2	88	19	85	1	27	1	1	rational	weight_522.json
522	22	2	87	19	10	1	28	1	1	rational	weight_522.json
522	22	2	68	19	30	1	29	1	1	rational	weight_522.json
522	22	2	113	19	60	1	30	1	1	rational	weight_522.json
522	22	2	13	19	35	1	31	1	1	rational	weight_522.json
522	22	2	97	19	45	1	32	1	1	rational	weight_522.json
522	22	2	28	19	45	1	33	1	1	rational	weight_522.json
522	22	2	93	19	5	1	34	1	1	rational	weight_522.json
522	22	2	37	19	85	1	35	1	1	rational	weight_522.json
522	22	2	63	19	110	1	36	1	1	rational	weight_522.json
522	22	2	28	19	45	1	37	1	1	rational	weight_522.json
522	22	2	43	19	55	1	38	1	1	rational	weight_522.json
522	22	2	97	19	45	1	39	1	1	rational	weight_522.json
522	22	2	43	19	55	1	40	1	1	rational	weight_522.json
522	22	2	32	19	5	1	41	1	1	rational	weight_522.json
522	22	2	112	19	35	1	42	2	1	rational	weight_522.json
524	24	2	16	19	10	1	1	1	1	rational	weight_524.json
524	24	2	91	19	110	1	2	1	1	rational	weight_524.json
524	24	2	66	19	35	1	3	1	1	rational	weight_524.json
524	24	2	51	19	65	1	4	1	1	rational	weight_524.json
524	24	2	51	19	65	1	5	1	1	rational	weight_524.json
524	24	2	54	19	25	1	6	1	1	rational	weight_524.json
524	24	2	66	19	35	1	7	1	1	rational	weight_524.json
524	24	2	54	19	25	1	8	1	1	rational	weight_524.json
524	24	2	54	19	25	1	9	1	1	rational	weight_524.json
524	24	2	124	19	40	1	10	1	1	rational	weight_524.json
524	24	2	76	19	15	1	11	1	1	rational	weight_524.json
524	24	2	49	19	15	1	12	1	1	rational	weight_524.json
524	24	2	1	19	40	1	13	1	1	rational	weight_524.json
524	24	2	9	19	60	1	14	1	1	rational	weight_524.json
524	24	2	84	19	85	1	15	1	1	rational	weight_524.json
524	24	2	1	19	40	1	16	1	1	rational	weight_524.json
524	24	2	54	19	25	1	17	1	1	rational	weight_524.json
524	24	2	71	19	25	1	18	1	1	rational	weight_524.json
524	24	2	41	19	85	1	19	1	1	rational	weight_524.json
524	24	2	76	19	15	1	20	1	1	rational	weight_524.json
524	24	2	101	19	90	1	21	1	1	rational	weight_524.json
524	24	2	101	19	90	1	22	1	1	rational	weight_524.json
524	24	2	71	19	25	1	23	1	1	rational	weight_524.json
524	24	2	71	19	25	1	24	1	1	rational	weight_524.json
524	24	2	26	19	115	1	25	1	1	rational	weight_524.json
524	24	2	24	19	90	1	26	1	1	rational	weight_524.json
524	24	2	99	19	115	1	27	1	1	rational	weight_524.json
524	24	2	109	19	10	1	28	1	1	rational	weight_524.json
524	24	2	34	19	110	1	29	1	1	rational	weight_524.json
524	24	2	74	19	65	1	30	1	1	rational	weight_524.json
524	24	2	116	19	60	1	31	1	1	rational	weight_524.json
524	24	2	24	19	90	1	32	1	1	rational	weight_524.json
524	24	2	34	19	110	1	33	1	1	rational	weight_524.json
524	24	2	71	19	25	1	34	1	1	rational	weight_524.json
524	24	2	116	19	60	1	35	1	1	rational	weight_524.json
524	24	2	124	19	40	1	36	1	1	rational	weight_524.json
524	24	2	99	19	115	1	37	1	1	rational	weight_524.json
524	24	2	16	19	10	1	38	1	1	rational	weight_524.json
524	24	2	71	19	25	1	39	1	1	rational	weight_524.json
524	24	2	9	19	60	1	40	1	1	rational	weight_524.json
524	24	2	84	19	85	1	41	1	1	rational	weight_524.json
524	24	2	59	19	35	1	42	1	2	rational	weight_524.json
526	26	2	67	19	0	1	1	1	1	rational	weight_526.json
526	26	2	38	19	120	1	2	1	1	rational	weight_526.json
526	26	2	58	19	0	1	3	1	1	rational	weight_526.json
526	26	2	48	19	60	1	4	1	1	rational	weight_526.json
526	26	2	108	19	75	1	5	1	1	rational	weight_526.json
526	26	2	17	19	75	1	6	1	1	rational	weight_526.json
526	26	2	112	19	20	1	7	1	1	rational	weight_526.json
526	26	2	92	19	25	1	8	1	1	rational	weight_526.json
526	26	2	108	19	75	1	9	1	1	rational	weight_526.json
526	26	2	62	19	95	1	10	1	1	rational	weight_526.json
526	26	2	112	19	20	1	11	1	1	rational	weight_526.json
526	26	2	67	19	0	1	12	1	1	rational	weight_526.json
526	26	2	77	19	60	1	13	1	1	rational	weight_526.json
526	26	2	13	19	20	1	14	1	1	rational	weight_526.json
526	26	2	87	19	120	1	15	1	1	rational	weight_526.json
526	26	2	48	19	60	1	16	1	1	rational	weight_526.json
526	26	2	63	19	95	1	17	1	1	rational	weight_526.json
526	26	2	117	19	50	1	18	1	1	rational	weight_526.json
526	26	2	87	19	120	1	19	1	1	rational	weight_526.json
526	26	2	8	19	50	1	20	1	1	rational	weight_526.json
526	26	2	37	19	70	1	21	1	1	rational	weight_526.json
526	26	2	77	19	60	1	22	1	1	rational	weight_526.json
526	26	2	113	19	45	1	23	1	1	rational	weight_526.json
526	26	2	113	19	45	1	24	1	1	rational	weight_526.json
526	26	2	33	19	25	1	25	1	1	rational	weight_526.json
526	26	2	62	19	95	1	26	1	1	rational	weight_526.json
526	26	2	88	19	70	1	27	1	1	rational	weight_526.json
526	26	2	77	19	60	1	28	1	1	rational	weight_526.json
526	26	2	77	19	60	1	29	1	1	rational	weight_526.json
526	26	2	83	19	100	1	30	1	1	rational	weight_526.json
526	26	2	48	19	60	1	31	1	1	rational	weight_526.json
526	26	2	37	19	70	1	32	1	1	rational	weight_526.json
526	26	2	17	19	75	1	33	1	1	rational	weight_526.json
526	26	2	8	19	50	1	34	1	1	rational	weight_526.json
526	26	2	77	19	60	1	35	1	1	rational	weight_526.json
526	26	2	48	19	60	1	36	1	1	rational	weight_526.json
526	26	2	88	19	70	1	37	1	1	rational	weight_526.json
526	26	2	38	19	120	1	38	1	1	rational	weight_526.json
526	26	2	12	19	45	1	39	1	1	rational	weight_526.json
526	26	2	33	19	25	1	40	1	1	rational	weight_526.json
526	26	2	83	19	100	1	41	1	1	rational	weight_526.json
526	26	2	42	19	100	1	42	2	1	rational	weight_526.json
528	28	2	64	19	110	1	1	1	1	rational	weight_528.json
528	28	2	114	19	85	1	2	1	1	rational	weight_528.json
528	28	2	64	19	110	1	3	1	1	rational	weight_528.json
528	28	2	34	19	25	1	4	1	1	rational	weight_528.json
528	28	2	21	19	15	1	5	1	1	rational	weight_528.json
528	28	2	34	19	25	1	6	1	1	rational	weight_528.json
528	28	2	34	19	25	1	7	1	1	rational	weight_528.json
528	28	2	54	19	40	1	8	1	1	rational	weight_528.json
528	28	2	4	19	65	1	9	1	1	rational	weight_528.json
528	28	2	71	19	40	1	10	1	1	rational	weight_528.json
528	28	2	91	19	25	1	11	1	1	rational	weight_528.json
528	28	2	79	19	90	1	12	1	1	rational	weight_528.json
528	28	2	61	19	110	1	13	1	1	rational	weight_528.json
528	28	2	104	19	15	1	14	1	1	rational	weight_528.json
528	28	2	29	19	115	1	15	1	1	rational	weight_528.json
528	28	2	89	19	35	1	16	1	1	rational	weight_528.json
528	28	2	91	19	25	1	17	1	1	rational	weight_528.json
528	28	2	79	19	90	1	18	1	1	rational	weight_528.json
528	28	2	34	19	25	1	19	1	1	rational	weight_528.json
528	28	2	91	19	25	1	20	1	1	rational	weight_528.json
528	28	2	4	19	65	1	21	1	1	rational	weight_528.json
528	28	2	14	19	10	1	22	1	1	rational	weight_528.json
528	28	2	89	19	35	1	23	1	1	rational	weight_528.json
528	28	2	54	19	40	1	24	1	1	rational	weight_528.json
528	28	2	46	19	90	1	25	1	1	rational	weight_528.json
528	28	2	86	19	60	1	26	1	1	rational	weight_528.json
528	28	2	11	19	85	1	27	1	1	rational	weight_528.json
528	28	2	121	19	65	1	28	1	1	rational	weight_528.json
528	28	2	11	19	85	1	29	1	1	rational	weight_528.json
528	28	2	21	19	15	1	30	1	1	rational	weight_528.json
528	28	2	36	19	35	1	31	1	1	rational	weight_528.json
528	28	2	96	19	115	1	32	1	1	rational	weight_528.json
528	28	2	86	19	60	1	33	1	1	rational	weight_528.json
528	28	2	61	19	110	1	34	1	1	rational	weight_528.json
528	28	2	121	19	65	1	35	1	1	rational	weight_528.json
528	28	2	14	19	10	1	36	1	1	rational	weight_528.json
528	28	2	39	19	60	1	37	1	1	rational	weight_528.json
528	28	2	34	19	25	1	38	1	1	rational	weight_528.json
528	28	2	91	19	25	1	39	1	1	rational	weight_528.json
528	28	2	36	19	35	1	40	1	1	rational	weight_528.json
528	28	2	96	19	115	1	41	1	1	rational	weight_528.json
528	28	2	29	19	115	1	42	1	1	rational	weight_528.json
528	28	2	111	19	10	1	43	1	2	rational	weight_528.json
530	30	2	12	19	105	1	1	1	1	rational	weight_530.json
530	30	2	117	19	60	1	2	1	1	rational	weight_530.json
530	30	2	52	19	70	1	3	1	1	rational	weight_530.json
530	30	2	73	19	70	1	4	1	1	rational	weight_530.json
530	30	2	67	19	10	1	5	1	1	rational	weight_530.json
530	30	2	52	19	70	1	6	1	1	rational	weight_530.json
530	30	2	83	19	110	1	7	1	1	rational	weight_530.json
530	30	2	63	19	30	1	8	1	1	rational	weight_530.json
530	30	2	13	19	80	1	9	1	1	rational	weight_530.json
530	30	2	117	19	60	1	10	1	1	rational	weight_530.json
530	30	2	113	19	105	1	11	1	1	rational	weight_530.json
530	30	2	33	19	35	1	12	1	1	rational	weight_530.json
530	30	2	92	19	35	1	13	1	1	rational	weight_530.json
530	30	2	73	19	70	1	14	1	1	rational	weight_530.json
530	30	2	13	19	80	1	15	1	1	rational	weight_530.json
530	30	2	63	19	30	1	16	1	1	rational	weight_530.json
530	30	2	112	19	80	1	17	1	1	rational	weight_530.json
530	30	2	73	19	70	1	18	1	1	rational	weight_530.json
530	30	2	38	19	55	1	19	1	1	rational	weight_530.json
530	30	2	83	19	110	1	20	1	1	rational	weight_530.json
530	30	2	73	19	70	1	21	1	1	rational	weight_530.json
530	30	2	87	19	55	1	22	1	1	rational	weight_530.json
530	30	2	112	19	80	1	23	1	1	rational	weight_530.json
530	30	2	67	19	10	1	24	1	1	rational	weight_530.json
530	30	2	52	19	70	1	25	1	1	rational	weight_530.json
530	30	2	37	19	5	1	26	1	1	rational	weight_530.json
530	30	2	52	19	70	1	27	1	1	rational	weight_530.json
530	30	2	37	19	5	1	28	1	1	rational	weight_530.json
530	30	2	17	19	85	1	29	1	1	rational	weight_530.json
530	30	2	92	19	35	1	30	1	1	rational	weight_530.json
530	30	2	62	19	30	1	31	1	1	rational	weight_530.json
530	30	2	58	19	10	1	32	1	1	rational	weight_530.json
530	30	2	108	19	85	1	33	1	1	rational	weight_530.json
530	30	2	87	19	55	1	34	1	1	rational	weight_530.json
530	30	2	17	19	85	1	35	1	1	rational	weight_530.json
530	30	2	58	19	10	1	36	1	1	rational	weight_530.json
530	30	2	88	19	5	1	37	1	1	rational	weight_530.json
530	30	2	108	19	85	1	38	1	1	rational	weight_530.json
530	30	2	88	19	5	1	39	1	1	rational	weight_530.json
530	30	2	73	19	70	1	40	1	1	rational	weight_530.json
530	30	2	8	19	60	1	41	1	1	rational	weight_530.json
530	30	2	42	19	110	1	42	2	1	rational	weight_530.json
532	32	2	101	19	120	1	1	1	1	rational	weight_532.json
532	32	2	34	19	115	1	2	1	1	rational	weight_532.json
532	32	2	9	19	65	1	3	1	1	rational	weight_532.json
532	32	2	116	19	65	1	4	1	1	rational	weight_532.json
532	32	2	74	19	95	1	5	1	1	rational	weight_532.json
532	32	2	49	19	45	1	6	1	1	rational	weight_532.json
532	32	2	26	19	20	1	7	1	1	rational	weight_532.json
532	32	2	84	19	90	1	8	1	1	rational	weight_532.json
532	32	2	91	19	115	1	9	1	1	rational	weight_532.json
532	32	2	24	19	120	1	10	1	1	rational	weight_532.json
532	32	2	1	19	70	1	11	1	1	rational	weight_532.json
532	32	2	51	19	95	1	12	1	1	rational	weight_532.json
532	32	2	121	19	5	1	13	1	1	rational	weight_532.json
532	32	2	66	19	40	1	14	1	1	rational	weight_532.json
532	32	2	66	19	40	1	15	1	1	rational	weight_532.json
532	32	2	16	19	15	1	16	1	1	rational	weight_532.json
532	32	2	76	19	45	1	17	1	1	rational	weight_532.json
532	32	2	121	19	5	1	18	1	1	rational	weight_532.json
532	32	2	51	19	95	1	19	1	1	rational	weight_532.json
532	32	2	34	19	115	1	20	1	1	rational	weight_532.json
532	32	2	74	19	95	1	21	1	1	rational	weight_532.json
532	32	2	4	19	5	1	22	1	1	rational	weight_532.json
532	32	2	26	19	20	1	23	1	1	rational	weight_532.json
532	32	2	121	19	5	1	24	1	1	rational	weight_532.json
532	32	2	1	19	70	1	25	1	1	rational	weight_532.json
532	32	2	99	19	20	1	26	1	1	rational	weight_532.json
532	32	2	9	19	65	1	27	1	1	rational	weight_532.json
532	32	2	4	19	5	1	28	1	1	rational	weight_532.json
532	32	2	16	19	15	1	29	1	1	rational	weight_532.json
532	32	2	101	19	120	1	30	1	1	rational	weight_532.json
532	32	2	124	19	70	1	31	1	1	rational	weight_532.json
532	32	2	121	19	5	1	32	1	1	rational	weight_532.json
532	32	2	99	19	20	1	33	1	1	rational	weight_532.json
532	32	2	41	19	90	1	34	1	1	rational	weight_532.json
532	32	2	124	19	70	1	35	1	1	rational	weight_532.json
532	32	2	84	19	90	1	36	1	1	rational	weight_532.json
532	32	2	59	19	40	1	37	1	1	rational	weight_532.json
532	32	2	4	19	5	1	38	1	1	rational	weight_532.json
532	32	2	4	19	5	1	39	1	1	rational	weight_532.json
532	32	2	91	19	115	1	40	1	1	rational	weight_532.json
532	32	2	121	19	5	1	41	1	1	rational	weight_532.json
532	32	2	59	19	40	1	42	1	1	rational	weight_532.json
532	32	2	109	19	15	1	43	2	1	rational	weight_532.json
534	34	2	113	19	115	1	1	1	1	rational	weight_534.json
534	34	2	93	19	85	1	2	1	1	rational	weight_534.json
534	34	2	112	19	90	1	3	1	1	rational	weight_534.json
534	34	2	57	19	110	1	4	1	1	rational	weight_534.json
534	34	2	57	19	110	1	5	1	1	rational	weight_534.json
534	34	2	3	19	75	1	6	1	1	rational	weight_534.json
534	34	2	88	19	15	1	7	1	1	rational	weight_534.json
534	34	2	68	19	110	1	8	1	1	rational	weight_534.json
534	34	2	43	19	10	1	9	1	1	rational	weight_534.json
534	34	2	13	19	90	1	10	1	1	rational	weight_534.json
534	34	2	62	19	40	1	11	1	1	rational	weight_534.json
534	34	2	112	19	90	1	12	1	1	rational	weight_534.json
534	34	2	118	19	60	1	13	1	1	rational	weight_534.json
534	34	2	62	19	40	1	14	1	1	rational	weight_534.json
534	34	2	87	19	65	1	15	1	1	rational	weight_534.json
534	34	2	43	19	10	1	16	1	1	rational	weight_534.json
534	34	2	3	19	75	1	17	1	1	rational	weight_534.json
534	34	2	82	19	10	1	18	1	1	rational	weight_534.json
534	34	2	122	19	75	1	19	1	1	rational	weight_534.json
534	34	2	7	19	60	1	20	1	1	rational	weight_534.json
534	34	2	3	19	75	1	21	1	1	rational	weight_534.json
534	34	2	32	19	85	1	22	1	1	rational	weight_534.json
534	34	2	88	19	15	1	23	1	1	rational	weight_534.json
534	34	2	37	19	15	1	24	1	1	rational	weight_534.json
534	34	2	122	19	75	1	25	1	1	rational	weight_534.json
534	34	2	113	19	115	1	26	1	1	rational	weight_534.json
534	34	2	32	19	85	1	27	1	1	rational	weight_534.json
534	34	2	87	19	65	1	28	1	1	rational	weight_534.json
534	34	2	107	19	35	1	29	1	1	rational	weight_534.json
534	34	2	13	19	90	1	30	1	1	rational	weight_534.json
534	34	2	68	19	110	1	31	1	1	rational	weight_534.json
534	34	2	82	19	10	1	32	1	1	rational	weight_534.json
534	34	2	18	19	35	1	33	1	1	rational	weight_534.json
534	34	2	122	19	75	1	34	1	1	rational	weight_534.json
534	34	2	122	19	75	1	35	1	1	rational	weight_534.json
534	34	2	63	19	40	1	36	1	1	rational	weight_534.json
534	34	2	63	19	40	1	37	1	1	rational	weight_534.json
534	34	2	7	19	60	1	38	1	1	rational	weight_534.json
534	34	2	12	19	115	1	39	1	1	rational	weight_534.json
534	34	2	122	19	75	1	40	1	1	rational	weight_534.json
534	34	2	118	19	60	1	41	1	1	rational	weight_534.json
534	34	2	3	19	75	1	42	1	1	rational	weight_534.json
534	34	2	38	19	65	1	43	1	2	rational	weight_534.json
536	36	2	34	19	5	1	1	1	1	rational	weight_536.json
536	36	2	84	19	105	1	2	1	1	rational	weight_536.json
536	36	2	19	19	0	1	3	1	1	rational	weight_536.json
536	36	2	116	19	80	1	4	1	1	rational	weight_536.json
536	36	2	36	19	65	1	5	1	1	rational	weight_536.json
536	36	2	89	19	65	1	6	1	1	rational	weight_536.json
536	36	2	44	19	50	1	7	1	1	rational	weight_536.json
536	36	2	41	19	105	1	8	1	1	rational	weight_536.json
536	36	2	89	19	65	1	9	1	1	rational	weight_536.json
536	36	2	91	19	5	1	10	1	1	rational	weight_536.json
536	36	2	106	19	0	1	11	1	1	rational	weight_536.json
536	36	2	89	19	65	1	12	1	1	rational	weight_536.json
536	36	2	109	19	30	1	13	1	1	rational	weight_536.json
536	36	2	6	19	75	1	14	1	1	rational	weight_536.json
536	36	2	31	19	25	1	15	1	1	rational	weight_536.json
536	36	2	34	19	5	1	16	1	1	rational	weight_536.json
536	36	2	56	19	100	1	17	1	1	rational	weight_536.json
536	36	2	36	19	65	1	18	1	1	rational	weight_536.json
536	36	2	119	19	75	1	19	1	1	rational	weight_536.json
536	36	2	89	19	65	1	20	1	1	rational	weight_536.json
536	36	2	36	19	65	1	21	1	1	rational	weight_536.json
536	36	2	81	19	50	1	22	1	1	rational	weight_536.json
536	36	2	91	19	5	1	23	1	1	rational	weight_536.json
536	36	2	84	19	105	1	24	1	1	rational	weight_536.json
536	36	2	66	19	55	1	25	1	1	rational	weight_536.json
536	36	2	16	19	30	1	26	1	1	rational	weight_536.json
536	36	2	44	19	50	1	27	1	1	rational	weight_536.json
536	36	2	36	19	65	1	28	1	1	rational	weight_536.json
536	36	2	31	19	25	1	29	1	1	rational	weight_536.json
536	36	2	59	19	55	1	30	1	1	rational	weight_536.json
536	36	2	19	19	0	1	31	1	1	rational	weight_536.json
536	36	2	106	19	0	1	32	1	1	rational	weight_536.json
536	36	2	116	19	80	1	33	1	1	rational	weight_536.json
536	36	2	81	19	50	1	34	1	1	rational	weight_536.json
536	36	2	89	19	65	1	35	1	1	rational	weight_536.json
536	36	2	66	19	55	1	36	1	1	rational	weight_536.json
536	36	2	6	19	75	1	37	1	1	rational	weight_536.json
536	36	2	59	19	55	1	38	1	1	rational	weight_536.json
536	36	2	41	19	105	1	39	1	1	rational	weight_536.json
536	36	2	69	19	100	1	40	1	1	rational	weight_536.json
536	36	2	9	19	80	1	41	1	1	rational	weight_536.json
536	36	2	9	19	80	1	42	1	1	rational	weight_536.json
536	36	2	94	19	25	1	43	1	2	rational	weight_536.json
538	38	2	47	19	110	1	1	1	1	rational	weight_538.json
538	38	2	103	19	85	1	2	1	1	rational	weight_538.json
538	38	2	97	19	35	1	3	1	1	rational	weight_538.json
538	38	2	78	19	110	1	4	1	1	rational	weight_538.json
538	38	2	22	19	85	1	5	1	1	rational	weight_538.json
538	38	2	72	19	10	1	6	1	1	rational	weight_538.json
538	38	2	73	19	115	1	7	1	1	rational	weight_538.json
538	38	2	103	19	85	1	8	1	1	rational	weight_538.json
538	38	2	97	19	35	1	9	1	1	rational	weight_538.json
538	38	2	63	19	0	1	10	1	1	rational	weight_538.json
538	38	2	48	19	15	1	11	1	1	rational	weight_538.json
538	38	2	3	19	60	1	12	1	1	rational	weight_538.json
538	38	2	62	19	0	1	13	1	1	rational	weight_538.json
538	38	2	52	19	115	1	14	1	1	rational	weight_538.json
538	38	2	63	19	0	1	15	1	1	rational	weight_538.json
538	38	2	122	19	60	1	16	1	1	rational	weight_538.json
538	38	2	53	19	10	1	17	1	1	rational	weight_538.json
538	38	2	2	19	65	1	18	1	1	rational	weight_538.json
538	38	2	63	19	0	1	19	1	1	rational	weight_538.json
538	38	2	52	19	115	1	20	1	1	rational	weight_538.json
538	38	2	28	19	35	1	21	1	1	rational	weight_538.json
538	38	2	102	19	40	1	22	1	1	rational	weight_538.json
538	38	2	53	19	10	1	23	1	1	rational	weight_538.json
538	38	2	63	19	0	1	24	1	1	rational	weight_538.json
538	38	2	98	19	90	1	25	1	1	rational	weight_538.json
538	38	2	28	19	35	1	26	1	1	rational	weight_538.json
538	38	2	62	19	0	1	27	1	1	rational	weight_538.json
538	38	2	47	19	110	1	28	1	1	rational	weight_538.json
538	38	2	48	19	15	1	29	1	1	rational	weight_538.json
538	38	2	62	19	0	1	30	1	1	rational	weight_538.json
538	38	2	62	19	0	1	31	1	1	rational	weight_538.json
538	38	2	27	19	90	1	32	1	1	rational	weight_538.json
538	38	2	78	19	110	1	33	1	1	rational	weight_538.json
538	38	2	73	19	115	1	34	1	1	rational	weight_538.json
538	38	2	63	19	0	1	35	1	1	rational	weight_538.json
538	38	2	22	19	85	1	36	1	1	rational	weight_538.json
538	38	2	72	19	10	1	37	1	1	rational	weight_538.json
538	38	2	23	19	40	1	38	1	1	rational	weight_538.json
538	38	2	123	19	65	1	39	1	1	rational	weight_538.json
538	38	2	102	19	40	1	40	1	1	rational	weight_538.json
538	38	2	27	19	90	1	41	1	1	rational	weight_538.json
538	38	2	23	19	40	1	42	1	1	rational	weight_538.json
538	38	2	77	19	15	1	43	2	1	rational	weight_538.json
540	40	2	9	19	20	1	1	1	1	rational	weight_540.json
540	40	2	116	19	20	1	2	1	1	rational	weight_540.json
540	40	2	31	19	15	1	3	1	1	rational	weight_540.json
540	40	2	91	19	70	1	4	1	1	rational	weight_540.json
540	40	2	44	19	40	1	5	1	1	rational	weight_540.json
540	40	2	59	19	120	1	6	1	1	rational	weight_540.json
540	40	2	111	19	5	1	7	1	1	rational	weight_540.json
540	40	2	111	19	5	1	8	1	1	rational	weight_540.json
540	40	2	6	19	65	1	9	1	1	rational	weight_540.json
540	40	2	16	19	95	1	10	1	1	rational	weight_540.json
540	40	2	84	19	45	1	11	1	1	rational	weight_540.json
540	40	2	119	19	65	1	12	1	1	rational	weight_540.json
540	40	2	56	19	90	1	13	1	1	rational	weight_540.json
540	40	2	81	19	40	1	14	1	1	rational	weight_540.json
540	40	2	111	19	5	1	15	1	1	rational	weight_540.json
540	40	2	119	19	65	1	16	1	1	rational	weight_540.json
540	40	2	66	19	120	1	17	1	1	rational	weight_540.json
540	40	2	34	19	70	1	18	1	1	rational	weight_540.json
540	40	2	109	19	95	1	19	1	1	rational	weight_540.json
540	40	2	94	19	15	1	20	1	1	rational	weight_540.json
540	40	2	14	19	5	1	21	1	1	rational	weight_540.json
540	40	2	14	19	5	1	22	1	1	rational	weight_540.json
540	40	2	14	19	5	1	23	1	1	rational	weight_540.json
540	40	2	41	19	45	1	24	1	1	rational	weight_540.json
540	40	2	59	19	120	1	25	1	1	rational	weight_540.json
540	40	2	34	19	70	1	26	1	1	rational	weight_540.json
540	40	2	66	19	120	1	27	1	1	rational	weight_540.json
540	40	2	106	19	115	1	28	1	1	rational	weight_540.json
540	40	2	116	19	20	1	29	1	1	rational	weight_540.json
540	40	2	41	19	45	1	30	1	1	rational	weight_540.json
540	40	2	14	19	5	1	31	1	1	rational	weight_540.json
540	40	2	111	19	5	1	32	1	1	rational	weight_540.json
540	40	2	91	19	70	1	33	1	1	rational	weight_540.json
540	40	2	31	19	15	1	34	1	1	rational	weight_540.json
540	40	2	106	19	115	1	35	1	1	rational	weight_540.json
540	40	2	19	19	115	1	36	1	1	rational	weight_540.json
540	40	2	94	19	15	1	37	1	1	rational	weight_540.json
540	40	2	111	19	5	1	38	1	1	rational	weight_540.json
540	40	2	84	19	45	1	39	1	1	rational	weight_540.json
540	40	2	56	19	90	1	40	1	1	rational	weight_540.json
540	40	2	19	19	115	1	41	1	1	rational	weight_540.json
540	40	2	6	19	65	1	42	1	1	rational	weight_540.json
540	40	2	9	19	20	1	43	1	1	rational	weight_540.json
540	40	2	69	19	90	1	44	1	2	rational	weight_540.json
542	42	2	43	19	105	1	1	1	1	rational	weight_542.json
542	42	2	112	19	85	1	2	1	1	rational	weight_542.json
542	42	2	72	19	70	1	3	1	1	rational	weight_542.json
542	42	2	82	19	105	1	4	1	1	rational	weight_542.json
542	42	2	93	19	55	1	5	1	1	rational	weight_542.json
542	42	2	63	19	35	1	6	1	1	rational	weight_542.json
542	42	2	68	19	80	1	7	1	1	rational	weight_542.json
542	42	2	107	19	5	1	8	1	1	rational	weight_542.json
542	42	2	72	19	70	1	9	1	1	rational	weight_542.json
542	42	2	88	19	10	1	10	1	1	rational	weight_542.json
542	42	2	113	19	110	1	11	1	1	rational	weight_542.json
542	42	2	112	19	85	1	12	1	1	rational	weight_542.json
542	42	2	37	19	10	1	13	1	1	rational	weight_542.json
542	42	2	13	19	85	1	14	1	1	rational	weight_542.json
542	42	2	32	19	55	1	15	1	1	rational	weight_542.json
542	42	2	13	19	85	1	16	1	1	rational	weight_542.json
542	42	2	82	19	105	1	17	1	1	rational	weight_542.json
542	42	2	57	19	80	1	18	1	1	rational	weight_542.json
542	42	2	118	19	30	1	19	1	1	rational	weight_542.json
542	42	2	53	19	70	1	20	1	1	rational	weight_542.json
542	42	2	53	19	70	1	21	1	1	rational	weight_542.json
542	42	2	107	19	5	1	22	1	1	rational	weight_542.json
542	42	2	53	19	70	1	23	1	1	rational	weight_542.json
542	42	2	37	19	10	1	24	1	1	rational	weight_542.json
542	42	2	53	19	70	1	25	1	1	rational	weight_542.json
542	42	2	12	19	110	1	26	1	1	rational	weight_542.json
542	42	2	68	19	80	1	27	1	1	rational	weight_542.json
542	42	2	32	19	55	1	28	1	1	rational	weight_542.json
542	42	2	88	19	10	1	29	1	1	rational	weight_542.json
542	42	2	43	19	105	1	30	1	1	rational	weight_542.json
542	42	2	87	19	60	1	31	1	1	rational	weight_542.json
542	42	2	62	19	35	1	32	1	1	rational	weight_542.json
542	42	2	63	19	35	1	33	1	1	rational	weight_542.json
542	42	2	87	19	60	1	34	1	1	rational	weight_542.json
542	42	2	18	19	5	1	35	1	1	rational	weight_542.json
542	42	2	62	19	35	1	36	1	1	rational	weight_542.json
542	42	2	7	19	30	1	37	1	1	rational	weight_542.json
542	42	2	72	19	70	1	38	1	1	rational	weight_542.json
542	42	2	72	19	70	1	39	1	1	rational	weight_542.json
542	42	2	18	19	5	1	40	1	1	rational	weight_542.json
542	42	2	93	19	55	1	41	1	1	rational	weight_542.json
542	42	2	57	19	80	1	42	1	1	rational	weight_542.json
542	42	2	38	19	60	1	43	1	2	rational	weight_542.json
544	44	2	109	19	85	1	1	1	1	rational	weight_544.json
544	44	2	76	19	90	1	2	1	1	rational	weight_544.json
544	44	2	76	19	90	1	3	1	1	rational	weight_544.json
544	44	2	34	19	60	1	4	1	1	rational	weight_544.json
544	44	2	109	19	85	1	5	1	1	rational	weight_544.json
544	44	2	116	19	10	1	6	1	1	rational	weight_544.json
544	44	2	101	19	40	1	7	1	1	rational	weight_544.json
544	44	2	34	19	60	1	8	1	1	rational	weight_544.json
544	44	2	26	19	65	1	9	1	1	rational	weight_544.json
544	44	2	116	19	10	1	10	1	1	rational	weight_544.json
544	44	2	9	19	10	1	11	1	1	rational	weight_544.json
544	44	2	21	19	75	1	12	1	1	rational	weight_544.json
544	44	2	49	19	90	1	13	1	1	rational	weight_544.json
544	44	2	21	19	75	1	14	1	1	rational	weight_544.json
544	44	2	51	19	15	1	15	1	1	rational	weight_544.json
544	44	2	9	19	10	1	16	1	1	rational	weight_544.json
544	44	2	66	19	110	1	17	1	1	rational	weight_544.json
544	44	2	24	19	40	1	18	1	1	rational	weight_544.json
544	44	2	101	19	40	1	19	1	1	rational	weight_544.json
544	44	2	66	19	110	1	20	1	1	rational	weight_544.json
544	44	2	104	19	75	1	21	1	1	rational	weight_544.json
544	44	2	41	19	35	1	22	1	1	rational	weight_544.json
544	44	2	104	19	75	1	23	1	1	rational	weight_544.json
544	44	2	104	19	75	1	24	1	1	rational	weight_544.json
544	44	2	59	19	110	1	25	1	1	rational	weight_544.json
544	44	2	91	19	60	1	26	1	1	rational	weight_544.json
544	44	2	124	19	115	1	27	1	1	rational	weight_544.json
544	44	2	1	19	115	1	28	1	1	rational	weight_544.json
544	44	2	21	19	75	1	29	1	1	rational	weight_544.json
544	44	2	24	19	40	1	30	1	1	rational	weight_544.json
544	44	2	26	19	65	1	31	1	1	rational	weight_544.json
544	44	2	21	19	75	1	32	1	1	rational	weight_544.json
544	44	2	91	19	60	1	33	1	1	rational	weight_544.json
544	44	2	59	19	110	1	34	1	1	rational	weight_544.json
544	44	2	21	19	75	1	35	1	1	rational	weight_544.json
544	44	2	104	19	75	1	36	1	1	rational	weight_544.json
544	44	2	74	19	15	1	37	1	1	rational	weight_544.json
544	44	2	84	19	35	1	38	1	1	rational	weight_544.json
544	44	2	99	19	65	1	39	1	1	rational	weight_544.json
544	44	2	49	19	90	1	40	1	1	rational	weight_544.json
544	44	2	51	19	15	1	41	1	1	rational	weight_544.json
544	44	2	99	19	65	1	42	1	1	rational	weight_544.json
544	44	2	74	19	15	1	43	1	1	rational	weight_544.json
544	44	2	16	19	85	1	44	2	1	rational	weight_544.json
546	46	2	92	19	75	1	1	1	1	rational	weight_546.json
546	46	2	112	19	70	1	2	1	1	rational	weight_546.json
546	46	2	88	19	120	1	3	1	1	rational	weight_546.json
546	46	2	27	19	60	1	4	1	1	rational	weight_546.json
546	46	2	112	19	70	1	5	1	1	rational	weight_546.json
546	46	2	27	19	60	1	6	1	1	rational	weight_546.json
546	46	2	63	19	20	1	7	1	1	rational	weight_546.json
546	46	2	13	19	70	1	8	1	1	rational	weight_546.json
546	46	2	63	19	20	1	9	1	1	rational	weight_546.json
546	46	2	13	19	70	1	10	1	1	rational	weight_546.json
546	46	2	62	19	20	1	11	1	1	rational	weight_546.json
546	46	2	37	19	120	1	12	1	1	rational	weight_546.json
546	46	2	87	19	45	1	13	1	1	rational	weight_546.json
546	46	2	27	19	60	1	14	1	1	rational	weight_546.json
546	46	2	33	19	75	1	15	1	1	rational	weight_546.json
546	46	2	67	19	50	1	16	1	1	rational	weight_546.json
546	46	2	33	19	75	1	17	1	1	rational	weight_546.json
546	46	2	98	19	60	1	18	1	1	rational	weight_546.json
546	46	2	8	19	100	1	19	1	1	rational	weight_546.json
546	46	2	17	19	0	1	20	1	1	rational	weight_546.json
546	46	2	17	19	0	1	21	1	1	rational	weight_546.json
546	46	2	88	19	120	1	22	1	1	rational	weight_546.json
546	46	2	98	19	60	1	23	1	1	rational	weight_546.json
546	46	2	98	19	60	1	24	1	1	rational	weight_546.json
546	46	2	8	19	100	1	25	1	1	rational	weight_546.json
546	46	2	67	19	50	1	26	1	1	rational	weight_546.json
546	46	2	62	19	20	1	27	1	1	rational	weight_546.json
546	46	2	117	19	100	1	28	1	1	rational	weight_546.json
546	46	2	92	19	75	1	29	1	1	rational	weight_546.json
546	46	2	87	19	45	1	30	1	1	rational	weight_546.json
546	46	2	37	19	120	1	31	1	1	rational	weight_546.json
546	46	2	108	19	0	1	32	1	1	rational	weight_546.json
546	46	2	58	19	50	1	33	1	1	rational	weight_546.json
546	46	2	108	19	0	1	34	1	1	rational	weight_546.json
546	46	2	38	19	45	1	35	1	1	rational	weight_546.json
546	46	2	83	19	25	1	36	1	1	rational	weight_546.json
546	46	2	42	19	25	1	37	1	1	rational	weight_546.json
546	46	2	117	19	100	1	38	1	1	rational	weight_546.json
546	46	2	12	19	95	1	39	1	1	rational	weight_546.json
546	46	2	27	19	60	1	40	1	1	rational	weight_546.json
546	46	2	27	19	60	1	41	1	1	rational	weight_546.json
546	46	2	58	19	50	1	42	1	1	rational	weight_546.json
546	46	2	98	19	60	1	43	1	1	rational	weight_546.json
546	46	2	38	19	45	1	44	1	1	rational	weight_546.json
546	46	2	113	19	95	1	45	1	1	rational	weight_546.json
548	48	2	89	19	110	1	1	1	1	rational	weight_548.json
548	48	2	86	19	10	1	2	1	1	rational	weight_548.json
548	48	2	34	19	100	1	3	1	1	rational	weight_548.json
548	48	2	89	19	110	1	4	1	1	rational	weight_548.json
548	48	2	4	19	15	1	5	1	1	rational	weight_548.json
548	48	2	61	19	60	1	6	1	1	rational	weight_548.json
548	48	2	14	19	85	1	7	1	1	rational	weight_548.json
548	48	2	91	19	100	1	8	1	1	rational	weight_548.json
548	48	2	86	19	10	1	9	1	1	rational	weight_548.json
548	48	2	21	19	90	1	10	1	1	rational	weight_548.json
548	48	2	34	19	100	1	11	1	1	rational	weight_548.json
548	48	2	46	19	40	1	12	1	1	rational	weight_548.json
548	48	2	29	19	65	1	13	1	1	rational	weight_548.json
548	48	2	64	19	60	1	14	1	1	rational	weight_548.json
548	48	2	36	19	110	1	15	1	1	rational	weight_548.json
548	48	2	114	19	35	1	16	1	1	rational	weight_548.json
548	48	2	79	19	40	1	17	1	1	rational	weight_548.json
548	48	2	61	19	60	1	18	1	1	rational	weight_548.json
548	48	2	121	19	15	1	19	1	1	rational	weight_548.json
548	48	2	104	19	90	1	20	1	1	rational	weight_548.json
548	48	2	64	19	60	1	21	1	1	rational	weight_548.json
548	48	2	121	19	15	1	22	1	1	rational	weight_548.json
548	48	2	11	19	35	1	23	1	1	rational	weight_548.json
548	48	2	104	19	90	1	24	1	1	rational	weight_548.json
548	48	2	21	19	90	1	25	1	1	rational	weight_548.json
548	48	2	29	19	65	1	26	1	1	rational	weight_548.json
548	48	2	91	19	100	1	27	1	1	rational	weight_548.json
548	48	2	96	19	65	1	28	1	1	rational	weight_548.json
548	48	2	34	19	100	1	29	1	1	rational	weight_548.json
548	48	2	71	19	115	1	30	1	1	rational	weight_548.json
548	48	2	34	19	100	1	31	1	1	rational	weight_548.json
548	48	2	36	19	110	1	32	1	1	rational	weight_548.json
548	48	2	96	19	65	1	33	1	1	rational	weight_548.json
548	48	2	11	19	35	1	34	1	1	rational	weight_548.json
548	48	2	39	19	10	1	35	1	1	rational	weight_548.json
548	48	2	14	19	85	1	36	1	1	rational	weight_548.json
548	48	2	91	19	100	1	37	1	1	rational	weight_548.json
548	48	2	71	19	115	1	38	1	1	rational	weight_548.json
548	48	2	54	19	115	1	39	1	1	rational	weight_548.json
548	48	2	4	19	15	1	40	1	1	rational	weight_548.json
548	48	2	34	19	100	1	41	1	1	rational	weight_548.json
548	48	2	91	19	100	1	42	1	1	rational	weight_548.json
548	48	2	54	19	115	1	43	1	1	rational	weight_548.json
548	48	2	111	19	85	1	44	2	1	rational	weight_548.json
550	50	2	88	19	55	1	1	1	1	rational	weight_550.json
550	50	2	37	19	55	1	2	1	1	rational	weight_550.json
550	50	2	62	19	80	1	3	1	1	rational	weight_550.json
550	50	2	117	19	110	1	4	1	1	rational	weight_550.json
550	50	2	23	19	45	1	5	1	1	rational	weight_550.json
550	50	2	88	19	55	1	6	1	1	rational	weight_550.json
550	50	2	23	19	45	1	7	1	1	rational	weight_550.json
550	50	2	112	19	5	1	8	1	1	rational	weight_550.json
550	50	2	58	19	60	1	9	1	1	rational	weight_550.json
550	50	2	87	19	105	1	10	1	1	rational	weight_550.json
550	50	2	112	19	5	1	11	1	1	rational	weight_550.json
550	50	2	17	19	10	1	12	1	1	rational	weight_550.json
550	50	2	113	19	30	1	13	1	1	rational	weight_550.json
550	50	2	13	19	5	1	14	1	1	rational	weight_550.json
550	50	2	83	19	35	1	15	1	1	rational	weight_550.json
550	50	2	37	19	55	1	16	1	1	rational	weight_550.json
550	50	2	113	19	30	1	17	1	1	rational	weight_550.json
550	50	2	117	19	110	1	18	1	1	rational	weight_550.json
550	50	2	12	19	30	1	19	1	1	rational	weight_550.json
550	50	2	33	19	85	1	20	1	1	rational	weight_550.json
550	50	2	8	19	110	1	21	1	1	rational	weight_550.json
550	50	2	102	19	45	1	22	1	1	rational	weight_550.json
550	50	2	63	19	80	1	23	1	1	rational	weight_550.json
550	50	2	12	19	30	1	24	1	1	rational	weight_550.json
550	50	2	33	19	85	1	25	1	1	rational	weight_550.json
550	50	2	67	19	60	1	26	1	1	rational	weight_550.json
550	50	2	42	19	35	1	27	1	1	rational	weight_550.json
550	50	2	102	19	45	1	28	1	1	rational	weight_550.json
550	50	2	102	19	45	1	29	1	1	rational	weight_550.json
550	50	2	108	19	10	1	30	1	1	rational	weight_550.json
550	50	2	13	19	5	1	31	1	1	rational	weight_550.json
550	50	2	42	19	35	1	32	1	1	rational	weight_550.json
550	50	2	23	19	45	1	33	1	1	rational	weight_550.json
550	50	2	58	19	60	1	34	1	1	rational	weight_550.json
550	50	2	23	19	45	1	35	1	1	rational	weight_550.json
550	50	2	23	19	45	1	36	1	1	rational	weight_550.json
550	50	2	38	19	105	1	37	1	1	rational	weight_550.json
550	50	2	8	19	110	1	38	1	1	rational	weight_550.json
550	50	2	17	19	10	1	39	1	1	rational	weight_550.json
550	50	2	87	19	105	1	40	1	1	rational	weight_550.json
550	50	2	102	19	45	1	41	1	1	rational	weight_550.json
550	50	2	67	19	60	1	42	1	1	rational	weight_550.json
550	50	2	38	19	105	1	43	1	1	rational	weight_550.json
550	50	2	92	19	85	1	44	1	2	rational	weight_550.json
552	52	2	26	19	95	1	1	1	1	rational	weight_552.json
552	52	2	26	19	95	1	2	1	1	rational	weight_552.json
552	52	2	49	19	120	1	3	1	1	rational	weight_552.json
552	52	2	34	19	65	1	4	1	1	rational	weight_552.json
552	52	2	16	19	90	1	5	1	1	rational	weight_552.json
552	52	2	9	19	15	1	6	1	1	rational	weight_552.json
552	52	2	74	19	45	1	7	1	1	rational	weight_552.json
552	52	2	99	19	95	1	8	1	1	rational	weight_552.json
552	52	2	109	19	90	1	9	1	1	rational	weight_552.json
552	52	2	91	19	65	1	10	1	1	rational	weight_552.json
552	52	2	66	19	115	1	11	1	1	rational	weight_552.json
552	52	2	49	19	120	1	12	1	1	rational	weight_552.json
552	52	2	74	19	45	1	13	1	1	rational	weight_552.json
552	52	2	84	19	40	1	14	1	1	rational	weight_552.json
552	52	2	51	19	45	1	15	1	1	rational	weight_552.json
552	52	2	34	19	65	1	16	1	1	rational	weight_552.json
552	52	2	116	19	15	1	17	1	1	rational	weight_552.json
552	52	2	41	19	40	1	18	1	1	rational	weight_552.json
552	52	2	66	19	115	1	19	1	1	rational	weight_552.json
552	52	2	1	19	20	1	20	1	1	rational	weight_552.json
552	52	2	51	19	45	1	21	1	1	rational	weight_552.json
552	52	2	79	19	105	1	22	1	1	rational	weight_552.json
552	52	2	46	19	105	1	23	1	1	rational	weight_552.json
552	52	2	124	19	20	1	24	1	1	rational	weight_552.json
552	52	2	46	19	105	1	25	1	1	rational	weight_552.json
552	52	2	76	19	120	1	26	1	1	rational	weight_552.json
552	52	2	99	19	95	1	27	1	1	rational	weight_552.json
552	52	2	46	19	105	1	28	1	1	rational	weight_552.json
552	52	2	16	19	90	1	29	1	1	rational	weight_552.json
552	52	2	79	19	105	1	30	1	1	rational	weight_552.json
552	52	2	101	19	70	1	31	1	1	rational	weight_552.json
552	52	2	109	19	90	1	32	1	1	rational	weight_552.json
552	52	2	24	19	70	1	33	1	1	rational	weight_552.json
552	52	2	9	19	15	1	34	1	1	rational	weight_552.json
552	52	2	79	19	105	1	35	1	1	rational	weight_552.json
552	52	2	116	19	15	1	36	1	1	rational	weight_552.json
552	52	2	84	19	40	1	37	1	1	rational	weight_552.json
552	52	2	24	19	70	1	38	1	1	rational	weight_552.json
552	52	2	76	19	120	1	39	1	1	rational	weight_552.json
552	52	2	79	19	105	1	40	1	1	rational	weight_552.json
552	52	2	1	19	20	1	41	1	1	rational	weight_552.json
552	52	2	46	19	105	1	42	1	1	rational	weight_552.json
552	52	2	101	19	70	1	43	1	1	rational	weight_552.json
552	52	2	46	19	105	1	44	1	1	rational	weight_552.json
552	52	2	59	19	115	1	45	1	2	rational	weight_552.json
554	54	2	7	19	110	1	1	1	1	rational	weight_554.json
554	54	2	57	19	35	1	2	1	1	rational	weight_554.json
554	54	2	38	19	115	1	3	1	1	rational	weight_554.json
554	54	2	38	19	115	1	4	1	1	rational	weight_554.json
554	54	2	43	19	60	1	5	1	1	rational	weight_554.json
554	54	2	113	19	40	1	6	1	1	rational	weight_554.json
554	54	2	57	19	35	1	7	1	1	rational	weight_554.json
554	54	2	113	19	40	1	8	1	1	rational	weight_554.json
554	54	2	103	19	25	1	9	1	1	rational	weight_554.json
554	54	2	112	19	15	1	10	1	1	rational	weight_554.json
554	54	2	93	19	10	1	11	1	1	rational	weight_554.json
554	54	2	103	19	25	1	12	1	1	rational	weight_554.json
554	54	2	107	19	85	1	13	1	1	rational	weight_554.json
554	54	2	68	19	35	1	14	1	1	rational	weight_554.json
554	54	2	12	19	40	1	15	1	1	rational	weight_554.json
554	54	2	88	19	65	1	16	1	1	rational	weight_554.json
554	54	2	18	19	85	1	17	1	1	rational	weight_554.json
554	54	2	82	19	60	1	18	1	1	rational	weight_554.json
554	54	2	22	19	25	1	19	1	1	rational	weight_554.json
554	54	2	63	19	90	1	20	1	1	rational	weight_554.json
554	54	2	112	19	15	1	21	1	1	rational	weight_554.json
554	54	2	43	19	60	1	22	1	1	rational	weight_554.json
554	54	2	62	19	90	1	23	1	1	rational	weight_554.json
554	54	2	22	19	25	1	24	1	1	rational	weight_554.json
554	54	2	82	19	60	1	25	1	1	rational	weight_554.json
554	54	2	22	19	25	1	26	1	1	rational	weight_554.json
554	54	2	87	19	115	1	27	1	1	rational	weight_554.json
554	54	2	88	19	65	1	28	1	1	rational	weight_554.json
554	54	2	37	19	65	1	29	1	1	rational	weight_554.json
554	54	2	93	19	10	1	30	1	1	rational	weight_554.json
554	54	2	103	19	25	1	31	1	1	rational	weight_554.json
554	54	2	63	19	90	1	32	1	1	rational	weight_554.json
554	54	2	103	19	25	1	33	1	1	rational	weight_554.json
554	54	2	7	19	110	1	34	1	1	rational	weight_554.json
554	54	2	22	19	25	1	35	1	1	rational	weight_554.json
554	54	2	32	19	10	1	36	1	1	rational	weight_554.json
554	54	2	32	19	10	1	37	1	1	rational	weight_554.json
554	54	2	107	19	85	1	38	1	1	rational	weight_554.json
554	54	2	22	19	25	1	39	1	1	rational	weight_554.json
554	54	2	118	19	110	1	40	1	1	rational	weight_554.json
554	54	2	12	19	40	1	41	1	1	rational	weight_554.json
554	54	2	87	19	115	1	42	1	1	rational	weight_554.json
554	54	2	18	19	85	1	43	1	1	rational	weight_554.json
554	54	2	13	19	15	1	44	2	1	rational	weight_554.json
556	56	2	66	19	5	1	1	1	1	rational	weight_556.json
556	56	2	116	19	30	1	2	1	1	rational	weight_556.json
556	56	2	59	19	5	1	3	1	1	rational	weight_556.json
556	56	2	119	19	25	1	4	1	1	rational	weight_556.json
556	56	2	114	19	65	1	5	1	1	rational	weight_556.json
556	56	2	9	19	30	1	6	1	1	rational	weight_556.json
556	56	2	69	19	50	1	7	1	1	rational	weight_556.json
556	56	2	11	19	65	1	8	1	1	rational	weight_556.json
556	56	2	81	19	0	1	9	1	1	rational	weight_556.json
556	56	2	84	19	55	1	10	1	1	rational	weight_556.json
556	56	2	109	19	105	1	11	1	1	rational	weight_556.json
556	56	2	91	19	80	1	12	1	1	rational	weight_556.json
556	56	2	41	19	55	1	13	1	1	rational	weight_556.json
556	56	2	114	19	65	1	14	1	1	rational	weight_556.json
556	56	2	59	19	5	1	15	1	1	rational	weight_556.json
556	56	2	56	19	50	1	16	1	1	rational	weight_556.json
556	56	2	31	19	100	1	17	1	1	rational	weight_556.json
556	56	2	116	19	30	1	18	1	1	rational	weight_556.json
556	56	2	66	19	5	1	19	1	1	rational	weight_556.json
556	56	2	119	19	25	1	20	1	1	rational	weight_556.json
556	56	2	44	19	0	1	21	1	1	rational	weight_556.json
556	56	2	106	19	75	1	22	1	1	rational	weight_556.json
556	56	2	11	19	65	1	23	1	1	rational	weight_556.json
556	56	2	6	19	25	1	24	1	1	rational	weight_556.json
556	56	2	16	19	105	1	25	1	1	rational	weight_556.json
556	56	2	31	19	100	1	26	1	1	rational	weight_556.json
556	56	2	44	19	0	1	27	1	1	rational	weight_556.json
556	56	2	41	19	55	1	28	1	1	rational	weight_556.json
556	56	2	19	19	75	1	29	1	1	rational	weight_556.json
556	56	2	94	19	100	1	30	1	1	rational	weight_556.json
556	56	2	109	19	105	1	31	1	1	rational	weight_556.json
556	56	2	81	19	0	1	32	1	1	rational	weight_556.json
556	56	2	84	19	55	1	33	1	1	rational	weight_556.json
556	56	2	9	19	30	1	34	1	1	rational	weight_556.json
556	56	2	69	19	50	1	35	1	1	rational	weight_556.json
556	56	2	114	19	65	1	36	1	1	rational	weight_556.json
556	56	2	34	19	80	1	37	1	1	rational	weight_556.json
556	56	2	106	19	75	1	38	1	1	rational	weight_556.json
556	56	2	34	19	80	1	39	1	1	rational	weight_556.json
556	56	2	11	19	65	1	40	1	1	rational	weight_556.json
556	56	2	114	19	65	1	41	1	1	rational	weight_556.json
556	56	2	114	19	65	1	42	1	1	rational	weight_556.json
556	56	2	56	19	50	1	43	1	1	rational	weight_556.json
556	56	2	11	19	65	1	44	1	1	rational	weight_556.json
556	56	2	6	19	25	1	45	1	1	rational	weight_556.json
556	56	2	91	19	80	1	46	1	1	rational	weight_556.json
558	58	2	63	19	50	1	1	1	1	rational	weight_558.json
558	58	2	78	19	35	1	2	1	1	rational	weight_558.json
558	58	2	47	19	35	1	3	1	1	rational	weight_558.json
558	58	2	102	19	90	1	4	1	1	rational	weight_558.json
558	58	2	98	19	15	1	5	1	1	rational	weight_558.json
558	58	2	73	19	40	1	6	1	1	rational	weight_558.json
558	58	2	72	19	60	1	7	1	1	rational	weight_558.json
558	58	2	73	19	40	1	8	1	1	rational	weight_558.json
558	58	2	102	19	90	1	9	1	1	rational	weight_558.json
558	58	2	62	19	50	1	10	1	1	rational	weight_558.json
558	58	2	52	19	40	1	11	1	1	rational	weight_558.json
558	58	2	122	19	110	1	12	1	1	rational	weight_558.json
558	58	2	123	19	115	1	13	1	1	rational	weight_558.json
558	58	2	53	19	60	1	14	1	1	rational	weight_558.json
558	58	2	28	19	85	1	15	1	1	rational	weight_558.json
558	58	2	63	19	50	1	16	1	1	rational	weight_558.json
558	58	2	3	19	110	1	17	1	1	rational	weight_558.json
558	58	2	23	19	90	1	18	1	1	rational	weight_558.json
558	58	2	52	19	40	1	19	1	1	rational	weight_558.json
558	58	2	103	19	10	1	20	1	1	rational	weight_558.json
558	58	2	3	19	110	1	21	1	1	rational	weight_558.json
558	58	2	77	19	65	1	22	1	1	rational	weight_558.json
558	58	2	22	19	10	1	23	1	1	rational	weight_558.json
558	58	2	28	19	85	1	24	1	1	rational	weight_558.json
558	58	2	27	19	15	1	25	1	1	rational	weight_558.json
558	58	2	2	19	115	1	26	1	1	rational	weight_558.json
558	58	2	23	19	90	1	27	1	1	rational	weight_558.json
558	58	2	48	19	65	1	28	1	1	rational	weight_558.json
558	58	2	27	19	15	1	29	1	1	rational	weight_558.json
558	58	2	77	19	65	1	30	1	1	rational	weight_558.json
558	58	2	78	19	35	1	31	1	1	rational	weight_558.json
558	58	2	2	19	115	1	32	1	1	rational	weight_558.json
558	58	2	97	19	85	1	33	1	1	rational	weight_558.json
558	58	2	62	19	50	1	34	1	1	rational	weight_558.json
558	58	2	72	19	60	1	35	1	1	rational	weight_558.json
558	58	2	63	19	50	1	36	1	1	rational	weight_558.json
558	58	2	22	19	10	1	37	1	1	rational	weight_558.json
558	58	2	48	19	65	1	38	1	1	rational	weight_558.json
558	58	2	63	19	50	1	39	1	1	rational	weight_558.json
558	58	2	122	19	110	1	40	1	1	rational	weight_558.json
558	58	2	97	19	85	1	41	1	1	rational	weight_558.json
558	58	2	62	19	50	1	42	1	1	rational	weight_558.json
558	58	2	53	19	60	1	43	1	1	rational	weight_558.json
558	58	2	62	19	50	1	44	1	1	rational	weight_558.json
558	58	2	63	19	50	1	45	1	1	rational	weight_558.json
558	58	2	103	19	10	1	46	1	1	rational	weight_558.json
560	60	2	56	19	40	1	1	1	1	rational	weight_560.json
560	60	2	116	19	95	1	2	1	1	rational	weight_560.json
560	60	2	11	19	30	1	3	1	1	rational	weight_560.json
560	60	2	119	19	15	1	4	1	1	rational	weight_560.json
560	60	2	109	19	45	1	5	1	1	rational	weight_560.json
560	60	2	34	19	20	1	6	1	1	rational	weight_560.json
560	60	2	11	19	30	1	7	1	1	rational	weight_560.json
560	60	2	94	19	90	1	8	1	1	rational	weight_560.json
560	60	2	19	19	65	1	9	1	1	rational	weight_560.json
560	60	2	116	19	95	1	10	1	1	rational	weight_560.json
560	60	2	114	19	30	1	11	1	1	rational	weight_560.json
560	60	2	59	19	70	1	12	1	1	rational	weight_560.json
560	60	2	84	19	120	1	13	1	1	rational	weight_560.json
560	60	2	44	19	115	1	14	1	1	rational	weight_560.json
560	60	2	66	19	70	1	15	1	1	rational	weight_560.json
560	60	2	31	19	90	1	16	1	1	rational	weight_560.json
560	60	2	106	19	65	1	17	1	1	rational	weight_560.json
560	60	2	34	19	20	1	18	1	1	rational	weight_560.json
560	60	2	91	19	20	1	19	1	1	rational	weight_560.json
560	60	2	84	19	120	1	20	1	1	rational	weight_560.json
560	60	2	31	19	90	1	21	1	1	rational	weight_560.json
560	60	2	6	19	15	1	22	1	1	rational	weight_560.json
560	60	2	44	19	115	1	23	1	1	rational	weight_560.json
560	60	2	91	19	20	1	24	1	1	rational	weight_560.json
560	60	2	19	19	65	1	25	1	1	rational	weight_560.json
560	60	2	119	19	15	1	26	1	1	rational	weight_560.json
560	60	2	9	19	95	1	27	1	1	rational	weight_560.json
560	60	2	69	19	40	1	28	1	1	rational	weight_560.json
560	60	2	114	19	30	1	29	1	1	rational	weight_560.json
560	60	2	9	19	95	1	30	1	1	rational	weight_560.json
560	60	2	66	19	70	1	31	1	1	rational	weight_560.json
560	60	2	16	19	45	1	32	1	1	rational	weight_560.json
560	60	2	11	19	30	1	33	1	1	rational	weight_560.json
560	60	2	109	19	45	1	34	1	1	rational	weight_560.json
560	60	2	11	19	30	1	35	1	1	rational	weight_560.json
560	60	2	114	19	30	1	36	1	1	rational	weight_560.json
560	60	2	6	19	15	1	37	1	1	rational	weight_560.json
560	60	2	106	19	65	1	38	1	1	rational	weight_560.json
560	60	2	94	19	90	1	39	1	1	rational	weight_560.json
560	60	2	11	19	30	1	40	1	1	rational	weight_560.json
560	60	2	114	19	30	1	41	1	1	rational	weight_560.json
560	60	2	69	19	40	1	42	1	1	rational	weight_560.json
560	60	2	41	19	120	1	43	1	1	rational	weight_560.json
560	60	2	41	19	120	1	44	1	1	rational	weight_560.json
560	60	2	81	19	115	1	45	1	2	rational	weight_560.json
562	62	2	37	19	60	1	1	1	1	rational	weight_562.json
562	62	2	93	19	105	1	2	1	1	rational	weight_562.json
562	62	2	18	19	55	1	3	1	1	rational	weight_562.json
562	62	2	107	19	55	1	4	1	1	rational	weight_562.json
562	62	2	68	19	5	1	5	1	1	rational	weight_562.json
562	62	2	13	19	10	1	6	1	1	rational	weight_562.json
562	62	2	78	19	95	1	7	1	1	rational	weight_562.json
562	62	2	57	19	5	1	8	1	1	rational	weight_562.json
562	62	2	112	19	10	1	9	1	1	rational	weight_562.json
562	62	2	82	19	30	1	10	1	1	rational	weight_562.json
562	62	2	7	19	80	1	11	1	1	rational	weight_562.json
562	62	2	87	19	110	1	12	1	1	rational	weight_562.json
562	62	2	47	19	95	1	13	1	1	rational	weight_562.json
562	62	2	32	19	105	1	14	1	1	rational	weight_562.json
562	62	2	32	19	105	1	15	1	1	rational	weight_562.json
562	62	2	13	19	10	1	16	1	1	rational	weight_562.json
562	62	2	63	19	85	1	17	1	1	rational	weight_562.json
562	62	2	107	19	55	1	18	1	1	rational	weight_562.json
562	62	2	18	19	55	1	19	1	1	rational	weight_562.json
562	62	2	47	19	95	1	20	1	1	rational	weight_562.json
562	62	2	78	19	95	1	21	1	1	rational	weight_562.json
562	62	2	63	19	85	1	22	1	1	rational	weight_562.json
562	62	2	112	19	10	1	23	1	1	rational	weight_562.json
562	62	2	88	19	60	1	24	1	1	rational	weight_562.json
562	62	2	38	19	110	1	25	1	1	rational	weight_562.json
562	62	2	38	19	110	1	26	1	1	rational	weight_562.json
562	62	2	43	19	30	1	27	1	1	rational	weight_562.json
562	62	2	47	19	95	1	28	1	1	rational	weight_562.json
562	62	2	113	19	35	1	29	1	1	rational	weight_562.json
562	62	2	68	19	5	1	30	1	1	rational	weight_562.json
562	62	2	78	19	95	1	31	1	1	rational	weight_562.json
562	62	2	43	19	30	1	32	1	1	rational	weight_562.json
562	62	2	113	19	35	1	33	1	1	rational	weight_562.json
562	62	2	88	19	60	1	34	1	1	rational	weight_562.json
562	62	2	7	19	80	1	35	1	1	rational	weight_562.json
562	62	2	47	19	95	1	36	1	1	rational	weight_562.json
562	62	2	12	19	35	1	37	1	1	rational	weight_562.json
562	62	2	82	19	30	1	38	1	1	rational	weight_562.json
562	62	2	78	19	95	1	39	1	1	rational	weight_562.json
562	62	2	37	19	60	1	40	1	1	rational	weight_562.json
562	62	2	118	19	80	1	41	1	1	rational	weight_562.json
562	62	2	87	19	110	1	42	1	1	rational	weight_562.json
562	62	2	47	19	95	1	43	1	1	rational	weight_562.json
562	62	2	118	19	80	1	44	1	1	rational	weight_562.json
562	62	2	62	19	85	1	45	1	2	rational	weight_562.json
564	64	2	96	19	0	1	1	1	1	rational	weight_564.json
564	64	2	26	19	15	1	2	1	1	rational	weight_564.json
564	64	2	76	19	40	1	3	1	1	rational	weight_564.json
564	64	2	29	19	0	1	4	1	1	rational	weight_564.json
564	64	2	99	19	15	1	5	1	1	rational	weight_564.json
564	64	2	109	19	35	1	6	1	1	rational	weight_564.json
564	64	2	24	19	115	1	7	1	1	rational	weight_564.json
564	64	2	41	19	110	1	8	1	1	rational	weight_564.json
564	64	2	29	19	0	1	9	1	1	rational	weight_564.json
564	64	2	101	19	115	1	10	1	1	rational	weight_564.json
564	64	2	124	19	65	1	11	1	1	rational	weight_564.json
564	64	2	116	19	85	1	12	1	1	rational	weight_564.json
564	64	2	49	19	40	1	13	1	1	rational	weight_564.json
564	64	2	51	19	90	1	14	1	1	rational	weight_564.json
564	64	2	16	19	35	1	15	1	1	rational	weight_564.json
564	64	2	16	19	35	1	16	1	1	rational	weight_564.json
564	64	2	76	19	40	1	17	1	1	rational	weight_564.json
564	64	2	24	19	115	1	18	1	1	rational	weight_564.json
564	64	2	84	19	110	1	19	1	1	rational	weight_564.json
564	64	2	66	19	60	1	20	1	1	rational	weight_564.json
564	64	2	66	19	60	1	21	1	1	rational	weight_564.json
564	64	2	9	19	85	1	22	1	1	rational	weight_564.json
564	64	2	29	19	0	1	23	1	1	rational	weight_564.json
564	64	2	1	19	65	1	24	1	1	rational	weight_564.json
564	64	2	74	19	90	1	25	1	1	rational	weight_564.json
564	64	2	29	19	0	1	26	1	1	rational	weight_564.json
564	64	2	91	19	10	1	27	1	1	rational	weight_564.json
564	64	2	49	19	40	1	28	1	1	rational	weight_564.json
564	64	2	109	19	35	1	29	1	1	rational	weight_564.json
564	64	2	9	19	85	1	30	1	1	rational	weight_564.json
564	64	2	84	19	110	1	31	1	1	rational	weight_564.json
564	64	2	1	19	65	1	32	1	1	rational	weight_564.json
564	64	2	91	19	10	1	33	1	1	rational	weight_564.json
564	64	2	59	19	60	1	34	1	1	rational	weight_564.json
564	64	2	96	19	0	1	35	1	1	rational	weight_564.json
564	64	2	29	19	0	1	36	1	1	rational	weight_564.json
564	64	2	96	19	0	1	37	1	1	rational	weight_564.json
564	64	2	116	19	85	1	38	1	1	rational	weight_564.json
564	64	2	26	19	15	1	39	1	1	rational	weight_564.json
564	64	2	51	19	90	1	40	1	1	rational	weight_564.json
564	64	2	124	19	65	1	41	1	1	rational	weight_564.json
564	64	2	96	19	0	1	42	1	1	rational	weight_564.json
564	64	2	96	19	0	1	43	1	1	rational	weight_564.json
564	64	2	41	19	110	1	44	1	1	rational	weight_564.json
564	64	2	99	19	15	1	45	1	1	rational	weight_564.json
564	64	2	34	19	10	1	46	2	1	rational	weight_564.json
566	66	2	37	19	45	1	1	1	1	rational	weight_566.json
566	66	2	88	19	45	1	2	1	1	rational	weight_566.json
566	66	2	113	19	20	1	3	1	1	rational	weight_566.json
566	66	2	13	19	120	1	4	1	1	rational	weight_566.json
566	66	2	117	19	25	1	5	1	1	rational	weight_566.json
566	66	2	63	19	70	1	6	1	1	rational	weight_566.json
566	66	2	33	19	0	1	7	1	1	rational	weight_566.json
566	66	2	87	19	95	1	8	1	1	rational	weight_566.json
566	66	2	58	19	100	1	9	1	1	rational	weight_566.json
566	66	2	8	19	25	1	10	1	1	rational	weight_566.json
566	66	2	62	19	70	1	11	1	1	rational	weight_566.json
566	66	2	83	19	75	1	12	1	1	rational	weight_566.json
566	66	2	117	19	25	1	13	1	1	rational	weight_566.json
566	66	2	23	19	60	1	14	1	1	rational	weight_566.json
566	66	2	13	19	120	1	15	1	1	rational	weight_566.json
566	66	2	8	19	25	1	16	1	1	rational	weight_566.json
566	66	2	23	19	60	1	17	1	1	rational	weight_566.json
566	66	2	108	19	50	1	18	1	1	rational	weight_566.json
566	66	2	92	19	0	1	19	1	1	rational	weight_566.json
566	66	2	23	19	60	1	20	1	1	rational	weight_566.json
566	66	2	63	19	70	1	21	1	1	rational	weight_566.json
566	66	2	23	19	60	1	22	1	1	rational	weight_566.json
566	66	2	87	19	95	1	23	1	1	rational	weight_566.json
566	66	2	62	19	70	1	24	1	1	rational	weight_566.json
566	66	2	112	19	120	1	25	1	1	rational	weight_566.json
566	66	2	42	19	75	1	26	1	1	rational	weight_566.json
566	66	2	113	19	20	1	27	1	1	rational	weight_566.json
566	66	2	112	19	120	1	28	1	1	rational	weight_566.json
566	66	2	102	19	60	1	29	1	1	rational	weight_566.json
566	66	2	17	19	50	1	30	1	1	rational	weight_566.json
566	66	2	102	19	60	1	31	1	1	rational	weight_566.json
566	66	2	38	19	95	1	32	1	1	rational	weight_566.json
566	66	2	38	19	95	1	33	1	1	rational	weight_566.json
566	66	2	42	19	75	1	34	1	1	rational	weight_566.json
566	66	2	23	19	60	1	35	1	1	rational	weight_566.json
566	66	2	33	19	0	1	36	1	1	rational	weight_566.json
566	66	2	102	19	60	1	37	1	1	rational	weight_566.json
566	66	2	102	19	60	1	38	1	1	rational	weight_566.json
566	66	2	17	19	50	1	39	1	1	rational	weight_566.json
566	66	2	37	19	45	1	40	1	1	rational	weight_566.json
566	66	2	58	19	100	1	41	1	1	rational	weight_566.json
566	66	2	102	19	60	1	42	1	1	rational	weight_566.json
566	66	2	83	19	75	1	43	1	1	rational	weight_566.json
566	66	2	12	19	20	1	44	1	1	rational	weight_566.json
566	66	2	67	19	100	1	45	1	2	rational	weight_566.json
568	68	2	89	19	60	1	1	1	1	rational	weight_568.json
568	68	2	34	19	50	1	2	1	1	rational	weight_568.json
568	68	2	91	19	50	1	3	1	1	rational	weight_568.json
568	68	2	4	19	90	1	4	1	1	rational	weight_568.json
568	68	2	34	19	50	1	5	1	1	rational	weight_568.json
568	68	2	91	19	50	1	6	1	1	rational	weight_568.json
568	68	2	4	19	90	1	7	1	1	rational	weight_568.json
568	68	2	71	19	65	1	8	1	1	rational	weight_568.json
568	68	2	86	19	85	1	9	1	1	rational	weight_568.json
568	68	2	29	19	15	1	10	1	1	rational	weight_568.json
568	68	2	91	19	50	1	11	1	1	rational	weight_568.json
568	68	2	96	19	15	1	12	1	1	rational	weight_568.json
568	68	2	104	19	40	1	13	1	1	rational	weight_568.json
568	68	2	46	19	115	1	14	1	1	rational	weight_568.json
568	68	2	114	19	110	1	15	1	1	rational	weight_568.json
568	68	2	91	19	50	1	16	1	1	rational	weight_568.json
568	68	2	104	19	40	1	17	1	1	rational	weight_568.json
568	68	2	96	19	15	1	18	1	1	rational	weight_568.json
568	68	2	121	19	90	1	19	1	1	rational	weight_568.json
568	68	2	34	19	50	1	20	1	1	rational	weight_568.json
568	68	2	79	19	115	1	21	1	1	rational	weight_568.json
568	68	2	39	19	85	1	22	1	1	rational	weight_568.json
568	68	2	121	19	90	1	23	1	1	rational	weight_568.json
568	68	2	36	19	60	1	24	1	1	rational	weight_568.json
568	68	2	39	19	85	1	25	1	1	rational	weight_568.json
568	68	2	71	19	65	1	26	1	1	rational	weight_568.json
568	68	2	54	19	65	1	27	1	1	rational	weight_568.json
568	68	2	64	19	10	1	28	1	1	rational	weight_568.json
568	68	2	14	19	35	1	29	1	1	rational	weight_568.json
568	68	2	34	19	50	1	30	1	1	rational	weight_568.json
568	68	2	11	19	110	1	31	1	1	rational	weight_568.json
568	68	2	34	19	50	1	32	1	1	rational	weight_568.json
568	68	2	89	19	60	1	33	1	1	rational	weight_568.json
568	68	2	46	19	115	1	34	1	1	rational	weight_568.json
568	68	2	11	19	110	1	35	1	1	rational	weight_568.json
568	68	2	86	19	85	1	36	1	1	rational	weight_568.json
568	68	2	91	19	50	1	37	1	1	rational	weight_568.json
568	68	2	61	19	10	1	38	1	1	rational	weight_568.json
568	68	2	79	19	115	1	39	1	1	rational	weight_568.json
568	68	2	14	19	35	1	40	1	1	rational	weight_568.json
568	68	2	61	19	10	1	41	1	1	rational	weight_568.json
568	68	2	114	19	110	1	42	1	1	rational	weight_568.json
568	68	2	29	19	15	1	43	1	1	rational	weight_568.json
568	68	2	21	19	40	1	44	1	1	rational	weight_568.json
568	68	2	36	19	60	1	45	1	1	rational	weight_568.json
568	68	2	111	19	35	1	46	1	2	rational	weight_568.json
570	70	2	27	19	20	1	1	1	1	rational	weight_570.json
570	70	2	38	19	30	1	2	1	1	rational	weight_570.json
570	70	2	113	19	80	1	3	1	1	rational	weight_570.json
570	70	2	98	19	20	1	4	1	1	rational	weight_570.json
570	70	2	87	19	30	1	5	1	1	rational	weight_570.json
570	70	2	98	19	20	1	6	1	1	rational	weight_570.json
570	70	2	8	19	35	1	7	1	1	rational	weight_570.json
570	70	2	67	19	110	1	8	1	1	rational	weight_570.json
570	70	2	27	19	20	1	9	1	1	rational	weight_570.json
570	70	2	58	19	110	1	10	1	1	rational	weight_570.json
570	70	2	83	19	85	1	11	1	1	rational	weight_570.json
570	70	2	58	19	110	1	12	1	1	rational	weight_570.json
570	70	2	67	19	110	1	13	1	1	rational	weight_570.json
570	70	2	37	19	105	1	14	1	1	rational	weight_570.json
570	70	2	117	19	35	1	15	1	1	rational	weight_570.json
570	70	2	38	19	30	1	16	1	1	rational	weight_570.json
570	70	2	92	19	10	1	17	1	1	rational	weight_570.json
570	70	2	42	19	85	1	18	1	1	rational	weight_570.json
570	70	2	98	19	20	1	19	1	1	rational	weight_570.json
570	70	2	108	19	60	1	20	1	1	rational	weight_570.json
570	70	2	13	19	55	1	21	1	1	rational	weight_570.json
570	70	2	27	19	20	1	22	1	1	rational	weight_570.json
570	70	2	42	19	85	1	23	1	1	rational	weight_570.json
570	70	2	27	19	20	1	24	1	1	rational	weight_570.json
570	70	2	12	19	80	1	25	1	1	rational	weight_570.json
570	70	2	113	19	80	1	26	1	1	rational	weight_570.json
570	70	2	108	19	60	1	27	1	1	rational	weight_570.json
570	70	2	98	19	20	1	28	1	1	rational	weight_570.json
570	70	2	27	19	20	1	29	1	1	rational	weight_570.json
570	70	2	87	19	30	1	30	1	1	rational	weight_570.json
570	70	2	98	19	20	1	31	1	1	rational	weight_570.json
570	70	2	62	19	5	1	32	1	1	rational	weight_570.json
570	70	2	117	19	35	1	33	1	1	rational	weight_570.json
570	70	2	37	19	105	1	34	1	1	rational	weight_570.json
570	70	2	63	19	5	1	35	1	1	rational	weight_570.json
570	70	2	8	19	35	1	36	1	1	rational	weight_570.json
570	70	2	112	19	55	1	37	1	1	rational	weight_570.json
570	70	2	112	19	55	1	38	1	1	rational	weight_570.json
570	70	2	13	19	55	1	39	1	1	rational	weight_570.json
570	70	2	88	19	105	1	40	1	1	rational	weight_570.json
570	70	2	33	19	10	1	41	1	1	rational	weight_570.json
570	70	2	63	19	5	1	42	1	1	rational	weight_570.json
570	70	2	12	19	80	1	43	1	1	rational	weight_570.json
570	70	2	33	19	10	1	44	1	1	rational	weight_570.json
570	70	2	92	19	10	1	45	1	1	rational	weight_570.json
570	70	2	17	19	60	1	46	2	1	rational	weight_570.json
572	72	2	124	19	95	1	1	1	1	rational	weight_572.json
572	72	2	29	19	80	1	2	1	1	rational	weight_572.json
572	72	2	116	19	90	1	3	1	1	rational	weight_572.json
572	72	2	24	19	20	1	4	1	1	rational	weight_572.json
572	72	2	96	19	80	1	5	1	1	rational	weight_572.json
572	72	2	101	19	20	1	6	1	1	rational	weight_572.json
572	72	2	16	19	40	1	7	1	1	rational	weight_572.json
572	72	2	1	19	95	1	8	1	1	rational	weight_572.json
572	72	2	109	19	40	1	9	1	1	rational	weight_572.json
572	72	2	59	19	65	1	10	1	1	rational	weight_572.json
572	72	2	76	19	70	1	11	1	1	rational	weight_572.json
572	72	2	84	19	115	1	12	1	1	rational	weight_572.json
572	72	2	101	19	20	1	13	1	1	rational	weight_572.json
572	72	2	59	19	65	1	14	1	1	rational	weight_572.json
572	72	2	99	19	45	1	15	1	1	rational	weight_572.json
572	72	2	29	19	80	1	16	1	1	rational	weight_572.json
572	72	2	96	19	80	1	17	1	1	rational	weight_572.json
572	72	2	116	19	90	1	18	1	1	rational	weight_572.json
572	72	2	74	19	120	1	19	1	1	rational	weight_572.json
572	72	2	26	19	45	1	20	1	1	rational	weight_572.json
572	72	2	24	19	20	1	21	1	1	rational	weight_572.json
572	72	2	51	19	120	1	22	1	1	rational	weight_572.json
572	72	2	74	19	120	1	23	1	1	rational	weight_572.json
572	72	2	49	19	70	1	24	1	1	rational	weight_572.json
572	72	2	26	19	45	1	25	1	1	rational	weight_572.json
572	72	2	29	19	80	1	26	1	1	rational	weight_572.json
572	72	2	96	19	80	1	27	1	1	rational	weight_572.json
572	72	2	34	19	15	1	28	1	1	rational	weight_572.json
572	72	2	66	19	65	1	29	1	1	rational	weight_572.json
572	72	2	41	19	115	1	30	1	1	rational	weight_572.json
572	72	2	96	19	80	1	31	1	1	rational	weight_572.json
572	72	2	1	19	95	1	32	1	1	rational	weight_572.json
572	72	2	91	19	15	1	33	1	1	rational	weight_572.json
572	72	2	49	19	70	1	34	1	1	rational	weight_572.json
572	72	2	124	19	95	1	35	1	1	rational	weight_572.json
572	72	2	84	19	115	1	36	1	1	rational	weight_572.json
572	72	2	41	19	115	1	37	1	1	rational	weight_572.json
572	72	2	96	19	80	1	38	1	1	rational	weight_572.json
572	72	2	76	19	70	1	39	1	1	rational	weight_572.json
572	72	2	34	19	15	1	40	1	1	rational	weight_572.json
572	72	2	51	19	120	1	41	1	1	rational	weight_572.json
572	72	2	91	19	15	1	42	1	1	rational	weight_572.json
572	72	2	29	19	80	1	43	1	1	rational	weight_572.json
572	72	2	109	19	40	1	44	1	1	rational	weight_572.json
572	72	2	16	19	40	1	45	1	1	rational	weight_572.json
572	72	2	9	19	90	1	46	1	2	rational	weight_572.json
574	74	2	63	19	15	1	1	1	1	rational	weight_574.json
574	74	2	93	19	60	1	2	1	1	rational	weight_574.json
574	74	2	38	19	40	1	3	1	1	rational	weight_574.json
574	74	2	62	19	15	1	4	1	1	rational	weight_574.json
574	74	2	38	19	40	1	5	1	1	rational	weight_574.json
574	74	2	7	19	35	1	6	1	1	rational	weight_574.json
574	74	2	43	19	110	1	7	1	1	rational	weight_574.json
574	74	2	88	19	115	1	8	1	1	rational	weight_574.json
574	74	2	118	19	35	1	9	1	1	rational	weight_574.json
574	74	2	12	19	90	1	10	1	1	rational	weight_574.json
574	74	2	78	19	100	1	11	1	1	rational	weight_574.json
574	74	2	87	19	40	1	12	1	1	rational	weight_574.json
574	74	2	32	19	60	1	13	1	1	rational	weight_574.json
574	74	2	107	19	10	1	14	1	1	rational	weight_574.json
574	74	2	12	19	90	1	15	1	1	rational	weight_574.json
574	74	2	57	19	85	1	16	1	1	rational	weight_574.json
574	74	2	118	19	35	1	17	1	1	rational	weight_574.json
574	74	2	32	19	60	1	18	1	1	rational	weight_574.json
574	74	2	57	19	85	1	19	1	1	rational	weight_574.json
574	74	2	78	19	100	1	20	1	1	rational	weight_574.json
574	74	2	43	19	110	1	21	1	1	rational	weight_574.json
574	74	2	78	19	100	1	22	1	1	rational	weight_574.json
574	74	2	87	19	40	1	23	1	1	rational	weight_574.json
574	74	2	62	19	15	1	24	1	1	rational	weight_574.json
574	74	2	13	19	65	1	25	1	1	rational	weight_574.json
574	74	2	47	19	100	1	26	1	1	rational	weight_574.json
574	74	2	63	19	15	1	27	1	1	rational	weight_574.json
574	74	2	18	19	10	1	28	1	1	rational	weight_574.json
574	74	2	112	19	65	1	29	1	1	rational	weight_574.json
574	74	2	68	19	85	1	30	1	1	rational	weight_574.json
574	74	2	47	19	100	1	31	1	1	rational	weight_574.json
574	74	2	78	19	100	1	32	1	1	rational	weight_574.json
574	74	2	7	19	35	1	33	1	1	rational	weight_574.json
574	74	2	47	19	100	1	34	1	1	rational	weight_574.json
574	74	2	112	19	65	1	35	1	1	rational	weight_574.json
574	74	2	107	19	10	1	36	1	1	rational	weight_574.json
574	74	2	88	19	115	1	37	1	1	rational	weight_574.json
574	74	2	37	19	115	1	38	1	1	rational	weight_574.json
574	74	2	13	19	65	1	39	1	1	rational	weight_574.json
574	74	2	47	19	100	1	40	1	1	rational	weight_574.json
574	74	2	93	19	60	1	41	1	1	rational	weight_574.json
574	74	2	82	19	110	1	42	1	1	rational	weight_574.json
574	74	2	47	19	100	1	43	1	1	rational	weight_574.json
574	74	2	68	19	85	1	44	1	1	rational	weight_574.json
574	74	2	82	19	110	1	45	1	1	rational	weight_574.json
574	74	2	113	19	90	1	46	1	2	rational	weight_574.json
576	76	2	66	19	80	1	1	1	1	rational	weight_576.json
576	76	2	111	19	65	1	2	1	1	rational	weight_576.json
576	76	2	6	19	100	1	3	1	1	rational	weight_576.json
576	76	2	91	19	30	1	4	1	1	rational	weight_576.json
576	76	2	14	19	65	1	5	1	1	rational	weight_576.json
576	76	2	111	19	65	1	6	1	1	rational	weight_576.json
576	76	2	106	19	25	1	7	1	1	rational	weight_576.json
576	76	2	14	19	65	1	8	1	1	rational	weight_576.json
576	76	2	81	19	75	1	9	1	1	rational	weight_576.json
576	76	2	14	19	65	1	10	1	1	rational	weight_576.json
576	76	2	111	19	65	1	11	1	1	rational	weight_576.json
576	76	2	9	19	105	1	12	1	1	rational	weight_576.json
576	76	2	106	19	25	1	13	1	1	rational	weight_576.json
576	76	2	109	19	55	1	14	1	1	rational	weight_576.json
576	76	2	34	19	30	1	15	1	1	rational	weight_576.json
576	76	2	119	19	100	1	16	1	1	rational	weight_576.json
576	76	2	44	19	75	1	17	1	1	rational	weight_576.json
576	76	2	34	19	30	1	18	1	1	rational	weight_576.json
576	76	2	44	19	75	1	19	1	1	rational	weight_576.json
576	76	2	56	19	0	1	20	1	1	rational	weight_576.json
576	76	2	14	19	65	1	21	1	1	rational	weight_576.json
576	76	2	94	19	50	1	22	1	1	rational	weight_576.json
576	76	2	69	19	0	1	23	1	1	rational	weight_576.json
576	76	2	94	19	50	1	24	1	1	rational	weight_576.json
576	76	2	109	19	55	1	25	1	1	rational	weight_576.json
576	76	2	59	19	80	1	26	1	1	rational	weight_576.json
576	76	2	16	19	55	1	27	1	1	rational	weight_576.json
576	76	2	84	19	5	1	28	1	1	rational	weight_576.json
576	76	2	66	19	80	1	29	1	1	rational	weight_576.json
576	76	2	41	19	5	1	30	1	1	rational	weight_576.json
576	76	2	84	19	5	1	31	1	1	rational	weight_576.json
576	76	2	41	19	5	1	32	1	1	rational	weight_576.json
576	76	2	31	19	50	1	33	1	1	rational	weight_576.json
576	76	2	111	19	65	1	34	1	1	rational	weight_576.json
576	76	2	116	19	105	1	35	1	1	rational	weight_576.json
576	76	2	116	19	105	1	36	1	1	rational	weight_576.json
576	76	2	31	19	50	1	37	1	1	rational	weight_576.json
576	76	2	119	19	100	1	38	1	1	rational	weight_576.json
576	76	2	6	19	100	1	39	1	1	rational	weight_576.json
576	76	2	91	19	30	1	40	1	1	rational	weight_576.json
576	76	2	81	19	75	1	41	1	1	rational	weight_576.json
576	76	2	9	19	105	1	42	1	1	rational	weight_576.json
576	76	2	14	19	65	1	43	1	1	rational	weight_576.json
576	76	2	56	19	0	1	44	1	1	rational	weight_576.json
576	76	2	16	19	55	1	45	1	1	rational	weight_576.json
576	76	2	59	19	80	1	46	1	1	rational	weight_576.json
576	76	2	19	19	25	1	47	2	1	rational	weight_576.json
578	78	2	63	19	100	1	1	1	1	rational	weight_578.json
578	78	2	123	19	40	1	2	1	1	rational	weight_578.json
578	78	2	103	19	60	1	3	1	1	rational	weight_578.json
578	78	2	22	19	60	1	4	1	1	rational	weight_578.json
578	78	2	48	19	115	1	5	1	1	rational	weight_578.json
578	78	2	72	19	110	1	6	1	1	rational	weight_578.json
578	78	2	3	19	35	1	7	1	1	rational	weight_578.json
578	78	2	63	19	100	1	8	1	1	rational	weight_578.json
578	78	2	98	19	65	1	9	1	1	rational	weight_578.json
578	78	2	27	19	65	1	10	1	1	rational	weight_578.json
578	78	2	63	19	100	1	11	1	1	rational	weight_578.json
578	78	2	63	19	100	1	12	1	1	rational	weight_578.json
578	78	2	47	19	85	1	13	1	1	rational	weight_578.json
578	78	2	28	19	10	1	14	1	1	rational	weight_578.json
578	78	2	52	19	90	1	15	1	1	rational	weight_578.json
578	78	2	48	19	115	1	16	1	1	rational	weight_578.json
578	78	2	63	19	100	1	17	1	1	rational	weight_578.json
578	78	2	122	19	35	1	18	1	1	rational	weight_578.json
578	78	2	102	19	15	1	19	1	1	rational	weight_578.json
578	78	2	53	19	110	1	20	1	1	rational	weight_578.json
578	78	2	78	19	85	1	21	1	1	rational	weight_578.json
578	78	2	62	19	100	1	22	1	1	rational	weight_578.json
578	78	2	62	19	100	1	23	1	1	rational	weight_578.json
578	78	2	2	19	40	1	24	1	1	rational	weight_578.json
578	78	2	103	19	60	1	25	1	1	rational	weight_578.json
578	78	2	102	19	15	1	26	1	1	rational	weight_578.json
578	78	2	62	19	100	1	27	1	1	rational	weight_578.json
578	78	2	62	19	100	1	28	1	1	rational	weight_578.json
578	78	2	122	19	35	1	29	1	1	rational	weight_578.json
578	78	2	3	19	35	1	30	1	1	rational	weight_578.json
578	78	2	52	19	90	1	31	1	1	rational	weight_578.json
578	78	2	2	19	40	1	32	1	1	rational	weight_578.json
578	78	2	97	19	10	1	33	1	1	rational	weight_578.json
578	78	2	47	19	85	1	34	1	1	rational	weight_578.json
578	78	2	28	19	10	1	35	1	1	rational	weight_578.json
578	78	2	27	19	65	1	36	1	1	rational	weight_578.json
578	78	2	53	19	110	1	37	1	1	rational	weight_578.json
578	78	2	78	19	85	1	38	1	1	rational	weight_578.json
578	78	2	22	19	60	1	39	1	1	rational	weight_578.json
578	78	2	72	19	110	1	40	1	1	rational	weight_578.json
578	78	2	73	19	90	1	41	1	1	rational	weight_578.json
578	78	2	123	19	40	1	42	1	1	rational	weight_578.json
578	78	2	97	19	10	1	43	1	1	rational	weight_578.json
578	78	2	98	19	65	1	44	1	1	rational	weight_578.json
578	78	2	23	19	15	1	45	1	1	rational	weight_578.json
578	78	2	77	19	115	1	46	1	2	rational	weight_578.json
580	80	2	89	19	55	1	1	1	1	rational	weight_580.json
580	80	2	109	19	120	1	2	1	1	rational	weight_580.json
580	80	2	36	19	55	1	3	1	1	rational	weight_580.json
580	80	2	44	19	65	1	4	1	1	rational	weight_580.json
580	80	2	59	19	20	1	5	1	1	rational	weight_580.json
580	80	2	66	19	20	1	6	1	1	rational	weight_580.json
580	80	2	36	19	55	1	7	1	1	rational	weight_580.json
580	80	2	106	19	15	1	8	1	1	rational	weight_580.json
580	80	2	6	19	90	1	9	1	1	rational	weight_580.json
580	80	2	119	19	90	1	10	1	1	rational	weight_580.json
580	80	2	94	19	40	1	11	1	1	rational	weight_580.json
580	80	2	119	19	90	1	12	1	1	rational	weight_580.json
580	80	2	116	19	45	1	13	1	1	rational	weight_580.json
580	80	2	69	19	115	1	14	1	1	rational	weight_580.json
580	80	2	44	19	65	1	15	1	1	rational	weight_580.json
580	80	2	69	19	115	1	16	1	1	rational	weight_580.json
580	80	2	66	19	20	1	17	1	1	rational	weight_580.json
580	80	2	56	19	115	1	18	1	1	rational	weight_580.json
580	80	2	31	19	40	1	19	1	1	rational	weight_580.json
580	80	2	41	19	70	1	20	1	1	rational	weight_580.json
580	80	2	91	19	95	1	21	1	1	rational	weight_580.json
580	80	2	34	19	95	1	22	1	1	rational	weight_580.json
580	80	2	41	19	70	1	23	1	1	rational	weight_580.json
580	80	2	89	19	55	1	24	1	1	rational	weight_580.json
580	80	2	81	19	65	1	25	1	1	rational	weight_580.json
580	80	2	84	19	70	1	26	1	1	rational	weight_580.json
580	80	2	16	19	120	1	27	1	1	rational	weight_580.json
580	80	2	36	19	55	1	28	1	1	rational	weight_580.json
580	80	2	59	19	20	1	29	1	1	rational	weight_580.json
580	80	2	9	19	45	1	30	1	1	rational	weight_580.json
580	80	2	89	19	55	1	31	1	1	rational	weight_580.json
580	80	2	116	19	45	1	32	1	1	rational	weight_580.json
580	80	2	81	19	65	1	33	1	1	rational	weight_580.json
580	80	2	16	19	120	1	34	1	1	rational	weight_580.json
580	80	2	84	19	70	1	35	1	1	rational	weight_580.json
580	80	2	56	19	115	1	36	1	1	rational	weight_580.json
580	80	2	109	19	120	1	37	1	1	rational	weight_580.json
580	80	2	94	19	40	1	38	1	1	rational	weight_580.json
580	80	2	34	19	95	1	39	1	1	rational	weight_580.json
580	80	2	6	19	90	1	40	1	1	rational	weight_580.json
580	80	2	36	19	55	1	41	1	1	rational	weight_580.json
580	80	2	89	19	55	1	42	1	1	rational	weight_580.json
580	80	2	106	19	15	1	43	1	1	rational	weight_580.json
580	80	2	36	19	55	1	44	1	1	rational	weight_580.json
580	80	2	9	19	45	1	45	1	1	rational	weight_580.json
580	80	2	91	19	95	1	46	1	1	rational	weight_580.json
580	80	2	19	19	15	1	47	2	1	rational	weight_580.json
582	82	2	18	19	105	1	1	1	1	rational	weight_582.json
582	82	2	38	19	35	1	2	1	1	rational	weight_582.json
582	82	2	43	19	80	1	3	1	1	rational	weight_582.json
582	82	2	93	19	30	1	4	1	1	rational	weight_582.json
582	82	2	7	19	5	1	5	1	1	rational	weight_582.json
582	82	2	93	19	30	1	6	1	1	rational	weight_582.json
582	82	2	68	19	55	1	7	1	1	rational	weight_582.json
582	82	2	7	19	5	1	8	1	1	rational	weight_582.json
582	82	2	22	19	120	1	9	1	1	rational	weight_582.json
582	82	2	62	19	10	1	10	1	1	rational	weight_582.json
582	82	2	113	19	85	1	11	1	1	rational	weight_582.json
582	82	2	87	19	35	1	12	1	1	rational	weight_582.json
582	82	2	103	19	120	1	13	1	1	rational	weight_582.json
582	82	2	22	19	120	1	14	1	1	rational	weight_582.json
582	82	2	118	19	5	1	15	1	1	rational	weight_582.json
582	82	2	13	19	60	1	16	1	1	rational	weight_582.json
582	82	2	37	19	110	1	17	1	1	rational	weight_582.json
582	82	2	68	19	55	1	18	1	1	rational	weight_582.json
582	82	2	118	19	5	1	19	1	1	rational	weight_582.json
582	82	2	107	19	105	1	20	1	1	rational	weight_582.json
582	82	2	87	19	35	1	21	1	1	rational	weight_582.json
582	82	2	57	19	55	1	22	1	1	rational	weight_582.json
582	82	2	113	19	85	1	23	1	1	rational	weight_582.json
582	82	2	63	19	10	1	24	1	1	rational	weight_582.json
582	82	2	62	19	10	1	25	1	1	rational	weight_582.json
582	82	2	22	19	120	1	26	1	1	rational	weight_582.json
582	82	2	63	19	10	1	27	1	1	rational	weight_582.json
582	82	2	22	19	120	1	28	1	1	rational	weight_582.json
582	82	2	107	19	105	1	29	1	1	rational	weight_582.json
582	82	2	103	19	120	1	30	1	1	rational	weight_582.json
582	82	2	43	19	80	1	31	1	1	rational	weight_582.json
582	82	2	112	19	60	1	32	1	1	rational	weight_582.json
582	82	2	18	19	105	1	33	1	1	rational	weight_582.json
582	82	2	57	19	55	1	34	1	1	rational	weight_582.json
582	82	2	82	19	80	1	35	1	1	rational	weight_582.json
582	82	2	103	19	120	1	36	1	1	rational	weight_582.json
582	82	2	37	19	110	1	37	1	1	rational	weight_582.json
582	82	2	103	19	120	1	38	1	1	rational	weight_582.json
582	82	2	82	19	80	1	39	1	1	rational	weight_582.json
582	82	2	12	19	85	1	40	1	1	rational	weight_582.json
582	82	2	112	19	60	1	41	1	1	rational	weight_582.json
582	82	2	32	19	30	1	42	1	1	rational	weight_582.json
582	82	2	38	19	35	1	43	1	1	rational	weight_582.json
582	82	2	13	19	60	1	44	1	1	rational	weight_582.json
582	82	2	22	19	120	1	45	1	1	rational	weight_582.json
582	82	2	32	19	30	1	46	1	1	rational	weight_582.json
582	82	2	88	19	110	1	47	2	1	rational	weight_582.json
584	84	2	109	19	110	1	1	1	1	rational	weight_584.json
584	84	2	1	19	15	1	2	1	1	rational	weight_584.json
584	84	2	16	19	110	1	3	1	1	rational	weight_584.json
584	84	2	46	19	50	1	4	1	1	rational	weight_584.json
584	84	2	79	19	50	1	5	1	1	rational	weight_584.json
584	84	2	79	19	50	1	6	1	1	rational	weight_584.json
584	84	2	46	19	50	1	7	1	1	rational	weight_584.json
584	84	2	124	19	15	1	8	1	1	rational	weight_584.json
584	84	2	46	19	50	1	9	1	1	rational	weight_584.json
584	84	2	109	19	110	1	10	1	1	rational	weight_584.json
584	84	2	79	19	50	1	11	1	1	rational	weight_584.json
584	84	2	51	19	40	1	12	1	1	rational	weight_584.json
584	84	2	74	19	40	1	13	1	1	rational	weight_584.json
584	84	2	66	19	10	1	14	1	1	rational	weight_584.json
584	84	2	116	19	35	1	15	1	1	rational	weight_584.json
584	84	2	91	19	85	1	16	1	1	rational	weight_584.json
584	84	2	79	19	50	1	17	1	1	rational	weight_584.json
584	84	2	59	19	10	1	18	1	1	rational	weight_584.json
584	84	2	66	19	10	1	19	1	1	rational	weight_584.json
584	84	2	74	19	40	1	20	1	1	rational	weight_584.json
584	84	2	34	19	85	1	21	1	1	rational	weight_584.json
584	84	2	46	19	50	1	22	1	1	rational	weight_584.json
584	84	2	76	19	115	1	23	1	1	rational	weight_584.json
584	84	2	51	19	40	1	24	1	1	rational	weight_584.json
584	84	2	26	19	90	1	25	1	1	rational	weight_584.json
584	84	2	101	19	65	1	26	1	1	rational	weight_584.json
584	84	2	1	19	15	1	27	1	1	rational	weight_584.json
584	84	2	26	19	90	1	28	1	1	rational	weight_584.json
584	84	2	46	19	50	1	29	1	1	rational	weight_584.json
584	84	2	49	19	115	1	30	1	1	rational	weight_584.json
584	84	2	16	19	110	1	31	1	1	rational	weight_584.json
584	84	2	24	19	65	1	32	1	1	rational	weight_584.json
584	84	2	79	19	50	1	33	1	1	rational	weight_584.json
584	84	2	24	19	65	1	34	1	1	rational	weight_584.json
584	84	2	101	19	65	1	35	1	1	rational	weight_584.json
584	84	2	59	19	10	1	36	1	1	rational	weight_584.json
584	84	2	49	19	115	1	37	1	1	rational	weight_584.json
584	84	2	84	19	60	1	38	1	1	rational	weight_584.json
584	84	2	9	19	35	1	39	1	1	rational	weight_584.json
584	84	2	99	19	90	1	40	1	1	rational	weight_584.json
584	84	2	9	19	35	1	41	1	1	rational	weight_584.json
584	84	2	84	19	60	1	42	1	1	rational	weight_584.json
584	84	2	124	19	15	1	43	1	1	rational	weight_584.json
584	84	2	116	19	35	1	44	1	1	rational	weight_584.json
584	84	2	91	19	85	1	45	1	1	rational	weight_584.json
584	84	2	99	19	90	1	46	1	1	rational	weight_584.json
584	84	2	41	19	60	1	47	1	2	rational	weight_584.json
586	86	2	37	19	95	1	1	1	1	rational	weight_586.json
586	86	2	83	19	0	1	2	1	1	rational	weight_586.json
586	86	2	63	19	120	1	3	1	1	rational	weight_586.json
586	86	2	12	19	70	1	4	1	1	rational	weight_586.json
586	86	2	73	19	60	1	5	1	1	rational	weight_586.json
586	86	2	87	19	20	1	6	1	1	rational	weight_586.json
586	86	2	73	19	60	1	7	1	1	rational	weight_586.json
586	86	2	52	19	60	1	8	1	1	rational	weight_586.json
586	86	2	52	19	60	1	9	1	1	rational	weight_586.json
586	86	2	52	19	60	1	10	1	1	rational	weight_586.json
586	86	2	92	19	50	1	11	1	1	rational	weight_586.json
586	86	2	42	19	0	1	12	1	1	rational	weight_586.json
586	86	2	67	19	25	1	13	1	1	rational	weight_586.json
586	86	2	8	19	75	1	14	1	1	rational	weight_586.json
586	86	2	52	19	60	1	15	1	1	rational	weight_586.json
586	86	2	113	19	70	1	16	1	1	rational	weight_586.json
586	86	2	62	19	120	1	17	1	1	rational	weight_586.json
586	86	2	42	19	0	1	18	1	1	rational	weight_586.json
586	86	2	63	19	120	1	19	1	1	rational	weight_586.json
586	86	2	67	19	25	1	20	1	1	rational	weight_586.json
586	86	2	117	19	75	1	21	1	1	rational	weight_586.json
586	86	2	33	19	50	1	22	1	1	rational	weight_586.json
586	86	2	113	19	70	1	23	1	1	rational	weight_586.json
586	86	2	58	19	25	1	24	1	1	rational	weight_586.json
586	86	2	13	19	45	1	25	1	1	rational	weight_586.json
586	86	2	92	19	50	1	26	1	1	rational	weight_586.json
586	86	2	17	19	100	1	27	1	1	rational	weight_586.json
586	86	2	117	19	75	1	28	1	1	rational	weight_586.json
586	86	2	73	19	60	1	29	1	1	rational	weight_586.json
586	86	2	88	19	95	1	30	1	1	rational	weight_586.json
586	86	2	73	19	60	1	31	1	1	rational	weight_586.json
586	86	2	38	19	20	1	32	1	1	rational	weight_586.json
586	86	2	83	19	0	1	33	1	1	rational	weight_586.json
586	86	2	58	19	25	1	34	1	1	rational	weight_586.json
586	86	2	112	19	45	1	35	1	1	rational	weight_586.json
586	86	2	17	19	100	1	36	1	1	rational	weight_586.json
586	86	2	38	19	20	1	37	1	1	rational	weight_586.json
586	86	2	37	19	95	1	38	1	1	rational	weight_586.json
586	86	2	13	19	45	1	39	1	1	rational	weight_586.json
586	86	2	112	19	45	1	40	1	1	rational	weight_586.json
586	86	2	33	19	50	1	41	1	1	rational	weight_586.json
586	86	2	73	19	60	1	42	1	1	rational	weight_586.json
586	86	2	52	19	60	1	43	1	1	rational	weight_586.json
586	86	2	87	19	20	1	44	1	1	rational	weight_586.json
586	86	2	88	19	95	1	45	1	1	rational	weight_586.json
586	86	2	62	19	120	1	46	1	1	rational	weight_586.json
586	86	2	108	19	100	1	47	1	2	rational	weight_586.json
588	88	2	29	19	90	1	1	1	1	rational	weight_588.json
588	88	2	89	19	10	1	2	1	1	rational	weight_588.json
588	88	2	104	19	115	1	3	1	1	rational	weight_588.json
588	88	2	34	19	0	1	4	1	1	rational	weight_588.json
588	88	2	54	19	15	1	5	1	1	rational	weight_588.json
588	88	2	104	19	115	1	6	1	1	rational	weight_588.json
588	88	2	36	19	10	1	7	1	1	rational	weight_588.json
588	88	2	96	19	90	1	8	1	1	rational	weight_588.json
588	88	2	96	19	90	1	9	1	1	rational	weight_588.json
588	88	2	91	19	0	1	10	1	1	rational	weight_588.json
588	88	2	34	19	0	1	11	1	1	rational	weight_588.json
588	88	2	34	19	0	1	12	1	1	rational	weight_588.json
588	88	2	61	19	85	1	13	1	1	rational	weight_588.json
588	88	2	46	19	65	1	14	1	1	rational	weight_588.json
588	88	2	121	19	40	1	15	1	1	rational	weight_588.json
588	88	2	91	19	0	1	16	1	1	rational	weight_588.json
588	88	2	114	19	60	1	17	1	1	rational	weight_588.json
588	88	2	11	19	60	1	18	1	1	rational	weight_588.json
588	88	2	54	19	15	1	19	1	1	rational	weight_588.json
588	88	2	4	19	40	1	20	1	1	rational	weight_588.json
588	88	2	111	19	110	1	21	1	1	rational	weight_588.json
588	88	2	86	19	35	1	22	1	1	rational	weight_588.json
588	88	2	91	19	0	1	23	1	1	rational	weight_588.json
588	88	2	4	19	40	1	24	1	1	rational	weight_588.json
588	88	2	114	19	60	1	25	1	1	rational	weight_588.json
588	88	2	11	19	60	1	26	1	1	rational	weight_588.json
588	88	2	71	19	15	1	27	1	1	rational	weight_588.json
588	88	2	121	19	40	1	28	1	1	rational	weight_588.json
588	88	2	64	19	85	1	29	1	1	rational	weight_588.json
588	88	2	21	19	115	1	30	1	1	rational	weight_588.json
588	88	2	91	19	0	1	31	1	1	rational	weight_588.json
588	88	2	39	19	35	1	32	1	1	rational	weight_588.json
588	88	2	86	19	35	1	33	1	1	rational	weight_588.json
588	88	2	89	19	10	1	34	1	1	rational	weight_588.json
588	88	2	34	19	0	1	35	1	1	rational	weight_588.json
588	88	2	91	19	0	1	36	1	1	rational	weight_588.json
588	88	2	64	19	85	1	37	1	1	rational	weight_588.json
588	88	2	34	19	0	1	38	1	1	rational	weight_588.json
588	88	2	36	19	10	1	39	1	1	rational	weight_588.json
588	88	2	21	19	115	1	40	1	1	rational	weight_588.json
588	88	2	39	19	35	1	41	1	1	rational	weight_588.json
588	88	2	111	19	110	1	42	1	1	rational	weight_588.json
588	88	2	46	19	65	1	43	1	1	rational	weight_588.json
588	88	2	61	19	85	1	44	1	1	rational	weight_588.json
588	88	2	71	19	15	1	45	1	1	rational	weight_588.json
588	88	2	79	19	65	1	46	1	1	rational	weight_588.json
588	88	2	79	19	65	1	47	1	1	rational	weight_588.json
588	88	2	14	19	110	1	48	1	2	rational	weight_588.json
590	90	2	88	19	30	1	1	1	1	rational	weight_590.json
590	90	2	42	19	10	1	2	1	1	rational	weight_590.json
590	90	2	37	19	30	1	3	1	1	rational	weight_590.json
590	90	2	63	19	55	1	4	1	1	rational	weight_590.json
590	90	2	48	19	120	1	5	1	1	rational	weight_590.json
590	90	2	33	19	60	1	6	1	1	rational	weight_590.json
590	90	2	13	19	105	1	7	1	1	rational	weight_590.json
590	90	2	12	19	5	1	8	1	1	rational	weight_590.json
590	90	2	63	19	55	1	9	1	1	rational	weight_590.json
590	90	2	87	19	80	1	10	1	1	rational	weight_590.json
590	90	2	12	19	5	1	11	1	1	rational	weight_590.json
590	90	2	38	19	80	1	12	1	1	rational	weight_590.json
590	90	2	38	19	80	1	13	1	1	rational	weight_590.json
590	90	2	48	19	120	1	14	1	1	rational	weight_590.json
590	90	2	88	19	30	1	15	1	1	rational	weight_590.json
590	90	2	112	19	105	1	16	1	1	rational	weight_590.json
590	90	2	48	19	120	1	17	1	1	rational	weight_590.json
590	90	2	62	19	55	1	18	1	1	rational	weight_590.json
590	90	2	83	19	10	1	19	1	1	rational	weight_590.json
590	90	2	112	19	105	1	20	1	1	rational	weight_590.json
590	90	2	117	19	85	1	21	1	1	rational	weight_590.json
590	90	2	92	19	60	1	22	1	1	rational	weight_590.json
590	90	2	67	19	35	1	23	1	1	rational	weight_590.json
590	90	2	87	19	80	1	24	1	1	rational	weight_590.json
590	90	2	77	19	120	1	25	1	1	rational	weight_590.json
590	90	2	108	19	110	1	26	1	1	rational	weight_590.json
590	90	2	33	19	60	1	27	1	1	rational	weight_590.json
590	90	2	67	19	35	1	28	1	1	rational	weight_590.json
590	90	2	77	19	120	1	29	1	1	rational	weight_590.json
590	90	2	37	19	30	1	30	1	1	rational	weight_590.json
590	90	2	117	19	85	1	31	1	1	rational	weight_590.json
590	90	2	17	19	110	1	32	1	1	rational	weight_590.json
590	90	2	108	19	110	1	33	1	1	rational	weight_590.json
590	90	2	83	19	10	1	34	1	1	rational	weight_590.json
590	90	2	42	19	10	1	35	1	1	rational	weight_590.json
590	90	2	48	19	120	1	36	1	1	rational	weight_590.json
590	90	2	8	19	85	1	37	1	1	rational	weight_590.json
590	90	2	77	19	120	1	38	1	1	rational	weight_590.json
590	90	2	77	19	120	1	39	1	1	rational	weight_590.json
590	90	2	13	19	105	1	40	1	1	rational	weight_590.json
590	90	2	77	19	120	1	41	1	1	rational	weight_590.json
590	90	2	92	19	60	1	42	1	1	rational	weight_590.json
590	90	2	17	19	110	1	43	1	1	rational	weight_590.json
590	90	2	48	19	120	1	44	1	1	rational	weight_590.json
590	90	2	113	19	5	1	45	1	1	rational	weight_590.json
590	90	2	8	19	85	1	46	1	1	rational	weight_590.json
590	90	2	58	19	35	1	47	1	2	rational	weight_590.json
592	92	2	9	19	40	1	1	1	1	rational	weight_592.json
592	92	2	1	19	45	1	2	1	1	rational	weight_592.json
592	92	2	124	19	45	1	3	1	1	rational	weight_592.json
592	92	2	21	19	55	1	4	1	1	rational	weight_592.json
592	92	2	49	19	20	1	5	1	1	rational	weight_592.json
592	92	2	21	19	55	1	6	1	1	rational	weight_592.json
592	92	2	91	19	90	1	7	1	1	rational	weight_592.json
592	92	2	91	19	90	1	8	1	1	rational	weight_592.json
592	92	2	84	19	65	1	9	1	1	rational	weight_592.json
592	92	2	66	19	15	1	10	1	1	rational	weight_592.json
592	92	2	104	19	55	1	11	1	1	rational	weight_592.json
592	92	2	34	19	90	1	12	1	1	rational	weight_592.json
592	92	2	21	19	55	1	13	1	1	rational	weight_592.json
592	92	2	49	19	20	1	14	1	1	rational	weight_592.json
592	92	2	99	19	120	1	15	1	1	rational	weight_592.json
592	92	2	76	19	20	1	16	1	1	rational	weight_592.json
592	92	2	74	19	70	1	17	1	1	rational	weight_592.json
592	92	2	104	19	55	1	18	1	1	rational	weight_592.json
592	92	2	26	19	120	1	19	1	1	rational	weight_592.json
592	92	2	124	19	45	1	20	1	1	rational	weight_592.json
592	92	2	66	19	15	1	21	1	1	rational	weight_592.json
592	92	2	16	19	115	1	22	1	1	rational	weight_592.json
592	92	2	101	19	95	1	23	1	1	rational	weight_592.json
592	92	2	1	19	45	1	24	1	1	rational	weight_592.json
592	92	2	109	19	115	1	25	1	1	rational	weight_592.json
592	92	2	76	19	20	1	26	1	1	rational	weight_592.json
592	92	2	59	19	15	1	27	1	1	rational	weight_592.json
592	92	2	109	19	115	1	28	1	1	rational	weight_592.json
592	92	2	99	19	120	1	29	1	1	rational	weight_592.json
592	92	2	116	19	40	1	30	1	1	rational	weight_592.json
592	92	2	104	19	55	1	31	1	1	rational	weight_592.json
592	92	2	21	19	55	1	32	1	1	rational	weight_592.json
592	92	2	84	19	65	1	33	1	1	rational	weight_592.json
592	92	2	21	19	55	1	34	1	1	rational	weight_592.json
592	92	2	101	19	95	1	35	1	1	rational	weight_592.json
592	92	2	104	19	55	1	36	1	1	rational	weight_592.json
592	92	2	34	19	90	1	37	1	1	rational	weight_592.json
592	92	2	26	19	120	1	38	1	1	rational	weight_592.json
592	92	2	104	19	55	1	39	1	1	rational	weight_592.json
592	92	2	9	19	40	1	40	1	1	rational	weight_592.json
592	92	2	24	19	95	1	41	1	1	rational	weight_592.json
592	92	2	116	19	40	1	42	1	1	rational	weight_592.json
592	92	2	16	19	115	1	43	1	1	rational	weight_592.json
592	92	2	59	19	15	1	44	1	1	rational	weight_592.json
592	92	2	24	19	95	1	45	1	1	rational	weight_592.json
592	92	2	51	19	70	1	46	1	1	rational	weight_592.json
592	92	2	51	19	70	1	47	1	1	rational	weight_592.json
592	92	2	41	19	65	1	48	1	2	rational	weight_592.json
594	94	2	93	19	110	1	1	1	1	rational	weight_594.json
594	94	2	112	19	115	1	2	1	1	rational	weight_594.json
594	94	2	88	19	40	1	3	1	1	rational	weight_594.json
594	94	2	53	19	50	1	4	1	1	rational	weight_594.json
594	94	2	38	19	90	1	5	1	1	rational	weight_594.json
594	94	2	87	19	90	1	6	1	1	rational	weight_594.json
594	94	2	13	19	115	1	7	1	1	rational	weight_594.json
594	94	2	118	19	85	1	8	1	1	rational	weight_594.json
594	94	2	72	19	50	1	9	1	1	rational	weight_594.json
594	94	2	107	19	60	1	10	1	1	rational	weight_594.json
594	94	2	87	19	90	1	11	1	1	rational	weight_594.json
594	94	2	72	19	50	1	12	1	1	rational	weight_594.json
594	94	2	63	19	65	1	13	1	1	rational	weight_594.json
594	94	2	68	19	10	1	14	1	1	rational	weight_594.json
594	94	2	93	19	110	1	15	1	1	rational	weight_594.json
594	94	2	7	19	85	1	16	1	1	rational	weight_594.json
594	94	2	43	19	35	1	17	1	1	rational	weight_594.json
594	94	2	38	19	90	1	18	1	1	rational	weight_594.json
594	94	2	13	19	115	1	19	1	1	rational	weight_594.json
594	94	2	18	19	60	1	20	1	1	rational	weight_594.json
594	94	2	18	19	60	1	21	1	1	rational	weight_594.json
594	94	2	112	19	115	1	22	1	1	rational	weight_594.json
594	94	2	53	19	50	1	23	1	1	rational	weight_594.json
594	94	2	62	19	65	1	24	1	1	rational	weight_594.json
594	94	2	57	19	10	1	25	1	1	rational	weight_594.json
594	94	2	53	19	50	1	26	1	1	rational	weight_594.json
594	94	2	72	19	50	1	27	1	1	rational	weight_594.json
594	94	2	12	19	15	1	28	1	1	rational	weight_594.json
594	94	2	68	19	10	1	29	1	1	rational	weight_594.json
594	94	2	88	19	40	1	30	1	1	rational	weight_594.json
594	94	2	63	19	65	1	31	1	1	rational	weight_594.json
594	94	2	113	19	15	1	32	1	1	rational	weight_594.json
594	94	2	12	19	15	1	33	1	1	rational	weight_594.json
594	94	2	72	19	50	1	34	1	1	rational	weight_594.json
594	94	2	82	19	35	1	35	1	1	rational	weight_594.json
594	94	2	32	19	110	1	36	1	1	rational	weight_594.json
594	94	2	53	19	50	1	37	1	1	rational	weight_594.json
594	94	2	118	19	85	1	38	1	1	rational	weight_594.json
594	94	2	32	19	110	1	39	1	1	rational	weight_594.json
594	94	2	107	19	60	1	40	1	1	rational	weight_594.json
594	94	2	72	19	50	1	41	1	1	rational	weight_594.json
594	94	2	62	19	65	1	42	1	1	rational	weight_594.json
594	94	2	53	19	50	1	43	1	1	rational	weight_594.json
594	94	2	82	19	35	1	44	1	1	rational	weight_594.json
594	94	2	7	19	85	1	45	1	1	rational	weight_594.json
594	94	2	113	19	15	1	46	1	1	rational	weight_594.json
594	94	2	57	19	10	1	47	1	1	rational	weight_594.json
594	94	2	37	19	40	1	48	2	1	rational	weight_594.json
596	96	2	44	19	25	1	1	1	1	rational	weight_596.json
596	96	2	119	19	50	1	2	1	1	rational	weight_596.json
596	96	2	19	19	100	1	3	1	1	rational	weight_596.json
596	96	2	6	19	50	1	4	1	1	rational	weight_596.json
596	96	2	106	19	100	1	5	1	1	rational	weight_596.json
596	96	2	116	19	55	1	6	1	1	rational	weight_596.json
596	96	2	84	19	80	1	7	1	1	rational	weight_596.json
596	96	2	34	19	105	1	8	1	1	rational	weight_596.json
596	96	2	86	19	65	1	9	1	1	rational	weight_596.json
596	96	2	94	19	0	1	10	1	1	rational	weight_596.json
596	96	2	59	19	30	1	11	1	1	rational	weight_596.json
596	96	2	86	19	65	1	12	1	1	rational	weight_596.json
596	96	2	86	19	65	1	13	1	1	rational	weight_596.json
596	96	2	16	19	5	1	14	1	1	rational	weight_596.json
596	96	2	39	19	65	1	15	1	1	rational	weight_596.json
596	96	2	9	19	55	1	16	1	1	rational	weight_596.json
596	96	2	39	19	65	1	17	1	1	rational	weight_596.json
596	96	2	9	19	55	1	18	1	1	rational	weight_596.json
596	96	2	119	19	50	1	19	1	1	rational	weight_596.json
596	96	2	91	19	105	1	20	1	1	rational	weight_596.json
596	96	2	91	19	105	1	21	1	1	rational	weight_596.json
596	96	2	31	19	0	1	22	1	1	rational	weight_596.json
596	96	2	69	19	75	1	23	1	1	rational	weight_596.json
596	96	2	66	19	30	1	24	1	1	rational	weight_596.json
596	96	2	56	19	75	1	25	1	1	rational	weight_596.json
596	96	2	81	19	25	1	26	1	1	rational	weight_596.json
596	96	2	106	19	100	1	27	1	1	rational	weight_596.json
596	96	2	66	19	30	1	28	1	1	rational	weight_596.json
596	96	2	41	19	80	1	29	1	1	rational	weight_596.json
596	96	2	109	19	5	1	30	1	1	rational	weight_596.json
596	96	2	116	19	55	1	31	1	1	rational	weight_596.json
596	96	2	16	19	5	1	32	1	1	rational	weight_596.json
596	96	2	19	19	100	1	33	1	1	rational	weight_596.json
596	96	2	86	19	65	1	34	1	1	rational	weight_596.json
596	96	2	39	19	65	1	35	1	1	rational	weight_596.json
596	96	2	39	19	65	1	36	1	1	rational	weight_596.json
596	96	2	109	19	5	1	37	1	1	rational	weight_596.json
596	96	2	94	19	0	1	38	1	1	rational	weight_596.json
596	96	2	81	19	25	1	39	1	1	rational	weight_596.json
596	96	2	86	19	65	1	40	1	1	rational	weight_596.json
596	96	2	59	19	30	1	41	1	1	rational	weight_596.json
596	96	2	41	19	80	1	42	1	1	rational	weight_596.json
596	96	2	69	19	75	1	43	1	1	rational	weight_596.json
596	96	2	84	19	80	1	44	1	1	rational	weight_596.json
596	96	2	31	19	0	1	45	1	1	rational	weight_596.json
596	96	2	6	19	50	1	46	1	1	rational	weight_596.json
596	96	2	39	19	65	1	47	1	1	rational	weight_596.json
596	96	2	56	19	75	1	48	1	1	rational	weight_596.json
596	96	2	34	19	105	1	49	1	1	rational	weight_596.json
598	98	2	22	19	110	1	1	1	1	rational	weight_598.json
598	98	2	62	19	25	1	2	1	1	rational	weight_598.json
598	98	2	78	19	10	1	3	1	1	rational	weight_598.json
598	98	2	28	19	60	1	4	1	1	rational	weight_598.json
598	98	2	73	19	15	1	5	1	1	rational	weight_598.json
598	98	2	72	19	35	1	6	1	1	rational	weight_598.json
598	98	2	122	19	85	1	7	1	1	rational	weight_598.json
598	98	2	62	19	25	1	8	1	1	rational	weight_598.json
598	98	2	97	19	60	1	9	1	1	rational	weight_598.json
598	98	2	63	19	25	1	10	1	1	rational	weight_598.json
598	98	2	3	19	85	1	11	1	1	rational	weight_598.json
598	98	2	2	19	90	1	12	1	1	rational	weight_598.json
598	98	2	3	19	85	1	13	1	1	rational	weight_598.json
598	98	2	102	19	65	1	14	1	1	rational	weight_598.json
598	98	2	103	19	110	1	15	1	1	rational	weight_598.json
598	98	2	63	19	25	1	16	1	1	rational	weight_598.json
598	98	2	72	19	35	1	17	1	1	rational	weight_598.json
598	98	2	53	19	35	1	18	1	1	rational	weight_598.json
598	98	2	28	19	60	1	19	1	1	rational	weight_598.json
598	98	2	22	19	110	1	20	1	1	rational	weight_598.json
598	98	2	62	19	25	1	21	1	1	rational	weight_598.json
598	98	2	98	19	115	1	22	1	1	rational	weight_598.json
598	98	2	53	19	35	1	23	1	1	rational	weight_598.json
598	98	2	73	19	15	1	24	1	1	rational	weight_598.json
598	98	2	2	19	90	1	25	1	1	rational	weight_598.json
598	98	2	97	19	60	1	26	1	1	rational	weight_598.json
598	98	2	27	19	115	1	27	1	1	rational	weight_598.json
598	98	2	23	19	65	1	28	1	1	rational	weight_598.json
598	98	2	23	19	65	1	29	1	1	rational	weight_598.json
598	98	2	47	19	10	1	30	1	1	rational	weight_598.json
598	98	2	52	19	15	1	31	1	1	rational	weight_598.json
598	98	2	63	19	25	1	32	1	1	rational	weight_598.json
598	98	2	123	19	90	1	33	1	1	rational	weight_598.json
598	98	2	78	19	10	1	34	1	1	rational	weight_598.json
598	98	2	103	19	110	1	35	1	1	rational	weight_598.json
598	98	2	62	19	25	1	36	1	1	rational	weight_598.json
598	98	2	47	19	10	1	37	1	1	rational	weight_598.json
598	98	2	62	19	25	1	38	1	1	rational	weight_598.json
598	98	2	63	19	25	1	39	1	1	rational	weight_598.json
598	98	2	27	19	115	1	40	1	1	rational	weight_598.json
598	98	2	48	19	40	1	41	1	1	rational	weight_598.json
598	98	2	102	19	65	1	42	1	1	rational	weight_598.json
598	98	2	52	19	15	1	43	1	1	rational	weight_598.json
598	98	2	122	19	85	1	44	1	1	rational	weight_598.json
598	98	2	123	19	90	1	45	1	1	rational	weight_598.json
598	98	2	63	19	25	1	46	1	1	rational	weight_598.json
598	98	2	98	19	115	1	47	1	1	rational	weight_598.json
598	98	2	77	19	40	1	48	1	2	rational	weight_598.json
600	0	2	6	19	40	1	1	1	1	rational	weight_600.json
600	0	2	94	19	115	1	2	1	1	rational	weight_600.json
600	0	2	41	19	20	1	3	1	1	rational	weight_600.json
600	0	2	34	19	45	1	4	1	1	rational	weight_600.json
600	0	2	66	19	95	1	5	1	1	rational	weight_600.json
600	0	2	106	19	90	1	6	1	1	rational	weight_600.json
600	0	2	61	19	80	1	7	1	1	rational	weight_600.json
600	0	2	34	19	45	1	8	1	1	rational	weight_600.json
600	0	2	61	19	80	1	9	1	1	rational	weight_600.json
600	0	2	44	19	15	1	10	1	1	rational	weight_600.json
600	0	2	81	19	15	1	11	1	1	rational	weight_600.json
600	0	2	109	19	70	1	12	1	1	rational	weight_600.json
600	0	2	69	19	65	1	13	1	1	rational	weight_600.json
600	0	2	61	19	80	1	14	1	1	rational	weight_600.json
600	0	2	84	19	20	1	15	1	1	rational	weight_600.json
600	0	2	64	19	80	1	16	1	1	rational	weight_600.json
600	0	2	91	19	45	1	17	1	1	rational	weight_600.json
600	0	2	19	19	90	1	18	1	1	rational	weight_600.json
600	0	2	16	19	70	1	19	1	1	rational	weight_600.json
600	0	2	31	19	115	1	20	1	1	rational	weight_600.json
600	0	2	59	19	95	1	21	1	1	rational	weight_600.json
600	0	2	109	19	70	1	22	1	1	rational	weight_600.json
600	0	2	6	19	40	1	23	1	1	rational	weight_600.json
600	0	2	16	19	70	1	24	1	1	rational	weight_600.json
600	0	2	59	19	95	1	25	1	1	rational	weight_600.json
600	0	2	31	19	115	1	26	1	1	rational	weight_600.json
600	0	2	66	19	95	1	27	1	1	rational	weight_600.json
600	0	2	61	19	80	1	28	1	1	rational	weight_600.json
600	0	2	61	19	80	1	29	1	1	rational	weight_600.json
600	0	2	116	19	120	1	30	1	1	rational	weight_600.json
600	0	2	84	19	20	1	31	1	1	rational	weight_600.json
600	0	2	9	19	120	1	32	1	1	rational	weight_600.json
600	0	2	56	19	65	1	33	1	1	rational	weight_600.json
600	0	2	106	19	90	1	34	1	1	rational	weight_600.json
600	0	2	94	19	115	1	35	1	1	rational	weight_600.json
600	0	2	81	19	15	1	36	1	1	rational	weight_600.json
600	0	2	41	19	20	1	37	1	1	rational	weight_600.json
600	0	2	69	19	65	1	38	1	1	rational	weight_600.json
600	0	2	19	19	90	1	39	1	1	rational	weight_600.json
600	0	2	64	19	80	1	40	1	1	rational	weight_600.json
600	0	2	56	19	65	1	41	1	1	rational	weight_600.json
600	0	2	9	19	120	1	42	1	1	rational	weight_600.json
600	0	2	64	19	80	1	43	1	1	rational	weight_600.json
600	0	2	116	19	120	1	44	1	1	rational	weight_600.json
600	0	2	91	19	45	1	45	1	1	rational	weight_600.json
600	0	2	64	19	80	1	46	1	1	rational	weight_600.json
600	0	2	64	19	80	1	47	1	1	rational	weight_600.json
600	0	2	44	19	15	1	48	1	1	rational	weight_600.json
600	0	2	119	19	40	1	49	2	1	rational	weight_600.json
602	2	2	37	19	35	1	1	1	1	rational	weight_602.json
602	2	2	68	19	105	1	2	1	1	rational	weight_602.json
602	2	2	12	19	10	1	3	1	1	rational	weight_602.json
602	2	2	122	19	20	1	4	1	1	rational	weight_602.json
602	2	2	93	19	80	1	5	1	1	rational	weight_602.json
602	2	2	88	19	35	1	6	1	1	rational	weight_602.json
602	2	2	88	19	35	1	7	1	1	rational	weight_602.json
602	2	2	3	19	20	1	8	1	1	rational	weight_602.json
602	2	2	38	19	85	1	9	1	1	rational	weight_602.json
602	2	2	107	19	30	1	10	1	1	rational	weight_602.json
602	2	2	112	19	110	1	11	1	1	rational	weight_602.json
602	2	2	68	19	105	1	12	1	1	rational	weight_602.json
602	2	2	3	19	20	1	13	1	1	rational	weight_602.json
602	2	2	7	19	55	1	14	1	1	rational	weight_602.json
602	2	2	7	19	55	1	15	1	1	rational	weight_602.json
602	2	2	43	19	5	1	16	1	1	rational	weight_602.json
602	2	2	82	19	5	1	17	1	1	rational	weight_602.json
602	2	2	32	19	80	1	18	1	1	rational	weight_602.json
602	2	2	62	19	60	1	19	1	1	rational	weight_602.json
602	2	2	57	19	105	1	20	1	1	rational	weight_602.json
602	2	2	93	19	80	1	21	1	1	rational	weight_602.json
602	2	2	112	19	110	1	22	1	1	rational	weight_602.json
602	2	2	63	19	60	1	23	1	1	rational	weight_602.json
602	2	2	107	19	30	1	24	1	1	rational	weight_602.json
602	2	2	13	19	110	1	25	1	1	rational	weight_602.json
602	2	2	13	19	110	1	26	1	1	rational	weight_602.json
602	2	2	62	19	60	1	27	1	1	rational	weight_602.json
602	2	2	122	19	20	1	28	1	1	rational	weight_602.json
602	2	2	57	19	105	1	29	1	1	rational	weight_602.json
602	2	2	38	19	85	1	30	1	1	rational	weight_602.json
602	2	2	3	19	20	1	31	1	1	rational	weight_602.json
602	2	2	82	19	5	1	32	1	1	rational	weight_602.json
602	2	2	122	19	20	1	33	1	1	rational	weight_602.json
602	2	2	12	19	10	1	34	1	1	rational	weight_602.json
602	2	2	37	19	35	1	35	1	1	rational	weight_602.json
602	2	2	43	19	5	1	36	1	1	rational	weight_602.json
602	2	2	122	19	20	1	37	1	1	rational	weight_602.json
602	2	2	87	19	85	1	38	1	1	rational	weight_602.json
602	2	2	32	19	80	1	39	1	1	rational	weight_602.json
602	2	2	18	19	30	1	40	1	1	rational	weight_602.json
602	2	2	118	19	55	1	41	1	1	rational	weight_602.json
602	2	2	3	19	20	1	42	1	1	rational	weight_602.json
602	2	2	63	19	60	1	43	1	1	rational	weight_602.json
602	2	2	122	19	20	1	44	1	1	rational	weight_602.json
602	2	2	18	19	30	1	45	1	1	rational	weight_602.json
602	2	2	118	19	55	1	46	1	1	rational	weight_602.json
602	2	2	87	19	85	1	47	1	1	rational	weight_602.json
602	2	2	113	19	10	1	48	2	1	rational	weight_602.json
604	4	2	121	19	100	1	1	1	1	rational	weight_604.json
604	4	2	4	19	100	1	2	1	1	rational	weight_604.json
604	4	2	34	19	35	1	3	1	1	rational	weight_604.json
604	4	2	99	19	40	1	4	1	1	rational	weight_604.json
604	4	2	16	19	60	1	5	1	1	rational	weight_604.json
604	4	2	74	19	115	1	6	1	1	rational	weight_604.json
604	4	2	124	19	90	1	7	1	1	rational	weight_604.json
604	4	2	26	19	40	1	8	1	1	rational	weight_604.json
604	4	2	16	19	60	1	9	1	1	rational	weight_604.json
604	4	2	49	19	65	1	10	1	1	rational	weight_604.json
604	4	2	74	19	115	1	11	1	1	rational	weight_604.json
604	4	2	66	19	85	1	12	1	1	rational	weight_604.json
604	4	2	59	19	85	1	13	1	1	rational	weight_604.json
604	4	2	101	19	15	1	14	1	1	rational	weight_604.json
604	4	2	124	19	90	1	15	1	1	rational	weight_604.json
604	4	2	84	19	10	1	16	1	1	rational	weight_604.json
604	4	2	101	19	15	1	17	1	1	rational	weight_604.json
604	4	2	121	19	100	1	18	1	1	rational	weight_604.json
604	4	2	9	19	110	1	19	1	1	rational	weight_604.json
604	4	2	4	19	100	1	20	1	1	rational	weight_604.json
604	4	2	24	19	15	1	21	1	1	rational	weight_604.json
604	4	2	76	19	65	1	22	1	1	rational	weight_604.json
604	4	2	9	19	110	1	23	1	1	rational	weight_604.json
604	4	2	121	19	100	1	24	1	1	rational	weight_604.json
604	4	2	34	19	35	1	25	1	1	rational	weight_604.json
604	4	2	121	19	100	1	26	1	1	rational	weight_604.json
604	4	2	121	19	100	1	27	1	1	rational	weight_604.json
604	4	2	1	19	90	1	28	1	1	rational	weight_604.json
604	4	2	49	19	65	1	29	1	1	rational	weight_604.json
604	4	2	91	19	35	1	30	1	1	rational	weight_604.json
604	4	2	1	19	90	1	31	1	1	rational	weight_604.json
604	4	2	99	19	40	1	32	1	1	rational	weight_604.json
604	4	2	91	19	35	1	33	1	1	rational	weight_604.json
604	4	2	4	19	100	1	34	1	1	rational	weight_604.json
604	4	2	51	19	115	1	35	1	1	rational	weight_604.json
604	4	2	41	19	10	1	36	1	1	rational	weight_604.json
604	4	2	66	19	85	1	37	1	1	rational	weight_604.json
604	4	2	109	19	60	1	38	1	1	rational	weight_604.json
604	4	2	109	19	60	1	39	1	1	rational	weight_604.json
604	4	2	24	19	15	1	40	1	1	rational	weight_604.json
604	4	2	59	19	85	1	41	1	1	rational	weight_604.json
604	4	2	76	19	65	1	42	1	1	rational	weight_604.json
604	4	2	4	19	100	1	43	1	1	rational	weight_604.json
604	4	2	51	19	115	1	44	1	1	rational	weight_604.json
604	4	2	84	19	10	1	45	1	1	rational	weight_604.json
604	4	2	4	19	100	1	46	1	1	rational	weight_604.json
604	4	2	26	19	40	1	47	1	1	rational	weight_604.json
604	4	2	41	19	10	1	48	1	1	rational	weight_604.json
604	4	2	116	19	110	1	49	1	2	rational	weight_604.json
606	6	2	58	19	75	1	1	1	1	rational	weight_606.json
606	6	2	42	19	50	1	2	1	1	rational	weight_606.json
606	6	2	33	19	100	1	3	1	1	rational	weight_606.json
606	6	2	123	19	60	1	4	1	1	rational	weight_606.json
606	6	2	2	19	60	1	5	1	1	rational	weight_606.json
606	6	2	63	19	45	1	6	1	1	rational	weight_606.json
606	6	2	17	19	25	1	7	1	1	rational	weight_606.json
606	6	2	12	19	120	1	8	1	1	rational	weight_606.json
606	6	2	123	19	60	1	9	1	1	rational	weight_606.json
606	6	2	113	19	120	1	10	1	1	rational	weight_606.json
606	6	2	12	19	120	1	11	1	1	rational	weight_606.json
606	6	2	113	19	120	1	12	1	1	rational	weight_606.json
606	6	2	88	19	20	1	13	1	1	rational	weight_606.json
606	6	2	2	19	60	1	14	1	1	rational	weight_606.json
606	6	2	108	19	25	1	15	1	1	rational	weight_606.json
606	6	2	8	19	0	1	16	1	1	rational	weight_606.json
606	6	2	13	19	95	1	17	1	1	rational	weight_606.json
606	6	2	92	19	100	1	18	1	1	rational	weight_606.json
606	6	2	67	19	75	1	19	1	1	rational	weight_606.json
606	6	2	13	19	95	1	20	1	1	rational	weight_606.json
606	6	2	87	19	70	1	21	1	1	rational	weight_606.json
606	6	2	37	19	20	1	22	1	1	rational	weight_606.json
606	6	2	33	19	100	1	23	1	1	rational	weight_606.json
606	6	2	112	19	95	1	24	1	1	rational	weight_606.json
606	6	2	123	19	60	1	25	1	1	rational	weight_606.json
606	6	2	58	19	75	1	26	1	1	rational	weight_606.json
606	6	2	108	19	25	1	27	1	1	rational	weight_606.json
606	6	2	2	19	60	1	28	1	1	rational	weight_606.json
606	6	2	62	19	45	1	29	1	1	rational	weight_606.json
606	6	2	117	19	0	1	30	1	1	rational	weight_606.json
606	6	2	83	19	50	1	31	1	1	rational	weight_606.json
606	6	2	123	19	60	1	32	1	1	rational	weight_606.json
606	6	2	83	19	50	1	33	1	1	rational	weight_606.json
606	6	2	2	19	60	1	34	1	1	rational	weight_606.json
606	6	2	38	19	70	1	35	1	1	rational	weight_606.json
606	6	2	88	19	20	1	36	1	1	rational	weight_606.json
606	6	2	92	19	100	1	37	1	1	rational	weight_606.json
606	6	2	37	19	20	1	38	1	1	rational	weight_606.json
606	6	2	87	19	70	1	39	1	1	rational	weight_606.json
606	6	2	63	19	45	1	40	1	1	rational	weight_606.json
606	6	2	8	19	0	1	41	1	1	rational	weight_606.json
606	6	2	17	19	25	1	42	1	1	rational	weight_606.json
606	6	2	38	19	70	1	43	1	1	rational	weight_606.json
606	6	2	67	19	75	1	44	1	1	rational	weight_606.json
606	6	2	62	19	45	1	45	1	1	rational	weight_606.json
606	6	2	2	19	60	1	46	1	1	rational	weight_606.json
606	6	2	123	19	60	1	47	1	1	rational	weight_606.json
606	6	2	117	19	0	1	48	1	1	rational	weight_606.json
606	6	2	42	19	50	1	49	1	1	rational	weight_606.json
606	6	2	112	19	95	1	50	1	1	rational	weight_606.json
608	8	2	91	19	75	1	1	1	1	rational	weight_608.json
608	8	2	86	19	110	1	2	1	1	rational	weight_608.json
608	8	2	34	19	75	1	3	1	1	rational	weight_608.json
608	8	2	34	19	75	1	4	1	1	rational	weight_608.json
608	8	2	34	19	75	1	5	1	1	rational	weight_608.json
608	8	2	96	19	40	1	6	1	1	rational	weight_608.json
608	8	2	71	19	90	1	7	1	1	rational	weight_608.json
608	8	2	71	19	90	1	8	1	1	rational	weight_608.json
608	8	2	61	19	35	1	9	1	1	rational	weight_608.json
608	8	2	86	19	110	1	10	1	1	rational	weight_608.json
608	8	2	89	19	85	1	11	1	1	rational	weight_608.json
608	8	2	114	19	10	1	12	1	1	rational	weight_608.json
608	8	2	34	19	75	1	13	1	1	rational	weight_608.json
608	8	2	11	19	10	1	14	1	1	rational	weight_608.json
608	8	2	34	19	75	1	15	1	1	rational	weight_608.json
608	8	2	96	19	40	1	16	1	1	rational	weight_608.json
608	8	2	4	19	115	1	17	1	1	rational	weight_608.json
608	8	2	121	19	115	1	18	1	1	rational	weight_608.json
608	8	2	36	19	85	1	19	1	1	rational	weight_608.json
608	8	2	39	19	110	1	20	1	1	rational	weight_608.json
608	8	2	91	19	75	1	21	1	1	rational	weight_608.json
608	8	2	29	19	40	1	22	1	1	rational	weight_608.json
608	8	2	79	19	15	1	23	1	1	rational	weight_608.json
608	8	2	89	19	85	1	24	1	1	rational	weight_608.json
608	8	2	39	19	110	1	25	1	1	rational	weight_608.json
608	8	2	79	19	15	1	26	1	1	rational	weight_608.json
608	8	2	114	19	10	1	27	1	1	rational	weight_608.json
608	8	2	29	19	40	1	28	1	1	rational	weight_608.json
608	8	2	54	19	90	1	29	1	1	rational	weight_608.json
608	8	2	14	19	60	1	30	1	1	rational	weight_608.json
608	8	2	14	19	60	1	31	1	1	rational	weight_608.json
608	8	2	91	19	75	1	32	1	1	rational	weight_608.json
608	8	2	121	19	115	1	33	1	1	rational	weight_608.json
608	8	2	64	19	35	1	34	1	1	rational	weight_608.json
608	8	2	104	19	65	1	35	1	1	rational	weight_608.json
608	8	2	61	19	35	1	36	1	1	rational	weight_608.json
608	8	2	104	19	65	1	37	1	1	rational	weight_608.json
608	8	2	36	19	85	1	38	1	1	rational	weight_608.json
608	8	2	54	19	90	1	39	1	1	rational	weight_608.json
608	8	2	4	19	115	1	40	1	1	rational	weight_608.json
608	8	2	21	19	65	1	41	1	1	rational	weight_608.json
608	8	2	46	19	15	1	42	1	1	rational	weight_608.json
608	8	2	91	19	75	1	43	1	1	rational	weight_608.json
608	8	2	46	19	15	1	44	1	1	rational	weight_608.json
608	8	2	91	19	75	1	45	1	1	rational	weight_608.json
608	8	2	21	19	65	1	46	1	1	rational	weight_608.json
608	8	2	64	19	35	1	47	1	1	rational	weight_608.json
608	8	2	11	19	10	1	48	1	1	rational	weight_608.json
608	8	2	111	19	60	1	49	2	1	rational	weight_608.json
610	10	2	92	19	110	1	1	1	1	rational	weight_610.json
610	10	2	112	19	30	1	2	1	1	rational	weight_610.json
610	10	2	8	19	10	1	3	1	1	rational	weight_610.json
610	10	2	67	19	85	1	4	1	1	rational	weight_610.json
610	10	2	62	19	105	1	5	1	1	rational	weight_610.json
610	10	2	113	19	55	1	6	1	1	rational	weight_610.json
610	10	2	62	19	105	1	7	1	1	rational	weight_610.json
610	10	2	33	19	110	1	8	1	1	rational	weight_610.json
610	10	2	123	19	95	1	9	1	1	rational	weight_610.json
610	10	2	58	19	85	1	10	1	1	rational	weight_610.json
610	10	2	42	19	60	1	11	1	1	rational	weight_610.json
610	10	2	37	19	80	1	12	1	1	rational	weight_610.json
610	10	2	123	19	95	1	13	1	1	rational	weight_610.json
610	10	2	63	19	105	1	14	1	1	rational	weight_610.json
610	10	2	17	19	35	1	15	1	1	rational	weight_610.json
610	10	2	112	19	30	1	16	1	1	rational	weight_610.json
610	10	2	88	19	80	1	17	1	1	rational	weight_610.json
610	10	2	37	19	80	1	18	1	1	rational	weight_610.json
610	10	2	113	19	55	1	19	1	1	rational	weight_610.json
610	10	2	12	19	55	1	20	1	1	rational	weight_610.json
610	10	2	2	19	95	1	21	1	1	rational	weight_610.json
610	10	2	67	19	85	1	22	1	1	rational	weight_610.json
610	10	2	2	19	95	1	23	1	1	rational	weight_610.json
610	10	2	87	19	5	1	24	1	1	rational	weight_610.json
610	10	2	8	19	10	1	25	1	1	rational	weight_610.json
610	10	2	2	19	95	1	26	1	1	rational	weight_610.json
610	10	2	12	19	55	1	27	1	1	rational	weight_610.json
610	10	2	42	19	60	1	28	1	1	rational	weight_610.json
610	10	2	58	19	85	1	29	1	1	rational	weight_610.json
610	10	2	13	19	30	1	30	1	1	rational	weight_610.json
610	10	2	83	19	60	1	31	1	1	rational	weight_610.json
610	10	2	38	19	5	1	32	1	1	rational	weight_610.json
610	10	2	92	19	110	1	33	1	1	rational	weight_610.json
610	10	2	2	19	95	1	34	1	1	rational	weight_610.json
610	10	2	38	19	5	1	35	1	1	rational	weight_610.json
610	10	2	2	19	95	1	36	1	1	rational	weight_610.json
610	10	2	108	19	35	1	37	1	1	rational	weight_610.json
610	10	2	17	19	35	1	38	1	1	rational	weight_610.json
610	10	2	33	19	110	1	39	1	1	rational	weight_610.json
610	10	2	108	19	35	1	40	1	1	rational	weight_610.json
610	10	2	88	19	80	1	41	1	1	rational	weight_610.json
610	10	2	123	19	95	1	42	1	1	rational	weight_610.json
610	10	2	123	19	95	1	43	1	1	rational	weight_610.json
610	10	2	123	19	95	1	44	1	1	rational	weight_610.json
610	10	2	83	19	60	1	45	1	1	rational	weight_610.json
610	10	2	63	19	105	1	46	1	1	rational	weight_610.json
610	10	2	13	19	30	1	47	1	1	rational	weight_610.json
610	10	2	87	19	5	1	48	1	1	rational	weight_610.json
610	10	2	117	19	10	1	49	1	2	rational	weight_610.json
612	12	2	116	19	115	1	1	1	1	rational	weight_612.json
612	12	2	124	19	120	1	2	1	1	rational	weight_612.json
612	12	2	71	19	30	1	3	1	1	rational	weight_612.json
612	12	2	54	19	30	1	4	1	1	rational	weight_612.json
612	12	2	76	19	95	1	5	1	1	rational	weight_612.json
612	12	2	66	19	90	1	6	1	1	rational	weight_612.json
612	12	2	71	19	30	1	7	1	1	rational	weight_612.json
612	12	2	9	19	115	1	8	1	1	rational	weight_612.json
612	12	2	76	19	95	1	9	1	1	rational	weight_612.json
612	12	2	101	19	45	1	10	1	1	rational	weight_612.json
612	12	2	71	19	30	1	11	1	1	rational	weight_612.json
612	12	2	109	19	65	1	12	1	1	rational	weight_612.json
612	12	2	124	19	120	1	13	1	1	rational	weight_612.json
612	12	2	91	19	40	1	14	1	1	rational	weight_612.json
612	12	2	49	19	95	1	15	1	1	rational	weight_612.json
612	12	2	24	19	45	1	16	1	1	rational	weight_612.json
612	12	2	59	19	90	1	17	1	1	rational	weight_612.json
612	12	2	1	19	120	1	18	1	1	rational	weight_612.json
612	12	2	84	19	15	1	19	1	1	rational	weight_612.json
612	12	2	99	19	70	1	20	1	1	rational	weight_612.json
612	12	2	74	19	20	1	21	1	1	rational	weight_612.json
612	12	2	26	19	70	1	22	1	1	rational	weight_612.json
612	12	2	16	19	65	1	23	1	1	rational	weight_612.json
612	12	2	1	19	120	1	24	1	1	rational	weight_612.json
612	12	2	66	19	90	1	25	1	1	rational	weight_612.json
612	12	2	24	19	45	1	26	1	1	rational	weight_612.json
612	12	2	101	19	45	1	27	1	1	rational	weight_612.json
612	12	2	54	19	30	1	28	1	1	rational	weight_612.json
612	12	2	59	19	90	1	29	1	1	rational	weight_612.json
612	12	2	84	19	15	1	30	1	1	rational	weight_612.json
612	12	2	54	19	30	1	31	1	1	rational	weight_612.json
612	12	2	51	19	20	1	32	1	1	rational	weight_612.json
612	12	2	51	19	20	1	33	1	1	rational	weight_612.json
612	12	2	9	19	115	1	34	1	1	rational	weight_612.json
612	12	2	99	19	70	1	35	1	1	rational	weight_612.json
612	12	2	26	19	70	1	36	1	1	rational	weight_612.json
612	12	2	91	19	40	1	37	1	1	rational	weight_612.json
612	12	2	109	19	65	1	38	1	1	rational	weight_612.json
612	12	2	71	19	30	1	39	1	1	rational	weight_612.json
612	12	2	49	19	95	1	40	1	1	rational	weight_612.json
612	12	2	41	19	15	1	41	1	1	rational	weight_612.json
612	12	2	41	19	15	1	42	1	1	rational	weight_612.json
612	12	2	116	19	115	1	43	1	1	rational	weight_612.json
612	12	2	71	19	30	1	44	1	1	rational	weight_612.json
612	12	2	101	19	45	1	45	1	1	rational	weight_612.json
612	12	2	16	19	65	1	46	1	1	rational	weight_612.json
612	12	2	54	19	30	1	47	1	1	rational	weight_612.json
612	12	2	74	19	20	1	48	1	1	rational	weight_612.json
612	12	2	54	19	30	1	49	1	1	rational	weight_612.json
612	12	2	34	19	40	1	50	1	2	rational	weight_612.json
614	14	2	113	19	65	1	1	1	1	rational	weight_614.json
614	14	2	38	19	15	1	2	1	1	rational	weight_614.json
614	14	2	32	19	35	1	3	1	1	rational	weight_614.json
614	14	2	118	19	10	1	4	1	1	rational	weight_614.json
614	14	2	12	19	65	1	5	1	1	rational	weight_614.json
614	14	2	88	19	90	1	6	1	1	rational	weight_614.json
614	14	2	28	19	0	1	7	1	1	rational	weight_614.json
614	14	2	38	19	15	1	8	1	1	rational	weight_614.json
614	14	2	68	19	60	1	9	1	1	rational	weight_614.json
614	14	2	18	19	110	1	10	1	1	rational	weight_614.json
614	14	2	62	19	115	1	11	1	1	rational	weight_614.json
614	14	2	88	19	90	1	12	1	1	rational	weight_614.json
614	14	2	28	19	0	1	13	1	1	rational	weight_614.json
614	14	2	57	19	60	1	14	1	1	rational	weight_614.json
614	14	2	82	19	85	1	15	1	1	rational	weight_614.json
614	14	2	107	19	110	1	16	1	1	rational	weight_614.json
614	14	2	7	19	10	1	17	1	1	rational	weight_614.json
614	14	2	7	19	10	1	18	1	1	rational	weight_614.json
614	14	2	62	19	115	1	19	1	1	rational	weight_614.json
614	14	2	32	19	35	1	20	1	1	rational	weight_614.json
614	14	2	93	19	35	1	21	1	1	rational	weight_614.json
614	14	2	82	19	85	1	22	1	1	rational	weight_614.json
614	14	2	93	19	35	1	23	1	1	rational	weight_614.json
614	14	2	57	19	60	1	24	1	1	rational	weight_614.json
614	14	2	97	19	0	1	25	1	1	rational	weight_614.json
614	14	2	28	19	0	1	26	1	1	rational	weight_614.json
614	14	2	12	19	65	1	27	1	1	rational	weight_614.json
614	14	2	107	19	110	1	28	1	1	rational	weight_614.json
614	14	2	97	19	0	1	29	1	1	rational	weight_614.json
614	14	2	13	19	40	1	30	1	1	rational	weight_614.json
614	14	2	112	19	40	1	31	1	1	rational	weight_614.json
614	14	2	18	19	110	1	32	1	1	rational	weight_614.json
614	14	2	68	19	60	1	33	1	1	rational	weight_614.json
614	14	2	97	19	0	1	34	1	1	rational	weight_614.json
614	14	2	87	19	15	1	35	1	1	rational	weight_614.json
614	14	2	97	19	0	1	36	1	1	rational	weight_614.json
614	14	2	43	19	85	1	37	1	1	rational	weight_614.json
614	14	2	87	19	15	1	38	1	1	rational	weight_614.json
614	14	2	13	19	40	1	39	1	1	rational	weight_614.json
614	14	2	97	19	0	1	40	1	1	rational	weight_614.json
614	14	2	118	19	10	1	41	1	1	rational	weight_614.json
614	14	2	37	19	90	1	42	1	1	rational	weight_614.json
614	14	2	113	19	65	1	43	1	1	rational	weight_614.json
614	14	2	43	19	85	1	44	1	1	rational	weight_614.json
614	14	2	37	19	90	1	45	1	1	rational	weight_614.json
614	14	2	28	19	0	1	46	1	1	rational	weight_614.json
614	14	2	112	19	40	1	47	1	1	rational	weight_614.json
614	14	2	28	19	0	1	48	1	1	rational	weight_614.json
614	14	2	63	19	115	1	49	2	1	rational	weight_614.json
616	16	2	56	19	25	1	1	1	1	rational	weight_616.json
616	16	2	66	19	105	1	2	1	1	rational	weight_616.json
616	16	2	19	19	50	1	3	1	1	rational	weight_616.json
616	16	2	31	19	75	1	4	1	1	rational	weight_616.json
616	16	2	106	19	50	1	5	1	1	rational	weight_616.json
616	16	2	61	19	65	1	6	1	1	rational	weight_616.json
616	16	2	44	19	100	1	7	1	1	rational	weight_616.json
616	16	2	61	19	65	1	8	1	1	rational	weight_616.json
616	16	2	64	19	65	1	9	1	1	rational	weight_616.json
616	16	2	6	19	0	1	10	1	1	rational	weight_616.json
616	16	2	116	19	5	1	11	1	1	rational	weight_616.json
616	16	2	16	19	80	1	12	1	1	rational	weight_616.json
616	16	2	31	19	75	1	13	1	1	rational	weight_616.json
616	16	2	44	19	100	1	14	1	1	rational	weight_616.json
616	16	2	81	19	100	1	15	1	1	rational	weight_616.json
616	16	2	91	19	55	1	16	1	1	rational	weight_616.json
616	16	2	94	19	75	1	17	1	1	rational	weight_616.json
616	16	2	41	19	30	1	18	1	1	rational	weight_616.json
616	16	2	59	19	105	1	19	1	1	rational	weight_616.json
616	16	2	16	19	80	1	20	1	1	rational	weight_616.json
616	16	2	64	19	65	1	21	1	1	rational	weight_616.json
616	16	2	91	19	55	1	22	1	1	rational	weight_616.json
616	16	2	6	19	0	1	23	1	1	rational	weight_616.json
616	16	2	109	19	80	1	24	1	1	rational	weight_616.json
616	16	2	94	19	75	1	25	1	1	rational	weight_616.json
616	16	2	81	19	100	1	26	1	1	rational	weight_616.json
616	16	2	91	19	55	1	27	1	1	rational	weight_616.json
616	16	2	41	19	30	1	28	1	1	rational	weight_616.json
616	16	2	64	19	65	1	29	1	1	rational	weight_616.json
616	16	2	109	19	80	1	30	1	1	rational	weight_616.json
616	16	2	61	19	65	1	31	1	1	rational	weight_616.json
616	16	2	119	19	0	1	32	1	1	rational	weight_616.json
616	16	2	34	19	55	1	33	1	1	rational	weight_616.json
616	16	2	9	19	5	1	34	1	1	rational	weight_616.json
616	16	2	66	19	105	1	35	1	1	rational	weight_616.json
616	16	2	64	19	65	1	36	1	1	rational	weight_616.json
616	16	2	9	19	5	1	37	1	1	rational	weight_616.json
616	16	2	61	19	65	1	38	1	1	rational	weight_616.json
616	16	2	119	19	0	1	39	1	1	rational	weight_616.json
616	16	2	56	19	25	1	40	1	1	rational	weight_616.json
616	16	2	106	19	50	1	41	1	1	rational	weight_616.json
616	16	2	61	19	65	1	42	1	1	rational	weight_616.json
616	16	2	34	19	55	1	43	1	1	rational	weight_616.json
616	16	2	116	19	5	1	44	1	1	rational	weight_616.json
616	16	2	64	19	65	1	45	1	1	rational	weight_616.json
616	16	2	19	19	50	1	46	1	1	rational	weight_616.json
616	16	2	84	19	30	1	47	1	1	rational	weight_616.json
616	16	2	59	19	105	1	48	1	1	rational	weight_616.json
616	16	2	84	19	30	1	49	1	1	rational	weight_616.json
616	16	2	69	19	25	1	50	1	2	rational	weight_616.json
618	18	2	78	19	60	1	1	1	1	rational	weight_618.json
618	18	2	28	19	110	1	2	1	1	rational	weight_618.json
618	18	2	3	19	10	1	3	1	1	rational	weight_618.json
618	18	2	73	19	65	1	4	1	1	rational	weight_618.json
618	18	2	28	19	110	1	5	1	1	rational	weight_618.json
618	18	2	63	19	75	1	6	1	1	rational	weight_618.json
618	18	2	48	19	90	1	7	1	1	rational	weight_618.json
618	18	2	98	19	40	1	8	1	1	rational	weight_618.json
618	18	2	102	19	115	1	9	1	1	rational	weight_618.json
618	18	2	102	19	115	1	10	1	1	rational	weight_618.json
618	18	2	27	19	40	1	11	1	1	rational	weight_618.json
618	18	2	23	19	115	1	12	1	1	rational	weight_618.json
618	18	2	47	19	60	1	13	1	1	rational	weight_618.json
618	18	2	62	19	75	1	14	1	1	rational	weight_618.json
618	18	2	103	19	35	1	15	1	1	rational	weight_618.json
618	18	2	63	19	75	1	16	1	1	rational	weight_618.json
618	18	2	63	19	75	1	17	1	1	rational	weight_618.json
618	18	2	72	19	85	1	18	1	1	rational	weight_618.json
618	18	2	122	19	10	1	19	1	1	rational	weight_618.json
618	18	2	103	19	35	1	20	1	1	rational	weight_618.json
618	18	2	23	19	115	1	21	1	1	rational	weight_618.json
618	18	2	63	19	75	1	22	1	1	rational	weight_618.json
618	18	2	62	19	75	1	23	1	1	rational	weight_618.json
618	18	2	62	19	75	1	24	1	1	rational	weight_618.json
618	18	2	97	19	110	1	25	1	1	rational	weight_618.json
618	18	2	22	19	35	1	26	1	1	rational	weight_618.json
618	18	2	47	19	60	1	27	1	1	rational	weight_618.json
618	18	2	22	19	35	1	28	1	1	rational	weight_618.json
618	18	2	97	19	110	1	29	1	1	rational	weight_618.json
618	18	2	122	19	10	1	30	1	1	rational	weight_618.json
618	18	2	63	19	75	1	31	1	1	rational	weight_618.json
618	18	2	27	19	40	1	32	1	1	rational	weight_618.json
618	18	2	62	19	75	1	33	1	1	rational	weight_618.json
618	18	2	123	19	15	1	34	1	1	rational	weight_618.json
618	18	2	123	19	15	1	35	1	1	rational	weight_618.json
618	18	2	48	19	90	1	36	1	1	rational	weight_618.json
618	18	2	98	19	40	1	37	1	1	rational	weight_618.json
618	18	2	72	19	85	1	38	1	1	rational	weight_618.json
618	18	2	73	19	65	1	39	1	1	rational	weight_618.json
618	18	2	52	19	65	1	40	1	1	rational	weight_618.json
618	18	2	78	19	60	1	41	1	1	rational	weight_618.json
618	18	2	62	19	75	1	42	1	1	rational	weight_618.json
618	18	2	2	19	15	1	43	1	1	rational	weight_618.json
618	18	2	53	19	85	1	44	1	1	rational	weight_618.json
618	18	2	97	19	110	1	45	1	1	rational	weight_618.json
618	18	2	3	19	10	1	46	1	1	rational	weight_618.json
618	18	2	52	19	65	1	47	1	1	rational	weight_618.json
618	18	2	53	19	85	1	48	1	1	rational	weight_618.json
618	18	2	2	19	15	1	49	1	1	rational	weight_618.json
618	18	2	77	19	90	1	50	1	2	rational	weight_618.json
620	20	2	9	19	70	1	1	1	1	rational	weight_620.json
620	20	2	106	19	40	1	2	1	1	rational	weight_620.json
620	20	2	34	19	120	1	3	1	1	rational	weight_620.json
620	20	2	59	19	45	1	4	1	1	rational	weight_620.json
620	20	2	109	19	20	1	5	1	1	rational	weight_620.json
620	20	2	19	19	40	1	6	1	1	rational	weight_620.json
620	20	2	84	19	95	1	7	1	1	rational	weight_620.json
620	20	2	116	19	70	1	8	1	1	rational	weight_620.json
620	20	2	56	19	15	1	9	1	1	rational	weight_620.json
620	20	2	44	19	90	1	10	1	1	rational	weight_620.json
620	20	2	86	19	105	1	11	1	1	rational	weight_620.json
620	20	2	39	19	105	1	12	1	1	rational	weight_620.json
620	20	2	19	19	40	1	13	1	1	rational	weight_620.json
620	20	2	66	19	45	1	14	1	1	rational	weight_620.json
620	20	2	6	19	115	1	15	1	1	rational	weight_620.json
620	20	2	31	19	65	1	16	1	1	rational	weight_620.json
620	20	2	86	19	105	1	17	1	1	rational	weight_620.json
620	20	2	116	19	70	1	18	1	1	rational	weight_620.json
620	20	2	56	19	15	1	19	1	1	rational	weight_620.json
620	20	2	39	19	105	1	20	1	1	rational	weight_620.json
620	20	2	16	19	20	1	21	1	1	rational	weight_620.json
620	20	2	86	19	105	1	22	1	1	rational	weight_620.json
620	20	2	34	19	120	1	23	1	1	rational	weight_620.json
620	20	2	119	19	115	1	24	1	1	rational	weight_620.json
620	20	2	86	19	105	1	25	1	1	rational	weight_620.json
620	20	2	16	19	20	1	26	1	1	rational	weight_620.json
620	20	2	66	19	45	1	27	1	1	rational	weight_620.json
620	20	2	106	19	40	1	28	1	1	rational	weight_620.json
620	20	2	69	19	15	1	29	1	1	rational	weight_620.json
620	20	2	39	19	105	1	30	1	1	rational	weight_620.json
620	20	2	6	19	115	1	31	1	1	rational	weight_620.json
620	20	2	44	19	90	1	32	1	1	rational	weight_620.json
620	20	2	91	19	120	1	33	1	1	rational	weight_620.json
620	20	2	84	19	95	1	34	1	1	rational	weight_620.json
620	20	2	39	19	105	1	35	1	1	rational	weight_620.json
620	20	2	41	19	95	1	36	1	1	rational	weight_620.json
620	20	2	91	19	120	1	37	1	1	rational	weight_620.json
620	20	2	119	19	115	1	38	1	1	rational	weight_620.json
620	20	2	86	19	105	1	39	1	1	rational	weight_620.json
620	20	2	109	19	20	1	40	1	1	rational	weight_620.json
620	20	2	41	19	95	1	41	1	1	rational	weight_620.json
620	20	2	9	19	70	1	42	1	1	rational	weight_620.json
620	20	2	81	19	90	1	43	1	1	rational	weight_620.json
620	20	2	69	19	15	1	44	1	1	rational	weight_620.json
620	20	2	81	19	90	1	45	1	1	rational	weight_620.json
620	20	2	31	19	65	1	46	1	1	rational	weight_620.json
620	20	2	81	19	90	1	47	1	1	rational	weight_620.json
620	20	2	39	19	105	1	48	1	1	rational	weight_620.json
620	20	2	59	19	45	1	49	1	1	rational	weight_620.json
620	20	2	94	19	65	1	50	2	1	rational	weight_620.json
622	22	2	28	19	45	1	1	1	1	rational	weight_622.json
622	22	2	113	19	60	1	2	1	1	rational	weight_622.json
622	22	2	68	19	30	1	3	1	1	rational	weight_622.json
622	22	2	12	19	60	1	4	1	1	rational	weight_622.json
622	22	2	107	19	80	1	5	1	1	rational	weight_622.json
622	22	2	63	19	110	1	6	1	1	rational	weight_622.json
622	22	2	57	19	30	1	7	1	1	rational	weight_622.json
622	22	2	18	19	80	1	8	1	1	rational	weight_622.json
622	22	2	97	19	45	1	9	1	1	rational	weight_622.json
622	22	2	37	19	85	1	10	1	1	rational	weight_622.json
622	22	2	97	19	45	1	11	1	1	rational	weight_622.json
622	22	2	32	19	5	1	12	1	1	rational	weight_622.json
622	22	2	28	19	45	1	13	1	1	rational	weight_622.json
622	22	2	63	19	110	1	14	1	1	rational	weight_622.json
622	22	2	118	19	105	1	15	1	1	rational	weight_622.json
622	22	2	28	19	45	1	16	1	1	rational	weight_622.json
622	22	2	97	19	45	1	17	1	1	rational	weight_622.json
622	22	2	28	19	45	1	18	1	1	rational	weight_622.json
622	22	2	43	19	55	1	19	1	1	rational	weight_622.json
622	22	2	87	19	10	1	20	1	1	rational	weight_622.json
622	22	2	57	19	30	1	21	1	1	rational	weight_622.json
622	22	2	112	19	35	1	22	1	1	rational	weight_622.json
622	22	2	7	19	105	1	23	1	1	rational	weight_622.json
622	22	2	43	19	55	1	24	1	1	rational	weight_622.json
622	22	2	87	19	10	1	25	1	1	rational	weight_622.json
622	22	2	82	19	55	1	26	1	1	rational	weight_622.json
622	22	2	93	19	5	1	27	1	1	rational	weight_622.json
622	22	2	18	19	80	1	28	1	1	rational	weight_622.json
622	22	2	28	19	45	1	29	1	1	rational	weight_622.json
622	22	2	107	19	80	1	30	1	1	rational	weight_622.json
622	22	2	97	19	45	1	31	1	1	rational	weight_622.json
622	22	2	82	19	55	1	32	1	1	rational	weight_622.json
622	22	2	93	19	5	1	33	1	1	rational	weight_622.json
622	22	2	113	19	60	1	34	1	1	rational	weight_622.json
622	22	2	38	19	10	1	35	1	1	rational	weight_622.json
622	22	2	88	19	85	1	36	1	1	rational	weight_622.json
622	22	2	62	19	110	1	37	1	1	rational	weight_622.json
622	22	2	118	19	105	1	38	1	1	rational	weight_622.json
622	22	2	12	19	60	1	39	1	1	rational	weight_622.json
622	22	2	37	19	85	1	40	1	1	rational	weight_622.json
622	22	2	68	19	30	1	41	1	1	rational	weight_622.json
622	22	2	7	19	105	1	42	1	1	rational	weight_622.json
622	22	2	88	19	85	1	43	1	1	rational	weight_622.json
622	22	2	97	19	45	1	44	1	1	rational	weight_622.json
622	22	2	38	19	10	1	45	1	1	rational	weight_622.json
622	22	2	32	19	5	1	46	1	1	rational	weight_622.json
622	22	2	112	19	35	1	47	1	1	rational	weight_622.json
622	22	2	62	19	110	1	48	1	1	rational	weight_622.json
622	22	2	87	19	10	1	49	1	1	rational	weight_622.json
622	22	2	13	19	35	1	50	2	1	rational	weight_622.json
624	24	2	54	19	25	1	1	1	1	rational	weight_624.json
624	24	2	71	19	25	1	2	1	1	rational	weight_624.json
624	24	2	54	19	25	1	3	1	1	rational	weight_624.json
624	24	2	84	19	85	1	4	1	1	rational	weight_624.json
624	24	2	116	19	60	1	5	1	1	rational	weight_624.json
624	24	2	124	19	40	1	6	1	1	rational	weight_624.json
624	24	2	101	19	90	1	7	1	1	rational	weight_624.json
624	24	2	24	19	90	1	8	1	1	rational	weight_624.json
624	24	2	76	19	15	1	9	1	1	rational	weight_624.json
624	24	2	71	19	25	1	10	1	1	rational	weight_624.json
624	24	2	26	19	115	1	11	1	1	rational	weight_624.json
624	24	2	99	19	115	1	12	1	1	rational	weight_624.json
624	24	2	74	19	65	1	13	1	1	rational	weight_624.json
624	24	2	9	19	60	1	14	1	1	rational	weight_624.json
624	24	2	16	19	10	1	15	1	1	rational	weight_624.json
624	24	2	99	19	115	1	16	1	1	rational	weight_624.json
624	24	2	16	19	10	1	17	1	1	rational	weight_624.json
624	24	2	1	19	40	1	18	1	1	rational	weight_624.json
624	24	2	91	19	110	1	19	1	1	rational	weight_624.json
624	24	2	109	19	10	1	20	1	1	rational	weight_624.json
624	24	2	124	19	40	1	21	1	1	rational	weight_624.json
624	24	2	54	19	25	1	22	1	1	rational	weight_624.json
624	24	2	1	19	40	1	23	1	1	rational	weight_624.json
624	24	2	51	19	65	1	24	1	1	rational	weight_624.json
624	24	2	49	19	15	1	25	1	1	rational	weight_624.json
624	24	2	101	19	90	1	26	1	1	rational	weight_624.json
624	24	2	59	19	35	1	27	1	1	rational	weight_624.json
624	24	2	26	19	115	1	28	1	1	rational	weight_624.json
624	24	2	91	19	110	1	29	1	1	rational	weight_624.json
624	24	2	41	19	85	1	30	1	1	rational	weight_624.json
624	24	2	9	19	60	1	31	1	1	rational	weight_624.json
624	24	2	71	19	25	1	32	1	1	rational	weight_624.json
624	24	2	54	19	25	1	33	1	1	rational	weight_624.json
624	24	2	34	19	110	1	34	1	1	rational	weight_624.json
624	24	2	76	19	15	1	35	1	1	rational	weight_624.json
624	24	2	116	19	60	1	36	1	1	rational	weight_624.json
624	24	2	34	19	110	1	37	1	1	rational	weight_624.json
624	24	2	71	19	25	1	38	1	1	rational	weight_624.json
624	24	2	74	19	65	1	39	1	1	rational	weight_624.json
624	24	2	71	19	25	1	40	1	1	rational	weight_624.json
624	24	2	109	19	10	1	41	1	1	rational	weight_624.json
624	24	2	9	19	60	1	42	1	1	rational	weight_624.json
624	24	2	24	19	90	1	43	1	1	rational	weight_624.json
624	24	2	54	19	25	1	44	1	1	rational	weight_624.json
624	24	2	84	19	85	1	45	1	1	rational	weight_624.json
624	24	2	41	19	85	1	46	1	1	rational	weight_624.json
624	24	2	59	19	35	1	47	1	1	rational	weight_624.json
624	24	2	71	19	25	1	48	1	1	rational	weight_624.json
624	24	2	51	19	65	1	49	1	1	rational	weight_624.json
624	24	2	49	19	15	1	50	1	1	rational	weight_624.json
624	24	2	66	19	35	1	51	1	2	rational	weight_624.json
626	26	2	77	19	60	1	1	1	1	rational	weight_626.json
626	26	2	42	19	100	1	2	1	1	rational	weight_626.json
626	26	2	77	19	60	1	3	1	1	rational	weight_626.json
626	26	2	108	19	75	1	4	1	1	rational	weight_626.json
626	26	2	58	19	0	1	5	1	1	rational	weight_626.json
626	26	2	33	19	25	1	6	1	1	rational	weight_626.json
626	26	2	58	19	0	1	7	1	1	rational	weight_626.json
626	26	2	42	19	100	1	8	1	1	rational	weight_626.json
626	26	2	77	19	60	1	9	1	1	rational	weight_626.json
626	26	2	117	19	50	1	10	1	1	rational	weight_626.json
626	26	2	112	19	20	1	11	1	1	rational	weight_626.json
626	26	2	48	19	60	1	12	1	1	rational	weight_626.json
626	26	2	113	19	45	1	13	1	1	rational	weight_626.json
626	26	2	108	19	75	1	14	1	1	rational	weight_626.json
626	26	2	48	19	60	1	15	1	1	rational	weight_626.json
626	26	2	63	19	95	1	16	1	1	rational	weight_626.json
626	26	2	48	19	60	1	17	1	1	rational	weight_626.json
626	26	2	77	19	60	1	18	1	1	rational	weight_626.json
626	26	2	87	19	120	1	19	1	1	rational	weight_626.json
626	26	2	67	19	0	1	20	1	1	rational	weight_626.json
626	26	2	112	19	20	1	21	1	1	rational	weight_626.json
626	26	2	63	19	95	1	22	1	1	rational	weight_626.json
626	26	2	77	19	60	1	23	1	1	rational	weight_626.json
626	26	2	92	19	25	1	24	1	1	rational	weight_626.json
626	26	2	87	19	120	1	25	1	1	rational	weight_626.json
626	26	2	88	19	70	1	26	1	1	rational	weight_626.json
626	26	2	38	19	120	1	27	1	1	rational	weight_626.json
626	26	2	113	19	45	1	28	1	1	rational	weight_626.json
626	26	2	62	19	95	1	29	1	1	rational	weight_626.json
626	26	2	88	19	70	1	30	1	1	rational	weight_626.json
626	26	2	37	19	70	1	31	1	1	rational	weight_626.json
626	26	2	8	19	50	1	32	1	1	rational	weight_626.json
626	26	2	38	19	120	1	33	1	1	rational	weight_626.json
626	26	2	13	19	20	1	34	1	1	rational	weight_626.json
626	26	2	33	19	25	1	35	1	1	rational	weight_626.json
626	26	2	37	19	70	1	36	1	1	rational	weight_626.json
626	26	2	67	19	0	1	37	1	1	rational	weight_626.json
626	26	2	17	19	75	1	38	1	1	rational	weight_626.json
626	26	2	92	19	25	1	39	1	1	rational	weight_626.json
626	26	2	48	19	60	1	40	1	1	rational	weight_626.json
626	26	2	12	19	45	1	41	1	1	rational	weight_626.json
626	26	2	8	19	50	1	42	1	1	rational	weight_626.json
626	26	2	77	19	60	1	43	1	1	rational	weight_626.json
626	26	2	48	19	60	1	44	1	1	rational	weight_626.json
626	26	2	62	19	95	1	45	1	1	rational	weight_626.json
626	26	2	117	19	50	1	46	1	1	rational	weight_626.json
626	26	2	17	19	75	1	47	1	1	rational	weight_626.json
626	26	2	13	19	20	1	48	1	1	rational	weight_626.json
626	26	2	12	19	45	1	49	1	1	rational	weight_626.json
626	26	2	83	19	100	1	50	2	1	rational	weight_626.json
628	28	2	71	19	40	1	1	1	1	rational	weight_628.json
628	28	2	54	19	40	1	2	1	1	rational	weight_628.json
628	28	2	89	19	35	1	3	1	1	rational	weight_628.json
628	28	2	111	19	10	1	4	1	1	rational	weight_628.json
628	28	2	61	19	110	1	5	1	1	rational	weight_628.json
628	28	2	36	19	35	1	6	1	1	rational	weight_628.json
628	28	2	89	19	35	1	7	1	1	rational	weight_628.json
628	28	2	96	19	115	1	8	1	1	rational	weight_628.json
628	28	2	61	19	110	1	9	1	1	rational	weight_628.json
628	28	2	34	19	25	1	10	1	1	rational	weight_628.json
628	28	2	34	19	25	1	11	1	1	rational	weight_628.json
628	28	2	96	19	115	1	12	1	1	rational	weight_628.json
628	28	2	54	19	40	1	13	1	1	rational	weight_628.json
628	28	2	121	19	65	1	14	1	1	rational	weight_628.json
628	28	2	64	19	110	1	15	1	1	rational	weight_628.json
628	28	2	34	19	25	1	16	1	1	rational	weight_628.json
628	28	2	91	19	25	1	17	1	1	rational	weight_628.json
628	28	2	121	19	65	1	18	1	1	rational	weight_628.json
628	28	2	4	19	65	1	19	1	1	rational	weight_628.json
628	28	2	79	19	90	1	20	1	1	rational	weight_628.json
628	28	2	86	19	60	1	21	1	1	rational	weight_628.json
628	28	2	34	19	25	1	22	1	1	rational	weight_628.json
628	28	2	61	19	110	1	23	1	1	rational	weight_628.json
628	28	2	64	19	110	1	24	1	1	rational	weight_628.json
628	28	2	91	19	25	1	25	1	1	rational	weight_628.json
628	28	2	71	19	40	1	26	1	1	rational	weight_628.json
628	28	2	91	19	25	1	27	1	1	rational	weight_628.json
628	28	2	91	19	25	1	28	1	1	rational	weight_628.json
628	28	2	91	19	25	1	29	1	1	rational	weight_628.json
628	28	2	104	19	15	1	30	1	1	rational	weight_628.json
628	28	2	111	19	10	1	31	1	1	rational	weight_628.json
628	28	2	29	19	115	1	32	1	1	rational	weight_628.json
628	28	2	79	19	90	1	33	1	1	rational	weight_628.json
628	28	2	39	19	60	1	34	1	1	rational	weight_628.json
628	28	2	39	19	60	1	35	1	1	rational	weight_628.json
628	28	2	86	19	60	1	36	1	1	rational	weight_628.json
628	28	2	46	19	90	1	37	1	1	rational	weight_628.json
628	28	2	11	19	85	1	38	1	1	rational	weight_628.json
628	28	2	4	19	65	1	39	1	1	rational	weight_628.json
628	28	2	114	19	85	1	40	1	1	rational	weight_628.json
628	28	2	34	19	25	1	41	1	1	rational	weight_628.json
628	28	2	34	19	25	1	42	1	1	rational	weight_628.json
628	28	2	104	19	15	1	43	1	1	rational	weight_628.json
628	28	2	114	19	85	1	44	1	1	rational	weight_628.json
628	28	2	21	19	15	1	45	1	1	rational	weight_628.json
628	28	2	29	19	115	1	46	1	1	rational	weight_628.json
628	28	2	21	19	15	1	47	1	1	rational	weight_628.json
628	28	2	11	19	85	1	48	1	1	rational	weight_628.json
628	28	2	36	19	35	1	49	1	1	rational	weight_628.json
628	28	2	46	19	90	1	50	1	1	rational	weight_628.json
628	28	2	14	19	10	1	51	1	2	rational	weight_628.json
630	30	2	52	19	70	1	1	1	1	rational	weight_630.json
630	30	2	52	19	70	1	2	1	1	rational	weight_630.json
630	30	2	8	19	60	1	3	1	1	rational	weight_630.json
630	30	2	58	19	10	1	4	1	1	rational	weight_630.json
630	30	2	37	19	5	1	5	1	1	rational	weight_630.json
630	30	2	33	19	35	1	6	1	1	rational	weight_630.json
630	30	2	52	19	70	1	7	1	1	rational	weight_630.json
630	30	2	13	19	80	1	8	1	1	rational	weight_630.json
630	30	2	108	19	85	1	9	1	1	rational	weight_630.json
630	30	2	37	19	5	1	10	1	1	rational	weight_630.json
630	30	2	117	19	60	1	11	1	1	rational	weight_630.json
630	30	2	87	19	55	1	12	1	1	rational	weight_630.json
630	30	2	67	19	10	1	13	1	1	rational	weight_630.json
630	30	2	73	19	70	1	14	1	1	rational	weight_630.json
630	30	2	63	19	30	1	15	1	1	rational	weight_630.json
630	30	2	62	19	30	1	16	1	1	rational	weight_630.json
630	30	2	87	19	55	1	17	1	1	rational	weight_630.json
630	30	2	88	19	5	1	18	1	1	rational	weight_630.json
630	30	2	42	19	110	1	19	1	1	rational	weight_630.json
630	30	2	73	19	70	1	20	1	1	rational	weight_630.json
630	30	2	12	19	105	1	21	1	1	rational	weight_630.json
630	30	2	112	19	80	1	22	1	1	rational	weight_630.json
630	30	2	117	19	60	1	23	1	1	rational	weight_630.json
630	30	2	67	19	10	1	24	1	1	rational	weight_630.json
630	30	2	108	19	85	1	25	1	1	rational	weight_630.json
630	30	2	88	19	5	1	26	1	1	rational	weight_630.json
630	30	2	62	19	30	1	27	1	1	rational	weight_630.json
630	30	2	38	19	55	1	28	1	1	rational	weight_630.json
630	30	2	42	19	110	1	29	1	1	rational	weight_630.json
630	30	2	73	19	70	1	30	1	1	rational	weight_630.json
630	30	2	58	19	10	1	31	1	1	rational	weight_630.json
630	30	2	17	19	85	1	32	1	1	rational	weight_630.json
630	30	2	112	19	80	1	33	1	1	rational	weight_630.json
630	30	2	17	19	85	1	34	1	1	rational	weight_630.json
630	30	2	67	19	10	1	35	1	1	rational	weight_630.json
630	30	2	73	19	70	1	36	1	1	rational	weight_630.json
630	30	2	8	19	60	1	37	1	1	rational	weight_630.json
630	30	2	113	19	105	1	38	1	1	rational	weight_630.json
630	30	2	113	19	105	1	39	1	1	rational	weight_630.json
630	30	2	73	19	70	1	40	1	1	rational	weight_630.json
630	30	2	52	19	70	1	41	1	1	rational	weight_630.json
630	30	2	52	19	70	1	42	1	1	rational	weight_630.json
630	30	2	12	19	105	1	43	1	1	rational	weight_630.json
630	30	2	33	19	35	1	44	1	1	rational	weight_630.json
630	30	2	92	19	35	1	45	1	1	rational	weight_630.json
630	30	2	63	19	30	1	46	1	1	rational	weight_630.json
630	30	2	38	19	55	1	47	1	1	rational	weight_630.json
630	30	2	73	19	70	1	48	1	1	rational	weight_630.json
630	30	2	13	19	80	1	49	1	1	rational	weight_630.json
630	30	2	92	19	35	1	50	1	1	rational	weight_630.json
630	30	2	83	19	110	1	51	2	1	rational	weight_630.json
632	32	2	4	19	5	1	1	1	1	rational	weight_632.json
632	32	2	91	19	115	1	2	1	1	rational	weight_632.json
632	32	2	124	19	70	1	3	1	1	rational	weight_632.json
632	32	2	24	19	120	1	4	1	1	rational	weight_632.json
632	32	2	51	19	95	1	5	1	1	rational	weight_632.json
632	32	2	109	19	15	1	6	1	1	rational	weight_632.json
632	32	2	4	19	5	1	7	1	1	rational	weight_632.json
632	32	2	24	19	120	1	8	1	1	rational	weight_632.json
632	32	2	59	19	40	1	9	1	1	rational	weight_632.json
632	32	2	1	19	70	1	10	1	1	rational	weight_632.json
632	32	2	121	19	5	1	11	1	1	rational	weight_632.json
632	32	2	1	19	70	1	12	1	1	rational	weight_632.json
632	32	2	99	19	20	1	13	1	1	rational	weight_632.json
632	32	2	74	19	95	1	14	1	1	rational	weight_632.json
632	32	2	76	19	45	1	15	1	1	rational	weight_632.json
632	32	2	49	19	45	1	16	1	1	rational	weight_632.json
632	32	2	121	19	5	1	17	1	1	rational	weight_632.json
632	32	2	84	19	90	1	18	1	1	rational	weight_632.json
632	32	2	26	19	20	1	19	1	1	rational	weight_632.json
632	32	2	51	19	95	1	20	1	1	rational	weight_632.json
632	32	2	34	19	115	1	21	1	1	rational	weight_632.json
632	32	2	51	19	95	1	22	1	1	rational	weight_632.json
632	32	2	9	19	65	1	23	1	1	rational	weight_632.json
632	32	2	41	19	90	1	24	1	1	rational	weight_632.json
632	32	2	76	19	45	1	25	1	1	rational	weight_632.json
632	32	2	4	19	5	1	26	1	1	rational	weight_632.json
632	32	2	49	19	45	1	27	1	1	rational	weight_632.json
632	32	2	91	19	115	1	28	1	1	rational	weight_632.json
632	32	2	41	19	90	1	29	1	1	rational	weight_632.json
632	32	2	59	19	40	1	30	1	1	rational	weight_632.json
632	32	2	121	19	5	1	31	1	1	rational	weight_632.json
632	32	2	99	19	20	1	32	1	1	rational	weight_632.json
632	32	2	9	19	65	1	33	1	1	rational	weight_632.json
632	32	2	101	19	120	1	34	1	1	rational	weight_632.json
632	32	2	4	19	5	1	35	1	1	rational	weight_632.json
632	32	2	116	19	65	1	36	1	1	rational	weight_632.json
632	32	2	121	19	5	1	37	1	1	rational	weight_632.json
632	32	2	4	19	5	1	38	1	1	rational	weight_632.json
632	32	2	66	19	40	1	39	1	1	rational	weight_632.json
632	32	2	84	19	90	1	40	1	1	rational	weight_632.json
632	32	2	124	19	70	1	41	1	1	rational	weight_632.json
632	32	2	116	19	65	1	42	1	1	rational	weight_632.json
632	32	2	34	19	115	1	43	1	1	rational	weight_632.json
632	32	2	66	19	40	1	44	1	1	rational	weight_632.json
632	32	2	26	19	20	1	45	1	1	rational	weight_632.json
632	32	2	109	19	15	1	46	1	1	rational	weight_632.json
632	32	2	101	19	120	1	47	1	1	rational	weight_632.json
632	32	2	121	19	5	1	48	1	1	rational	weight_632.json
632	32	2	74	19	95	1	49	1	1	rational	weight_632.json
632	32	2	34	19	115	1	50	1	1	rational	weight_632.json
632	32	2	16	19	15	1	51	2	1	rational	weight_632.json
634	34	2	107	19	35	1	1	1	1	rational	weight_634.json
634	34	2	113	19	115	1	2	1	1	rational	weight_634.json
634	34	2	18	19	35	1	3	1	1	rational	weight_634.json
634	34	2	82	19	10	1	4	1	1	rational	weight_634.json
634	34	2	32	19	85	1	5	1	1	rational	weight_634.json
634	34	2	37	19	15	1	6	1	1	rational	weight_634.json
634	34	2	43	19	10	1	7	1	1	rational	weight_634.json
634	34	2	3	19	75	1	8	1	1	rational	weight_634.json
634	34	2	57	19	110	1	9	1	1	rational	weight_634.json
634	34	2	68	19	110	1	10	1	1	rational	weight_634.json
634	34	2	122	19	75	1	11	1	1	rational	weight_634.json
634	34	2	12	19	115	1	12	1	1	rational	weight_634.json
634	34	2	12	19	115	1	13	1	1	rational	weight_634.json
634	34	2	122	19	75	1	14	1	1	rational	weight_634.json
634	34	2	43	19	10	1	15	1	1	rational	weight_634.json
634	34	2	82	19	10	1	16	1	1	rational	weight_634.json
634	34	2	122	19	75	1	17	1	1	rational	weight_634.json
634	34	2	7	19	60	1	18	1	1	rational	weight_634.json
634	34	2	13	19	90	1	19	1	1	rational	weight_634.json
634	34	2	93	19	85	1	20	1	1	rational	weight_634.json
634	34	2	13	19	90	1	21	1	1	rational	weight_634.json
634	34	2	57	19	110	1	22	1	1	rational	weight_634.json
634	34	2	93	19	85	1	23	1	1	rational	weight_634.json
634	34	2	3	19	75	1	24	1	1	rational	weight_634.json
634	34	2	68	19	110	1	25	1	1	rational	weight_634.json
634	34	2	122	19	75	1	26	1	1	rational	weight_634.json
634	34	2	112	19	90	1	27	1	1	rational	weight_634.json
634	34	2	63	19	40	1	28	1	1	rational	weight_634.json
634	34	2	38	19	65	1	29	1	1	rational	weight_634.json
634	34	2	118	19	60	1	30	1	1	rational	weight_634.json
634	34	2	3	19	75	1	31	1	1	rational	weight_634.json
634	34	2	3	19	75	1	32	1	1	rational	weight_634.json
634	34	2	32	19	85	1	33	1	1	rational	weight_634.json
634	34	2	88	19	15	1	34	1	1	rational	weight_634.json
634	34	2	57	19	110	1	35	1	1	rational	weight_634.json
634	34	2	62	19	40	1	36	1	1	rational	weight_634.json
634	34	2	63	19	40	1	37	1	1	rational	weight_634.json
634	34	2	3	19	75	1	38	1	1	rational	weight_634.json
634	34	2	62	19	40	1	39	1	1	rational	weight_634.json
634	34	2	112	19	90	1	40	1	1	rational	weight_634.json
634	34	2	18	19	35	1	41	1	1	rational	weight_634.json
634	34	2	7	19	60	1	42	1	1	rational	weight_634.json
634	34	2	88	19	15	1	43	1	1	rational	weight_634.json
634	34	2	122	19	75	1	44	1	1	rational	weight_634.json
634	34	2	37	19	15	1	45	1	1	rational	weight_634.json
634	34	2	13	19	90	1	46	1	1	rational	weight_634.json
634	34	2	113	19	115	1	47	1	1	rational	weight_634.json
634	34	2	38	19	65	1	48	1	1	rational	weight_634.json
634	34	2	118	19	60	1	49	1	1	rational	weight_634.json
634	34	2	107	19	35	1	50	1	1	rational	weight_634.json
634	34	2	87	19	65	1	51	1	2	rational	weight_634.json
636	36	2	109	19	30	1	1	1	1	rational	weight_636.json
636	36	2	89	19	65	1	2	1	1	rational	weight_636.json
636	36	2	89	19	65	1	3	1	1	rational	weight_636.json
636	36	2	44	19	50	1	4	1	1	rational	weight_636.json
636	36	2	6	19	75	1	5	1	1	rational	weight_636.json
636	36	2	106	19	0	1	6	1	1	rational	weight_636.json
636	36	2	89	19	65	1	7	1	1	rational	weight_636.json
636	36	2	9	19	80	1	8	1	1	rational	weight_636.json
636	36	2	19	19	0	1	9	1	1	rational	weight_636.json
636	36	2	59	19	55	1	10	1	1	rational	weight_636.json
636	36	2	36	19	65	1	11	1	1	rational	weight_636.json
636	36	2	119	19	75	1	12	1	1	rational	weight_636.json
636	36	2	41	19	105	1	13	1	1	rational	weight_636.json
636	36	2	59	19	55	1	14	1	1	rational	weight_636.json
636	36	2	116	19	80	1	15	1	1	rational	weight_636.json
636	36	2	81	19	50	1	16	1	1	rational	weight_636.json
636	36	2	94	19	25	1	17	1	1	rational	weight_636.json
636	36	2	94	19	25	1	18	1	1	rational	weight_636.json
636	36	2	16	19	30	1	19	1	1	rational	weight_636.json
636	36	2	36	19	65	1	20	1	1	rational	weight_636.json
636	36	2	116	19	80	1	21	1	1	rational	weight_636.json
636	36	2	109	19	30	1	22	1	1	rational	weight_636.json
636	36	2	89	19	65	1	23	1	1	rational	weight_636.json
636	36	2	66	19	55	1	24	1	1	rational	weight_636.json
636	36	2	89	19	65	1	25	1	1	rational	weight_636.json
636	36	2	34	19	5	1	26	1	1	rational	weight_636.json
636	36	2	41	19	105	1	27	1	1	rational	weight_636.json
636	36	2	84	19	105	1	28	1	1	rational	weight_636.json
636	36	2	106	19	0	1	29	1	1	rational	weight_636.json
636	36	2	91	19	5	1	30	1	1	rational	weight_636.json
636	36	2	16	19	30	1	31	1	1	rational	weight_636.json
636	36	2	9	19	80	1	32	1	1	rational	weight_636.json
636	36	2	69	19	100	1	33	1	1	rational	weight_636.json
636	36	2	106	19	0	1	34	1	1	rational	weight_636.json
636	36	2	19	19	0	1	35	1	1	rational	weight_636.json
636	36	2	66	19	55	1	36	1	1	rational	weight_636.json
636	36	2	9	19	80	1	37	1	1	rational	weight_636.json
636	36	2	36	19	65	1	38	1	1	rational	weight_636.json
636	36	2	119	19	75	1	39	1	1	rational	weight_636.json
636	36	2	91	19	5	1	40	1	1	rational	weight_636.json
636	36	2	41	19	105	1	41	1	1	rational	weight_636.json
636	36	2	36	19	65	1	42	1	1	rational	weight_636.json
636	36	2	44	19	50	1	43	1	1	rational	weight_636.json
636	36	2	56	19	100	1	44	1	1	rational	weight_636.json
636	36	2	6	19	75	1	45	1	1	rational	weight_636.json
636	36	2	69	19	100	1	46	1	1	rational	weight_636.json
636	36	2	81	19	50	1	47	1	1	rational	weight_636.json
636	36	2	84	19	105	1	48	1	1	rational	weight_636.json
636	36	2	36	19	65	1	49	1	1	rational	weight_636.json
636	36	2	56	19	100	1	50	1	1	rational	weight_636.json
636	36	2	34	19	5	1	51	1	1	rational	weight_636.json
636	36	2	31	19	25	1	52	1	2	rational	weight_636.json
638	38	2	62	19	0	1	1	1	1	rational	weight_638.json
638	38	2	28	19	35	1	2	1	1	rational	weight_638.json
638	38	2	97	19	35	1	3	1	1	rational	weight_638.json
638	38	2	63	19	0	1	4	1	1	rational	weight_638.json
638	38	2	122	19	60	1	5	1	1	rational	weight_638.json
638	38	2	122	19	60	1	6	1	1	rational	weight_638.json
638	38	2	3	19	60	1	7	1	1	rational	weight_638.json
638	38	2	97	19	35	1	8	1	1	rational	weight_638.json
638	38	2	72	19	10	1	9	1	1	rational	weight_638.json
638	38	2	28	19	35	1	10	1	1	rational	weight_638.json
638	38	2	63	19	0	1	11	1	1	rational	weight_638.json
638	38	2	102	19	40	1	12	1	1	rational	weight_638.json
638	38	2	98	19	90	1	13	1	1	rational	weight_638.json
638	38	2	63	19	0	1	14	1	1	rational	weight_638.json
638	38	2	103	19	85	1	15	1	1	rational	weight_638.json
638	38	2	73	19	115	1	16	1	1	rational	weight_638.json
638	38	2	27	19	90	1	17	1	1	rational	weight_638.json
638	38	2	47	19	110	1	18	1	1	rational	weight_638.json
638	38	2	62	19	0	1	19	1	1	rational	weight_638.json
638	38	2	98	19	90	1	20	1	1	rational	weight_638.json
638	38	2	27	19	90	1	21	1	1	rational	weight_638.json
638	38	2	72	19	10	1	22	1	1	rational	weight_638.json
638	38	2	47	19	110	1	23	1	1	rational	weight_638.json
638	38	2	77	19	15	1	24	1	1	rational	weight_638.json
638	38	2	78	19	110	1	25	1	1	rational	weight_638.json
638	38	2	23	19	40	1	26	1	1	rational	weight_638.json
638	38	2	52	19	115	1	27	1	1	rational	weight_638.json
638	38	2	23	19	40	1	28	1	1	rational	weight_638.json
638	38	2	73	19	115	1	29	1	1	rational	weight_638.json
638	38	2	62	19	0	1	30	1	1	rational	weight_638.json
638	38	2	62	19	0	1	31	1	1	rational	weight_638.json
638	38	2	2	19	65	1	32	1	1	rational	weight_638.json
638	38	2	63	19	0	1	33	1	1	rational	weight_638.json
638	38	2	77	19	15	1	34	1	1	rational	weight_638.json
638	38	2	2	19	65	1	35	1	1	rational	weight_638.json
638	38	2	53	19	10	1	36	1	1	rational	weight_638.json
638	38	2	123	19	65	1	37	1	1	rational	weight_638.json
638	38	2	53	19	10	1	38	1	1	rational	weight_638.json
638	38	2	52	19	115	1	39	1	1	rational	weight_638.json
638	38	2	123	19	65	1	40	1	1	rational	weight_638.json
638	38	2	22	19	85	1	41	1	1	rational	weight_638.json
638	38	2	47	19	110	1	42	1	1	rational	weight_638.json
638	38	2	103	19	85	1	43	1	1	rational	weight_638.json
638	38	2	78	19	110	1	44	1	1	rational	weight_638.json
638	38	2	63	19	0	1	45	1	1	rational	weight_638.json
638	38	2	62	19	0	1	46	1	1	rational	weight_638.json
638	38	2	22	19	85	1	47	1	1	rational	weight_638.json
638	38	2	53	19	10	1	48	1	1	rational	weight_638.json
638	38	2	3	19	60	1	49	1	1	rational	weight_638.json
638	38	2	102	19	40	1	50	1	1	rational	weight_638.json
638	38	2	48	19	15	1	51	2	1	rational	weight_638.json
640	40	2	111	19	5	1	1	1	1	rational	weight_640.json
640	40	2	41	19	45	1	2	1	1	rational	weight_640.json
640	40	2	84	19	45	1	3	1	1	rational	weight_640.json
640	40	2	19	19	115	1	4	1	1	rational	weight_640.json
640	40	2	109	19	95	1	5	1	1	rational	weight_640.json
640	40	2	44	19	40	1	6	1	1	rational	weight_640.json
640	40	2	6	19	65	1	7	1	1	rational	weight_640.json
640	40	2	111	19	5	1	8	1	1	rational	weight_640.json
640	40	2	59	19	120	1	9	1	1	rational	weight_640.json
640	40	2	41	19	45	1	10	1	1	rational	weight_640.json
640	40	2	111	19	5	1	11	1	1	rational	weight_640.json
640	40	2	14	19	5	1	12	1	1	rational	weight_640.json
640	40	2	84	19	45	1	13	1	1	rational	weight_640.json
640	40	2	111	19	5	1	14	1	1	rational	weight_640.json
640	40	2	6	19	65	1	15	1	1	rational	weight_640.json
640	40	2	9	19	20	1	16	1	1	rational	weight_640.json
640	40	2	16	19	95	1	17	1	1	rational	weight_640.json
640	40	2	31	19	15	1	18	1	1	rational	weight_640.json
640	40	2	84	19	45	1	19	1	1	rational	weight_640.json
640	40	2	31	19	15	1	20	1	1	rational	weight_640.json
640	40	2	106	19	115	1	21	1	1	rational	weight_640.json
640	40	2	31	19	15	1	22	1	1	rational	weight_640.json
640	40	2	66	19	120	1	23	1	1	rational	weight_640.json
640	40	2	116	19	20	1	24	1	1	rational	weight_640.json
640	40	2	34	19	70	1	25	1	1	rational	weight_640.json
640	40	2	91	19	70	1	26	1	1	rational	weight_640.json
640	40	2	116	19	20	1	27	1	1	rational	weight_640.json
640	40	2	66	19	120	1	28	1	1	rational	weight_640.json
640	40	2	111	19	5	1	29	1	1	rational	weight_640.json
640	40	2	81	19	40	1	30	1	1	rational	weight_640.json
640	40	2	119	19	65	1	31	1	1	rational	weight_640.json
640	40	2	69	19	90	1	32	1	1	rational	weight_640.json
640	40	2	14	19	5	1	33	1	1	rational	weight_640.json
640	40	2	14	19	5	1	34	1	1	rational	weight_640.json
640	40	2	19	19	115	1	35	1	1	rational	weight_640.json
640	40	2	109	19	95	1	36	1	1	rational	weight_640.json
640	40	2	14	19	5	1	37	1	1	rational	weight_640.json
640	40	2	69	19	90	1	38	1	1	rational	weight_640.json
640	40	2	81	19	40	1	39	1	1	rational	weight_640.json
640	40	2	16	19	95	1	40	1	1	rational	weight_640.json
640	40	2	119	19	65	1	41	1	1	rational	weight_640.json
640	40	2	59	19	120	1	42	1	1	rational	weight_640.json
640	40	2	34	19	70	1	43	1	1	rational	weight_640.json
640	40	2	106	19	115	1	44	1	1	rational	weight_640.json
640	40	2	116	19	20	1	45	1	1	rational	weight_640.json
640	40	2	14	19	5	1	46	1	1	rational	weight_640.json
640	40	2	91	19	70	1	47	1	1	rational	weight_640.json
640	40	2	94	19	15	1	48	1	1	rational	weight_640.json
640	40	2	94	19	15	1	49	1	1	rational	weight_640.json
640	40	2	9	19	20	1	50	1	1	rational	weight_640.json
640	40	2	44	19	40	1	51	1	1	rational	weight_640.json
640	40	2	56	19	90	1	52	1	2	rational	weight_640.json
642	42	2	93	19	55	1	1	1	1	rational	weight_642.json
642	42	2	12	19	110	1	2	1	1	rational	weight_642.json
642	42	2	107	19	5	1	3	1	1	rational	weight_642.json
642	42	2	72	19	70	1	4	1	1	rational	weight_642.json
642	42	2	88	19	10	1	5	1	1	rational	weight_642.json
642	42	2	18	19	5	1	6	1	1	rational	weight_642.json
642	42	2	63	19	35	1	7	1	1	rational	weight_642.json
642	42	2	62	19	35	1	8	1	1	rational	weight_642.json
642	42	2	12	19	110	1	9	1	1	rational	weight_642.json
642	42	2	7	19	30	1	10	1	1	rational	weight_642.json
642	42	2	53	19	70	1	11	1	1	rational	weight_642.json
642	42	2	72	19	70	1	12	1	1	rational	weight_642.json
642	42	2	53	19	70	1	13	1	1	rational	weight_642.json
642	42	2	18	19	5	1	14	1	1	rational	weight_642.json
642	42	2	112	19	85	1	15	1	1	rational	weight_642.json
642	42	2	38	19	60	1	16	1	1	rational	weight_642.json
642	42	2	53	19	70	1	17	1	1	rational	weight_642.json
642	42	2	82	19	105	1	18	1	1	rational	weight_642.json
642	42	2	53	19	70	1	19	1	1	rational	weight_642.json
642	42	2	53	19	70	1	20	1	1	rational	weight_642.json
642	42	2	118	19	30	1	21	1	1	rational	weight_642.json
642	42	2	13	19	85	1	22	1	1	rational	weight_642.json
642	42	2	82	19	105	1	23	1	1	rational	weight_642.json
642	42	2	32	19	55	1	24	1	1	rational	weight_642.json
642	42	2	107	19	5	1	25	1	1	rational	weight_642.json
642	42	2	37	19	10	1	26	1	1	rational	weight_642.json
642	42	2	38	19	60	1	27	1	1	rational	weight_642.json
642	42	2	37	19	10	1	28	1	1	rational	weight_642.json
642	42	2	68	19	80	1	29	1	1	rational	weight_642.json
642	42	2	113	19	110	1	30	1	1	rational	weight_642.json
642	42	2	113	19	110	1	31	1	1	rational	weight_642.json
642	42	2	43	19	105	1	32	1	1	rational	weight_642.json
642	42	2	32	19	55	1	33	1	1	rational	weight_642.json
642	42	2	68	19	80	1	34	1	1	rational	weight_642.json
642	42	2	82	19	105	1	35	1	1	rational	weight_642.json
642	42	2	7	19	30	1	36	1	1	rational	weight_642.json
642	42	2	43	19	105	1	37	1	1	rational	weight_642.json
642	42	2	57	19	80	1	38	1	1	rational	weight_642.json
642	42	2	93	19	55	1	39	1	1	rational	weight_642.json
642	42	2	88	19	10	1	40	1	1	rational	weight_642.json
642	42	2	72	19	70	1	41	1	1	rational	weight_642.json
642	42	2	112	19	85	1	42	1	1	rational	weight_642.json
642	42	2	72	19	70	1	43	1	1	rational	weight_642.json
642	42	2	118	19	30	1	44	1	1	rational	weight_642.json
642	42	2	13	19	85	1	45	1	1	rational	weight_642.json
642	42	2	72	19	70	1	46	1	1	rational	weight_642.json
642	42	2	63	19	35	1	47	1	1	rational	weight_642.json
642	42	2	62	19	35	1	48	1	1	rational	weight_642.json
642	42	2	37	19	10	1	49	1	1	rational	weight_642.json
642	42	2	57	19	80	1	50	1	1	rational	weight_642.json
642	42	2	68	19	80	1	51	1	1	rational	weight_642.json
642	42	2	87	19	60	1	52	1	2	rational	weight_642.json
644	44	2	21	19	75	1	1	1	1	rational	weight_644.json
644	44	2	124	19	115	1	2	1	1	rational	weight_644.json
644	44	2	74	19	15	1	3	1	1	rational	weight_644.json
644	44	2	74	19	15	1	4	1	1	rational	weight_644.json
644	44	2	21	19	75	1	5	1	1	rational	weight_644.json
644	44	2	16	19	85	1	6	1	1	rational	weight_644.json
644	44	2	49	19	90	1	7	1	1	rational	weight_644.json
644	44	2	21	19	75	1	8	1	1	rational	weight_644.json
644	44	2	34	19	60	1	9	1	1	rational	weight_644.json
644	44	2	1	19	115	1	10	1	1	rational	weight_644.json
644	44	2	51	19	15	1	11	1	1	rational	weight_644.json
644	44	2	26	19	65	1	12	1	1	rational	weight_644.json
644	44	2	26	19	65	1	13	1	1	rational	weight_644.json
644	44	2	124	19	115	1	14	1	1	rational	weight_644.json
644	44	2	26	19	65	1	15	1	1	rational	weight_644.json
644	44	2	66	19	110	1	16	1	1	rational	weight_644.json
644	44	2	76	19	90	1	17	1	1	rational	weight_644.json
644	44	2	66	19	110	1	18	1	1	rational	weight_644.json
644	44	2	34	19	60	1	19	1	1	rational	weight_644.json
644	44	2	84	19	35	1	20	1	1	rational	weight_644.json
644	44	2	49	19	90	1	21	1	1	rational	weight_644.json
644	44	2	99	19	65	1	22	1	1	rational	weight_644.json
644	44	2	104	19	75	1	23	1	1	rational	weight_644.json
644	44	2	41	19	35	1	24	1	1	rational	weight_644.json
644	44	2	104	19	75	1	25	1	1	rational	weight_644.json
644	44	2	99	19	65	1	26	1	1	rational	weight_644.json
644	44	2	116	19	10	1	27	1	1	rational	weight_644.json
644	44	2	84	19	35	1	28	1	1	rational	weight_644.json
644	44	2	91	19	60	1	29	1	1	rational	weight_644.json
644	44	2	104	19	75	1	30	1	1	rational	weight_644.json
644	44	2	1	19	115	1	31	1	1	rational	weight_644.json
644	44	2	104	19	75	1	32	1	1	rational	weight_644.json
644	44	2	59	19	110	1	33	1	1	rational	weight_644.json
644	44	2	24	19	40	1	34	1	1	rational	weight_644.json
644	44	2	24	19	40	1	35	1	1	rational	weight_644.json
644	44	2	116	19	10	1	36	1	1	rational	weight_644.json
644	44	2	51	19	15	1	37	1	1	rational	weight_644.json
644	44	2	59	19	110	1	38	1	1	rational	weight_644.json
644	44	2	21	19	75	1	39	1	1	rational	weight_644.json
644	44	2	104	19	75	1	40	1	1	rational	weight_644.json
644	44	2	76	19	90	1	41	1	1	rational	weight_644.json
644	44	2	16	19	85	1	42	1	1	rational	weight_644.json
644	44	2	91	19	60	1	43	1	1	rational	weight_644.json
644	44	2	41	19	35	1	44	1	1	rational	weight_644.json
644	44	2	9	19	10	1	45	1	1	rational	weight_644.json
644	44	2	21	19	75	1	46	1	1	rational	weight_644.json
644	44	2	9	19	10	1	47	1	1	rational	weight_644.json
644	44	2	9	19	10	1	48	1	1	rational	weight_644.json
644	44	2	21	19	75	1	49	1	1	rational	weight_644.json
644	44	2	101	19	40	1	50	1	1	rational	weight_644.json
644	44	2	101	19	40	1	51	1	1	rational	weight_644.json
644	44	2	109	19	85	1	52	2	1	rational	weight_644.json
646	46	2	83	19	25	1	1	1	1	rational	weight_646.json
646	46	2	62	19	20	1	2	1	1	rational	weight_646.json
646	46	2	67	19	50	1	3	1	1	rational	weight_646.json
646	46	2	67	19	50	1	4	1	1	rational	weight_646.json
646	46	2	38	19	45	1	5	1	1	rational	weight_646.json
646	46	2	98	19	60	1	6	1	1	rational	weight_646.json
646	46	2	17	19	0	1	7	1	1	rational	weight_646.json
646	46	2	92	19	75	1	8	1	1	rational	weight_646.json
646	46	2	27	19	60	1	9	1	1	rational	weight_646.json
646	46	2	58	19	50	1	10	1	1	rational	weight_646.json
646	46	2	117	19	100	1	11	1	1	rational	weight_646.json
646	46	2	108	19	0	1	12	1	1	rational	weight_646.json
646	46	2	112	19	70	1	13	1	1	rational	weight_646.json
646	46	2	12	19	95	1	14	1	1	rational	weight_646.json
646	46	2	98	19	60	1	15	1	1	rational	weight_646.json
646	46	2	98	19	60	1	16	1	1	rational	weight_646.json
646	46	2	42	19	25	1	17	1	1	rational	weight_646.json
646	46	2	63	19	20	1	18	1	1	rational	weight_646.json
646	46	2	27	19	60	1	19	1	1	rational	weight_646.json
646	46	2	13	19	70	1	20	1	1	rational	weight_646.json
646	46	2	33	19	75	1	21	1	1	rational	weight_646.json
646	46	2	112	19	70	1	22	1	1	rational	weight_646.json
646	46	2	88	19	120	1	23	1	1	rational	weight_646.json
646	46	2	33	19	75	1	24	1	1	rational	weight_646.json
646	46	2	17	19	0	1	25	1	1	rational	weight_646.json
646	46	2	62	19	20	1	26	1	1	rational	weight_646.json
646	46	2	108	19	0	1	27	1	1	rational	weight_646.json
646	46	2	38	19	45	1	28	1	1	rational	weight_646.json
646	46	2	113	19	95	1	29	1	1	rational	weight_646.json
646	46	2	83	19	25	1	30	1	1	rational	weight_646.json
646	46	2	113	19	95	1	31	1	1	rational	weight_646.json
646	46	2	98	19	60	1	32	1	1	rational	weight_646.json
646	46	2	42	19	25	1	33	1	1	rational	weight_646.json
646	46	2	92	19	75	1	34	1	1	rational	weight_646.json
646	46	2	63	19	20	1	35	1	1	rational	weight_646.json
646	46	2	37	19	120	1	36	1	1	rational	weight_646.json
646	46	2	12	19	95	1	37	1	1	rational	weight_646.json
646	46	2	98	19	60	1	38	1	1	rational	weight_646.json
646	46	2	27	19	60	1	39	1	1	rational	weight_646.json
646	46	2	13	19	70	1	40	1	1	rational	weight_646.json
646	46	2	37	19	120	1	41	1	1	rational	weight_646.json
646	46	2	58	19	50	1	42	1	1	rational	weight_646.json
646	46	2	27	19	60	1	43	1	1	rational	weight_646.json
646	46	2	87	19	45	1	44	1	1	rational	weight_646.json
646	46	2	27	19	60	1	45	1	1	rational	weight_646.json
646	46	2	117	19	100	1	46	1	1	rational	weight_646.json
646	46	2	87	19	45	1	47	1	1	rational	weight_646.json
646	46	2	8	19	100	1	48	1	1	rational	weight_646.json
646	46	2	62	19	20	1	49	1	1	rational	weight_646.json
646	46	2	8	19	100	1	50	1	1	rational	weight_646.json
646	46	2	58	19	50	1	51	1	1	rational	weight_646.json
646	46	2	88	19	120	1	52	1	1	rational	weight_646.json
646	46	2	27	19	60	1	53	1	1	rational	weight_646.json
648	48	2	11	19	35	1	1	1	1	rational	weight_648.json
648	48	2	86	19	10	1	2	1	1	rational	weight_648.json
648	48	2	89	19	110	1	3	1	1	rational	weight_648.json
648	48	2	46	19	40	1	4	1	1	rational	weight_648.json
648	48	2	114	19	35	1	5	1	1	rational	weight_648.json
648	48	2	104	19	90	1	6	1	1	rational	weight_648.json
648	48	2	64	19	60	1	7	1	1	rational	weight_648.json
648	48	2	29	19	65	1	8	1	1	rational	weight_648.json
648	48	2	91	19	100	1	9	1	1	rational	weight_648.json
648	48	2	91	19	100	1	10	1	1	rational	weight_648.json
648	48	2	79	19	40	1	11	1	1	rational	weight_648.json
648	48	2	96	19	65	1	12	1	1	rational	weight_648.json
648	48	2	36	19	110	1	13	1	1	rational	weight_648.json
648	48	2	54	19	115	1	14	1	1	rational	weight_648.json
648	48	2	46	19	40	1	15	1	1	rational	weight_648.json
648	48	2	86	19	10	1	16	1	1	rational	weight_648.json
648	48	2	86	19	10	1	17	1	1	rational	weight_648.json
648	48	2	114	19	35	1	18	1	1	rational	weight_648.json
648	48	2	91	19	100	1	19	1	1	rational	weight_648.json
648	48	2	121	19	15	1	20	1	1	rational	weight_648.json
648	48	2	111	19	85	1	21	1	1	rational	weight_648.json
648	48	2	91	19	100	1	22	1	1	rational	weight_648.json
648	48	2	39	19	10	1	23	1	1	rational	weight_648.json
648	48	2	61	19	60	1	24	1	1	rational	weight_648.json
648	48	2	121	19	15	1	25	1	1	rational	weight_648.json
648	48	2	11	19	35	1	26	1	1	rational	weight_648.json
648	48	2	21	19	90	1	27	1	1	rational	weight_648.json
648	48	2	79	19	40	1	28	1	1	rational	weight_648.json
648	48	2	104	19	90	1	29	1	1	rational	weight_648.json
648	48	2	34	19	100	1	30	1	1	rational	weight_648.json
648	48	2	34	19	100	1	31	1	1	rational	weight_648.json
648	48	2	54	19	115	1	32	1	1	rational	weight_648.json
648	48	2	11	19	35	1	33	1	1	rational	weight_648.json
648	48	2	29	19	65	1	34	1	1	rational	weight_648.json
648	48	2	34	19	100	1	35	1	1	rational	weight_648.json
648	48	2	89	19	110	1	36	1	1	rational	weight_648.json
648	48	2	111	19	85	1	37	1	1	rational	weight_648.json
648	48	2	96	19	65	1	38	1	1	rational	weight_648.json
648	48	2	91	19	100	1	39	1	1	rational	weight_648.json
648	48	2	54	19	115	1	40	1	1	rational	weight_648.json
648	48	2	61	19	60	1	41	1	1	rational	weight_648.json
648	48	2	36	19	110	1	42	1	1	rational	weight_648.json
648	48	2	34	19	100	1	43	1	1	rational	weight_648.json
648	48	2	64	19	60	1	44	1	1	rational	weight_648.json
648	48	2	39	19	10	1	45	1	1	rational	weight_648.json
648	48	2	4	19	15	1	46	1	1	rational	weight_648.json
648	48	2	4	19	15	1	47	1	1	rational	weight_648.json
648	48	2	71	19	115	1	48	1	1	rational	weight_648.json
648	48	2	34	19	100	1	49	1	1	rational	weight_648.json
648	48	2	21	19	90	1	50	1	1	rational	weight_648.json
648	48	2	34	19	100	1	51	1	1	rational	weight_648.json
648	48	2	71	19	115	1	52	1	1	rational	weight_648.json
648	48	2	14	19	85	1	53	1	2	rational	weight_648.json
650	50	2	88	19	55	1	1	1	1	rational	weight_650.json
650	50	2	102	19	45	1	2	1	1	rational	weight_650.json
650	50	2	38	19	105	1	3	1	1	rational	weight_650.json
650	50	2	8	19	110	1	4	1	1	rational	weight_650.json
650	50	2	23	19	45	1	5	1	1	rational	weight_650.json
650	50	2	8	19	110	1	6	1	1	rational	weight_650.json
650	50	2	88	19	55	1	7	1	1	rational	weight_650.json
650	50	2	23	19	45	1	8	1	1	rational	weight_650.json
650	50	2	92	19	85	1	9	1	1	rational	weight_650.json
650	50	2	17	19	10	1	10	1	1	rational	weight_650.json
650	50	2	37	19	55	1	11	1	1	rational	weight_650.json
650	50	2	112	19	5	1	12	1	1	rational	weight_650.json
650	50	2	23	19	45	1	13	1	1	rational	weight_650.json
650	50	2	12	19	30	1	14	1	1	rational	weight_650.json
650	50	2	38	19	105	1	15	1	1	rational	weight_650.json
650	50	2	67	19	60	1	16	1	1	rational	weight_650.json
650	50	2	108	19	10	1	17	1	1	rational	weight_650.json
650	50	2	58	19	60	1	18	1	1	rational	weight_650.json
650	50	2	13	19	5	1	19	1	1	rational	weight_650.json
650	50	2	83	19	35	1	20	1	1	rational	weight_650.json
650	50	2	92	19	85	1	21	1	1	rational	weight_650.json
650	50	2	63	19	80	1	22	1	1	rational	weight_650.json
650	50	2	113	19	30	1	23	1	1	rational	weight_650.json
650	50	2	102	19	45	1	24	1	1	rational	weight_650.json
650	50	2	102	19	45	1	25	1	1	rational	weight_650.json
650	50	2	17	19	10	1	26	1	1	rational	weight_650.json
650	50	2	42	19	35	1	27	1	1	rational	weight_650.json
650	50	2	42	19	35	1	28	1	1	rational	weight_650.json
650	50	2	62	19	80	1	29	1	1	rational	weight_650.json
650	50	2	102	19	45	1	30	1	1	rational	weight_650.json
650	50	2	23	19	45	1	31	1	1	rational	weight_650.json
650	50	2	87	19	105	1	32	1	1	rational	weight_650.json
650	50	2	117	19	110	1	33	1	1	rational	weight_650.json
650	50	2	67	19	60	1	34	1	1	rational	weight_650.json
650	50	2	42	19	35	1	35	1	1	rational	weight_650.json
650	50	2	17	19	10	1	36	1	1	rational	weight_650.json
650	50	2	23	19	45	1	37	1	1	rational	weight_650.json
650	50	2	108	19	10	1	38	1	1	rational	weight_650.json
650	50	2	112	19	5	1	39	1	1	rational	weight_650.json
650	50	2	83	19	35	1	40	1	1	rational	weight_650.json
650	50	2	87	19	105	1	41	1	1	rational	weight_650.json
650	50	2	13	19	5	1	42	1	1	rational	weight_650.json
650	50	2	58	19	60	1	43	1	1	rational	weight_650.json
650	50	2	113	19	30	1	44	1	1	rational	weight_650.json
650	50	2	63	19	80	1	45	1	1	rational	weight_650.json
650	50	2	37	19	55	1	46	1	1	rational	weight_650.json
650	50	2	12	19	30	1	47	1	1	rational	weight_650.json
650	50	2	23	19	45	1	48	1	1	rational	weight_650.json
650	50	2	102	19	45	1	49	1	1	rational	weight_650.json
650	50	2	62	19	80	1	50	1	1	rational	weight_650.json
650	50	2	117	19	110	1	51	1	1	rational	weight_650.json
650	50	2	33	19	85	1	52	2	1	rational	weight_650.json
652	52	2	79	19	105	1	1	1	1	rational	weight_652.json
652	52	2	79	19	105	1	2	1	1	rational	weight_652.json
652	52	2	76	19	120	1	3	1	1	rational	weight_652.json
652	52	2	124	19	20	1	4	1	1	rational	weight_652.json
652	52	2	79	19	105	1	5	1	1	rational	weight_652.json
652	52	2	101	19	70	1	6	1	1	rational	weight_652.json
652	52	2	109	19	90	1	7	1	1	rational	weight_652.json
652	52	2	51	19	45	1	8	1	1	rational	weight_652.json
652	52	2	49	19	120	1	9	1	1	rational	weight_652.json
652	52	2	16	19	90	1	10	1	1	rational	weight_652.json
652	52	2	51	19	45	1	11	1	1	rational	weight_652.json
652	52	2	74	19	45	1	12	1	1	rational	weight_652.json
652	52	2	46	19	105	1	13	1	1	rational	weight_652.json
652	52	2	49	19	120	1	14	1	1	rational	weight_652.json
652	52	2	1	19	20	1	15	1	1	rational	weight_652.json
652	52	2	34	19	65	1	16	1	1	rational	weight_652.json
652	52	2	84	19	40	1	17	1	1	rational	weight_652.json
652	52	2	84	19	40	1	18	1	1	rational	weight_652.json
652	52	2	84	19	40	1	19	1	1	rational	weight_652.json
652	52	2	79	19	105	1	20	1	1	rational	weight_652.json
652	52	2	124	19	20	1	21	1	1	rational	weight_652.json
652	52	2	1	19	20	1	22	1	1	rational	weight_652.json
652	52	2	116	19	15	1	23	1	1	rational	weight_652.json
652	52	2	26	19	95	1	24	1	1	rational	weight_652.json
652	52	2	24	19	70	1	25	1	1	rational	weight_652.json
652	52	2	9	19	15	1	26	1	1	rational	weight_652.json
652	52	2	116	19	15	1	27	1	1	rational	weight_652.json
652	52	2	34	19	65	1	28	1	1	rational	weight_652.json
652	52	2	99	19	95	1	29	1	1	rational	weight_652.json
652	52	2	76	19	120	1	30	1	1	rational	weight_652.json
652	52	2	24	19	70	1	31	1	1	rational	weight_652.json
652	52	2	46	19	105	1	32	1	1	rational	weight_652.json
652	52	2	46	19	105	1	33	1	1	rational	weight_652.json
652	52	2	9	19	15	1	34	1	1	rational	weight_652.json
652	52	2	99	19	95	1	35	1	1	rational	weight_652.json
652	52	2	91	19	65	1	36	1	1	rational	weight_652.json
652	52	2	59	19	115	1	37	1	1	rational	weight_652.json
652	52	2	26	19	95	1	38	1	1	rational	weight_652.json
652	52	2	59	19	115	1	39	1	1	rational	weight_652.json
652	52	2	34	19	65	1	40	1	1	rational	weight_652.json
652	52	2	46	19	105	1	41	1	1	rational	weight_652.json
652	52	2	41	19	40	1	42	1	1	rational	weight_652.json
652	52	2	1	19	20	1	43	1	1	rational	weight_652.json
652	52	2	74	19	45	1	44	1	1	rational	weight_652.json
652	52	2	46	19	105	1	45	1	1	rational	weight_652.json
652	52	2	41	19	40	1	46	1	1	rational	weight_652.json
652	52	2	91	19	65	1	47	1	1	rational	weight_652.json
652	52	2	79	19	105	1	48	1	1	rational	weight_652.json
652	52	2	46	19	105	1	49	1	1	rational	weight_652.json
652	52	2	16	19	90	1	50	1	1	rational	weight_652.json
652	52	2	101	19	70	1	51	1	1	rational	weight_652.json
652	52	2	109	19	90	1	52	1	1	rational	weight_652.json
652	52	2	66	19	115	1	53	2	1	rational	weight_652.json
654	54	2	37	19	65	1	1	1	1	rational	weight_654.json
654	54	2	12	19	40	1	2	1	1	rational	weight_654.json
654	54	2	18	19	85	1	3	1	1	rational	weight_654.json
654	54	2	12	19	40	1	4	1	1	rational	weight_654.json
654	54	2	13	19	15	1	5	1	1	rational	weight_654.json
654	54	2	7	19	110	1	6	1	1	rational	weight_654.json
654	54	2	57	19	35	1	7	1	1	rational	weight_654.json
654	54	2	88	19	65	1	8	1	1	rational	weight_654.json
654	54	2	37	19	65	1	9	1	1	rational	weight_654.json
654	54	2	93	19	10	1	10	1	1	rational	weight_654.json
654	54	2	18	19	85	1	11	1	1	rational	weight_654.json
654	54	2	62	19	90	1	12	1	1	rational	weight_654.json
654	54	2	32	19	10	1	13	1	1	rational	weight_654.json
654	54	2	38	19	115	1	14	1	1	rational	weight_654.json
654	54	2	118	19	110	1	15	1	1	rational	weight_654.json
654	54	2	107	19	85	1	16	1	1	rational	weight_654.json
654	54	2	118	19	110	1	17	1	1	rational	weight_654.json
654	54	2	103	19	25	1	18	1	1	rational	weight_654.json
654	54	2	43	19	60	1	19	1	1	rational	weight_654.json
654	54	2	7	19	110	1	20	1	1	rational	weight_654.json
654	54	2	43	19	60	1	21	1	1	rational	weight_654.json
654	54	2	62	19	90	1	22	1	1	rational	weight_654.json
654	54	2	13	19	15	1	23	1	1	rational	weight_654.json
654	54	2	7	19	110	1	24	1	1	rational	weight_654.json
654	54	2	103	19	25	1	25	1	1	rational	weight_654.json
654	54	2	22	19	25	1	26	1	1	rational	weight_654.json
654	54	2	93	19	10	1	27	1	1	rational	weight_654.json
654	54	2	63	19	90	1	28	1	1	rational	weight_654.json
654	54	2	38	19	115	1	29	1	1	rational	weight_654.json
654	54	2	82	19	60	1	30	1	1	rational	weight_654.json
654	54	2	68	19	35	1	31	1	1	rational	weight_654.json
654	54	2	22	19	25	1	32	1	1	rational	weight_654.json
654	54	2	22	19	25	1	33	1	1	rational	weight_654.json
654	54	2	103	19	25	1	34	1	1	rational	weight_654.json
654	54	2	87	19	115	1	35	1	1	rational	weight_654.json
654	54	2	63	19	90	1	36	1	1	rational	weight_654.json
654	54	2	32	19	10	1	37	1	1	rational	weight_654.json
654	54	2	113	19	40	1	38	1	1	rational	weight_654.json
654	54	2	57	19	35	1	39	1	1	rational	weight_654.json
654	54	2	63	19	90	1	40	1	1	rational	weight_654.json
654	54	2	22	19	25	1	41	1	1	rational	weight_654.json
654	54	2	87	19	115	1	42	1	1	rational	weight_654.json
654	54	2	82	19	60	1	43	1	1	rational	weight_654.json
654	54	2	103	19	25	1	44	1	1	rational	weight_654.json
654	54	2	113	19	40	1	45	1	1	rational	weight_654.json
654	54	2	68	19	35	1	46	1	1	rational	weight_654.json
654	54	2	22	19	25	1	47	1	1	rational	weight_654.json
654	54	2	107	19	85	1	48	1	1	rational	weight_654.json
654	54	2	103	19	25	1	49	1	1	rational	weight_654.json
654	54	2	22	19	25	1	50	1	1	rational	weight_654.json
654	54	2	88	19	65	1	51	1	1	rational	weight_654.json
654	54	2	88	19	65	1	52	1	1	rational	weight_654.json
654	54	2	112	19	15	1	53	1	2	rational	weight_654.json
656	56	2	114	19	65	1	1	1	1	rational	weight_656.json
656	56	2	44	19	0	1	2	1	1	rational	weight_656.json
656	56	2	11	19	65	1	3	1	1	rational	weight_656.json
656	56	2	91	19	80	1	4	1	1	rational	weight_656.json
656	56	2	34	19	80	1	5	1	1	rational	weight_656.json
656	56	2	109	19	105	1	6	1	1	rational	weight_656.json
656	56	2	114	19	65	1	7	1	1	rational	weight_656.json
656	56	2	84	19	55	1	8	1	1	rational	weight_656.json
656	56	2	11	19	65	1	9	1	1	rational	weight_656.json
656	56	2	114	19	65	1	10	1	1	rational	weight_656.json
656	56	2	6	19	25	1	11	1	1	rational	weight_656.json
656	56	2	56	19	50	1	12	1	1	rational	weight_656.json
656	56	2	114	19	65	1	13	1	1	rational	weight_656.json
656	56	2	84	19	55	1	14	1	1	rational	weight_656.json
656	56	2	19	19	75	1	15	1	1	rational	weight_656.json
656	56	2	114	19	65	1	16	1	1	rational	weight_656.json
656	56	2	66	19	5	1	17	1	1	rational	weight_656.json
656	56	2	91	19	80	1	18	1	1	rational	weight_656.json
656	56	2	16	19	105	1	19	1	1	rational	weight_656.json
656	56	2	9	19	30	1	20	1	1	rational	weight_656.json
656	56	2	106	19	75	1	21	1	1	rational	weight_656.json
656	56	2	116	19	30	1	22	1	1	rational	weight_656.json
656	56	2	119	19	25	1	23	1	1	rational	weight_656.json
656	56	2	81	19	0	1	24	1	1	rational	weight_656.json
656	56	2	81	19	0	1	25	1	1	rational	weight_656.json
656	56	2	31	19	100	1	26	1	1	rational	weight_656.json
656	56	2	41	19	55	1	27	1	1	rational	weight_656.json
656	56	2	19	19	75	1	28	1	1	rational	weight_656.json
656	56	2	119	19	25	1	29	1	1	rational	weight_656.json
656	56	2	69	19	50	1	30	1	1	rational	weight_656.json
656	56	2	11	19	65	1	31	1	1	rational	weight_656.json
656	56	2	94	19	100	1	32	1	1	rational	weight_656.json
656	56	2	69	19	50	1	33	1	1	rational	weight_656.json
656	56	2	94	19	100	1	34	1	1	rational	weight_656.json
656	56	2	34	19	80	1	35	1	1	rational	weight_656.json
656	56	2	31	19	100	1	36	1	1	rational	weight_656.json
656	56	2	6	19	25	1	37	1	1	rational	weight_656.json
656	56	2	16	19	105	1	38	1	1	rational	weight_656.json
656	56	2	56	19	50	1	39	1	1	rational	weight_656.json
656	56	2	109	19	105	1	40	1	1	rational	weight_656.json
656	56	2	11	19	65	1	41	1	1	rational	weight_656.json
656	56	2	44	19	0	1	42	1	1	rational	weight_656.json
656	56	2	31	19	100	1	43	1	1	rational	weight_656.json
656	56	2	9	19	30	1	44	1	1	rational	weight_656.json
656	56	2	116	19	30	1	45	1	1	rational	weight_656.json
656	56	2	66	19	5	1	46	1	1	rational	weight_656.json
656	56	2	114	19	65	1	47	1	1	rational	weight_656.json
656	56	2	41	19	55	1	48	1	1	rational	weight_656.json
656	56	2	9	19	30	1	49	1	1	rational	weight_656.json
656	56	2	11	19	65	1	50	1	1	rational	weight_656.json
656	56	2	59	19	5	1	51	1	1	rational	weight_656.json
656	56	2	116	19	30	1	52	1	1	rational	weight_656.json
656	56	2	59	19	5	1	53	1	1	rational	weight_656.json
656	56	2	106	19	75	1	54	1	1	rational	weight_656.json
658	58	2	52	19	40	1	1	1	1	rational	weight_658.json
658	58	2	72	19	60	1	2	1	1	rational	weight_658.json
658	58	2	62	19	50	1	3	1	1	rational	weight_658.json
658	58	2	97	19	85	1	4	1	1	rational	weight_658.json
658	58	2	27	19	15	1	5	1	1	rational	weight_658.json
658	58	2	23	19	90	1	6	1	1	rational	weight_658.json
658	58	2	123	19	115	1	7	1	1	rational	weight_658.json
658	58	2	123	19	115	1	8	1	1	rational	weight_658.json
658	58	2	63	19	50	1	9	1	1	rational	weight_658.json
658	58	2	62	19	50	1	10	1	1	rational	weight_658.json
658	58	2	53	19	60	1	11	1	1	rational	weight_658.json
658	58	2	62	19	50	1	12	1	1	rational	weight_658.json
658	58	2	98	19	15	1	13	1	1	rational	weight_658.json
658	58	2	63	19	50	1	14	1	1	rational	weight_658.json
658	58	2	73	19	40	1	15	1	1	rational	weight_658.json
658	58	2	102	19	90	1	16	1	1	rational	weight_658.json
658	58	2	62	19	50	1	17	1	1	rational	weight_658.json
658	58	2	2	19	115	1	18	1	1	rational	weight_658.json
658	58	2	52	19	40	1	19	1	1	rational	weight_658.json
658	58	2	63	19	50	1	20	1	1	rational	weight_658.json
658	58	2	28	19	85	1	21	1	1	rational	weight_658.json
658	58	2	48	19	65	1	22	1	1	rational	weight_658.json
658	58	2	97	19	85	1	23	1	1	rational	weight_658.json
658	58	2	2	19	115	1	24	1	1	rational	weight_658.json
658	58	2	53	19	60	1	25	1	1	rational	weight_658.json
658	58	2	22	19	10	1	26	1	1	rational	weight_658.json
658	58	2	22	19	10	1	27	1	1	rational	weight_658.json
658	58	2	2	19	115	1	28	1	1	rational	weight_658.json
658	58	2	27	19	15	1	29	1	1	rational	weight_658.json
658	58	2	48	19	65	1	30	1	1	rational	weight_658.json
658	58	2	122	19	110	1	31	1	1	rational	weight_658.json
658	58	2	28	19	85	1	32	1	1	rational	weight_658.json
658	58	2	103	19	10	1	33	1	1	rational	weight_658.json
658	58	2	122	19	110	1	34	1	1	rational	weight_658.json
658	58	2	3	19	110	1	35	1	1	rational	weight_658.json
658	58	2	63	19	50	1	36	1	1	rational	weight_658.json
658	58	2	122	19	110	1	37	1	1	rational	weight_658.json
658	58	2	23	19	90	1	38	1	1	rational	weight_658.json
658	58	2	98	19	15	1	39	1	1	rational	weight_658.json
658	58	2	62	19	50	1	40	1	1	rational	weight_658.json
658	58	2	3	19	110	1	41	1	1	rational	weight_658.json
658	58	2	78	19	35	1	42	1	1	rational	weight_658.json
658	58	2	47	19	35	1	43	1	1	rational	weight_658.json
658	58	2	47	19	35	1	44	1	1	rational	weight_658.json
658	58	2	72	19	60	1	45	1	1	rational	weight_658.json
658	58	2	103	19	10	1	46	1	1	rational	weight_658.json
658	58	2	73	19	40	1	47	1	1	rational	weight_658.json
658	58	2	63	19	50	1	48	1	1	rational	weight_658.json
658	58	2	3	19	110	1	49	1	1	rational	weight_658.json
658	58	2	102	19	90	1	50	1	1	rational	weight_658.json
658	58	2	78	19	35	1	51	1	1	rational	weight_658.json
658	58	2	63	19	50	1	52	1	1	rational	weight_658.json
658	58	2	77	19	65	1	53	2	1	rational	weight_658.json
660	60	2	94	19	90	1	1	1	1	rational	weight_660.json
660	60	2	11	19	30	1	2	1	1	rational	weight_660.json
660	60	2	106	19	65	1	3	1	1	rational	weight_660.json
660	60	2	41	19	120	1	4	1	1	rational	weight_660.json
660	60	2	31	19	90	1	5	1	1	rational	weight_660.json
660	60	2	114	19	30	1	6	1	1	rational	weight_660.json
660	60	2	114	19	30	1	7	1	1	rational	weight_660.json
660	60	2	114	19	30	1	8	1	1	rational	weight_660.json
660	60	2	34	19	20	1	9	1	1	rational	weight_660.json
660	60	2	19	19	65	1	10	1	1	rational	weight_660.json
660	60	2	19	19	65	1	11	1	1	rational	weight_660.json
660	60	2	66	19	70	1	12	1	1	rational	weight_660.json
660	60	2	116	19	95	1	13	1	1	rational	weight_660.json
660	60	2	119	19	15	1	14	1	1	rational	weight_660.json
660	60	2	91	19	20	1	15	1	1	rational	weight_660.json
660	60	2	91	19	20	1	16	1	1	rational	weight_660.json
660	60	2	66	19	70	1	17	1	1	rational	weight_660.json
660	60	2	106	19	65	1	18	1	1	rational	weight_660.json
660	60	2	84	19	120	1	19	1	1	rational	weight_660.json
660	60	2	84	19	120	1	20	1	1	rational	weight_660.json
660	60	2	81	19	115	1	21	1	1	rational	weight_660.json
660	60	2	11	19	30	1	22	1	1	rational	weight_660.json
660	60	2	19	19	65	1	23	1	1	rational	weight_660.json
660	60	2	94	19	90	1	24	1	1	rational	weight_660.json
660	60	2	114	19	30	1	25	1	1	rational	weight_660.json
660	60	2	11	19	30	1	26	1	1	rational	weight_660.json
660	60	2	31	19	90	1	27	1	1	rational	weight_660.json
660	60	2	114	19	30	1	28	1	1	rational	weight_660.json
660	60	2	41	19	120	1	29	1	1	rational	weight_660.json
660	60	2	11	19	30	1	30	1	1	rational	weight_660.json
660	60	2	81	19	115	1	31	1	1	rational	weight_660.json
660	60	2	59	19	70	1	32	1	1	rational	weight_660.json
660	60	2	6	19	15	1	33	1	1	rational	weight_660.json
660	60	2	69	19	40	1	34	1	1	rational	weight_660.json
660	60	2	116	19	95	1	35	1	1	rational	weight_660.json
660	60	2	11	19	30	1	36	1	1	rational	weight_660.json
660	60	2	41	19	120	1	37	1	1	rational	weight_660.json
660	60	2	56	19	40	1	38	1	1	rational	weight_660.json
660	60	2	9	19	95	1	39	1	1	rational	weight_660.json
660	60	2	16	19	45	1	40	1	1	rational	weight_660.json
660	60	2	9	19	95	1	41	1	1	rational	weight_660.json
660	60	2	109	19	45	1	42	1	1	rational	weight_660.json
660	60	2	84	19	120	1	43	1	1	rational	weight_660.json
660	60	2	56	19	40	1	44	1	1	rational	weight_660.json
660	60	2	16	19	45	1	45	1	1	rational	weight_660.json
660	60	2	106	19	65	1	46	1	1	rational	weight_660.json
660	60	2	34	19	20	1	47	1	1	rational	weight_660.json
660	60	2	59	19	70	1	48	1	1	rational	weight_660.json
660	60	2	119	19	15	1	49	1	1	rational	weight_660.json
660	60	2	109	19	45	1	50	1	1	rational	weight_660.json
660	60	2	11	19	30	1	51	1	1	rational	weight_660.json
660	60	2	69	19	40	1	52	1	1	rational	weight_660.json
660	60	2	6	19	15	1	53	1	1	rational	weight_660.json
660	60	2	44	19	115	1	54	1	2	rational	weight_660.json
662	62	2	87	19	110	1	1	1	1	rational	weight_662.json
662	62	2	38	19	110	1	2	1	1	rational	weight_662.json
662	62	2	68	19	5	1	3	1	1	rational	weight_662.json
662	62	2	47	19	95	1	4	1	1	rational	weight_662.json
662	62	2	32	19	105	1	5	1	1	rational	weight_662.json
662	62	2	43	19	30	1	6	1	1	rational	weight_662.json
662	62	2	43	19	30	1	7	1	1	rational	weight_662.json
662	62	2	107	19	55	1	8	1	1	rational	weight_662.json
662	62	2	107	19	55	1	9	1	1	rational	weight_662.json
662	62	2	57	19	5	1	10	1	1	rational	weight_662.json
662	62	2	57	19	5	1	11	1	1	rational	weight_662.json
662	62	2	13	19	10	1	12	1	1	rational	weight_662.json
662	62	2	82	19	30	1	13	1	1	rational	weight_662.json
662	62	2	7	19	80	1	14	1	1	rational	weight_662.json
662	62	2	12	19	35	1	15	1	1	rational	weight_662.json
662	62	2	112	19	10	1	16	1	1	rational	weight_662.json
662	62	2	93	19	105	1	17	1	1	rational	weight_662.json
662	62	2	118	19	80	1	18	1	1	rational	weight_662.json
662	62	2	18	19	55	1	19	1	1	rational	weight_662.json
662	62	2	113	19	35	1	20	1	1	rational	weight_662.json
662	62	2	13	19	10	1	21	1	1	rational	weight_662.json
662	62	2	68	19	5	1	22	1	1	rational	weight_662.json
662	62	2	82	19	30	1	23	1	1	rational	weight_662.json
662	62	2	93	19	105	1	24	1	1	rational	weight_662.json
662	62	2	32	19	105	1	25	1	1	rational	weight_662.json
662	62	2	78	19	95	1	26	1	1	rational	weight_662.json
662	62	2	78	19	95	1	27	1	1	rational	weight_662.json
662	62	2	78	19	95	1	28	1	1	rational	weight_662.json
662	62	2	88	19	60	1	29	1	1	rational	weight_662.json
662	62	2	78	19	95	1	30	1	1	rational	weight_662.json
662	62	2	87	19	110	1	31	1	1	rational	weight_662.json
662	62	2	62	19	85	1	32	1	1	rational	weight_662.json
662	62	2	107	19	55	1	33	1	1	rational	weight_662.json
662	62	2	62	19	85	1	34	1	1	rational	weight_662.json
662	62	2	38	19	110	1	35	1	1	rational	weight_662.json
662	62	2	112	19	10	1	36	1	1	rational	weight_662.json
662	62	2	12	19	35	1	37	1	1	rational	weight_662.json
662	62	2	47	19	95	1	38	1	1	rational	weight_662.json
662	62	2	118	19	80	1	39	1	1	rational	weight_662.json
662	62	2	47	19	95	1	40	1	1	rational	weight_662.json
662	62	2	37	19	60	1	41	1	1	rational	weight_662.json
662	62	2	37	19	60	1	42	1	1	rational	weight_662.json
662	62	2	112	19	10	1	43	1	1	rational	weight_662.json
662	62	2	113	19	35	1	44	1	1	rational	weight_662.json
662	62	2	88	19	60	1	45	1	1	rational	weight_662.json
662	62	2	47	19	95	1	46	1	1	rational	weight_662.json
662	62	2	7	19	80	1	47	1	1	rational	weight_662.json
662	62	2	47	19	95	1	48	1	1	rational	weight_662.json
662	62	2	78	19	95	1	49	1	1	rational	weight_662.json
662	62	2	18	19	55	1	50	1	1	rational	weight_662.json
662	62	2	18	19	55	1	51	1	1	rational	weight_662.json
662	62	2	13	19	10	1	52	1	1	rational	weight_662.json
662	62	2	63	19	85	1	53	1	2	rational	weight_662.json
664	64	2	59	19	60	1	1	1	1	rational	weight_664.json
664	64	2	16	19	35	1	2	1	1	rational	weight_664.json
664	64	2	49	19	40	1	3	1	1	rational	weight_664.json
664	64	2	74	19	90	1	4	1	1	rational	weight_664.json
664	64	2	96	19	0	1	5	1	1	rational	weight_664.json
664	64	2	124	19	65	1	6	1	1	rational	weight_664.json
664	64	2	1	19	65	1	7	1	1	rational	weight_664.json
664	64	2	66	19	60	1	8	1	1	rational	weight_664.json
664	64	2	26	19	15	1	9	1	1	rational	weight_664.json
664	64	2	96	19	0	1	10	1	1	rational	weight_664.json
664	64	2	96	19	0	1	11	1	1	rational	weight_664.json
664	64	2	9	19	85	1	12	1	1	rational	weight_664.json
664	64	2	101	19	115	1	13	1	1	rational	weight_664.json
664	64	2	124	19	65	1	14	1	1	rational	weight_664.json
664	64	2	96	19	0	1	15	1	1	rational	weight_664.json
664	64	2	99	19	15	1	16	1	1	rational	weight_664.json
664	64	2	109	19	35	1	17	1	1	rational	weight_664.json
664	64	2	116	19	85	1	18	1	1	rational	weight_664.json
664	64	2	49	19	40	1	19	1	1	rational	weight_664.json
664	64	2	49	19	40	1	20	1	1	rational	weight_664.json
664	64	2	84	19	110	1	21	1	1	rational	weight_664.json
664	64	2	74	19	90	1	22	1	1	rational	weight_664.json
664	64	2	41	19	110	1	23	1	1	rational	weight_664.json
664	64	2	76	19	40	1	24	1	1	rational	weight_664.json
664	64	2	41	19	110	1	25	1	1	rational	weight_664.json
664	64	2	66	19	60	1	26	1	1	rational	weight_664.json
664	64	2	59	19	60	1	27	1	1	rational	weight_664.json
664	64	2	51	19	90	1	28	1	1	rational	weight_664.json
664	64	2	1	19	65	1	29	1	1	rational	weight_664.json
664	64	2	116	19	85	1	30	1	1	rational	weight_664.json
664	64	2	29	19	0	1	31	1	1	rational	weight_664.json
664	64	2	29	19	0	1	32	1	1	rational	weight_664.json
664	64	2	116	19	85	1	33	1	1	rational	weight_664.json
664	64	2	16	19	35	1	34	1	1	rational	weight_664.json
664	64	2	29	19	0	1	35	1	1	rational	weight_664.json
664	64	2	34	19	10	1	36	1	1	rational	weight_664.json
664	64	2	76	19	40	1	37	1	1	rational	weight_664.json
664	64	2	51	19	90	1	38	1	1	rational	weight_664.json
664	64	2	109	19	35	1	39	1	1	rational	weight_664.json
664	64	2	9	19	85	1	40	1	1	rational	weight_664.json
664	64	2	76	19	40	1	41	1	1	rational	weight_664.json
664	64	2	29	19	0	1	42	1	1	rational	weight_664.json
664	64	2	96	19	0	1	43	1	1	rational	weight_664.json
664	64	2	99	19	15	1	44	1	1	rational	weight_664.json
664	64	2	9	19	85	1	45	1	1	rational	weight_664.json
664	64	2	34	19	10	1	46	1	1	rational	weight_664.json
664	64	2	101	19	115	1	47	1	1	rational	weight_664.json
664	64	2	84	19	110	1	48	1	1	rational	weight_664.json
664	64	2	29	19	0	1	49	1	1	rational	weight_664.json
664	64	2	96	19	0	1	50	1	1	rational	weight_664.json
664	64	2	24	19	115	1	51	1	1	rational	weight_664.json
664	64	2	26	19	15	1	52	1	1	rational	weight_664.json
664	64	2	24	19	115	1	53	1	1	rational	weight_664.json
664	64	2	91	19	10	1	54	2	1	rational	weight_664.json
666	66	2	8	19	25	1	1	1	1	rational	weight_666.json
666	66	2	63	19	70	1	2	1	1	rational	weight_666.json
666	66	2	113	19	20	1	3	1	1	rational	weight_666.json
666	66	2	62	19	70	1	4	1	1	rational	weight_666.json
666	66	2	62	19	70	1	5	1	1	rational	weight_666.json
666	66	2	37	19	45	1	6	1	1	rational	weight_666.json
666	66	2	23	19	60	1	7	1	1	rational	weight_666.json
666	66	2	8	19	25	1	8	1	1	rational	weight_666.json
666	66	2	117	19	25	1	9	1	1	rational	weight_666.json
666	66	2	23	19	60	1	10	1	1	rational	weight_666.json
666	66	2	102	19	60	1	11	1	1	rational	weight_666.json
666	66	2	23	19	60	1	12	1	1	rational	weight_666.json
666	66	2	88	19	45	1	13	1	1	rational	weight_666.json
666	66	2	17	19	50	1	14	1	1	rational	weight_666.json
666	66	2	108	19	50	1	15	1	1	rational	weight_666.json
666	66	2	38	19	95	1	16	1	1	rational	weight_666.json
666	66	2	42	19	75	1	17	1	1	rational	weight_666.json
666	66	2	117	19	25	1	18	1	1	rational	weight_666.json
666	66	2	102	19	60	1	19	1	1	rational	weight_666.json
666	66	2	67	19	100	1	20	1	1	rational	weight_666.json
666	66	2	108	19	50	1	21	1	1	rational	weight_666.json
666	66	2	87	19	95	1	22	1	1	rational	weight_666.json
666	66	2	112	19	120	1	23	1	1	rational	weight_666.json
666	66	2	102	19	60	1	24	1	1	rational	weight_666.json
666	66	2	102	19	60	1	25	1	1	rational	weight_666.json
666	66	2	23	19	60	1	26	1	1	rational	weight_666.json
666	66	2	42	19	75	1	27	1	1	rational	weight_666.json
666	66	2	83	19	75	1	28	1	1	rational	weight_666.json
666	66	2	92	19	0	1	29	1	1	rational	weight_666.json
666	66	2	63	19	70	1	30	1	1	rational	weight_666.json
666	66	2	102	19	60	1	31	1	1	rational	weight_666.json
666	66	2	92	19	0	1	32	1	1	rational	weight_666.json
666	66	2	117	19	25	1	33	1	1	rational	weight_666.json
666	66	2	17	19	50	1	34	1	1	rational	weight_666.json
666	66	2	38	19	95	1	35	1	1	rational	weight_666.json
666	66	2	33	19	0	1	36	1	1	rational	weight_666.json
666	66	2	88	19	45	1	37	1	1	rational	weight_666.json
666	66	2	13	19	120	1	38	1	1	rational	weight_666.json
666	66	2	113	19	20	1	39	1	1	rational	weight_666.json
666	66	2	33	19	0	1	40	1	1	rational	weight_666.json
666	66	2	87	19	95	1	41	1	1	rational	weight_666.json
666	66	2	12	19	20	1	42	1	1	rational	weight_666.json
666	66	2	112	19	120	1	43	1	1	rational	weight_666.json
666	66	2	102	19	60	1	44	1	1	rational	weight_666.json
666	66	2	13	19	120	1	45	1	1	rational	weight_666.json
666	66	2	23	19	60	1	46	1	1	rational	weight_666.json
666	66	2	83	19	75	1	47	1	1	rational	weight_666.json
666	66	2	38	19	95	1	48	1	1	rational	weight_666.json
666	66	2	67	19	100	1	49	1	1	rational	weight_666.json
666	66	2	8	19	25	1	50	1	1	rational	weight_666.json
666	66	2	87	19	95	1	51	1	1	rational	weight_666.json
666	66	2	37	19	45	1	52	1	1	rational	weight_666.json
666	66	2	12	19	20	1	53	1	1	rational	weight_666.json
666	66	2	58	19	100	1	54	1	2	rational	weight_666.json
668	68	2	64	19	10	1	1	1	1	rational	weight_668.json
668	68	2	21	19	40	1	2	1	1	rational	weight_668.json
668	68	2	61	19	10	1	3	1	1	rational	weight_668.json
668	68	2	111	19	35	1	4	1	1	rational	weight_668.json
668	68	2	79	19	115	1	5	1	1	rational	weight_668.json
668	68	2	11	19	110	1	6	1	1	rational	weight_668.json
668	68	2	86	19	85	1	7	1	1	rational	weight_668.json
668	68	2	86	19	85	1	8	1	1	rational	weight_668.json
668	68	2	91	19	50	1	9	1	1	rational	weight_668.json
668	68	2	89	19	60	1	10	1	1	rational	weight_668.json
668	68	2	96	19	15	1	11	1	1	rational	weight_668.json
668	68	2	4	19	90	1	12	1	1	rational	weight_668.json
668	68	2	29	19	15	1	13	1	1	rational	weight_668.json
668	68	2	71	19	65	1	14	1	1	rational	weight_668.json
668	68	2	4	19	90	1	15	1	1	rational	weight_668.json
668	68	2	46	19	115	1	16	1	1	rational	weight_668.json
668	68	2	86	19	85	1	17	1	1	rational	weight_668.json
668	68	2	64	19	10	1	18	1	1	rational	weight_668.json
668	68	2	11	19	110	1	19	1	1	rational	weight_668.json
668	68	2	121	19	90	1	20	1	1	rational	weight_668.json
668	68	2	39	19	85	1	21	1	1	rational	weight_668.json
668	68	2	34	19	50	1	22	1	1	rational	weight_668.json
668	68	2	111	19	35	1	23	1	1	rational	weight_668.json
668	68	2	89	19	60	1	24	1	1	rational	weight_668.json
668	68	2	34	19	50	1	25	1	1	rational	weight_668.json
668	68	2	39	19	85	1	26	1	1	rational	weight_668.json
668	68	2	79	19	115	1	27	1	1	rational	weight_668.json
668	68	2	34	19	50	1	28	1	1	rational	weight_668.json
668	68	2	46	19	115	1	29	1	1	rational	weight_668.json
668	68	2	11	19	110	1	30	1	1	rational	weight_668.json
668	68	2	91	19	50	1	31	1	1	rational	weight_668.json
668	68	2	91	19	50	1	32	1	1	rational	weight_668.json
668	68	2	36	19	60	1	33	1	1	rational	weight_668.json
668	68	2	34	19	50	1	34	1	1	rational	weight_668.json
668	68	2	104	19	40	1	35	1	1	rational	weight_668.json
668	68	2	114	19	110	1	36	1	1	rational	weight_668.json
668	68	2	114	19	110	1	37	1	1	rational	weight_668.json
668	68	2	46	19	115	1	38	1	1	rational	weight_668.json
668	68	2	36	19	60	1	39	1	1	rational	weight_668.json
668	68	2	91	19	50	1	40	1	1	rational	weight_668.json
668	68	2	96	19	15	1	41	1	1	rational	weight_668.json
668	68	2	34	19	50	1	42	1	1	rational	weight_668.json
668	68	2	54	19	65	1	43	1	1	rational	weight_668.json
668	68	2	61	19	10	1	44	1	1	rational	weight_668.json
668	68	2	54	19	65	1	45	1	1	rational	weight_668.json
668	68	2	91	19	50	1	46	1	1	rational	weight_668.json
668	68	2	34	19	50	1	47	1	1	rational	weight_668.json
668	68	2	79	19	115	1	48	1	1	rational	weight_668.json
668	68	2	121	19	90	1	49	1	1	rational	weight_668.json
668	68	2	71	19	65	1	50	1	1	rational	weight_668.json
668	68	2	29	19	15	1	51	1	1	rational	weight_668.json
668	68	2	21	19	40	1	52	1	1	rational	weight_668.json
668	68	2	104	19	40	1	53	1	1	rational	weight_668.json
668	68	2	14	19	35	1	54	1	2	rational	weight_668.json
670	70	2	88	19	105	1	1	1	1	rational	weight_670.json
670	70	2	92	19	10	1	2	1	1	rational	weight_670.json
670	70	2	113	19	80	1	3	1	1	rational	weight_670.json
670	70	2	12	19	80	1	4	1	1	rational	weight_670.json
670	70	2	12	19	80	1	5	1	1	rational	weight_670.json
670	70	2	63	19	5	1	6	1	1	rational	weight_670.json
670	70	2	13	19	55	1	7	1	1	rational	weight_670.json
670	70	2	17	19	60	1	8	1	1	rational	weight_670.json
670	70	2	38	19	30	1	9	1	1	rational	weight_670.json
670	70	2	98	19	20	1	10	1	1	rational	weight_670.json
670	70	2	117	19	35	1	11	1	1	rational	weight_670.json
670	70	2	88	19	105	1	12	1	1	rational	weight_670.json
670	70	2	63	19	5	1	13	1	1	rational	weight_670.json
670	70	2	58	19	110	1	14	1	1	rational	weight_670.json
670	70	2	42	19	85	1	15	1	1	rational	weight_670.json
670	70	2	98	19	20	1	16	1	1	rational	weight_670.json
670	70	2	33	19	10	1	17	1	1	rational	weight_670.json
670	70	2	67	19	110	1	18	1	1	rational	weight_670.json
670	70	2	27	19	20	1	19	1	1	rational	weight_670.json
670	70	2	8	19	35	1	20	1	1	rational	weight_670.json
670	70	2	92	19	10	1	21	1	1	rational	weight_670.json
670	70	2	8	19	35	1	22	1	1	rational	weight_670.json
670	70	2	98	19	20	1	23	1	1	rational	weight_670.json
670	70	2	83	19	85	1	24	1	1	rational	weight_670.json
670	70	2	27	19	20	1	25	1	1	rational	weight_670.json
670	70	2	98	19	20	1	26	1	1	rational	weight_670.json
670	70	2	87	19	30	1	27	1	1	rational	weight_670.json
670	70	2	58	19	110	1	28	1	1	rational	weight_670.json
670	70	2	62	19	5	1	29	1	1	rational	weight_670.json
670	70	2	13	19	55	1	30	1	1	rational	weight_670.json
670	70	2	37	19	105	1	31	1	1	rational	weight_670.json
670	70	2	27	19	20	1	32	1	1	rational	weight_670.json
670	70	2	83	19	85	1	33	1	1	rational	weight_670.json
670	70	2	112	19	55	1	34	1	1	rational	weight_670.json
670	70	2	62	19	5	1	35	1	1	rational	weight_670.json
670	70	2	37	19	105	1	36	1	1	rational	weight_670.json
670	70	2	17	19	60	1	37	1	1	rational	weight_670.json
670	70	2	112	19	55	1	38	1	1	rational	weight_670.json
670	70	2	67	19	110	1	39	1	1	rational	weight_670.json
670	70	2	92	19	10	1	40	1	1	rational	weight_670.json
670	70	2	38	19	30	1	41	1	1	rational	weight_670.json
670	70	2	27	19	20	1	42	1	1	rational	weight_670.json
670	70	2	112	19	55	1	43	1	1	rational	weight_670.json
670	70	2	87	19	30	1	44	1	1	rational	weight_670.json
670	70	2	98	19	20	1	45	1	1	rational	weight_670.json
670	70	2	27	19	20	1	46	1	1	rational	weight_670.json
670	70	2	98	19	20	1	47	1	1	rational	weight_670.json
670	70	2	117	19	35	1	48	1	1	rational	weight_670.json
670	70	2	67	19	110	1	49	1	1	rational	weight_670.json
670	70	2	13	19	55	1	50	1	1	rational	weight_670.json
670	70	2	33	19	10	1	51	1	1	rational	weight_670.json
670	70	2	113	19	80	1	52	1	1	rational	weight_670.json
670	70	2	42	19	85	1	53	1	1	rational	weight_670.json
670	70	2	108	19	60	1	54	2	1	rational	weight_670.json
672	72	2	76	19	70	1	1	1	1	rational	weight_672.json
672	72	2	101	19	20	1	2	1	1	rational	weight_672.json
672	72	2	91	19	15	1	3	1	1	rational	weight_672.json
672	72	2	91	19	15	1	4	1	1	rational	weight_672.json
672	72	2	66	19	65	1	5	1	1	rational	weight_672.json
672	72	2	16	19	40	1	6	1	1	rational	weight_672.json
672	72	2	99	19	45	1	7	1	1	rational	weight_672.json
672	72	2	41	19	115	1	8	1	1	rational	weight_672.json
672	72	2	99	19	45	1	9	1	1	rational	weight_672.json
672	72	2	76	19	70	1	10	1	1	rational	weight_672.json
672	72	2	109	19	40	1	11	1	1	rational	weight_672.json
672	72	2	109	19	40	1	12	1	1	rational	weight_672.json
672	72	2	34	19	15	1	13	1	1	rational	weight_672.json
672	72	2	51	19	120	1	14	1	1	rational	weight_672.json
672	72	2	34	19	15	1	15	1	1	rational	weight_672.json
672	72	2	74	19	120	1	16	1	1	rational	weight_672.json
672	72	2	124	19	95	1	17	1	1	rational	weight_672.json
672	72	2	74	19	120	1	18	1	1	rational	weight_672.json
672	72	2	76	19	70	1	19	1	1	rational	weight_672.json
672	72	2	24	19	20	1	20	1	1	rational	weight_672.json
672	72	2	96	19	80	1	21	1	1	rational	weight_672.json
672	72	2	1	19	95	1	22	1	1	rational	weight_672.json
672	72	2	41	19	115	1	23	1	1	rational	weight_672.json
672	72	2	59	19	65	1	24	1	1	rational	weight_672.json
672	72	2	96	19	80	1	25	1	1	rational	weight_672.json
672	72	2	51	19	120	1	26	1	1	rational	weight_672.json
672	72	2	96	19	80	1	27	1	1	rational	weight_672.json
672	72	2	49	19	70	1	28	1	1	rational	weight_672.json
672	72	2	29	19	80	1	29	1	1	rational	weight_672.json
672	72	2	124	19	95	1	30	1	1	rational	weight_672.json
672	72	2	29	19	80	1	31	1	1	rational	weight_672.json
672	72	2	109	19	40	1	32	1	1	rational	weight_672.json
672	72	2	34	19	15	1	33	1	1	rational	weight_672.json
672	72	2	1	19	95	1	34	1	1	rational	weight_672.json
672	72	2	29	19	80	1	35	1	1	rational	weight_672.json
672	72	2	59	19	65	1	36	1	1	rational	weight_672.json
672	72	2	84	19	115	1	37	1	1	rational	weight_672.json
672	72	2	96	19	80	1	38	1	1	rational	weight_672.json
672	72	2	51	19	120	1	39	1	1	rational	weight_672.json
672	72	2	29	19	80	1	40	1	1	rational	weight_672.json
672	72	2	66	19	65	1	41	1	1	rational	weight_672.json
672	72	2	24	19	20	1	42	1	1	rational	weight_672.json
672	72	2	84	19	115	1	43	1	1	rational	weight_672.json
672	72	2	74	19	120	1	44	1	1	rational	weight_672.json
672	72	2	29	19	80	1	45	1	1	rational	weight_672.json
672	72	2	26	19	45	1	46	1	1	rational	weight_672.json
672	72	2	101	19	20	1	47	1	1	rational	weight_672.json
672	72	2	96	19	80	1	48	1	1	rational	weight_672.json
672	72	2	26	19	45	1	49	1	1	rational	weight_672.json
672	72	2	9	19	90	1	50	1	1	rational	weight_672.json
672	72	2	96	19	80	1	51	1	1	rational	weight_672.json
672	72	2	9	19	90	1	52	1	1	rational	weight_672.json
672	72	2	16	19	40	1	53	1	1	rational	weight_672.json
672	72	2	49	19	70	1	54	1	1	rational	weight_672.json
672	72	2	116	19	90	1	55	2	1	rational	weight_672.json
674	74	2	87	19	40	1	1	1	1	rational	weight_674.json
674	74	2	62	19	15	1	2	1	1	rational	weight_674.json
674	74	2	47	19	100	1	3	1	1	rational	weight_674.json
674	74	2	13	19	65	1	4	1	1	rational	weight_674.json
674	74	2	107	19	10	1	5	1	1	rational	weight_674.json
674	74	2	113	19	90	1	6	1	1	rational	weight_674.json
674	74	2	43	19	110	1	7	1	1	rational	weight_674.json
674	74	2	38	19	40	1	8	1	1	rational	weight_674.json
674	74	2	38	19	40	1	9	1	1	rational	weight_674.json
674	74	2	47	19	100	1	10	1	1	rational	weight_674.json
674	74	2	78	19	100	1	11	1	1	rational	weight_674.json
674	74	2	88	19	115	1	12	1	1	rational	weight_674.json
674	74	2	37	19	115	1	13	1	1	rational	weight_674.json
674	74	2	63	19	15	1	14	1	1	rational	weight_674.json
674	74	2	118	19	35	1	15	1	1	rational	weight_674.json
674	74	2	32	19	60	1	16	1	1	rational	weight_674.json
674	74	2	82	19	110	1	17	1	1	rational	weight_674.json
674	74	2	63	19	15	1	18	1	1	rational	weight_674.json
674	74	2	93	19	60	1	19	1	1	rational	weight_674.json
674	74	2	47	19	100	1	20	1	1	rational	weight_674.json
674	74	2	13	19	65	1	21	1	1	rational	weight_674.json
674	74	2	18	19	10	1	22	1	1	rational	weight_674.json
674	74	2	88	19	115	1	23	1	1	rational	weight_674.json
674	74	2	62	19	15	1	24	1	1	rational	weight_674.json
674	74	2	63	19	15	1	25	1	1	rational	weight_674.json
674	74	2	7	19	35	1	26	1	1	rational	weight_674.json
674	74	2	107	19	10	1	27	1	1	rational	weight_674.json
674	74	2	118	19	35	1	28	1	1	rational	weight_674.json
674	74	2	113	19	90	1	29	1	1	rational	weight_674.json
674	74	2	78	19	100	1	30	1	1	rational	weight_674.json
674	74	2	68	19	85	1	31	1	1	rational	weight_674.json
674	74	2	7	19	35	1	32	1	1	rational	weight_674.json
674	74	2	57	19	85	1	33	1	1	rational	weight_674.json
674	74	2	78	19	100	1	34	1	1	rational	weight_674.json
674	74	2	78	19	100	1	35	1	1	rational	weight_674.json
674	74	2	112	19	65	1	36	1	1	rational	weight_674.json
674	74	2	57	19	85	1	37	1	1	rational	weight_674.json
674	74	2	37	19	115	1	38	1	1	rational	weight_674.json
674	74	2	82	19	110	1	39	1	1	rational	weight_674.json
674	74	2	47	19	100	1	40	1	1	rational	weight_674.json
674	74	2	47	19	100	1	41	1	1	rational	weight_674.json
674	74	2	112	19	65	1	42	1	1	rational	weight_674.json
674	74	2	32	19	60	1	43	1	1	rational	weight_674.json
674	74	2	78	19	100	1	44	1	1	rational	weight_674.json
674	74	2	47	19	100	1	45	1	1	rational	weight_674.json
674	74	2	18	19	10	1	46	1	1	rational	weight_674.json
674	74	2	68	19	85	1	47	1	1	rational	weight_674.json
674	74	2	87	19	40	1	48	1	1	rational	weight_674.json
674	74	2	93	19	60	1	49	1	1	rational	weight_674.json
674	74	2	43	19	110	1	50	1	1	rational	weight_674.json
674	74	2	32	19	60	1	51	1	1	rational	weight_674.json
674	74	2	38	19	40	1	52	1	1	rational	weight_674.json
674	74	2	82	19	110	1	53	1	1	rational	weight_674.json
674	74	2	12	19	90	1	54	1	2	rational	weight_674.json
676	76	2	14	19	65	1	1	1	1	rational	weight_676.json
676	76	2	94	19	50	1	2	1	1	rational	weight_676.json
676	76	2	9	19	105	1	3	1	1	rational	weight_676.json
676	76	2	19	19	25	1	4	1	1	rational	weight_676.json
676	76	2	34	19	30	1	5	1	1	rational	weight_676.json
676	76	2	41	19	5	1	6	1	1	rational	weight_676.json
676	76	2	111	19	65	1	7	1	1	rational	weight_676.json
676	76	2	69	19	0	1	8	1	1	rational	weight_676.json
676	76	2	119	19	100	1	9	1	1	rational	weight_676.json
676	76	2	6	19	100	1	10	1	1	rational	weight_676.json
676	76	2	111	19	65	1	11	1	1	rational	weight_676.json
676	76	2	34	19	30	1	12	1	1	rational	weight_676.json
676	76	2	31	19	50	1	13	1	1	rational	weight_676.json
676	76	2	9	19	105	1	14	1	1	rational	weight_676.json
676	76	2	14	19	65	1	15	1	1	rational	weight_676.json
676	76	2	16	19	55	1	16	1	1	rational	weight_676.json
676	76	2	81	19	75	1	17	1	1	rational	weight_676.json
676	76	2	94	19	50	1	18	1	1	rational	weight_676.json
676	76	2	116	19	105	1	19	1	1	rational	weight_676.json
676	76	2	56	19	0	1	20	1	1	rational	weight_676.json
676	76	2	81	19	75	1	21	1	1	rational	weight_676.json
676	76	2	44	19	75	1	22	1	1	rational	weight_676.json
676	76	2	14	19	65	1	23	1	1	rational	weight_676.json
676	76	2	69	19	0	1	24	1	1	rational	weight_676.json
676	76	2	84	19	5	1	25	1	1	rational	weight_676.json
676	76	2	31	19	50	1	26	1	1	rational	weight_676.json
676	76	2	66	19	80	1	27	1	1	rational	weight_676.json
676	76	2	59	19	80	1	28	1	1	rational	weight_676.json
676	76	2	84	19	5	1	29	1	1	rational	weight_676.json
676	76	2	109	19	55	1	30	1	1	rational	weight_676.json
676	76	2	111	19	65	1	31	1	1	rational	weight_676.json
676	76	2	66	19	80	1	32	1	1	rational	weight_676.json
676	76	2	91	19	30	1	33	1	1	rational	weight_676.json
676	76	2	6	19	100	1	34	1	1	rational	weight_676.json
676	76	2	44	19	75	1	35	1	1	rational	weight_676.json
676	76	2	91	19	30	1	36	1	1	rational	weight_676.json
676	76	2	9	19	105	1	37	1	1	rational	weight_676.json
676	76	2	14	19	65	1	38	1	1	rational	weight_676.json
676	76	2	34	19	30	1	39	1	1	rational	weight_676.json
676	76	2	66	19	80	1	40	1	1	rational	weight_676.json
676	76	2	119	19	100	1	41	1	1	rational	weight_676.json
676	76	2	56	19	0	1	42	1	1	rational	weight_676.json
676	76	2	16	19	55	1	43	1	1	rational	weight_676.json
676	76	2	19	19	25	1	44	1	1	rational	weight_676.json
676	76	2	111	19	65	1	45	1	1	rational	weight_676.json
676	76	2	109	19	55	1	46	1	1	rational	weight_676.json
676	76	2	111	19	65	1	47	1	1	rational	weight_676.json
676	76	2	81	19	75	1	48	1	1	rational	weight_676.json
676	76	2	116	19	105	1	49	1	1	rational	weight_676.json
676	76	2	41	19	5	1	50	1	1	rational	weight_676.json
676	76	2	6	19	100	1	51	1	1	rational	weight_676.json
676	76	2	14	19	65	1	52	1	1	rational	weight_676.json
676	76	2	14	19	65	1	53	1	1	rational	weight_676.json
676	76	2	59	19	80	1	54	1	1	rational	weight_676.json
676	76	2	106	19	25	1	55	2	1	rational	weight_676.json
678	78	2	62	19	100	1	1	1	1	rational	weight_678.json
678	78	2	63	19	100	1	2	1	1	rational	weight_678.json
678	78	2	97	19	10	1	3	1	1	rational	weight_678.json
678	78	2	23	19	15	1	4	1	1	rational	weight_678.json
678	78	2	27	19	65	1	5	1	1	rational	weight_678.json
678	78	2	52	19	90	1	6	1	1	rational	weight_678.json
678	78	2	27	19	65	1	7	1	1	rational	weight_678.json
678	78	2	78	19	85	1	8	1	1	rational	weight_678.json
678	78	2	47	19	85	1	9	1	1	rational	weight_678.json
678	78	2	27	19	65	1	10	1	1	rational	weight_678.json
678	78	2	3	19	35	1	11	1	1	rational	weight_678.json
678	78	2	53	19	110	1	12	1	1	rational	weight_678.json
678	78	2	77	19	115	1	13	1	1	rational	weight_678.json
678	78	2	123	19	40	1	14	1	1	rational	weight_678.json
678	78	2	53	19	110	1	15	1	1	rational	weight_678.json
678	78	2	62	19	100	1	16	1	1	rational	weight_678.json
678	78	2	28	19	10	1	17	1	1	rational	weight_678.json
678	78	2	77	19	115	1	18	1	1	rational	weight_678.json
678	78	2	63	19	100	1	19	1	1	rational	weight_678.json
678	78	2	2	19	40	1	20	1	1	rational	weight_678.json
678	78	2	3	19	35	1	21	1	1	rational	weight_678.json
678	78	2	103	19	60	1	22	1	1	rational	weight_678.json
678	78	2	63	19	100	1	23	1	1	rational	weight_678.json
678	78	2	98	19	65	1	24	1	1	rational	weight_678.json
678	78	2	62	19	100	1	25	1	1	rational	weight_678.json
678	78	2	73	19	90	1	26	1	1	rational	weight_678.json
678	78	2	2	19	40	1	27	1	1	rational	weight_678.json
678	78	2	22	19	60	1	28	1	1	rational	weight_678.json
678	78	2	62	19	100	1	29	1	1	rational	weight_678.json
678	78	2	72	19	110	1	30	1	1	rational	weight_678.json
678	78	2	122	19	35	1	31	1	1	rational	weight_678.json
678	78	2	2	19	40	1	32	1	1	rational	weight_678.json
678	78	2	62	19	100	1	33	1	1	rational	weight_678.json
678	78	2	78	19	85	1	34	1	1	rational	weight_678.json
678	78	2	123	19	40	1	35	1	1	rational	weight_678.json
678	78	2	72	19	110	1	36	1	1	rational	weight_678.json
678	78	2	63	19	100	1	37	1	1	rational	weight_678.json
678	78	2	122	19	35	1	38	1	1	rational	weight_678.json
678	78	2	98	19	65	1	39	1	1	rational	weight_678.json
678	78	2	78	19	85	1	40	1	1	rational	weight_678.json
678	78	2	102	19	15	1	41	1	1	rational	weight_678.json
678	78	2	103	19	60	1	42	1	1	rational	weight_678.json
678	78	2	22	19	60	1	43	1	1	rational	weight_678.json
678	78	2	102	19	15	1	44	1	1	rational	weight_678.json
678	78	2	52	19	90	1	45	1	1	rational	weight_678.json
678	78	2	23	19	15	1	46	1	1	rational	weight_678.json
678	78	2	63	19	100	1	47	1	1	rational	weight_678.json
678	78	2	97	19	10	1	48	1	1	rational	weight_678.json
678	78	2	3	19	35	1	49	1	1	rational	weight_678.json
678	78	2	63	19	100	1	50	1	1	rational	weight_678.json
678	78	2	28	19	10	1	51	1	1	rational	weight_678.json
678	78	2	73	19	90	1	52	1	1	rational	weight_678.json
678	78	2	47	19	85	1	53	1	1	rational	weight_678.json
678	78	2	72	19	110	1	54	1	1	rational	weight_678.json
678	78	2	48	19	115	1	55	1	2	rational	weight_678.json
680	80	2	116	19	45	1	1	1	1	rational	weight_680.json
680	80	2	84	19	70	1	2	1	1	rational	weight_680.json
680	80	2	109	19	120	1	3	1	1	rational	weight_680.json
680	80	2	56	19	115	1	4	1	1	rational	weight_680.json
680	80	2	34	19	95	1	5	1	1	rational	weight_680.json
680	80	2	41	19	70	1	6	1	1	rational	weight_680.json
680	80	2	9	19	45	1	7	1	1	rational	weight_680.json
680	80	2	36	19	55	1	8	1	1	rational	weight_680.json
680	80	2	89	19	55	1	9	1	1	rational	weight_680.json
680	80	2	66	19	20	1	10	1	1	rational	weight_680.json
680	80	2	34	19	95	1	11	1	1	rational	weight_680.json
680	80	2	66	19	20	1	12	1	1	rational	weight_680.json
680	80	2	36	19	55	1	13	1	1	rational	weight_680.json
680	80	2	81	19	65	1	14	1	1	rational	weight_680.json
680	80	2	36	19	55	1	15	1	1	rational	weight_680.json
680	80	2	31	19	40	1	16	1	1	rational	weight_680.json
680	80	2	81	19	65	1	17	1	1	rational	weight_680.json
680	80	2	94	19	40	1	18	1	1	rational	weight_680.json
680	80	2	119	19	90	1	19	1	1	rational	weight_680.json
680	80	2	6	19	90	1	20	1	1	rational	weight_680.json
680	80	2	91	19	95	1	21	1	1	rational	weight_680.json
680	80	2	69	19	115	1	22	1	1	rational	weight_680.json
680	80	2	19	19	15	1	23	1	1	rational	weight_680.json
680	80	2	44	19	65	1	24	1	1	rational	weight_680.json
680	80	2	36	19	55	1	25	1	1	rational	weight_680.json
680	80	2	19	19	15	1	26	1	1	rational	weight_680.json
680	80	2	56	19	115	1	27	1	1	rational	weight_680.json
680	80	2	69	19	115	1	28	1	1	rational	weight_680.json
680	80	2	59	19	20	1	29	1	1	rational	weight_680.json
680	80	2	84	19	70	1	30	1	1	rational	weight_680.json
680	80	2	89	19	55	1	31	1	1	rational	weight_680.json
680	80	2	91	19	95	1	32	1	1	rational	weight_680.json
680	80	2	116	19	45	1	33	1	1	rational	weight_680.json
680	80	2	16	19	120	1	34	1	1	rational	weight_680.json
680	80	2	84	19	70	1	35	1	1	rational	weight_680.json
680	80	2	59	19	20	1	36	1	1	rational	weight_680.json
680	80	2	44	19	65	1	37	1	1	rational	weight_680.json
680	80	2	16	19	120	1	38	1	1	rational	weight_680.json
680	80	2	6	19	90	1	39	1	1	rational	weight_680.json
680	80	2	89	19	55	1	40	1	1	rational	weight_680.json
680	80	2	94	19	40	1	41	1	1	rational	weight_680.json
680	80	2	36	19	55	1	42	1	1	rational	weight_680.json
680	80	2	109	19	120	1	43	1	1	rational	weight_680.json
680	80	2	44	19	65	1	44	1	1	rational	weight_680.json
680	80	2	89	19	55	1	45	1	1	rational	weight_680.json
680	80	2	56	19	115	1	46	1	1	rational	weight_680.json
680	80	2	36	19	55	1	47	1	1	rational	weight_680.json
680	80	2	41	19	70	1	48	1	1	rational	weight_680.json
680	80	2	119	19	90	1	49	1	1	rational	weight_680.json
680	80	2	89	19	55	1	50	1	1	rational	weight_680.json
680	80	2	9	19	45	1	51	1	1	rational	weight_680.json
680	80	2	119	19	90	1	52	1	1	rational	weight_680.json
680	80	2	31	19	40	1	53	1	1	rational	weight_680.json
680	80	2	91	19	95	1	54	1	1	rational	weight_680.json
680	80	2	106	19	15	1	55	2	1	rational	weight_680.json
682	82	2	103	19	120	1	1	1	1	rational	weight_682.json
682	82	2	87	19	35	1	2	1	1	rational	weight_682.json
682	82	2	12	19	85	1	3	1	1	rational	weight_682.json
682	82	2	88	19	110	1	4	1	1	rational	weight_682.json
682	82	2	32	19	30	1	5	1	1	rational	weight_682.json
682	82	2	87	19	35	1	6	1	1	rational	weight_682.json
682	82	2	112	19	60	1	7	1	1	rational	weight_682.json
682	82	2	13	19	60	1	8	1	1	rational	weight_682.json
682	82	2	62	19	10	1	9	1	1	rational	weight_682.json
682	82	2	38	19	35	1	10	1	1	rational	weight_682.json
682	82	2	68	19	55	1	11	1	1	rational	weight_682.json
682	82	2	22	19	120	1	12	1	1	rational	weight_682.json
682	82	2	118	19	5	1	13	1	1	rational	weight_682.json
682	82	2	7	19	5	1	14	1	1	rational	weight_682.json
682	82	2	22	19	120	1	15	1	1	rational	weight_682.json
682	82	2	7	19	5	1	16	1	1	rational	weight_682.json
682	82	2	63	19	10	1	17	1	1	rational	weight_682.json
682	82	2	22	19	120	1	18	1	1	rational	weight_682.json
682	82	2	32	19	30	1	19	1	1	rational	weight_682.json
682	82	2	13	19	60	1	20	1	1	rational	weight_682.json
682	82	2	68	19	55	1	21	1	1	rational	weight_682.json
682	82	2	22	19	120	1	22	1	1	rational	weight_682.json
682	82	2	82	19	80	1	23	1	1	rational	weight_682.json
682	82	2	63	19	10	1	24	1	1	rational	weight_682.json
682	82	2	107	19	105	1	25	1	1	rational	weight_682.json
682	82	2	113	19	85	1	26	1	1	rational	weight_682.json
682	82	2	18	19	105	1	27	1	1	rational	weight_682.json
682	82	2	113	19	85	1	28	1	1	rational	weight_682.json
682	82	2	103	19	120	1	29	1	1	rational	weight_682.json
682	82	2	82	19	80	1	30	1	1	rational	weight_682.json
682	82	2	112	19	60	1	31	1	1	rational	weight_682.json
682	82	2	37	19	110	1	32	1	1	rational	weight_682.json
682	82	2	62	19	10	1	33	1	1	rational	weight_682.json
682	82	2	107	19	105	1	34	1	1	rational	weight_682.json
682	82	2	43	19	80	1	35	1	1	rational	weight_682.json
682	82	2	88	19	110	1	36	1	1	rational	weight_682.json
682	82	2	103	19	120	1	37	1	1	rational	weight_682.json
682	82	2	43	19	80	1	38	1	1	rational	weight_682.json
682	82	2	93	19	30	1	39	1	1	rational	weight_682.json
682	82	2	93	19	30	1	40	1	1	rational	weight_682.json
682	82	2	118	19	5	1	41	1	1	rational	weight_682.json
682	82	2	22	19	120	1	42	1	1	rational	weight_682.json
682	82	2	12	19	85	1	43	1	1	rational	weight_682.json
682	82	2	57	19	55	1	44	1	1	rational	weight_682.json
682	82	2	103	19	120	1	45	1	1	rational	weight_682.json
682	82	2	38	19	35	1	46	1	1	rational	weight_682.json
682	82	2	38	19	35	1	47	1	1	rational	weight_682.json
682	82	2	103	19	120	1	48	1	1	rational	weight_682.json
682	82	2	22	19	120	1	49	1	1	rational	weight_682.json
682	82	2	57	19	55	1	50	1	1	rational	weight_682.json
682	82	2	37	19	110	1	51	1	1	rational	weight_682.json
682	82	2	62	19	10	1	52	1	1	rational	weight_682.json
682	82	2	13	19	60	1	53	1	1	rational	weight_682.json
682	82	2	18	19	105	1	54	1	1	rational	weight_682.json
682	82	2	93	19	30	1	55	1	1	rational	weight_682.json
682	82	2	7	19	5	1	56	1	1	rational	weight_682.json
684	84	2	116	19	35	1	1	1	1	rational	weight_684.json
684	84	2	16	19	110	1	2	1	1	rational	weight_684.json
684	84	2	24	19	65	1	3	1	1	rational	weight_684.json
684	84	2	74	19	40	1	4	1	1	rational	weight_684.json
684	84	2	109	19	110	1	5	1	1	rational	weight_684.json
684	84	2	26	19	90	1	6	1	1	rational	weight_684.json
684	84	2	91	19	85	1	7	1	1	rational	weight_684.json
684	84	2	1	19	15	1	8	1	1	rational	weight_684.json
684	84	2	124	19	15	1	9	1	1	rational	weight_684.json
684	84	2	16	19	110	1	10	1	1	rational	weight_684.json
684	84	2	51	19	40	1	11	1	1	rational	weight_684.json
684	84	2	74	19	40	1	12	1	1	rational	weight_684.json
684	84	2	34	19	85	1	13	1	1	rational	weight_684.json
684	84	2	9	19	35	1	14	1	1	rational	weight_684.json
684	84	2	41	19	60	1	15	1	1	rational	weight_684.json
684	84	2	76	19	115	1	16	1	1	rational	weight_684.json
684	84	2	1	19	15	1	17	1	1	rational	weight_684.json
684	84	2	51	19	40	1	18	1	1	rational	weight_684.json
684	84	2	49	19	115	1	19	1	1	rational	weight_684.json
684	84	2	99	19	90	1	20	1	1	rational	weight_684.json
684	84	2	109	19	110	1	21	1	1	rational	weight_684.json
684	84	2	101	19	65	1	22	1	1	rational	weight_684.json
684	84	2	66	19	10	1	23	1	1	rational	weight_684.json
684	84	2	24	19	65	1	24	1	1	rational	weight_684.json
684	84	2	46	19	50	1	25	1	1	rational	weight_684.json
684	84	2	49	19	115	1	26	1	1	rational	weight_684.json
684	84	2	76	19	115	1	27	1	1	rational	weight_684.json
684	84	2	79	19	50	1	28	1	1	rational	weight_684.json
684	84	2	46	19	50	1	29	1	1	rational	weight_684.json
684	84	2	79	19	50	1	30	1	1	rational	weight_684.json
684	84	2	59	19	10	1	31	1	1	rational	weight_684.json
684	84	2	59	19	10	1	32	1	1	rational	weight_684.json
684	84	2	1	19	15	1	33	1	1	rational	weight_684.json
684	84	2	9	19	35	1	34	1	1	rational	weight_684.json
684	84	2	79	19	50	1	35	1	1	rational	weight_684.json
684	84	2	9	19	35	1	36	1	1	rational	weight_684.json
684	84	2	41	19	60	1	37	1	1	rational	weight_684.json
684	84	2	91	19	85	1	38	1	1	rational	weight_684.json
684	84	2	46	19	50	1	39	1	1	rational	weight_684.json
684	84	2	26	19	90	1	40	1	1	rational	weight_684.json
684	84	2	79	19	50	1	41	1	1	rational	weight_684.json
684	84	2	124	19	15	1	42	1	1	rational	weight_684.json
684	84	2	34	19	85	1	43	1	1	rational	weight_684.json
684	84	2	116	19	35	1	44	1	1	rational	weight_684.json
684	84	2	46	19	50	1	45	1	1	rational	weight_684.json
684	84	2	79	19	50	1	46	1	1	rational	weight_684.json
684	84	2	66	19	10	1	47	1	1	rational	weight_684.json
684	84	2	74	19	40	1	48	1	1	rational	weight_684.json
684	84	2	101	19	65	1	49	1	1	rational	weight_684.json
684	84	2	46	19	50	1	50	1	1	rational	weight_684.json
684	84	2	79	19	50	1	51	1	1	rational	weight_684.json
684	84	2	66	19	10	1	52	1	1	rational	weight_684.json
684	84	2	99	19	90	1	53	1	1	rational	weight_684.json
684	84	2	46	19	50	1	54	1	1	rational	weight_684.json
684	84	2	16	19	110	1	55	1	1	rational	weight_684.json
684	84	2	84	19	60	1	56	1	2	rational	weight_684.json
686	86	2	33	19	50	1	1	1	1	rational	weight_686.json
686	86	2	42	19	0	1	2	1	1	rational	weight_686.json
686	86	2	62	19	120	1	3	1	1	rational	weight_686.json
686	86	2	37	19	95	1	4	1	1	rational	weight_686.json
686	86	2	8	19	75	1	5	1	1	rational	weight_686.json
686	86	2	52	19	60	1	6	1	1	rational	weight_686.json
686	86	2	83	19	0	1	7	1	1	rational	weight_686.json
686	86	2	62	19	120	1	8	1	1	rational	weight_686.json
686	86	2	87	19	20	1	9	1	1	rational	weight_686.json
686	86	2	52	19	60	1	10	1	1	rational	weight_686.json
686	86	2	8	19	75	1	11	1	1	rational	weight_686.json
686	86	2	92	19	50	1	12	1	1	rational	weight_686.json
686	86	2	52	19	60	1	13	1	1	rational	weight_686.json
686	86	2	67	19	25	1	14	1	1	rational	weight_686.json
686	86	2	52	19	60	1	15	1	1	rational	weight_686.json
686	86	2	88	19	95	1	16	1	1	rational	weight_686.json
686	86	2	42	19	0	1	17	1	1	rational	weight_686.json
686	86	2	73	19	60	1	18	1	1	rational	weight_686.json
686	86	2	112	19	45	1	19	1	1	rational	weight_686.json
686	86	2	63	19	120	1	20	1	1	rational	weight_686.json
686	86	2	37	19	95	1	21	1	1	rational	weight_686.json
686	86	2	92	19	50	1	22	1	1	rational	weight_686.json
686	86	2	38	19	20	1	23	1	1	rational	weight_686.json
686	86	2	117	19	75	1	24	1	1	rational	weight_686.json
686	86	2	113	19	70	1	25	1	1	rational	weight_686.json
686	86	2	58	19	25	1	26	1	1	rational	weight_686.json
686	86	2	113	19	70	1	27	1	1	rational	weight_686.json
686	86	2	63	19	120	1	28	1	1	rational	weight_686.json
686	86	2	108	19	100	1	29	1	1	rational	weight_686.json
686	86	2	83	19	0	1	30	1	1	rational	weight_686.json
686	86	2	92	19	50	1	31	1	1	rational	weight_686.json
686	86	2	13	19	45	1	32	1	1	rational	weight_686.json
686	86	2	13	19	45	1	33	1	1	rational	weight_686.json
686	86	2	38	19	20	1	34	1	1	rational	weight_686.json
686	86	2	12	19	70	1	35	1	1	rational	weight_686.json
686	86	2	117	19	75	1	36	1	1	rational	weight_686.json
686	86	2	73	19	60	1	37	1	1	rational	weight_686.json
686	86	2	87	19	20	1	38	1	1	rational	weight_686.json
686	86	2	88	19	95	1	39	1	1	rational	weight_686.json
686	86	2	58	19	25	1	40	1	1	rational	weight_686.json
686	86	2	67	19	25	1	41	1	1	rational	weight_686.json
686	86	2	108	19	100	1	42	1	1	rational	weight_686.json
686	86	2	73	19	60	1	43	1	1	rational	weight_686.json
686	86	2	38	19	20	1	44	1	1	rational	weight_686.json
686	86	2	83	19	0	1	45	1	1	rational	weight_686.json
686	86	2	52	19	60	1	46	1	1	rational	weight_686.json
686	86	2	52	19	60	1	47	1	1	rational	weight_686.json
686	86	2	12	19	70	1	48	1	1	rational	weight_686.json
686	86	2	33	19	50	1	49	1	1	rational	weight_686.json
686	86	2	73	19	60	1	50	1	1	rational	weight_686.json
686	86	2	73	19	60	1	51	1	1	rational	weight_686.json
686	86	2	112	19	45	1	52	1	1	rational	weight_686.json
686	86	2	112	19	45	1	53	1	1	rational	weight_686.json
686	86	2	73	19	60	1	54	1	1	rational	weight_686.json
686	86	2	17	19	100	1	55	1	2	rational	weight_686.json
688	88	2	34	19	0	1	1	1	1	rational	weight_688.json
688	88	2	104	19	115	1	2	1	1	rational	weight_688.json
688	88	2	79	19	65	1	3	1	1	rational	weight_688.json
688	88	2	34	19	0	1	4	1	1	rational	weight_688.json
688	88	2	4	19	40	1	5	1	1	rational	weight_688.json
688	88	2	121	19	40	1	6	1	1	rational	weight_688.json
688	88	2	39	19	35	1	7	1	1	rational	weight_688.json
688	88	2	79	19	65	1	8	1	1	rational	weight_688.json
688	88	2	89	19	10	1	9	1	1	rational	weight_688.json
688	88	2	36	19	10	1	10	1	1	rational	weight_688.json
688	88	2	39	19	35	1	11	1	1	rational	weight_688.json
688	88	2	34	19	0	1	12	1	1	rational	weight_688.json
688	88	2	91	19	0	1	13	1	1	rational	weight_688.json
688	88	2	29	19	90	1	14	1	1	rational	weight_688.json
688	88	2	86	19	35	1	15	1	1	rational	weight_688.json
688	88	2	96	19	90	1	16	1	1	rational	weight_688.json
688	88	2	71	19	15	1	17	1	1	rational	weight_688.json
688	88	2	4	19	40	1	18	1	1	rational	weight_688.json
688	88	2	91	19	0	1	19	1	1	rational	weight_688.json
688	88	2	14	19	110	1	20	1	1	rational	weight_688.json
688	88	2	61	19	85	1	21	1	1	rational	weight_688.json
688	88	2	121	19	40	1	22	1	1	rational	weight_688.json
688	88	2	54	19	15	1	23	1	1	rational	weight_688.json
688	88	2	91	19	0	1	24	1	1	rational	weight_688.json
688	88	2	36	19	10	1	25	1	1	rational	weight_688.json
688	88	2	91	19	0	1	26	1	1	rational	weight_688.json
688	88	2	104	19	115	1	27	1	1	rational	weight_688.json
688	88	2	21	19	115	1	28	1	1	rational	weight_688.json
688	88	2	86	19	35	1	29	1	1	rational	weight_688.json
688	88	2	21	19	115	1	30	1	1	rational	weight_688.json
688	88	2	91	19	0	1	31	1	1	rational	weight_688.json
688	88	2	71	19	15	1	32	1	1	rational	weight_688.json
688	88	2	54	19	15	1	33	1	1	rational	weight_688.json
688	88	2	29	19	90	1	34	1	1	rational	weight_688.json
688	88	2	36	19	10	1	35	1	1	rational	weight_688.json
688	88	2	89	19	10	1	36	1	1	rational	weight_688.json
688	88	2	61	19	85	1	37	1	1	rational	weight_688.json
688	88	2	114	19	60	1	38	1	1	rational	weight_688.json
688	88	2	96	19	90	1	39	1	1	rational	weight_688.json
688	88	2	11	19	60	1	40	1	1	rational	weight_688.json
688	88	2	64	19	85	1	41	1	1	rational	weight_688.json
688	88	2	64	19	85	1	42	1	1	rational	weight_688.json
688	88	2	71	19	15	1	43	1	1	rational	weight_688.json
688	88	2	34	19	0	1	44	1	1	rational	weight_688.json
688	88	2	61	19	85	1	45	1	1	rational	weight_688.json
688	88	2	114	19	60	1	46	1	1	rational	weight_688.json
688	88	2	14	19	110	1	47	1	1	rational	weight_688.json
688	88	2	46	19	65	1	48	1	1	rational	weight_688.json
688	88	2	34	19	0	1	49	1	1	rational	weight_688.json
688	88	2	104	19	115	1	50	1	1	rational	weight_688.json
688	88	2	91	19	0	1	51	1	1	rational	weight_688.json
688	88	2	46	19	65	1	52	1	1	rational	weight_688.json
688	88	2	39	19	35	1	53	1	1	rational	weight_688.json
688	88	2	11	19	60	1	54	1	1	rational	weight_688.json
688	88	2	34	19	0	1	55	1	1	rational	weight_688.json
688	88	2	111	19	110	1	56	2	1	rational	weight_688.json
690	90	2	92	19	60	1	1	1	1	rational	weight_690.json
690	90	2	42	19	10	1	2	1	1	rational	weight_690.json
690	90	2	38	19	80	1	3	1	1	rational	weight_690.json
690	90	2	117	19	85	1	4	1	1	rational	weight_690.json
690	90	2	87	19	80	1	5	1	1	rational	weight_690.json
690	90	2	108	19	110	1	6	1	1	rational	weight_690.json
690	90	2	33	19	60	1	7	1	1	rational	weight_690.json
690	90	2	62	19	55	1	8	1	1	rational	weight_690.json
690	90	2	112	19	105	1	9	1	1	rational	weight_690.json
690	90	2	37	19	30	1	10	1	1	rational	weight_690.json
690	90	2	12	19	5	1	11	1	1	rational	weight_690.json
690	90	2	77	19	120	1	12	1	1	rational	weight_690.json
690	90	2	13	19	105	1	13	1	1	rational	weight_690.json
690	90	2	17	19	110	1	14	1	1	rational	weight_690.json
690	90	2	113	19	5	1	15	1	1	rational	weight_690.json
690	90	2	77	19	120	1	16	1	1	rational	weight_690.json
690	90	2	48	19	120	1	17	1	1	rational	weight_690.json
690	90	2	77	19	120	1	18	1	1	rational	weight_690.json
690	90	2	48	19	120	1	19	1	1	rational	weight_690.json
690	90	2	108	19	110	1	20	1	1	rational	weight_690.json
690	90	2	92	19	60	1	21	1	1	rational	weight_690.json
690	90	2	83	19	10	1	22	1	1	rational	weight_690.json
690	90	2	42	19	10	1	23	1	1	rational	weight_690.json
690	90	2	48	19	120	1	24	1	1	rational	weight_690.json
690	90	2	58	19	35	1	25	1	1	rational	weight_690.json
690	90	2	58	19	35	1	26	1	1	rational	weight_690.json
690	90	2	87	19	80	1	27	1	1	rational	weight_690.json
690	90	2	108	19	110	1	28	1	1	rational	weight_690.json
690	90	2	77	19	120	1	29	1	1	rational	weight_690.json
690	90	2	48	19	120	1	30	1	1	rational	weight_690.json
690	90	2	17	19	110	1	31	1	1	rational	weight_690.json
690	90	2	88	19	30	1	32	1	1	rational	weight_690.json
690	90	2	8	19	85	1	33	1	1	rational	weight_690.json
690	90	2	77	19	120	1	34	1	1	rational	weight_690.json
690	90	2	38	19	80	1	35	1	1	rational	weight_690.json
690	90	2	63	19	55	1	36	1	1	rational	weight_690.json
690	90	2	12	19	5	1	37	1	1	rational	weight_690.json
690	90	2	117	19	85	1	38	1	1	rational	weight_690.json
690	90	2	83	19	10	1	39	1	1	rational	weight_690.json
690	90	2	63	19	55	1	40	1	1	rational	weight_690.json
690	90	2	13	19	105	1	41	1	1	rational	weight_690.json
690	90	2	13	19	105	1	42	1	1	rational	weight_690.json
690	90	2	33	19	60	1	43	1	1	rational	weight_690.json
690	90	2	48	19	120	1	44	1	1	rational	weight_690.json
690	90	2	77	19	120	1	45	1	1	rational	weight_690.json
690	90	2	8	19	85	1	46	1	1	rational	weight_690.json
690	90	2	112	19	105	1	47	1	1	rational	weight_690.json
690	90	2	92	19	60	1	48	1	1	rational	weight_690.json
690	90	2	87	19	80	1	49	1	1	rational	weight_690.json
690	90	2	62	19	55	1	50	1	1	rational	weight_690.json
690	90	2	113	19	5	1	51	1	1	rational	weight_690.json
690	90	2	88	19	30	1	52	1	1	rational	weight_690.json
690	90	2	48	19	120	1	53	1	1	rational	weight_690.json
690	90	2	37	19	30	1	54	1	1	rational	weight_690.json
690	90	2	42	19	10	1	55	1	1	rational	weight_690.json
690	90	2	67	19	35	1	56	1	2	rational	weight_690.json
692	92	2	74	19	70	1	1	1	1	rational	weight_692.json
692	92	2	1	19	45	1	2	1	1	rational	weight_692.json
692	92	2	9	19	40	1	3	1	1	rational	weight_692.json
692	92	2	91	19	90	1	4	1	1	rational	weight_692.json
692	92	2	21	19	55	1	5	1	1	rational	weight_692.json
692	92	2	49	19	20	1	6	1	1	rational	weight_692.json
692	92	2	59	19	15	1	7	1	1	rational	weight_692.json
692	92	2	104	19	55	1	8	1	1	rational	weight_692.json
692	92	2	16	19	115	1	9	1	1	rational	weight_692.json
692	92	2	74	19	70	1	10	1	1	rational	weight_692.json
692	92	2	109	19	115	1	11	1	1	rational	weight_692.json
692	92	2	26	19	120	1	12	1	1	rational	weight_692.json
692	92	2	21	19	55	1	13	1	1	rational	weight_692.json
692	92	2	21	19	55	1	14	1	1	rational	weight_692.json
692	92	2	99	19	120	1	15	1	1	rational	weight_692.json
692	92	2	1	19	45	1	16	1	1	rational	weight_692.json
692	92	2	76	19	20	1	17	1	1	rational	weight_692.json
692	92	2	16	19	115	1	18	1	1	rational	weight_692.json
692	92	2	9	19	40	1	19	1	1	rational	weight_692.json
692	92	2	26	19	120	1	20	1	1	rational	weight_692.json
692	92	2	34	19	90	1	21	1	1	rational	weight_692.json
692	92	2	9	19	40	1	22	1	1	rational	weight_692.json
692	92	2	21	19	55	1	23	1	1	rational	weight_692.json
692	92	2	104	19	55	1	24	1	1	rational	weight_692.json
692	92	2	26	19	120	1	25	1	1	rational	weight_692.json
692	92	2	116	19	40	1	26	1	1	rational	weight_692.json
692	92	2	16	19	115	1	27	1	1	rational	weight_692.json
692	92	2	124	19	45	1	28	1	1	rational	weight_692.json
692	92	2	21	19	55	1	29	1	1	rational	weight_692.json
692	92	2	109	19	115	1	30	1	1	rational	weight_692.json
692	92	2	34	19	90	1	31	1	1	rational	weight_692.json
692	92	2	99	19	120	1	32	1	1	rational	weight_692.json
692	92	2	101	19	95	1	33	1	1	rational	weight_692.json
692	92	2	101	19	95	1	34	1	1	rational	weight_692.json
692	92	2	24	19	95	1	35	1	1	rational	weight_692.json
692	92	2	59	19	15	1	36	1	1	rational	weight_692.json
692	92	2	124	19	45	1	37	1	1	rational	weight_692.json
692	92	2	66	19	15	1	38	1	1	rational	weight_692.json
692	92	2	76	19	20	1	39	1	1	rational	weight_692.json
692	92	2	66	19	15	1	40	1	1	rational	weight_692.json
692	92	2	51	19	70	1	41	1	1	rational	weight_692.json
692	92	2	34	19	90	1	42	1	1	rational	weight_692.json
692	92	2	124	19	45	1	43	1	1	rational	weight_692.json
692	92	2	116	19	40	1	44	1	1	rational	weight_692.json
692	92	2	76	19	20	1	45	1	1	rational	weight_692.json
692	92	2	104	19	55	1	46	1	1	rational	weight_692.json
692	92	2	91	19	90	1	47	1	1	rational	weight_692.json
692	92	2	24	19	95	1	48	1	1	rational	weight_692.json
692	92	2	41	19	65	1	49	1	1	rational	weight_692.json
692	92	2	104	19	55	1	50	1	1	rational	weight_692.json
692	92	2	49	19	20	1	51	1	1	rational	weight_692.json
692	92	2	41	19	65	1	52	1	1	rational	weight_692.json
692	92	2	51	19	70	1	53	1	1	rational	weight_692.json
692	92	2	21	19	55	1	54	1	1	rational	weight_692.json
692	92	2	104	19	55	1	55	1	1	rational	weight_692.json
692	92	2	84	19	65	1	56	1	2	rational	weight_692.json
694	94	2	112	19	115	1	1	1	1	rational	weight_694.json
694	94	2	7	19	85	1	2	1	1	rational	weight_694.json
694	94	2	107	19	60	1	3	1	1	rational	weight_694.json
694	94	2	72	19	50	1	4	1	1	rational	weight_694.json
694	94	2	113	19	15	1	5	1	1	rational	weight_694.json
694	94	2	93	19	110	1	6	1	1	rational	weight_694.json
694	94	2	18	19	60	1	7	1	1	rational	weight_694.json
694	94	2	18	19	60	1	8	1	1	rational	weight_694.json
694	94	2	37	19	40	1	9	1	1	rational	weight_694.json
694	94	2	53	19	50	1	10	1	1	rational	weight_694.json
694	94	2	43	19	35	1	11	1	1	rational	weight_694.json
694	94	2	82	19	35	1	12	1	1	rational	weight_694.json
694	94	2	7	19	85	1	13	1	1	rational	weight_694.json
694	94	2	68	19	10	1	14	1	1	rational	weight_694.json
694	94	2	63	19	65	1	15	1	1	rational	weight_694.json
694	94	2	72	19	50	1	16	1	1	rational	weight_694.json
694	94	2	113	19	15	1	17	1	1	rational	weight_694.json
694	94	2	93	19	110	1	18	1	1	rational	weight_694.json
694	94	2	87	19	90	1	19	1	1	rational	weight_694.json
694	94	2	12	19	15	1	20	1	1	rational	weight_694.json
694	94	2	63	19	65	1	21	1	1	rational	weight_694.json
694	94	2	112	19	115	1	22	1	1	rational	weight_694.json
694	94	2	53	19	50	1	23	1	1	rational	weight_694.json
694	94	2	32	19	110	1	24	1	1	rational	weight_694.json
694	94	2	82	19	35	1	25	1	1	rational	weight_694.json
694	94	2	112	19	115	1	26	1	1	rational	weight_694.json
694	94	2	72	19	50	1	27	1	1	rational	weight_694.json
694	94	2	13	19	115	1	28	1	1	rational	weight_694.json
694	94	2	13	19	115	1	29	1	1	rational	weight_694.json
694	94	2	72	19	50	1	30	1	1	rational	weight_694.json
694	94	2	118	19	85	1	31	1	1	rational	weight_694.json
694	94	2	32	19	110	1	32	1	1	rational	weight_694.json
694	94	2	38	19	90	1	33	1	1	rational	weight_694.json
694	94	2	37	19	40	1	34	1	1	rational	weight_694.json
694	94	2	72	19	50	1	35	1	1	rational	weight_694.json
694	94	2	53	19	50	1	36	1	1	rational	weight_694.json
694	94	2	43	19	35	1	37	1	1	rational	weight_694.json
694	94	2	68	19	10	1	38	1	1	rational	weight_694.json
694	94	2	12	19	15	1	39	1	1	rational	weight_694.json
694	94	2	57	19	10	1	40	1	1	rational	weight_694.json
694	94	2	72	19	50	1	41	1	1	rational	weight_694.json
694	94	2	38	19	90	1	42	1	1	rational	weight_694.json
694	94	2	7	19	85	1	43	1	1	rational	weight_694.json
694	94	2	63	19	65	1	44	1	1	rational	weight_694.json
694	94	2	107	19	60	1	45	1	1	rational	weight_694.json
694	94	2	57	19	10	1	46	1	1	rational	weight_694.json
694	94	2	87	19	90	1	47	1	1	rational	weight_694.json
694	94	2	53	19	50	1	48	1	1	rational	weight_694.json
694	94	2	53	19	50	1	49	1	1	rational	weight_694.json
694	94	2	62	19	65	1	50	1	1	rational	weight_694.json
694	94	2	32	19	110	1	51	1	1	rational	weight_694.json
694	94	2	118	19	85	1	52	1	1	rational	weight_694.json
694	94	2	62	19	65	1	53	1	1	rational	weight_694.json
694	94	2	113	19	15	1	54	1	1	rational	weight_694.json
694	94	2	18	19	60	1	55	1	1	rational	weight_694.json
694	94	2	88	19	40	1	56	2	1	rational	weight_694.json
696	96	2	109	19	5	1	1	1	1	rational	weight_696.json
696	96	2	109	19	5	1	2	1	1	rational	weight_696.json
696	96	2	69	19	75	1	3	1	1	rational	weight_696.json
696	96	2	31	19	0	1	4	1	1	rational	weight_696.json
696	96	2	106	19	100	1	5	1	1	rational	weight_696.json
696	96	2	19	19	100	1	6	1	1	rational	weight_696.json
696	96	2	94	19	0	1	7	1	1	rational	weight_696.json
696	96	2	44	19	25	1	8	1	1	rational	weight_696.json
696	96	2	31	19	0	1	9	1	1	rational	weight_696.json
696	96	2	86	19	65	1	10	1	1	rational	weight_696.json
696	96	2	119	19	50	1	11	1	1	rational	weight_696.json
696	96	2	16	19	5	1	12	1	1	rational	weight_696.json
696	96	2	9	19	55	1	13	1	1	rational	weight_696.json
696	96	2	9	19	55	1	14	1	1	rational	weight_696.json
696	96	2	86	19	65	1	15	1	1	rational	weight_696.json
696	96	2	116	19	55	1	16	1	1	rational	weight_696.json
696	96	2	39	19	65	1	17	1	1	rational	weight_696.json
696	96	2	86	19	65	1	18	1	1	rational	weight_696.json
696	96	2	31	19	0	1	19	1	1	rational	weight_696.json
696	96	2	91	19	105	1	20	1	1	rational	weight_696.json
696	96	2	106	19	100	1	21	1	1	rational	weight_696.json
696	96	2	34	19	105	1	22	1	1	rational	weight_696.json
696	96	2	6	19	50	1	23	1	1	rational	weight_696.json
696	96	2	66	19	30	1	24	1	1	rational	weight_696.json
696	96	2	9	19	55	1	25	1	1	rational	weight_696.json
696	96	2	44	19	25	1	26	1	1	rational	weight_696.json
696	96	2	84	19	80	1	27	1	1	rational	weight_696.json
696	96	2	91	19	105	1	28	1	1	rational	weight_696.json
696	96	2	81	19	25	1	29	1	1	rational	weight_696.json
696	96	2	116	19	55	1	30	1	1	rational	weight_696.json
696	96	2	39	19	65	1	31	1	1	rational	weight_696.json
696	96	2	41	19	80	1	32	1	1	rational	weight_696.json
696	96	2	94	19	0	1	33	1	1	rational	weight_696.json
696	96	2	66	19	30	1	34	1	1	rational	weight_696.json
696	96	2	39	19	65	1	35	1	1	rational	weight_696.json
696	96	2	6	19	50	1	36	1	1	rational	weight_696.json
696	96	2	119	19	50	1	37	1	1	rational	weight_696.json
696	96	2	41	19	80	1	38	1	1	rational	weight_696.json
696	96	2	39	19	65	1	39	1	1	rational	weight_696.json
696	96	2	39	19	65	1	40	1	1	rational	weight_696.json
696	96	2	69	19	75	1	41	1	1	rational	weight_696.json
696	96	2	39	19	65	1	42	1	1	rational	weight_696.json
696	96	2	34	19	105	1	43	1	1	rational	weight_696.json
696	96	2	16	19	5	1	44	1	1	rational	weight_696.json
696	96	2	16	19	5	1	45	1	1	rational	weight_696.json
696	96	2	59	19	30	1	46	1	1	rational	weight_696.json
696	96	2	84	19	80	1	47	1	1	rational	weight_696.json
696	96	2	59	19	30	1	48	1	1	rational	weight_696.json
696	96	2	86	19	65	1	49	1	1	rational	weight_696.json
696	96	2	91	19	105	1	50	1	1	rational	weight_696.json
696	96	2	56	19	75	1	51	1	1	rational	weight_696.json
696	96	2	56	19	75	1	52	1	1	rational	weight_696.json
696	96	2	86	19	65	1	53	1	1	rational	weight_696.json
696	96	2	69	19	75	1	54	1	1	rational	weight_696.json
696	96	2	84	19	80	1	55	1	1	rational	weight_696.json
696	96	2	6	19	50	1	56	1	1	rational	weight_696.json
696	96	2	19	19	100	1	57	1	1	rational	weight_696.json
696	96	2	81	19	25	1	58	1	1	rational	weight_696.json
698	98	2	23	19	65	1	1	1	1	rational	weight_698.json
698	98	2	97	19	60	1	2	1	1	rational	weight_698.json
698	98	2	63	19	25	1	3	1	1	rational	weight_698.json
698	98	2	22	19	110	1	4	1	1	rational	weight_698.json
698	98	2	122	19	85	1	5	1	1	rational	weight_698.json
698	98	2	78	19	10	1	6	1	1	rational	weight_698.json
698	98	2	62	19	25	1	7	1	1	rational	weight_698.json
698	98	2	63	19	25	1	8	1	1	rational	weight_698.json
698	98	2	23	19	65	1	9	1	1	rational	weight_698.json
698	98	2	52	19	15	1	10	1	1	rational	weight_698.json
698	98	2	73	19	15	1	11	1	1	rational	weight_698.json
698	98	2	53	19	35	1	12	1	1	rational	weight_698.json
698	98	2	77	19	40	1	13	1	1	rational	weight_698.json
698	98	2	53	19	35	1	14	1	1	rational	weight_698.json
698	98	2	98	19	115	1	15	1	1	rational	weight_698.json
698	98	2	47	19	10	1	16	1	1	rational	weight_698.json
698	98	2	102	19	65	1	17	1	1	rational	weight_698.json
698	98	2	123	19	90	1	18	1	1	rational	weight_698.json
698	98	2	63	19	25	1	19	1	1	rational	weight_698.json
698	98	2	28	19	60	1	20	1	1	rational	weight_698.json
698	98	2	62	19	25	1	21	1	1	rational	weight_698.json
698	98	2	28	19	60	1	22	1	1	rational	weight_698.json
698	98	2	72	19	35	1	23	1	1	rational	weight_698.json
698	98	2	103	19	110	1	24	1	1	rational	weight_698.json
698	98	2	52	19	15	1	25	1	1	rational	weight_698.json
698	98	2	2	19	90	1	26	1	1	rational	weight_698.json
698	98	2	103	19	110	1	27	1	1	rational	weight_698.json
698	98	2	102	19	65	1	28	1	1	rational	weight_698.json
698	98	2	27	19	115	1	29	1	1	rational	weight_698.json
698	98	2	47	19	10	1	30	1	1	rational	weight_698.json
698	98	2	78	19	10	1	31	1	1	rational	weight_698.json
698	98	2	98	19	115	1	32	1	1	rational	weight_698.json
698	98	2	53	19	35	1	33	1	1	rational	weight_698.json
698	98	2	27	19	115	1	34	1	1	rational	weight_698.json
698	98	2	62	19	25	1	35	1	1	rational	weight_698.json
698	98	2	73	19	15	1	36	1	1	rational	weight_698.json
698	98	2	62	19	25	1	37	1	1	rational	weight_698.json
698	98	2	22	19	110	1	38	1	1	rational	weight_698.json
698	98	2	63	19	25	1	39	1	1	rational	weight_698.json
698	98	2	2	19	90	1	40	1	1	rational	weight_698.json
698	98	2	62	19	25	1	41	1	1	rational	weight_698.json
698	98	2	102	19	65	1	42	1	1	rational	weight_698.json
698	98	2	22	19	110	1	43	1	1	rational	weight_698.json
698	98	2	3	19	85	1	44	1	1	rational	weight_698.json
698	98	2	47	19	10	1	45	1	1	rational	weight_698.json
698	98	2	63	19	25	1	46	1	1	rational	weight_698.json
698	98	2	72	19	35	1	47	1	1	rational	weight_698.json
698	98	2	97	19	60	1	48	1	1	rational	weight_698.json
698	98	2	28	19	60	1	49	1	1	rational	weight_698.json
698	98	2	3	19	85	1	50	1	1	rational	weight_698.json
698	98	2	63	19	25	1	51	1	1	rational	weight_698.json
698	98	2	77	19	40	1	52	1	1	rational	weight_698.json
698	98	2	122	19	85	1	53	1	1	rational	weight_698.json
698	98	2	123	19	90	1	54	1	1	rational	weight_698.json
698	98	2	52	19	15	1	55	1	1	rational	weight_698.json
698	98	2	48	19	40	1	56	2	1	rational	weight_698.json
